ISO-10303-21;
HEADER;
FILE_DESCRIPTION (( 'STEP AP214' ),
    '1' );
FILE_NAME ('CCSS_S2_1210-2_L3.8W2.9T6.3B0.95.STEP',
    '2021-03-04T18:02:03',
    ( '' ),
    ( '' ),
    'SwSTEP 2.0',
    'SolidWorks 2014',
    '' );
FILE_SCHEMA (( 'AUTOMOTIVE_DESIGN' ));
ENDSEC;

DATA;
#1 = EDGE_CURVE ( 'NONE', #580, #4207, #532, .T. ) ;
#2 = CARTESIAN_POINT ( 'NONE',  ( 0.0000000000000000000, 0.0000000000000000000, -2.899999999999999900 ) ) ;
#3 = SURFACE_STYLE_USAGE ( .BOTH. , #4319 ) ;
#4 = ORIENTED_EDGE ( 'NONE', *, *, #3341, .F. ) ;
#5 = PLANE ( 'NONE',  #766 ) ;
#6 = PLANE ( 'NONE',  #2137 ) ;
#7 =( NAMED_UNIT ( * ) SI_UNIT ( $, .STERADIAN. ) SOLID_ANGLE_UNIT ( ) );
#8 = DIRECTION ( 'NONE',  ( 1.000000000000000000, -0.0000000000000000000, -0.0000000000000000000 ) ) ;
#9 = EDGE_LOOP ( 'NONE', ( #2169, #1729, #2429, #2386 ) ) ;
#10 = CARTESIAN_POINT ( 'NONE',  ( 1.750037921662936000, 3.954990000000000400, -1.329939999999992400 ) ) ;
#11 = DIRECTION ( 'NONE',  ( 0.0000000000000000000, 0.0000000000000000000, 1.000000000000000000 ) ) ;
#12 = CARTESIAN_POINT ( 'NONE',  ( 2.026825454045993800, 3.949990000000000600, -1.571878146101223000 ) ) ;
#13 = ORIENTED_EDGE ( 'NONE', *, *, #1651, .F. ) ;
#14 = SURFACE_STYLE_FILL_AREA ( #3255 ) ;
#15 = DIRECTION ( 'NONE',  ( 1.000000000000000000, -0.0000000000000000000, -0.0000000000000000000 ) ) ;
#16 = PRESENTATION_LAYER_ASSIGNMENT (  '', '', ( #3068 ) ) ;
#17 = LINE ( 'NONE', #4111, #3892 ) ;
#18 = ORIENTED_EDGE ( 'NONE', *, *, #1547, .F. ) ;
#19 = DIRECTION ( 'NONE',  ( 1.000000000000000000, 0.0000000000000000000, 0.0000000000000000000 ) ) ;
#20 = DIRECTION ( 'NONE',  ( 0.0000000000000000000, 1.000000000000000000, 6.994852725712931500E-017 ) ) ;
#21 = CARTESIAN_POINT ( 'NONE',  ( 2.056367210685903700, 3.954990000000000400, -1.436099941449500800 ) ) ;
#22 = PLANE ( 'NONE',  #3558 ) ;
#23 = ORIENTED_EDGE ( 'NONE', *, *, #3132, .F. ) ;
#24 = LINE ( 'NONE', #2731, #3571 ) ;
#25 = FILL_AREA_STYLE_COLOUR ( '', #3644 ) ;
#26 =( LENGTH_UNIT ( ) NAMED_UNIT ( * ) SI_UNIT ( .MILLI., .METRE. ) );
#27 = EDGE_CURVE ( 'NONE', #395, #3441, #735, .T. ) ;
#28 = ORIENTED_EDGE ( 'NONE', *, *, #366, .F. ) ;
#29 = CARTESIAN_POINT ( 'NONE',  ( 1.000800000000000400, 1.950055000000000300, -2.899999999999999900 ) ) ;
#30 = PRESENTATION_STYLE_ASSIGNMENT (( #3182 ) ) ;
#31 = ORIENTED_EDGE ( 'NONE', *, *, #1229, .T. ) ;
#32 = VERTEX_POINT ( 'NONE', #3585 ) ;
#33 = VERTEX_POINT ( 'NONE', #3336 ) ;
#34 =( NAMED_UNIT ( * ) SI_UNIT ( $, .STERADIAN. ) SOLID_ANGLE_UNIT ( ) );
#35 = EDGE_CURVE ( 'NONE', #2986, #1392, #2168, .T. ) ;
#36 = PRESENTATION_STYLE_ASSIGNMENT (( #3116 ) ) ;
#37 = PRESENTATION_LAYER_ASSIGNMENT (  '', '', ( #340 ) ) ;
#38 = DIRECTION ( 'NONE',  ( -0.2793947940877174500, 0.0000000000000000000, 0.9601763114327921400 ) ) ;
#39 = CARTESIAN_POINT ( 'NONE',  ( 2.210514299946901000, 3.954990000000000400, -1.329939999999992400 ) ) ;
#40 = ORIENTED_EDGE ( 'NONE', *, *, #272, .T. ) ;
#41 = PLANE ( 'NONE',  #2865 ) ;
#42 = SURFACE_STYLE_FILL_AREA ( #695 ) ;
#43 = FACE_OUTER_BOUND ( 'NONE', #2382, .T. ) ;
#44 = ORIENTED_EDGE ( 'NONE', *, *, #460, .F. ) ;
#45 = PRODUCT_DEFINITION ( 'UNKNOWN', '', #2680, #4153 ) ;
#46 = DIRECTION ( 'NONE',  ( 0.0000000000000000000, 0.0000000000000000000, 1.000000000000000000 ) ) ;
#47 = SURFACE_SIDE_STYLE ('',( #3340 ) ) ;
#48 = ORIENTED_EDGE ( 'NONE', *, *, #1437, .F. ) ;
#49 = DIRECTION ( 'NONE',  ( -1.000000000000000000, -0.0000000000000000000, -0.0000000000000000000 ) ) ;
#50 = PRESENTATION_LAYER_ASSIGNMENT (  '', '', ( #4151 ) ) ;
#51 = DIRECTION ( 'NONE',  ( 0.0000000000000000000, -1.000000000000000000, -0.0000000000000000000 ) ) ;
#52 = EDGE_CURVE ( 'NONE', #1105, #1733, #1419, .T. ) ;
#53 = ORIENTED_EDGE ( 'NONE', *, *, #1619, .T. ) ;
#54 = PRESENTATION_STYLE_ASSIGNMENT (( #3465 ) ) ;
#55 = DIRECTION ( 'NONE',  ( 0.2755520632520602800, 0.0000000000000000000, -0.9612861490927312500 ) ) ;
#56 = DIRECTION ( 'NONE',  ( 0.0000000000000000000, 0.0000000000000000000, -1.000000000000000000 ) ) ;
#57 = ORIENTED_EDGE ( 'NONE', *, *, #4242, .F. ) ;
#58 = VECTOR ( 'NONE', #2357, 1000.000000000000000 ) ;
#59 = EDGE_CURVE ( 'NONE', #130, #550, #343, .T. ) ;
#60 = CARTESIAN_POINT ( 'NONE',  ( 3.524999999999999500, -2.200129999999999700, -2.889999999999999200 ) ) ;
#61 =( NAMED_UNIT ( * ) SI_UNIT ( $, .STERADIAN. ) SOLID_ANGLE_UNIT ( ) );
#62 = ORIENTED_EDGE ( 'NONE', *, *, #3578, .F. ) ;
#63 = COLOUR_RGB ( '',0.8980392156862745400, 0.9215686274509803400, 0.9294117647058823800 ) ;
#64 = DIRECTION ( 'NONE',  ( 0.0000000000000000000, -1.000000000000000000, 0.0000000000000000000 ) ) ;
#65 =( GEOMETRIC_REPRESENTATION_CONTEXT ( 3 ) GLOBAL_UNCERTAINTY_ASSIGNED_CONTEXT ( ( #4330 ) ) GLOBAL_UNIT_ASSIGNED_CONTEXT ( ( #3043, #2342, #34 ) ) REPRESENTATION_CONTEXT ( 'NONE', 'WORKASPACE' ) );
#66 = ORIENTED_EDGE ( 'NONE', *, *, #3341, .T. ) ;
#67 = DIRECTION ( 'NONE',  ( -0.0000000000000000000, -0.0000000000000000000, 1.000000000000000000 ) ) ;
#68 = ORIENTED_EDGE ( 'NONE', *, *, #1280, .F. ) ;
#69 = VECTOR ( 'NONE', #1391, 1000.000000000000200 ) ;
#70 = DIRECTION ( 'NONE',  ( -0.0000000000000000000, -1.000000000000000000, -0.0000000000000000000 ) ) ;
#71 = PRESENTATION_LAYER_ASSIGNMENT (  '', '', ( #1747 ) ) ;
#72 = CARTESIAN_POINT ( 'NONE',  ( -0.09999999999999870100, 3.899870000000000800, -0.01000000000000000000 ) ) ;
#73 = CARTESIAN_POINT ( 'NONE',  ( 2.599200000000000200, 3.949990000000000600, -2.849999999999999600 ) ) ;
#74 = LINE ( 'NONE', #1640, #224 ) ;
#75 = PLANE ( 'NONE',  #2401 ) ;
#76 = DIRECTION ( 'NONE',  ( 0.9610992334315866500, 0.0000000000000000000, 0.2762033010251989700 ) ) ;
#77 = ORIENTED_EDGE ( 'NONE', *, *, #1783, .F. ) ;
#78 = ORIENTED_EDGE ( 'NONE', *, *, #1589, .F. ) ;
#79 = DIRECTION ( 'NONE',  ( 0.4668459304955209200, 0.0000000000000000000, -0.8843386665637611400 ) ) ;
#80 = EDGE_CURVE ( 'NONE', #251, #602, #1098, .T. ) ;
#81 =( LENGTH_UNIT ( ) NAMED_UNIT ( * ) SI_UNIT ( .MILLI., .METRE. ) );
#82 = ORIENTED_EDGE ( 'NONE', *, *, #1512, .T. ) ;
#83 = PRESENTATION_STYLE_ASSIGNMENT (( #2044 ) ) ;
#84 = CARTESIAN_POINT ( 'NONE',  ( 3.624999999999999100, -2.225129999999999600, 0.0000000000000000000 ) ) ;
#85 = DIRECTION ( 'NONE',  ( -0.0000000000000000000, -1.000000000000000000, -0.0000000000000000000 ) ) ;
#86 = EDGE_LOOP ( 'NONE', ( #3315, #993, #1357, #3721 ) ) ;
#87 = VECTOR ( 'NONE', #420, 1000.000000000000000 ) ;
#88 = EDGE_CURVE ( 'NONE', #3452, #3247, #1307, .T. ) ;
#89 = STYLED_ITEM ( 'NONE', ( #556 ), #3183 ) ;
#90 =( NAMED_UNIT ( * ) PLANE_ANGLE_UNIT ( ) SI_UNIT ( $, .RADIAN. ) );
#91 = FILL_AREA_STYLE ('',( #3440 ) ) ;
#92 = VERTEX_POINT ( 'NONE', #3382 ) ;
#93 = VECTOR ( 'NONE', #4145, 1000.000000000000000 ) ;
#94 = VECTOR ( 'NONE', #2073, 1000.000000000000000 ) ;
#95 =( GEOMETRIC_REPRESENTATION_CONTEXT ( 3 ) GLOBAL_UNCERTAINTY_ASSIGNED_CONTEXT ( ( #818 ) ) GLOBAL_UNIT_ASSIGNED_CONTEXT ( ( #4143, #3128, #2098 ) ) REPRESENTATION_CONTEXT ( 'NONE', 'WORKASPACE' ) );
#96 = SURFACE_SIDE_STYLE ('',( #3019 ) ) ;
#97 = VERTEX_POINT ( 'NONE', #745 ) ;
#98 = CARTESIAN_POINT ( 'NONE',  ( 2.599200000000000200, 3.949990000000000600, -2.849999999999999600 ) ) ;
#99 = COLOUR_RGB ( '',0.8980392156862745400, 0.9215686274509803400, 0.9294117647058823800 ) ;
#100 = DIRECTION ( 'NONE',  ( -1.000000000000000000, 0.0000000000000000000, 0.0000000000000000000 ) ) ;
#101 = LINE ( 'NONE', #3581, #962 ) ;
#102 = LINE ( 'NONE', #907, #3872 ) ;
#103 = ORIENTED_EDGE ( 'NONE', *, *, #3940, .T. ) ;
#104 = DIRECTION ( 'NONE',  ( 1.000000000000000000, 0.0000000000000000000, -0.0000000000000000000 ) ) ;
#105 = DIRECTION ( 'NONE',  ( 0.0000000000000000000, 0.0000000000000000000, 1.000000000000000000 ) ) ;
#106 = ORIENTED_EDGE ( 'NONE', *, *, #2296, .T. ) ;
#107 = PLANE ( 'NONE',  #928 ) ;
#108 = EDGE_CURVE ( 'NONE', #2032, #188, #2378, .T. ) ;
#109 = CARTESIAN_POINT ( 'NONE',  ( 2.599200000000000200, 3.949990000000000600, -0.05000000000000000300 ) ) ;
#110 = SURFACE_STYLE_USAGE ( .BOTH. , #2024 ) ;
#111 = ORIENTED_EDGE ( 'NONE', *, *, #4237, .T. ) ;
#112 = SURFACE_STYLE_USAGE ( .BOTH. , #2339 ) ;
#113 = EDGE_CURVE ( 'NONE', #2906, #3357, #3790, .T. ) ;
#114 = ORIENTED_EDGE ( 'NONE', *, *, #680, .F. ) ;
#115 = DIRECTION ( 'NONE',  ( -0.0000000000000000000, -0.0000000000000000000, 1.000000000000000000 ) ) ;
#116 = LINE ( 'NONE', #1914, #1653 ) ;
#117 = DIRECTION ( 'NONE',  ( -0.9610992334305250600, 0.0000000000000000000, -0.2762033010288931200 ) ) ;
#118 = ORIENTED_EDGE ( 'NONE', *, *, #2826, .T. ) ;
#119 = DIRECTION ( 'NONE',  ( 0.0000000000000000000, 0.0000000000000000000, -1.000000000000000000 ) ) ;
#120 = DIRECTION ( 'NONE',  ( 0.0000000000000000000, -1.000000000000000000, -0.0000000000000000000 ) ) ;
#121 = AXIS2_PLACEMENT_3D ( 'NONE', #4106, #117, #967 ) ;
#122 = COLOUR_RGB ( '',0.6470588235294118000, 0.5176470588235293500, 0.0000000000000000000 ) ;
#123 = ORIENTED_EDGE ( 'NONE', *, *, #761, .F. ) ;
#124 = FILL_AREA_STYLE_COLOUR ( '', #432 ) ;
#125 = COLOUR_RGB ( '',0.8980392156862745400, 0.9215686274509803400, 0.9294117647058823800 ) ;
#126 = AXIS2_PLACEMENT_3D ( 'NONE', #3919, #1886, #1544 ) ;
#127 = DIRECTION ( 'NONE',  ( -0.0000000000000000000, 0.0000000000000000000, 1.000000000000000000 ) ) ;
#128 = UNCERTAINTY_MEASURE_WITH_UNIT (LENGTH_MEASURE( 1.000000000000000100E-005 ), #3150, 'distance_accuracy_value', 'NONE');
#129 = VERTEX_POINT ( 'NONE', #3745 ) ;
#130 = VERTEX_POINT ( 'NONE', #718 ) ;
#131 = DIRECTION ( 'NONE',  ( -1.000000000000000000, -0.0000000000000000000, -0.0000000000000000000 ) ) ;
#132 = SURFACE_SIDE_STYLE ('',( #3639 ) ) ;
#133 = EDGE_CURVE ( 'NONE', #1733, #3115, #3683, .T. ) ;
#134 = ORIENTED_EDGE ( 'NONE', *, *, #2756, .F. ) ;
#135 = ORIENTED_EDGE ( 'NONE', *, *, #517, .T. ) ;
#136 = ORIENTED_EDGE ( 'NONE', *, *, #140, .T. ) ;
#137 = COLOUR_RGB ( '',0.8980392156862745400, 0.9215686274509803400, 0.9294117647058823800 ) ;
#138 = CARTESIAN_POINT ( 'NONE',  ( 1.762111214983447000, 3.954990000000000400, -1.545331172176685800 ) ) ;
#139 = DIRECTION ( 'NONE',  ( -1.000000000000000000, 0.0000000000000000000, 0.0000000000000000000 ) ) ;
#140 = EDGE_CURVE ( 'NONE', #2858, #2197, #1974, .T. ) ;
#141 = DIRECTION ( 'NONE',  ( 0.0000000000000000000, 0.0000000000000000000, 1.000000000000000000 ) ) ;
#142 = ORIENTED_EDGE ( 'NONE', *, *, #3715, .F. ) ;
#143 = PLANE ( 'NONE',  #2736 ) ;
#144 = VECTOR ( 'NONE', #1417, 1000.000000000000000 ) ;
#145 = ORIENTED_EDGE ( 'NONE', *, *, #3861, .T. ) ;
#146 = STYLED_ITEM ( 'NONE', ( #4161 ), #3909 ) ;
#147 = CARTESIAN_POINT ( 'NONE',  ( -0.09999999999999870100, 3.899870000000000800, -0.01000000000000000000 ) ) ;
#148 = DIRECTION ( 'NONE',  ( -1.000000000000000000, 0.0000000000000000000, 0.0000000000000000000 ) ) ;
#149 = SURFACE_STYLE_USAGE ( .BOTH. , #1147 ) ;
#150 = CARTESIAN_POINT ( 'NONE',  ( 0.004341047483178784100, 3.949990000000000600, -0.07383945424683201200 ) ) ;
#151 = VECTOR ( 'NONE', #3931, 1000.000000000000000 ) ;
#152 = PRESENTATION_STYLE_ASSIGNMENT (( #3308 ) ) ;
#153 = PRESENTATION_LAYER_ASSIGNMENT (  '', '', ( #3906 ) ) ;
#154 = FILL_AREA_STYLE_COLOUR ( '', #3897 ) ;
#155 = PLANE ( 'NONE',  #3228 ) ;
#156 = ORIENTED_EDGE ( 'NONE', *, *, #1005, .F. ) ;
#157 = FACE_OUTER_BOUND ( 'NONE', #3144, .T. ) ;
#158 = ORIENTED_EDGE ( 'NONE', *, *, #3464, .F. ) ;
#159 = CARTESIAN_POINT ( 'NONE',  ( 0.0000000000000000000, 0.0000000000000000000, 0.0000000000000000000 ) ) ;
#160 = PLANE ( 'NONE',  #3122 ) ;
#161 = DIRECTION ( 'NONE',  ( -0.0000000000000000000, -6.994852725712931500E-017, 1.000000000000000000 ) ) ;
#162 = VERTEX_POINT ( 'NONE', #1390 ) ;
#163 = LINE ( 'NONE', #4298, #3974 ) ;
#164 = EDGE_CURVE ( 'NONE', #180, #233, #3577, .T. ) ;
#165 = ORIENTED_EDGE ( 'NONE', *, *, #2902, .F. ) ;
#166 = CARTESIAN_POINT ( 'NONE',  ( 1.318256938696120700, 3.954990000000000400, -1.571878146101223500 ) ) ;
#167 = EDGE_CURVE ( 'NONE', #3917, #3115, #3029, .T. ) ;
#168 =( LENGTH_UNIT ( ) NAMED_UNIT ( * ) SI_UNIT ( .MILLI., .METRE. ) );
#169 = MECHANICAL_DESIGN_GEOMETRIC_PRESENTATION_REPRESENTATION (  '', ( #2648 ), #3667 ) ;
#170 = COLOUR_RGB ( '',0.8980392156862745400, 0.9215686274509803400, 0.9294117647058823800 ) ;
#171 = DIRECTION ( 'NONE',  ( -0.0000000000000000000, -0.0000000000000000000, 1.000000000000000000 ) ) ;
#172 = FACE_OUTER_BOUND ( 'NONE', #3252, .T. ) ;
#173 = STYLED_ITEM ( 'NONE', ( #3913 ), #519 ) ;
#174 = FACE_OUTER_BOUND ( 'NONE', #3220, .T. ) ;
#175 = DIRECTION ( 'NONE',  ( 0.2764273280489771300, 0.0000000000000000000, -0.9610348236706634000 ) ) ;
#176 = FILL_AREA_STYLE ('',( #154 ) ) ;
#177 = ADVANCED_FACE ( 'NONE', ( #2974 ), #1421, .F. ) ;
#178 = CARTESIAN_POINT ( 'NONE',  ( 0.0000000000000000000, 0.0000000000000000000, 0.0000000000000000000 ) ) ;
#179 = ORIENTED_EDGE ( 'NONE', *, *, #1643, .F. ) ;
#180 = VERTEX_POINT ( 'NONE', #2039 ) ;
#181 = ORIENTED_EDGE ( 'NONE', *, *, #2074, .T. ) ;
#182 = VECTOR ( 'NONE', #2591, 1000.000000000000000 ) ;
#183 = FILL_AREA_STYLE ('',( #4169 ) ) ;
#184 = DIRECTION ( 'NONE',  ( -0.9985542843760947300, 0.0000000000000000000, -0.05375259206908397000 ) ) ;
#185 = EDGE_CURVE ( 'NONE', #2245, #2027, #1471, .T. ) ;
#186 = ORIENTED_EDGE ( 'NONE', *, *, #3114, .F. ) ;
#187 = VECTOR ( 'NONE', #202, 1000.000000000000000 ) ;
#188 = VERTEX_POINT ( 'NONE', #2682 ) ;
#189 = DIRECTION ( 'NONE',  ( 0.0000000000000000000, 0.0000000000000000000, -1.000000000000000000 ) ) ;
#190 = EDGE_CURVE ( 'NONE', #3115, #2318, #336, .T. ) ;
#191 = CARTESIAN_POINT ( 'NONE',  ( 2.599200000000000200, 3.949990000000000600, -2.849999999999999600 ) ) ;
#192 = VECTOR ( 'NONE', #1683, 1000.000000000000000 ) ;
#193 = VECTOR ( 'NONE', #969, 1000.000000000000000 ) ;
#194 =( GEOMETRIC_REPRESENTATION_CONTEXT ( 3 ) GLOBAL_UNCERTAINTY_ASSIGNED_CONTEXT ( ( #2861 ) ) GLOBAL_UNIT_ASSIGNED_CONTEXT ( ( #4073, #2433, #3844 ) ) REPRESENTATION_CONTEXT ( 'NONE', 'WORKASPACE' ) );
#195 = AXIS2_PLACEMENT_3D ( 'NONE', #4286, #3248, #1915 ) ;
#196 = ADVANCED_FACE ( 'NONE', ( #2063 ), #1691, .F. ) ;
#197 =( NAMED_UNIT ( * ) PLANE_ANGLE_UNIT ( ) SI_UNIT ( $, .RADIAN. ) );
#198 = PRESENTATION_STYLE_ASSIGNMENT (( #3295 ) ) ;
#199 = DIRECTION ( 'NONE',  ( 0.0000000000000000000, -1.000000000000000000, -0.0000000000000000000 ) ) ;
#200 = CARTESIAN_POINT ( 'NONE',  ( 1.249368839762447800, 3.954990000000000400, -1.571878146101223500 ) ) ;
#201 = VERTEX_POINT ( 'NONE', #1024 ) ;
#202 = DIRECTION ( 'NONE',  ( -0.0000000000000000000, -0.0000000000000000000, 1.000000000000000000 ) ) ;
#203 = DIRECTION ( 'NONE',  ( 0.0000000000000000000, -1.000000000000000000, -0.0000000000000000000 ) ) ;
#204 = ORIENTED_EDGE ( 'NONE', *, *, #1152, .F. ) ;
#205 = LINE ( 'NONE', #762, #3876 ) ;
#206 = MECHANICAL_DESIGN_GEOMETRIC_PRESENTATION_REPRESENTATION (  '', ( #3040 ), #2953 ) ;
#207 = CARTESIAN_POINT ( 'NONE',  ( 2.193091445998574400, 3.954990000000000400, -1.525506459667375300 ) ) ;
#208 = ORIENTED_EDGE ( 'NONE', *, *, #309, .T. ) ;
#209 = EDGE_CURVE ( 'NONE', #3717, #1721, #3842, .T. ) ;
#210 = VERTEX_POINT ( 'NONE', #1371 ) ;
#211 = CARTESIAN_POINT ( 'NONE',  ( 1.000800000000000100, 2.014935000000000400, 0.0000000000000000000 ) ) ;
#212 = CARTESIAN_POINT ( 'NONE',  ( 1.655800467905800500, 3.954990000000000400, -1.375968879055943700 ) ) ;
#213 = CARTESIAN_POINT ( 'NONE',  ( 1.318256938696120700, 3.949990000000000600, -1.571878146101223500 ) ) ;
#214 = VECTOR ( 'NONE', #79, 1000.000000000000000 ) ;
#215 = EDGE_CURVE ( 'NONE', #1210, #130, #2016, .T. ) ;
#216 = ORIENTED_EDGE ( 'NONE', *, *, #648, .F. ) ;
#217 = PRESENTATION_STYLE_ASSIGNMENT (( #1169 ) ) ;
#218 = DIRECTION ( 'NONE',  ( -0.05596501978068264800, 0.0000000000000000000, 0.9984327301130245800 ) ) ;
#219 = DIRECTION ( 'NONE',  ( -1.000000000000000000, 0.0000000000000000000, 0.0000000000000000000 ) ) ;
#220 = ADVANCED_FACE ( 'NONE', ( #825 ), #2368, .T. ) ;
#221 = LINE ( 'NONE', #3054, #1863 ) ;
#222 = AXIS2_PLACEMENT_3D ( 'NONE', #1092, #3108, #757 ) ;
#223 = AXIS2_PLACEMENT_3D ( 'NONE', #1880, #1204, #244 ) ;
#224 = VECTOR ( 'NONE', #3949, 1000.000000000000000 ) ;
#225 = CARTESIAN_POINT ( 'NONE',  ( 3.699999999999999300, 3.899870000000000800, -2.889999999999999200 ) ) ;
#226 = ORIENTED_EDGE ( 'NONE', *, *, #1341, .F. ) ;
#227 = DIRECTION ( 'NONE',  ( -1.000000000000000000, -0.0000000000000000000, -0.0000000000000000000 ) ) ;
#228 = VECTOR ( 'NONE', #1402, 999.9999999999998900 ) ;
#229 = PLANE ( 'NONE',  #4222 ) ;
#230 = MECHANICAL_DESIGN_GEOMETRIC_PRESENTATION_REPRESENTATION (  '', ( #3906 ), #965 ) ;
#231 = ORIENTED_EDGE ( 'NONE', *, *, #1212, .T. ) ;
#232 = LINE ( 'NONE', #1274, #2586 ) ;
#233 = VERTEX_POINT ( 'NONE', #2396 ) ;
#234 = CARTESIAN_POINT ( 'NONE',  ( 1.301042606982605300E-015, -2.300129999999999800, -2.889999999999999700 ) ) ;
#235 = CARTESIAN_POINT ( 'NONE',  ( 2.335546302500742100, 3.954990000000000400, -1.525164387926931700 ) ) ;
#236 = ORIENTED_EDGE ( 'NONE', *, *, #3059, .F. ) ;
#237 = VECTOR ( 'NONE', #1527, 1000.000000000000000 ) ;
#238 = EDGE_LOOP ( 'NONE', ( #1165, #3901, #2932, #330 ) ) ;
#239 = LINE ( 'NONE', #3590, #3484 ) ;
#240 = ADVANCED_FACE ( 'NONE', ( #1046 ), #2808, .F. ) ;
#241 =( NAMED_UNIT ( * ) SI_UNIT ( $, .STERADIAN. ) SOLID_ANGLE_UNIT ( ) );
#242 = EDGE_CURVE ( 'NONE', #3796, #1312, #578, .T. ) ;
#243 = LINE ( 'NONE', #1412, #1221 ) ;
#244 = DIRECTION ( 'NONE',  ( 0.0000000000000000000, 0.0000000000000000000, 1.000000000000000000 ) ) ;
#245 = EDGE_LOOP ( 'NONE', ( #4282, #3080, #2006, #2285 ) ) ;
#246 = PRESENTATION_STYLE_ASSIGNMENT (( #3455 ) ) ;
#247 = CARTESIAN_POINT ( 'NONE',  ( 1.762111214983447000, 3.949990000000000600, -1.545331172176685800 ) ) ;
#248 = FILL_AREA_STYLE_COLOUR ( '', #277 ) ;
#249 = EDGE_CURVE ( 'NONE', #3070, #1703, #4099, .T. ) ;
#250 = PLANE ( 'NONE',  #2030 ) ;
#251 = VERTEX_POINT ( 'NONE', #4172 ) ;
#252 = LINE ( 'NONE', #794, #551 ) ;
#253 = DIRECTION ( 'NONE',  ( 0.0000000000000000000, -1.000000000000000000, -0.0000000000000000000 ) ) ;
#254 = CARTESIAN_POINT ( 'NONE',  ( 3.599999999999999600, 3.999870000000000900, -2.899999999999999900 ) ) ;
#255 = ADVANCED_FACE ( 'NONE', ( #1820 ), #461, .F. ) ;
#256 = ORIENTED_EDGE ( 'NONE', *, *, #1127, .T. ) ;
#257 = SURFACE_STYLE_USAGE ( .BOTH. , #3593 ) ;
#258 = FACE_OUTER_BOUND ( 'NONE', #2157, .T. ) ;
#259 = DIRECTION ( 'NONE',  ( 2.713218649863624200E-016, 1.000000000000000000, 0.0000000000000000000 ) ) ;
#260 = STYLED_ITEM ( 'NONE', ( #3671 ), #1953 ) ;
#261 = DIRECTION ( 'NONE',  ( -0.0000000000000000000, 1.000000000000000000, 0.0000000000000000000 ) ) ;
#262 = ADVANCED_FACE ( 'NONE', ( #174 ), #4136, .T. ) ;
#263 = ORIENTED_EDGE ( 'NONE', *, *, #267, .T. ) ;
#264 = COLOUR_RGB ( '',0.8980392156862745400, 0.9215686274509803400, 0.9294117647058823800 ) ;
#265 = SURFACE_SIDE_STYLE ('',( #14 ) ) ;
#266 = ORIENTED_EDGE ( 'NONE', *, *, #1093, .F. ) ;
#267 = EDGE_CURVE ( 'NONE', #2975, #2506, #1355, .T. ) ;
#268 = COLOUR_RGB ( '',0.6470588235294118000, 0.5176470588235293500, 0.0000000000000000000 ) ;
#269 = VERTEX_POINT ( 'NONE', #3096 ) ;
#270 =( LENGTH_UNIT ( ) NAMED_UNIT ( * ) SI_UNIT ( .MILLI., .METRE. ) );
#271 = FILL_AREA_STYLE_COLOUR ( '', #99 ) ;
#272 = EDGE_CURVE ( 'NONE', #1684, #3854, #528, .T. ) ;
#273 = SURFACE_STYLE_FILL_AREA ( #2784 ) ;
#274 = DIRECTION ( 'NONE',  ( 1.000000000000000000, 0.0000000000000000000, 0.0000000000000000000 ) ) ;
#275 = CARTESIAN_POINT ( 'NONE',  ( 1.000800000000000400, 2.049815000000001100, -2.849999999999999600 ) ) ;
#276 = CARTESIAN_POINT ( 'NONE',  ( 1.655419407344723500, 3.954990000000000400, -1.480826005341529900 ) ) ;
#277 = COLOUR_RGB ( '',0.6470588235294118000, 0.5176470588235293500, 0.0000000000000000000 ) ;
#278 = PRESENTATION_STYLE_ASSIGNMENT (( #110 ) ) ;
#279 = ADVANCED_FACE ( 'NONE', ( #3240 ), #1784, .F. ) ;
#280 = ORIENTED_EDGE ( 'NONE', *, *, #35, .T. ) ;
#281 = ORIENTED_EDGE ( 'NONE', *, *, #4242, .T. ) ;
#282 = CARTESIAN_POINT ( 'NONE',  ( 1.288682813782766800, 3.949990000000000600, -1.468706366818483000 ) ) ;
#283 = ORIENTED_EDGE ( 'NONE', *, *, #1260, .T. ) ;
#284 = DIRECTION ( 'NONE',  ( 0.0000000000000000000, -1.000000000000000000, -0.0000000000000000000 ) ) ;
#285 = VECTOR ( 'NONE', #171, 1000.000000000000000 ) ;
#286 = CARTESIAN_POINT ( 'NONE',  ( -0.09999999999999870100, -2.300129999999999800, -0.01000000000000000000 ) ) ;
#287 = CARTESIAN_POINT ( 'NONE',  ( 2.153090385945311000, 3.949990000000000600, -1.375977706713143800 ) ) ;
#288 = MECHANICAL_DESIGN_GEOMETRIC_PRESENTATION_REPRESENTATION (  '', ( #1747 ), #2716 ) ;
#289 = LINE ( 'NONE', #2551, #2333 ) ;
#290 = CARTESIAN_POINT ( 'NONE',  ( 2.749999999999999600, -2.200129999999999700, -2.889999999999999200 ) ) ;
#291 = ORIENTED_EDGE ( 'NONE', *, *, #2787, .F. ) ;
#292 = CARTESIAN_POINT ( 'NONE',  ( -0.09999999999999870100, 3.899870000000000800, -0.01000000000000000000 ) ) ;
#293 = VECTOR ( 'NONE', #3233, 1000.000000000000100 ) ;
#294 = SURFACE_STYLE_FILL_AREA ( #2438 ) ;
#295 = ORIENTED_EDGE ( 'NONE', *, *, #1, .F. ) ;
#296 = FACE_OUTER_BOUND ( 'NONE', #3995, .T. ) ;
#297 = FACE_BOUND ( 'NONE', #2837, .T. ) ;
#298 = VECTOR ( 'NONE', #3313, 1000.000000000000000 ) ;
#299 = EDGE_CURVE ( 'NONE', #2089, #4008, #1514, .T. ) ;
#300 = DIRECTION ( 'NONE',  ( 0.7145695586381818300, 0.0000000000000000000, -0.6995643972270415600 ) ) ;
#301 = ADVANCED_FACE ( 'NONE', ( #2486 ), #3494, .F. ) ;
#302 = DIRECTION ( 'NONE',  ( 1.000000000000000000, -0.0000000000000000000, -0.0000000000000000000 ) ) ;
#303 = FILL_AREA_STYLE ('',( #2249 ) ) ;
#304 = CARTESIAN_POINT ( 'NONE',  ( 2.599199999999999300, 0.04988000000000000100, -2.899999999999999900 ) ) ;
#305 = LINE ( 'NONE', #3907, #2946 ) ;
#306 = SURFACE_SIDE_STYLE ('',( #3435 ) ) ;
#307 = ORIENTED_EDGE ( 'NONE', *, *, #4278, .T. ) ;
#308 = CARTESIAN_POINT ( 'NONE',  ( 0.0000000000000000000, 3.999870000000000900, -2.899999999999999900 ) ) ;
#309 = EDGE_CURVE ( 'NONE', #269, #3094, #687, .T. ) ;
#310 = DIRECTION ( 'NONE',  ( -1.000000000000000000, 0.0000000000000000000, 0.0000000000000000000 ) ) ;
#311 = ORIENTED_EDGE ( 'NONE', *, *, #2383, .T. ) ;
#312 = COLOUR_RGB ( '',0.7921568627450980000, 0.8196078431372548800, 0.9333333333333333500 ) ;
#313 = PLANE ( 'NONE',  #4100 ) ;
#314 = ORIENTED_EDGE ( 'NONE', *, *, #2607, .F. ) ;
#315 =( GEOMETRIC_REPRESENTATION_CONTEXT ( 3 ) GLOBAL_UNCERTAINTY_ASSIGNED_CONTEXT ( ( #1894 ) ) GLOBAL_UNIT_ASSIGNED_CONTEXT ( ( #2769, #3148, #1806 ) ) REPRESENTATION_CONTEXT ( 'NONE', 'WORKASPACE' ) );
#316 =( LENGTH_UNIT ( ) NAMED_UNIT ( * ) SI_UNIT ( .MILLI., .METRE. ) );
#317 = CARTESIAN_POINT ( 'NONE',  ( 1.815144993985856200, 3.954990000000000400, -1.571878146101223200 ) ) ;
#318 =( NAMED_UNIT ( * ) PLANE_ANGLE_UNIT ( ) SI_UNIT ( $, .RADIAN. ) );
#319 = ORIENTED_EDGE ( 'NONE', *, *, #3224, .F. ) ;
#320 = LINE ( 'NONE', #2628, #2626 ) ;
#321 = DIRECTION ( 'NONE',  ( 0.0000000000000000000, 0.0000000000000000000, -1.000000000000000000 ) ) ;
#322 = DIRECTION ( 'NONE',  ( 0.0000000000000000000, 1.000000000000000000, 0.0000000000000000000 ) ) ;
#323 = DIRECTION ( 'NONE',  ( 0.0000000000000000000, -1.000000000000000000, 0.0000000000000000000 ) ) ;
#324 = LINE ( 'NONE', #2728, #4137 ) ;
#325 = ORIENTED_EDGE ( 'NONE', *, *, #3572, .F. ) ;
#326 = FACE_OUTER_BOUND ( 'NONE', #2618, .T. ) ;
#327 = ADVANCED_FACE ( 'NONE', ( #1564 ), #2132, .F. ) ;
#328 = COLOUR_RGB ( '',0.8980392156862745400, 0.9215686274509803400, 0.9294117647058823800 ) ;
#329 = EDGE_CURVE ( 'NONE', #4198, #2986, #1206, .T. ) ;
#330 = ORIENTED_EDGE ( 'NONE', *, *, #2184, .T. ) ;
#331 = LINE ( 'NONE', #3591, #4041 ) ;
#332 = PLANE ( 'NONE',  #1361 ) ;
#333 = DIRECTION ( 'NONE',  ( 0.3725077383644747100, 0.0000000000000000000, 0.9280290862136725300 ) ) ;
#334 = CARTESIAN_POINT ( 'NONE',  ( 2.172954087276028000, 3.949990000000000600, -1.480817913321492500 ) ) ;
#335 = PRESENTATION_STYLE_ASSIGNMENT (( #3212 ) ) ;
#336 = LINE ( 'NONE', #2729, #1255 ) ;
#337 = DIRECTION ( 'NONE',  ( 0.0000000000000000000, 0.0000000000000000000, 1.000000000000000000 ) ) ;
#338 = CARTESIAN_POINT ( 'NONE',  ( 2.140026923674777800, 3.954990000000000400, -1.329939999999992400 ) ) ;
#339 = EDGE_CURVE ( 'NONE', #809, #1235, #4044, .T. ) ;
#340 = STYLED_ITEM ( 'NONE', ( #2361 ), #2949 ) ;
#341 = ORIENTED_EDGE ( 'NONE', *, *, #2931, .T. ) ;
#342 = CARTESIAN_POINT ( 'NONE',  ( 1.000800000000000400, 3.949990000000000600, -2.849999999999999600 ) ) ;
#343 = LINE ( 'NONE', #1664, #3087 ) ;
#344 = CARTESIAN_POINT ( 'NONE',  ( 3.599999999999999600, -2.300129999999999800, -2.889999999999999700 ) ) ;
#345 = DIRECTION ( 'NONE',  ( -0.0000000000000000000, -1.000000000000000000, -0.0000000000000000000 ) ) ;
#346 = ORIENTED_EDGE ( 'NONE', *, *, #3141, .T. ) ;
#347 = LINE ( 'NONE', #1524, #3358 ) ;
#348 = ORIENTED_EDGE ( 'NONE', *, *, #2270, .T. ) ;
#349 = AXIS2_PLACEMENT_3D ( 'NONE', #3010, #4057, #1650 ) ;
#350 = DIRECTION ( 'NONE',  ( 1.000000000000000000, 0.0000000000000000000, -0.0000000000000000000 ) ) ;
#351 = COLOUR_RGB ( '',0.7921568627450980000, 0.8196078431372548800, 0.9333333333333333500 ) ;
#352 = PLANE ( 'NONE',  #3623 ) ;
#353 = EDGE_LOOP ( 'NONE', ( #2093, #3511, #3709, #1641 ) ) ;
#354 = VECTOR ( 'NONE', #333, 1000.000000000000100 ) ;
#355 = FACE_OUTER_BOUND ( 'NONE', #3397, .T. ) ;
#356 = CARTESIAN_POINT ( 'NONE',  ( 0.8500000000000013100, -2.300129999999999800, -0.01000000000000000000 ) ) ;
#357 = ADVANCED_FACE ( 'NONE', ( #2090 ), #2471, .F. ) ;
#358 = CARTESIAN_POINT ( 'NONE',  ( 1.288682813782766800, 3.954990000000000400, -1.468706366818483000 ) ) ;
#359 = MECHANICAL_DESIGN_GEOMETRIC_PRESENTATION_REPRESENTATION (  '', ( #1745 ), #2400 ) ;
#360 = ORIENTED_EDGE ( 'NONE', *, *, #2871, .F. ) ;
#361 = FACE_OUTER_BOUND ( 'NONE', #1304, .T. ) ;
#362 = CARTESIAN_POINT ( 'NONE',  ( 3.699999999999999300, 0.0000000000000000000, 0.0000000000000000000 ) ) ;
#363 = DIRECTION ( 'NONE',  ( 1.000000000000000000, 0.0000000000000000000, 0.0000000000000000000 ) ) ;
#364 = ORIENTED_EDGE ( 'NONE', *, *, #2910, .T. ) ;
#365 = LINE ( 'NONE', #1336, #3371 ) ;
#366 = EDGE_CURVE ( 'NONE', #1278, #548, #4017, .T. ) ;
#367 = DIRECTION ( 'NONE',  ( 1.000000000000000000, -0.0000000000000000000, 0.0000000000000000000 ) ) ;
#368 = ORIENTED_EDGE ( 'NONE', *, *, #2998, .F. ) ;
#369 = EDGE_CURVE ( 'NONE', #662, #485, #1387, .T. ) ;
#370 = VERTEX_POINT ( 'NONE', #1830 ) ;
#371 = DIRECTION ( 'NONE',  ( 0.2732148821746285300, 0.0000000000000000000, -0.9619530280415482500 ) ) ;
#372 = PLANE ( 'NONE',  #2034 ) ;
#373 = MECHANICAL_DESIGN_GEOMETRIC_PRESENTATION_REPRESENTATION (  '', ( #1472 ), #1901 ) ;
#374 = ORIENTED_EDGE ( 'NONE', *, *, #3311, .F. ) ;
#375 = MECHANICAL_DESIGN_GEOMETRIC_PRESENTATION_REPRESENTATION (  '', ( #3728 ), #65 ) ;
#376 = DIRECTION ( 'NONE',  ( 0.0000000000000000000, -1.000000000000000000, -0.0000000000000000000 ) ) ;
#377 = CARTESIAN_POINT ( 'NONE',  ( 3.599999999999999600, -2.300129999999999800, -2.889999999999999700 ) ) ;
#378 = ORIENTED_EDGE ( 'NONE', *, *, #3781, .T. ) ;
#379 = UNCERTAINTY_MEASURE_WITH_UNIT (LENGTH_MEASURE( 1.000000000000000100E-005 ), #4315, 'distance_accuracy_value', 'NONE');
#380 = MECHANICAL_DESIGN_GEOMETRIC_PRESENTATION_REPRESENTATION (  '', ( #2658 ), #746 ) ;
#381 = ORIENTED_EDGE ( 'NONE', *, *, #1202, .F. ) ;
#382 = LINE ( 'NONE', #1181, #771 ) ;
#383 = SURFACE_SIDE_STYLE ('',( #3491 ) ) ;
#384 = DIRECTION ( 'NONE',  ( -1.000000000000000000, 0.0000000000000000000, 0.0000000000000000000 ) ) ;
#385 = EDGE_CURVE ( 'NONE', #2739, #2858, #1843, .T. ) ;
#386 = VECTOR ( 'NONE', #1726, 1000.000000000000100 ) ;
#387 = CARTESIAN_POINT ( 'NONE',  ( 1.288682813782766800, 3.954990000000000400, -1.468706366818483000 ) ) ;
#388 = ORIENTED_EDGE ( 'NONE', *, *, #2316, .T. ) ;
#389 = ORIENTED_EDGE ( 'NONE', *, *, #484, .F. ) ;
#390 = DIRECTION ( 'NONE',  ( 1.000000000000000000, 0.0000000000000000000, -2.990902544787599100E-016 ) ) ;
#391 = EDGE_CURVE ( 'NONE', #2968, #1333, #1537, .T. ) ;
#392 = UNCERTAINTY_MEASURE_WITH_UNIT (LENGTH_MEASURE( 1.000000000000000100E-005 ), #2791, 'distance_accuracy_value', 'NONE');
#393 = AXIS2_PLACEMENT_3D ( 'NONE', #3862, #1794, #3833 ) ;
#394 = CARTESIAN_POINT ( 'NONE',  ( 1.521683334197357700, 3.954990000000000400, -1.375968879055943700 ) ) ;
#395 = VERTEX_POINT ( 'NONE', #4203 ) ;
#396 = LINE ( 'NONE', #3503, #4108 ) ;
#397 = PLANE ( 'NONE',  #1688 ) ;
#398 = EDGE_LOOP ( 'NONE', ( #4110, #747, #4046, #3244 ) ) ;
#399 = AXIS2_PLACEMENT_3D ( 'NONE', #4308, #1896, #2893 ) ;
#400 =( NAMED_UNIT ( * ) SI_UNIT ( $, .STERADIAN. ) SOLID_ANGLE_UNIT ( ) );
#401 = ORIENTED_EDGE ( 'NONE', *, *, #1122, .T. ) ;
#402 = VECTOR ( 'NONE', #3753, 1000.000000000000000 ) ;
#403 = DIRECTION ( 'NONE',  ( -1.000000000000000000, 0.0000000000000000000, 1.495451272393799500E-016 ) ) ;
#404 = CARTESIAN_POINT ( 'NONE',  ( 1.957235556122789700, 3.949990000000000600, -1.329939999999992400 ) ) ;
#405 = CARTESIAN_POINT ( 'NONE',  ( 3.599999999999999600, 3.999870000000000900, 0.0000000000000000000 ) ) ;
#406 = CARTESIAN_POINT ( 'NONE',  ( 1.521683334197357700, 3.954990000000000400, -1.375968879055943700 ) ) ;
#407 = FILL_AREA_STYLE ('',( #3760 ) ) ;
#408 = LINE ( 'NONE', #3972, #4331 ) ;
#409 = EDGE_CURVE ( 'NONE', #1235, #3138, #4123, .T. ) ;
#410 = ORIENTED_EDGE ( 'NONE', *, *, #1437, .T. ) ;
#411 = CARTESIAN_POINT ( 'NONE',  ( 1.301042606982605300E-015, -2.300129999999999800, -2.889999999999999700 ) ) ;
#412 = FILL_AREA_STYLE ('',( #2012 ) ) ;
#413 = ORIENTED_EDGE ( 'NONE', *, *, #730, .T. ) ;
#414 = EDGE_CURVE ( 'NONE', #3408, #2535, #601, .T. ) ;
#415 = FILL_AREA_STYLE_COLOUR ( '', #2301 ) ;
#416 = AXIS2_PLACEMENT_3D ( 'NONE', #2107, #2134, #1759 ) ;
#417 = CARTESIAN_POINT ( 'NONE',  ( 1.674900576837581800, 3.949990000000000600, -1.525826462263052900 ) ) ;
#418 = ORIENTED_EDGE ( 'NONE', *, *, #536, .T. ) ;
#419 = CARTESIAN_POINT ( 'NONE',  ( 2.599200000000000600, 2.014935000000000400, -2.899999999999999900 ) ) ;
#420 = DIRECTION ( 'NONE',  ( 0.05375259206908397600, 0.0000000000000000000, -0.9985542843760947300 ) ) ;
#421 = AXIS2_PLACEMENT_3D ( 'NONE', #286, #1933, #4271 ) ;
#422 = ORIENTED_EDGE ( 'NONE', *, *, #3813, .F. ) ;
#423 = DIRECTION ( 'NONE',  ( -0.2762033010251989100, 0.0000000000000000000, 0.9610992334315865400 ) ) ;
#424 = DIRECTION ( 'NONE',  ( -0.0000000000000000000, 1.000000000000000000, -0.0000000000000000000 ) ) ;
#425 = VECTOR ( 'NONE', #1942, 1000.000000000000000 ) ;
#426 = ORIENTED_EDGE ( 'NONE', *, *, #4113, .T. ) ;
#427 = LINE ( 'NONE', #3229, #3016 ) ;
#428 = DIRECTION ( 'NONE',  ( 0.0000000000000000000, -6.994852725712931500E-017, 1.000000000000000000 ) ) ;
#429 = ORIENTED_EDGE ( 'NONE', *, *, #460, .T. ) ;
#430 = LINE ( 'NONE', #3692, #3186 ) ;
#431 = DIRECTION ( 'NONE',  ( 0.0000000000000000000, -1.000000000000000000, -0.0000000000000000000 ) ) ;
#432 = COLOUR_RGB ( '',0.6470588235294118000, 0.5176470588235293500, 0.0000000000000000000 ) ;
#433 = DIRECTION ( 'NONE',  ( 1.000000000000000000, 0.0000000000000000000, 0.0000000000000000000 ) ) ;
#434 = ORIENTED_EDGE ( 'NONE', *, *, #3914, .F. ) ;
#435 = VECTOR ( 'NONE', #67, 1000.000000000000000 ) ;
#436 = DIRECTION ( 'NONE',  ( 0.0000000000000000000, 0.0000000000000000000, 1.000000000000000000 ) ) ;
#437 = EDGE_CURVE ( 'NONE', #3094, #210, #1121, .T. ) ;
#438 = DIRECTION ( 'NONE',  ( -0.0000000000000000000, -0.0000000000000000000, 1.000000000000000000 ) ) ;
#439 = ORIENTED_EDGE ( 'NONE', *, *, #889, .T. ) ;
#440 = COLOUR_RGB ( '',0.8980392156862745400, 0.9215686274509803400, 0.9294117647058823800 ) ;
#441 = ORIENTED_EDGE ( 'NONE', *, *, #542, .F. ) ;
#442 = SURFACE_STYLE_FILL_AREA ( #303 ) ;
#443 = UNCERTAINTY_MEASURE_WITH_UNIT (LENGTH_MEASURE( 1.000000000000000100E-005 ), #2280, 'distance_accuracy_value', 'NONE');
#444 = ORIENTED_EDGE ( 'NONE', *, *, #209, .T. ) ;
#445 = EDGE_CURVE ( 'NONE', #3357, #3811, #1739, .T. ) ;
#446 = PLANE ( 'NONE',  #1877 ) ;
#447 = ORIENTED_EDGE ( 'NONE', *, *, #4165, .T. ) ;
#448 = PRESENTATION_STYLE_ASSIGNMENT (( #1766 ) ) ;
#449 = CARTESIAN_POINT ( 'NONE',  ( 1.509244428717605900, 3.954990000000000400, -1.571878146101223200 ) ) ;
#450 = VECTOR ( 'NONE', #1738, 1000.000000000000000 ) ;
#451 = SURFACE_SIDE_STYLE ('',( #932 ) ) ;
#452 =( GEOMETRIC_REPRESENTATION_CONTEXT ( 3 ) GLOBAL_UNCERTAINTY_ASSIGNED_CONTEXT ( ( #3058 ) ) GLOBAL_UNIT_ASSIGNED_CONTEXT ( ( #3758, #2056, #1751 ) ) REPRESENTATION_CONTEXT ( 'NONE', 'WORKASPACE' ) );
#453 = DIRECTION ( 'NONE',  ( 0.0000000000000000000, -1.000000000000000000, -0.0000000000000000000 ) ) ;
#454 = ORIENTED_EDGE ( 'NONE', *, *, #1404, .F. ) ;
#455 = CARTESIAN_POINT ( 'NONE',  ( 0.8500000000000013100, -2.200129999999999700, -2.889999999999999200 ) ) ;
#456 = SURFACE_STYLE_USAGE ( .BOTH. , #132 ) ;
#457 = PLANE ( 'NONE',  #4200 ) ;
#458 = ORIENTED_EDGE ( 'NONE', *, *, #409, .F. ) ;
#459 = LINE ( 'NONE', #812, #1022 ) ;
#460 = EDGE_CURVE ( 'NONE', #1278, #2838, #2836, .T. ) ;
#461 = PLANE ( 'NONE',  #1845 ) ;
#462 = ORIENTED_EDGE ( 'NONE', *, *, #2826, .F. ) ;
#463 = DIRECTION ( 'NONE',  ( -0.0000000000000000000, -0.0000000000000000000, 1.000000000000000000 ) ) ;
#464 = CARTESIAN_POINT ( 'NONE',  ( 0.0000000000000000000, 3.999870000000000900, 0.0000000000000000000 ) ) ;
#465 = EDGE_CURVE ( 'NONE', #1107, #4130, #3055, .T. ) ;
#466 = EDGE_LOOP ( 'NONE', ( #3167, #441, #3873, #3412 ) ) ;
#467 = CARTESIAN_POINT ( 'NONE',  ( 1.891565573674294500, 3.949990000000000600, -1.571878146101223000 ) ) ;
#468 = STYLED_ITEM ( 'NONE', ( #3560 ), #2823 ) ;
#469 = ORIENTED_EDGE ( 'NONE', *, *, #2931, .F. ) ;
#470 = VECTOR ( 'NONE', #2867, 1000.000000000000100 ) ;
#471 = FILL_AREA_STYLE ('',( #4194 ) ) ;
#472 = FILL_AREA_STYLE ('',( #4157 ) ) ;
#473 = PLANE ( 'NONE',  #3955 ) ;
#474 = LINE ( 'NONE', #4226, #527 ) ;
#475 = ORIENTED_EDGE ( 'NONE', *, *, #3490, .F. ) ;
#476 = FACE_OUTER_BOUND ( 'NONE', #1980, .T. ) ;
#477 = DIRECTION ( 'NONE',  ( 0.05596501978068264800, 0.0000000000000000000, -0.9984327301130245800 ) ) ;
#478 = DIRECTION ( 'NONE',  ( 1.000000000000000000, 0.0000000000000000000, 0.0000000000000000000 ) ) ;
#479 = FILL_AREA_STYLE_COLOUR ( '', #2007 ) ;
#480 = FACE_OUTER_BOUND ( 'NONE', #2539, .T. ) ;
#481 =( GEOMETRIC_REPRESENTATION_CONTEXT ( 3 ) GLOBAL_UNCERTAINTY_ASSIGNED_CONTEXT ( ( #2143 ) ) GLOBAL_UNIT_ASSIGNED_CONTEXT ( ( #2746, #2062, #3719 ) ) REPRESENTATION_CONTEXT ( 'NONE', 'WORKASPACE' ) );
#482 = ORIENTED_EDGE ( 'NONE', *, *, #916, .F. ) ;
#483 = DIRECTION ( 'NONE',  ( 0.7083077534943974500, 0.0000000000000000000, 0.7059037656364499600 ) ) ;
#484 = EDGE_CURVE ( 'NONE', #2197, #4198, #101, .T. ) ;
#485 = VERTEX_POINT ( 'NONE', #3548 ) ;
#486 = CARTESIAN_POINT ( 'NONE',  ( 1.712112097025641400, 3.954990000000000400, -1.571878146101223200 ) ) ;
#487 = LINE ( 'NONE', #1508, #3847 ) ;
#488 = ORIENTED_EDGE ( 'NONE', *, *, #2238, .T. ) ;
#489 = FILL_AREA_STYLE ('',( #1462 ) ) ;
#490 = EDGE_LOOP ( 'NONE', ( #388, #2590, #295, #3179 ) ) ;
#491 = EDGE_CURVE ( 'NONE', #1563, #3829, #1329, .T. ) ;
#492 = LINE ( 'NONE', #1264, #3479 ) ;
#493 = DIRECTION ( 'NONE',  ( -1.000000000000000000, 0.0000000000000000000, 0.0000000000000000000 ) ) ;
#494 = CLOSED_SHELL ( 'NONE', ( #1931, #3909, #1853, #2911, #3510, #3922, #3951, #3531, #1246, #1953, #2563, #1662, #2823, #220, #2903, #1976, #613, #1253, #1635, #3183, #1814, #1310, #2264, #2888, #598, #3245, #1517, #4223, #2288, #3552, #980, #1185, #3678, #666, #262, #3656, #2502, #1214, #553, #1614, #519, #1168, #2243, #1561, #2949, #4180, #3966, #1228, #901, #858, #3334, #1501, #3925, #1535, #3204, #3573 ) ) ;
#495 = LINE ( 'NONE', #3832, #93 ) ;
#496 = PLANE ( 'NONE',  #1413 ) ;
#497 = LINE ( 'NONE', #3456, #1487 ) ;
#498 = UNCERTAINTY_MEASURE_WITH_UNIT (LENGTH_MEASURE( 1.000000000000000100E-005 ), #2577, 'distance_accuracy_value', 'NONE');
#499 = STYLED_ITEM ( 'NONE', ( #1839 ), #666 ) ;
#500 = PRESENTATION_LAYER_ASSIGNMENT (  '', '', ( #3728 ) ) ;
#501 = SURFACE_STYLE_FILL_AREA ( #1382 ) ;
#502 = ADVANCED_FACE ( 'NONE', ( #2403 ), #3211, .F. ) ;
#503 = CARTESIAN_POINT ( 'NONE',  ( 2.599200000000000200, 3.999870000000000900, 8.033022604836545100E-017 ) ) ;
#504 = PLANE ( 'NONE',  #632 ) ;
#505 = CARTESIAN_POINT ( 'NONE',  ( 1.179840000000001300, 3.949990000000000600, -1.329939999999999900 ) ) ;
#506 = DIRECTION ( 'NONE',  ( 0.0000000000000000000, -1.000000000000000000, -0.0000000000000000000 ) ) ;
#507 = PRESENTATION_LAYER_ASSIGNMENT (  '', '', ( #4101 ) ) ;
#508 = CARTESIAN_POINT ( 'NONE',  ( 1.301042606982605300E-015, 0.0000000000000000000, 0.0000000000000000000 ) ) ;
#509 = SURFACE_SIDE_STYLE ('',( #3076 ) ) ;
#510 = COLOUR_RGB ( '',0.8980392156862745400, 0.9215686274509803400, 0.9294117647058823800 ) ;
#511 = EDGE_LOOP ( 'NONE', ( #57, #2302, #3737, #3706 ) ) ;
#512 = ORIENTED_EDGE ( 'NONE', *, *, #3893, .F. ) ;
#513 = VECTOR ( 'NONE', #4086, 1000.000000000000000 ) ;
#514 =( NAMED_UNIT ( * ) PLANE_ANGLE_UNIT ( ) SI_UNIT ( $, .RADIAN. ) );
#515 = ORIENTED_EDGE ( 'NONE', *, *, #1680, .F. ) ;
#516 = DIRECTION ( 'NONE',  ( 0.0000000000000000000, 0.0000000000000000000, 1.000000000000000000 ) ) ;
#517 = EDGE_CURVE ( 'NONE', #884, #3767, #305, .T. ) ;
#518 = CARTESIAN_POINT ( 'NONE',  ( 3.699999999999999300, 3.899870000000000800, -0.01000000000000000000 ) ) ;
#519 = ADVANCED_FACE ( 'NONE', ( #3648 ), #2908, .F. ) ;
#520 = ORIENTED_EDGE ( 'NONE', *, *, #3301, .F. ) ;
#521 = FACE_OUTER_BOUND ( 'NONE', #2872, .T. ) ;
#522 = CARTESIAN_POINT ( 'NONE',  ( 2.193091445998574400, 3.954990000000000400, -1.525506459667375300 ) ) ;
#523 = MECHANICAL_DESIGN_GEOMETRIC_PRESENTATION_REPRESENTATION (  '', ( #665 ), #1923 ) ;
#524 = FACE_OUTER_BOUND ( 'NONE', #1550, .T. ) ;
#525 = LINE ( 'NONE', #3569, #1344 ) ;
#526 = SURFACE_SIDE_STYLE ('',( #694 ) ) ;
#527 = VECTOR ( 'NONE', #227, 1000.000000000000000 ) ;
#528 = LINE ( 'NONE', #2103, #3404 ) ;
#529 = DIRECTION ( 'NONE',  ( 0.2746459304916903400, 0.0000000000000000000, -0.9615454294334477800 ) ) ;
#530 = EDGE_LOOP ( 'NONE', ( #1485, #40, #3686, #1694 ) ) ;
#531 = VECTOR ( 'NONE', #1110, 1000.000000000000000 ) ;
#532 = LINE ( 'NONE', #2653, #3469 ) ;
#533 = EDGE_LOOP ( 'NONE', ( #667, #2561, #434, #2900, #1571, #2492, #2464, #488 ) ) ;
#534 = CARTESIAN_POINT ( 'NONE',  ( 1.301042606982605300E-015, 3.899870000000000800, -0.01000000000000000000 ) ) ;
#535 = DIRECTION ( 'NONE',  ( 0.0000000000000000000, 0.0000000000000000000, -1.000000000000000000 ) ) ;
#536 = EDGE_CURVE ( 'NONE', #3501, #2225, #408, .T. ) ;
#537 = CARTESIAN_POINT ( 'NONE',  ( 3.624999999999999100, -2.300129999999999800, -0.01000000000000000000 ) ) ;
#538 = ORIENTED_EDGE ( 'NONE', *, *, #2498, .F. ) ;
#539 = CARTESIAN_POINT ( 'NONE',  ( 3.699999999999999300, 3.899870000000000800, -0.01000000000000000000 ) ) ;
#540 = ORIENTED_EDGE ( 'NONE', *, *, #484, .T. ) ;
#541 = FILL_AREA_STYLE_COLOUR ( '', #125 ) ;
#542 = EDGE_CURVE ( 'NONE', #2089, #33, #2890, .T. ) ;
#543 = CARTESIAN_POINT ( 'NONE',  ( 2.172954087276028000, 3.954990000000000400, -1.480817913321492500 ) ) ;
#544 = VECTOR ( 'NONE', #2740, 1000.000000000000100 ) ;
#545 = FACE_OUTER_BOUND ( 'NONE', #398, .T. ) ;
#546 = DIRECTION ( 'NONE',  ( 0.0000000000000000000, -1.000000000000000000, -0.0000000000000000000 ) ) ;
#547 = CARTESIAN_POINT ( 'NONE',  ( 2.599199999999999300, 3.949990000000000600, -2.899999999999999900 ) ) ;
#548 = VERTEX_POINT ( 'NONE', #247 ) ;
#549 = DIRECTION ( 'NONE',  ( -1.000000000000000000, -0.0000000000000000000, 0.0000000000000000000 ) ) ;
#550 = VERTEX_POINT ( 'NONE', #2924 ) ;
#551 = VECTOR ( 'NONE', #817, 1000.000000000000000 ) ;
#552 = AXIS2_PLACEMENT_3D ( 'NONE', #3329, #3727, #701 ) ;
#553 = ADVANCED_FACE ( 'NONE', ( #2609 ), #3597, .F. ) ;
#554 = CARTESIAN_POINT ( 'NONE',  ( 1.179840000000001300, 3.954990000000000400, -1.329939999999999900 ) ) ;
#555 = ORIENTED_EDGE ( 'NONE', *, *, #865, .F. ) ;
#556 = PRESENTATION_STYLE_ASSIGNMENT (( #1114 ) ) ;
#557 = EDGE_CURVE ( 'NONE', #562, #1174, #654, .T. ) ;
#558 = VERTEX_POINT ( 'NONE', #2570 ) ;
#559 = CARTESIAN_POINT ( 'NONE',  ( 0.0000000000000000000, 3.999870000000000900, 0.0000000000000000000 ) ) ;
#560 = DIRECTION ( 'NONE',  ( -1.097929030185397200E-016, 1.000000000000000000, -0.0000000000000000000 ) ) ;
#561 = EDGE_CURVE ( 'NONE', #2651, #2852, #853, .T. ) ;
#562 = VERTEX_POINT ( 'NONE', #611 ) ;
#563 = VECTOR ( 'NONE', #1870, 1000.000000000000100 ) ;
#564 = UNCERTAINTY_MEASURE_WITH_UNIT (LENGTH_MEASURE( 1.000000000000000100E-005 ), #3047, 'distance_accuracy_value', 'NONE');
#565 = CARTESIAN_POINT ( 'NONE',  ( 2.749999999999999600, -2.300129999999999800, -0.01000000000000000000 ) ) ;
#566 = PLANE ( 'NONE',  #126 ) ;
#567 = CARTESIAN_POINT ( 'NONE',  ( 2.193091445998574400, 3.949990000000000600, -1.525506459667375300 ) ) ;
#568 = SURFACE_STYLE_FILL_AREA ( #4038 ) ;
#569 = ORIENTED_EDGE ( 'NONE', *, *, #2081, .F. ) ;
#570 = LINE ( 'NONE', #3069, #3515 ) ;
#571 = ADVANCED_FACE ( 'NONE', ( #1017 ), #3609, .F. ) ;
#572 = AXIS2_PLACEMENT_3D ( 'NONE', #1656, #321, #1306 ) ;
#573 = MECHANICAL_DESIGN_GEOMETRIC_PRESENTATION_REPRESENTATION (  '', ( #3032 ), #3258 ) ;
#574 = SURFACE_STYLE_FILL_AREA ( #2017 ) ;
#575 = PRODUCT_DEFINITION_SHAPE ( 'NONE', 'NONE',  #45 ) ;
#576 = ADVANCED_FACE ( 'NONE', ( #1435 ), #1610, .F. ) ;
#577 = ORIENTED_EDGE ( 'NONE', *, *, #2843, .T. ) ;
#578 = LINE ( 'NONE', #1150, #2263 ) ;
#579 = FILL_AREA_STYLE ('',( #3221 ) ) ;
#580 = VERTEX_POINT ( 'NONE', #1624 ) ;
#581 = LINE ( 'NONE', #1636, #2981 ) ;
#582 = FILL_AREA_STYLE ('',( #3567 ) ) ;
#583 = ORIENTED_EDGE ( 'NONE', *, *, #2135, .F. ) ;
#584 = DIRECTION ( 'NONE',  ( 1.000000000000000000, 0.0000000000000000000, 0.0000000000000000000 ) ) ;
#585 = CARTESIAN_POINT ( 'NONE',  ( 1.866638775377903200, 3.954990000000000400, -1.329939999999992400 ) ) ;
#586 = EDGE_LOOP ( 'NONE', ( #1679, #1241, #2275, #2735 ) ) ;
#587 = SURFACE_STYLE_FILL_AREA ( #1823 ) ;
#588 = LINE ( 'NONE', #3592, #3300 ) ;
#589 = VERTEX_POINT ( 'NONE', #2540 ) ;
#590 = EDGE_CURVE ( 'NONE', #1333, #3717, #4269, .T. ) ;
#591 = CARTESIAN_POINT ( 'NONE',  ( 0.0000000000000000000, 3.999870000000000900, -2.899999999999999900 ) ) ;
#592 =( NAMED_UNIT ( * ) SI_UNIT ( $, .STERADIAN. ) SOLID_ANGLE_UNIT ( ) );
#593 = COLOUR_RGB ( '',0.8980392156862745400, 0.9215686274509803400, 0.9294117647058823800 ) ;
#594 = COLOUR_RGB ( '',0.8980392156862745400, 0.9215686274509803400, 0.9294117647058823800 ) ;
#595 = CARTESIAN_POINT ( 'NONE',  ( 2.172954087276028000, 3.954990000000000400, -1.480817913321492500 ) ) ;
#596 =( NAMED_UNIT ( * ) PLANE_ANGLE_UNIT ( ) SI_UNIT ( $, .RADIAN. ) );
#597 = EDGE_CURVE ( 'NONE', #550, #3267, #3864, .T. ) ;
#598 = ADVANCED_FACE ( 'NONE', ( #3316 ), #3963, .F. ) ;
#599 = PRESENTATION_LAYER_ASSIGNMENT (  '', '', ( #665 ) ) ;
#600 = SURFACE_STYLE_FILL_AREA ( #1001 ) ;
#601 = LINE ( 'NONE', #3181, #3106 ) ;
#602 = VERTEX_POINT ( 'NONE', #1910 ) ;
#603 = PRESENTATION_STYLE_ASSIGNMENT (( #3191 ) ) ;
#604 = PRESENTATION_LAYER_ASSIGNMENT (  '', '', ( #1472 ) ) ;
#605 =( NAMED_UNIT ( * ) PLANE_ANGLE_UNIT ( ) SI_UNIT ( $, .RADIAN. ) );
#606 = VERTEX_POINT ( 'NONE', #4324 ) ;
#607 = CARTESIAN_POINT ( 'NONE',  ( 1.358180020911098800, 3.954990000000000400, -1.461305847026832100 ) ) ;
#608 = DIRECTION ( 'NONE',  ( 0.0000000000000000000, -1.000000000000000000, -0.0000000000000000000 ) ) ;
#609 = VECTOR ( 'NONE', #4068, 1000.000000000000000 ) ;
#610 = CARTESIAN_POINT ( 'NONE',  ( 1.000800000000000400, 3.949990000000000600, -2.849999999999999600 ) ) ;
#611 = CARTESIAN_POINT ( 'NONE',  ( 2.599200000000000200, 3.949990000000000600, -0.05000000000000012800 ) ) ;
#612 = VERTEX_POINT ( 'NONE', #1362 ) ;
#613 = ADVANCED_FACE ( 'NONE', ( #1938 ), #1672, .T. ) ;
#614 = ORIENTED_EDGE ( 'NONE', *, *, #1317, .T. ) ;
#615 = LINE ( 'NONE', #2272, #3512 ) ;
#616 = EDGE_CURVE ( 'NONE', #3075, #129, #4215, .T. ) ;
#617 = VECTOR ( 'NONE', #3396, 1000.000000000000000 ) ;
#618 = VERTEX_POINT ( 'NONE', #1638 ) ;
#619 = SURFACE_STYLE_USAGE ( .BOTH. , #3957 ) ;
#620 = CARTESIAN_POINT ( 'NONE',  ( 1.957235556122789700, 3.949990000000000600, -1.329939999999992400 ) ) ;
#621 = UNCERTAINTY_MEASURE_WITH_UNIT (LENGTH_MEASURE( 1.000000000000000100E-005 ), #26, 'distance_accuracy_value', 'NONE');
#622 = DIRECTION ( 'NONE',  ( -1.000000000000000000, -0.0000000000000000000, -0.0000000000000000000 ) ) ;
#623 = EDGE_CURVE ( 'NONE', #759, #3854, #708, .T. ) ;
#624 = PRESENTATION_LAYER_ASSIGNMENT (  '', '', ( #3783 ) ) ;
#625 = LINE ( 'NONE', #2678, #3401 ) ;
#626 = FACE_OUTER_BOUND ( 'NONE', #1499, .T. ) ;
#627 = CARTESIAN_POINT ( 'NONE',  ( 1.642644315228731300, 3.954990000000000400, -1.436099941449988000 ) ) ;
#628 = CARTESIAN_POINT ( 'NONE',  ( 3.699999999999999300, -2.225129999999999600, -0.01000000000000000000 ) ) ;
#629 = DIRECTION ( 'NONE',  ( -0.0000000000000000000, -0.0000000000000000000, 1.000000000000000000 ) ) ;
#630 = FACE_OUTER_BOUND ( 'NONE', #2898, .T. ) ;
#631 = VECTOR ( 'NONE', #3136, 1000.000000000000000 ) ;
#632 = AXIS2_PLACEMENT_3D ( 'NONE', #2126, #483, #2770 ) ;
#633 = STYLED_ITEM ( 'NONE', ( #3305 ), #3925 ) ;
#634 =( NAMED_UNIT ( * ) SI_UNIT ( $, .STERADIAN. ) SOLID_ANGLE_UNIT ( ) );
#635 = VERTEX_POINT ( 'NONE', #4004 ) ;
#636 = CARTESIAN_POINT ( 'NONE',  ( 2.415212971804997700, 3.954990000000000400, -1.571878146101223000 ) ) ;
#637 =( NAMED_UNIT ( * ) PLANE_ANGLE_UNIT ( ) SI_UNIT ( $, .RADIAN. ) );
#638 = ADVANCED_FACE ( 'NONE', ( #2557 ), #1993, .F. ) ;
#639 = ORIENTED_EDGE ( 'NONE', *, *, #3110, .F. ) ;
#640 = FILL_AREA_STYLE_COLOUR ( '', #2494 ) ;
#641 = LINE ( 'NONE', #3831, #1054 ) ;
#642 =( NAMED_UNIT ( * ) PLANE_ANGLE_UNIT ( ) SI_UNIT ( $, .RADIAN. ) );
#643 = STYLED_ITEM ( 'NONE', ( #3457 ), #1976 ) ;
#644 = SURFACE_SIDE_STYLE ('',( #1066 ) ) ;
#645 = ORIENTED_EDGE ( 'NONE', *, *, #1068, .T. ) ;
#646 = VECTOR ( 'NONE', #119, 1000.000000000000000 ) ;
#647 = SURFACE_SIDE_STYLE ('',( #3394 ) ) ;
#648 = EDGE_CURVE ( 'NONE', #1368, #188, #3756, .T. ) ;
#649 = ORIENTED_EDGE ( 'NONE', *, *, #3082, .T. ) ;
#650 =( NAMED_UNIT ( * ) SI_UNIT ( $, .STERADIAN. ) SOLID_ANGLE_UNIT ( ) );
#651 = SURFACE_STYLE_FILL_AREA ( #3189 ) ;
#652 = LINE ( 'NONE', #1700, #2283 ) ;
#653 = ORIENTED_EDGE ( 'NONE', *, *, #1756, .T. ) ;
#654 = LINE ( 'NONE', #2252, #3377 ) ;
#655 = EDGE_CURVE ( 'NONE', #966, #3836, #1491, .T. ) ;
#656 = CARTESIAN_POINT ( 'NONE',  ( 1.339018118375714400, 3.954990000000000400, -1.329939999999992600 ) ) ;
#657 = CARTESIAN_POINT ( 'NONE',  ( 1.564671085141172000, 3.949990000000000600, -1.525826462263052900 ) ) ;
#658 = CARTESIAN_POINT ( 'NONE',  ( 1.301042606982605300E-015, -2.300129999999999800, -0.01000000000000000000 ) ) ;
#659 = SURFACE_SIDE_STYLE ('',( #2345 ) ) ;
#660 = VECTOR ( 'NONE', #506, 1000.000000000000000 ) ;
#661 = CARTESIAN_POINT ( 'NONE',  ( 1.805840744709148900, 3.954990000000000400, -1.399034426002697200 ) ) ;
#662 = VERTEX_POINT ( 'NONE', #2627 ) ;
#663 = CARTESIAN_POINT ( 'NONE',  ( 1.815144993985856200, 3.954990000000000400, -1.571878146101223200 ) ) ;
#664 = AXIS2_PLACEMENT_3D ( 'NONE', #138, #2441, #477 ) ;
#665 = STYLED_ITEM ( 'NONE', ( #2562 ), #3245 ) ;
#666 = ADVANCED_FACE ( 'NONE', ( #960 ), #372, .T. ) ;
#667 = ORIENTED_EDGE ( 'NONE', *, *, #1949, .F. ) ;
#668 = LINE ( 'NONE', #2467, #760 ) ;
#669 = DIRECTION ( 'NONE',  ( 0.0000000000000000000, -1.000000000000000000, 0.0000000000000000000 ) ) ;
#670 = EDGE_LOOP ( 'NONE', ( #1425, #1897, #4306, #413 ) ) ;
#671 = VECTOR ( 'NONE', #2108, 999.9999999999998900 ) ;
#672 =( NAMED_UNIT ( * ) SI_UNIT ( $, .STERADIAN. ) SOLID_ANGLE_UNIT ( ) );
#673 = ORIENTED_EDGE ( 'NONE', *, *, #52, .T. ) ;
#674 = VECTOR ( 'NONE', #1627, 1000.000000000000100 ) ;
#675 = SURFACE_STYLE_USAGE ( .BOTH. , #644 ) ;
#676 = CARTESIAN_POINT ( 'NONE',  ( 1.815144993985856200, 3.954990000000000400, -1.571878146101223200 ) ) ;
#677 = VECTOR ( 'NONE', #2260, 1000.000000000000000 ) ;
#678 = ORIENTED_EDGE ( 'NONE', *, *, #2631, .T. ) ;
#679 = VECTOR ( 'NONE', #2760, 1000.000000000000000 ) ;
#680 = EDGE_CURVE ( 'NONE', #3165, #4058, #365, .T. ) ;
#681 = EDGE_LOOP ( 'NONE', ( #3875, #4019, #4149, #3389, #4054, #2820 ) ) ;
#682 = DIRECTION ( 'NONE',  ( 1.000000000000000000, 0.0000000000000000000, 0.0000000000000000000 ) ) ;
#683 = CARTESIAN_POINT ( 'NONE',  ( 2.056367210685903700, 3.949990000000000600, -1.436099941449500800 ) ) ;
#684 = EDGE_CURVE ( 'NONE', #3075, #3094, #1116, .T. ) ;
#685 = ORIENTED_EDGE ( 'NONE', *, *, #1707, .F. ) ;
#686 = FILL_AREA_STYLE_COLOUR ( '', #1734 ) ;
#687 = LINE ( 'NONE', #1136, #3942 ) ;
#688 = CARTESIAN_POINT ( 'NONE',  ( 2.039203301366334700, 3.954990000000000400, -1.375977706713143800 ) ) ;
#689 = ORIENTED_EDGE ( 'NONE', *, *, #1890, .T. ) ;
#690 = EDGE_LOOP ( 'NONE', ( #142, #77, #1192, #1592 ) ) ;
#691 = FACE_OUTER_BOUND ( 'NONE', #846, .T. ) ;
#692 = CARTESIAN_POINT ( 'NONE',  ( 0.8500000000000013100, -2.300129999999999800, -0.01000000000000000000 ) ) ;
#693 = ORIENTED_EDGE ( 'NONE', *, *, #215, .F. ) ;
#694 = SURFACE_STYLE_FILL_AREA ( #183 ) ;
#695 = FILL_AREA_STYLE ('',( #2891 ) ) ;
#696 = PLANE ( 'NONE',  #3587 ) ;
#697 = ORIENTED_EDGE ( 'NONE', *, *, #414, .T. ) ;
#698 = LINE ( 'NONE', #4195, #2336 ) ;
#699 = FACE_OUTER_BOUND ( 'NONE', #2532, .T. ) ;
#700 =( LENGTH_UNIT ( ) NAMED_UNIT ( * ) SI_UNIT ( .MILLI., .METRE. ) );
#701 = DIRECTION ( 'NONE',  ( -1.000000000000000000, 0.0000000000000000000, -0.0000000000000000000 ) ) ;
#702 = VECTOR ( 'NONE', #120, 1000.000000000000000 ) ;
#703 = EDGE_CURVE ( 'NONE', #1183, #2690, #3157, .T. ) ;
#704 = PRESENTATION_STYLE_ASSIGNMENT (( #2014 ) ) ;
#705 = UNCERTAINTY_MEASURE_WITH_UNIT (LENGTH_MEASURE( 1.000000000000000100E-005 ), #1352, 'distance_accuracy_value', 'NONE');
#706 = DIRECTION ( 'NONE',  ( -1.000000000000000000, 0.0000000000000000000, 0.0000000000000000000 ) ) ;
#707 = ORIENTED_EDGE ( 'NONE', *, *, #2029, .F. ) ;
#708 = LINE ( 'NONE', #2970, #2833 ) ;
#709 = EDGE_CURVE ( 'NONE', #3138, #2204, #2780, .T. ) ;
#710 =( LENGTH_UNIT ( ) NAMED_UNIT ( * ) SI_UNIT ( .MILLI., .METRE. ) );
#711 = ORIENTED_EDGE ( 'NONE', *, *, #3634, .F. ) ;
#712 =( LENGTH_UNIT ( ) NAMED_UNIT ( * ) SI_UNIT ( .MILLI., .METRE. ) );
#713 = CARTESIAN_POINT ( 'NONE',  ( 1.301042606982605300E-015, -2.300129999999999800, -0.01000000000000000000 ) ) ;
#714 = SURFACE_SIDE_STYLE ('',( #574 ) ) ;
#715 = PRESENTATION_LAYER_ASSIGNMENT (  '', '', ( #819 ) ) ;
#716 = ORIENTED_EDGE ( 'NONE', *, *, #1404, .T. ) ;
#717 =( GEOMETRIC_REPRESENTATION_CONTEXT ( 3 ) GLOBAL_UNCERTAINTY_ASSIGNED_CONTEXT ( ( #1782 ) ) GLOBAL_UNIT_ASSIGNED_CONTEXT ( ( #3928, #2538, #2156 ) ) REPRESENTATION_CONTEXT ( 'NONE', 'WORKASPACE' ) );
#718 = CARTESIAN_POINT ( 'NONE',  ( 2.749999999999999600, -2.300129999999999800, -2.889999999999999700 ) ) ;
#719 = ORIENTED_EDGE ( 'NONE', *, *, #2376, .F. ) ;
#720 = AXIS2_PLACEMENT_3D ( 'NONE', #663, #2299, #363 ) ;
#721 = ORIENTED_EDGE ( 'NONE', *, *, #3861, .F. ) ;
#722 = CARTESIAN_POINT ( 'NONE',  ( 2.210514299946901000, 3.949990000000000600, -1.329939999999992400 ) ) ;
#723 = DIRECTION ( 'NONE',  ( 0.0000000000000000000, -1.000000000000000000, -0.0000000000000000000 ) ) ;
#724 = DIRECTION ( 'NONE',  ( 0.0000000000000000000, -1.000000000000000000, 0.0000000000000000000 ) ) ;
#725 = ORIENTED_EDGE ( 'NONE', *, *, #2135, .T. ) ;
#726 = LINE ( 'NONE', #178, #2011 ) ;
#727 = DIRECTION ( 'NONE',  ( 0.2745159998572702100, 0.0000000000000000000, -0.9615825319869133500 ) ) ;
#728 = CARTESIAN_POINT ( 'NONE',  ( 3.599999999999999600, 3.899870000000000800, -0.01000000000000000000 ) ) ;
#729 = VECTOR ( 'NONE', #3992, 1000.000000000000000 ) ;
#730 = EDGE_CURVE ( 'NONE', #1522, #1660, #1584, .T. ) ;
#731 = CARTESIAN_POINT ( 'NONE',  ( 3.600000000000000100, 2.014935000000000400, -0.01000000000000002600 ) ) ;
#732 = VECTOR ( 'NONE', #1611, 1000.000000000000100 ) ;
#733 = FILL_AREA_STYLE ('',( #3448 ) ) ;
#734 = ORIENTED_EDGE ( 'NONE', *, *, #1039, .F. ) ;
#735 = LINE ( 'NONE', #554, #3193 ) ;
#736 = MECHANICAL_DESIGN_GEOMETRIC_PRESENTATION_REPRESENTATION (  '', ( #2192 ), #956 ) ;
#737 =( GEOMETRIC_REPRESENTATION_CONTEXT ( 3 ) GLOBAL_UNCERTAINTY_ASSIGNED_CONTEXT ( ( #128 ) ) GLOBAL_UNIT_ASSIGNED_CONTEXT ( ( #3150, #514, #2113 ) ) REPRESENTATION_CONTEXT ( 'NONE', 'WORKASPACE' ) );
#738 = DIRECTION ( 'NONE',  ( -0.9612934544747537800, 0.0000000000000000000, -0.2755265765475167200 ) ) ;
#739 = DIRECTION ( 'NONE',  ( 1.000000000000000000, 0.0000000000000000000, 0.0000000000000000000 ) ) ;
#740 = EDGE_LOOP ( 'NONE', ( #1951, #3044, #3056, #1311 ) ) ;
#741 =( NAMED_UNIT ( * ) SI_UNIT ( $, .STERADIAN. ) SOLID_ANGLE_UNIT ( ) );
#742 = ORIENTED_EDGE ( 'NONE', *, *, #190, .T. ) ;
#743 = DIRECTION ( 'NONE',  ( 0.0000000000000000000, -1.000000000000000000, -0.0000000000000000000 ) ) ;
#744 = LINE ( 'NONE', #2374, #87 ) ;
#745 = CARTESIAN_POINT ( 'NONE',  ( 2.599200000000000200, 2.049815000000000600, -2.849999999999999600 ) ) ;
#746 =( GEOMETRIC_REPRESENTATION_CONTEXT ( 3 ) GLOBAL_UNCERTAINTY_ASSIGNED_CONTEXT ( ( #1182 ) ) GLOBAL_UNIT_ASSIGNED_CONTEXT ( ( #3188, #2112, #4182 ) ) REPRESENTATION_CONTEXT ( 'NONE', 'WORKASPACE' ) );
#747 = ORIENTED_EDGE ( 'NONE', *, *, #3368, .F. ) ;
#748 = UNCERTAINTY_MEASURE_WITH_UNIT (LENGTH_MEASURE( 1.000000000000000100E-005 ), #2606, 'distance_accuracy_value', 'NONE');
#749 = LINE ( 'NONE', #3064, #3803 ) ;
#750 = ORIENTED_EDGE ( 'NONE', *, *, #2699, .F. ) ;
#751 = PRESENTATION_STYLE_ASSIGNMENT (( #675 ) ) ;
#752 = VECTOR ( 'NONE', #622, 1000.000000000000000 ) ;
#753 = CARTESIAN_POINT ( 'NONE',  ( 3.599999999999999600, 0.0000000000000000000, 0.0000000000000000000 ) ) ;
#754 = EDGE_CURVE ( 'NONE', #33, #809, #3911, .T. ) ;
#755 = ORIENTED_EDGE ( 'NONE', *, *, #366, .T. ) ;
#756 = CARTESIAN_POINT ( 'NONE',  ( 1.000800000000000100, 1.984935000000000600, -2.899999999999999900 ) ) ;
#757 = DIRECTION ( 'NONE',  ( 1.000000000000000000, 0.0000000000000000000, 0.0000000000000000000 ) ) ;
#758 = CARTESIAN_POINT ( 'NONE',  ( 0.0000000000000000000, 3.999870000000000900, 0.0000000000000000000 ) ) ;
#759 = VERTEX_POINT ( 'NONE', #2364 ) ;
#760 = VECTOR ( 'NONE', #3164, 1000.000000000000000 ) ;
#761 = EDGE_CURVE ( 'NONE', #1002, #2585, #2037, .T. ) ;
#762 = CARTESIAN_POINT ( 'NONE',  ( 1.000800000000000400, 3.949990000000000600, -0.05000000000000000300 ) ) ;
#763 = AXIS2_PLACEMENT_3D ( 'NONE', #464, #3480, #1467 ) ;
#764 = ORIENTED_EDGE ( 'NONE', *, *, #1466, .F. ) ;
#765 = DIRECTION ( 'NONE',  ( -0.9601763114346039100, 0.0000000000000000000, -0.2793947940814905900 ) ) ;
#766 = AXIS2_PLACEMENT_3D ( 'NONE', #2279, #724, #3757 ) ;
#767 = VERTEX_POINT ( 'NONE', #405 ) ;
#768 = LINE ( 'NONE', #656, #2519 ) ;
#769 = DIRECTION ( 'NONE',  ( 0.2760118818968566600, 0.0000000000000000000, -0.9611542233438686900 ) ) ;
#770 = VECTOR ( 'NONE', #15, 1000.000000000000000 ) ;
#771 = VECTOR ( 'NONE', #2503, 1000.000000000000000 ) ;
#772 = PLANE ( 'NONE',  #2297 ) ;
#773 = SURFACE_SIDE_STYLE ('',( #3602 ) ) ;
#774 = ORIENTED_EDGE ( 'NONE', *, *, #3282, .F. ) ;
#775 = LINE ( 'NONE', #98, #1763 ) ;
#776 = FILL_AREA_STYLE ('',( #1765 ) ) ;
#777 = DIRECTION ( 'NONE',  ( 1.071655233474686300E-013, 0.0000000000000000000, -1.000000000000000000 ) ) ;
#778 = EDGE_CURVE ( 'NONE', #606, #33, #3807, .T. ) ;
#779 = DIRECTION ( 'NONE',  ( 1.000000000000000000, -2.713218649863624200E-016, 0.0000000000000000000 ) ) ;
#780 = VERTEX_POINT ( 'NONE', #4063 ) ;
#781 = FACE_OUTER_BOUND ( 'NONE', #1971, .T. ) ;
#782 = VERTEX_POINT ( 'NONE', #3061 ) ;
#783 = SURFACE_STYLE_USAGE ( .BOTH. , #451 ) ;
#784 = DIRECTION ( 'NONE',  ( 0.0000000000000000000, -1.000000000000000000, -4.336808689942025600E-015 ) ) ;
#785 = EDGE_CURVE ( 'NONE', #1207, #1107, #1889, .T. ) ;
#786 =( NAMED_UNIT ( * ) SI_UNIT ( $, .STERADIAN. ) SOLID_ANGLE_UNIT ( ) );
#787 = VERTEX_POINT ( 'NONE', #2015 ) ;
#788 = VERTEX_POINT ( 'NONE', #1428 ) ;
#789 = DIRECTION ( 'NONE',  ( 0.0000000000000000000, 0.0000000000000000000, -1.000000000000000000 ) ) ;
#790 = ORIENTED_EDGE ( 'NONE', *, *, #975, .F. ) ;
#791 = AXIS2_PLACEMENT_3D ( 'NONE', #2705, #1443, #1060 ) ;
#792 = LINE ( 'NONE', #591, #1159 ) ;
#793 = DIRECTION ( 'NONE',  ( 0.0000000000000000000, 0.0000000000000000000, 1.000000000000000000 ) ) ;
#794 = CARTESIAN_POINT ( 'NONE',  ( 1.000800000000000400, 2.049815000000001100, -2.899999999999999900 ) ) ;
#795 = ORIENTED_EDGE ( 'NONE', *, *, #80, .T. ) ;
#796 = LINE ( 'NONE', #2207, #2445 ) ;
#797 =( LENGTH_UNIT ( ) NAMED_UNIT ( * ) SI_UNIT ( .MILLI., .METRE. ) );
#798 = VECTOR ( 'NONE', #431, 1000.000000000000000 ) ;
#799 = DIRECTION ( 'NONE',  ( 1.000000000000000000, 0.0000000000000000000, 0.0000000000000000000 ) ) ;
#800 = LINE ( 'NONE', #358, #3810 ) ;
#801 =( NAMED_UNIT ( * ) SI_UNIT ( $, .STERADIAN. ) SOLID_ANGLE_UNIT ( ) );
#802 = FACE_OUTER_BOUND ( 'NONE', #740, .T. ) ;
#803 = CARTESIAN_POINT ( 'NONE',  ( 3.600000000000000100, 1.984935000000000600, -2.899999999999999900 ) ) ;
#804 = DIRECTION ( 'NONE',  ( -0.05375259206908397000, 0.0000000000000000000, 0.9985542843760947300 ) ) ;
#805 = ORIENTED_EDGE ( 'NONE', *, *, #1064, .F. ) ;
#806 = CARTESIAN_POINT ( 'NONE',  ( 3.599999999999999600, 0.0000000000000000000, -2.899999999999999900 ) ) ;
#807 = EDGE_CURVE ( 'NONE', #2377, #3575, #2450, .T. ) ;
#808 = FILL_AREA_STYLE ('',( #124 ) ) ;
#809 = VERTEX_POINT ( 'NONE', #2057 ) ;
#810 = CARTESIAN_POINT ( 'NONE',  ( 1.248636143970641300, 3.954990000000000400, -1.329939999999992600 ) ) ;
#811 = ORIENTED_EDGE ( 'NONE', *, *, #3169, .F. ) ;
#812 = CARTESIAN_POINT ( 'NONE',  ( 1.286288311410339400, 3.954990000000000400, -1.461305847026829200 ) ) ;
#813 = STYLED_ITEM ( 'NONE', ( #1992 ), #3510 ) ;
#814 = VERTEX_POINT ( 'NONE', #3391 ) ;
#815 = COLOUR_RGB ( '',0.7921568627450980000, 0.8196078431372548800, 0.9333333333333333500 ) ;
#816 = CARTESIAN_POINT ( 'NONE',  ( 1.805840744709148900, 3.954990000000000400, -1.399034426002697200 ) ) ;
#817 = DIRECTION ( 'NONE',  ( -0.0000000000000000000, -0.0000000000000000000, 1.000000000000000000 ) ) ;
#818 = UNCERTAINTY_MEASURE_WITH_UNIT (LENGTH_MEASURE( 1.000000000000000100E-005 ), #4143, 'distance_accuracy_value', 'NONE');
#819 = STYLED_ITEM ( 'NONE', ( #3209 ), #598 ) ;
#820 = ORIENTED_EDGE ( 'NONE', *, *, #1146, .F. ) ;
#821 = SURFACE_STYLE_FILL_AREA ( #3780 ) ;
#822 = CARTESIAN_POINT ( 'NONE',  ( 1.339018118375714400, 3.949990000000000600, -1.329939999999992600 ) ) ;
#823 =( NAMED_UNIT ( * ) PLANE_ANGLE_UNIT ( ) SI_UNIT ( $, .RADIAN. ) );
#824 = VECTOR ( 'NONE', #1290, 1000.000000000000000 ) ;
#825 = FACE_OUTER_BOUND ( 'NONE', #2880, .T. ) ;
#826 = ADVANCED_FACE ( 'NONE', ( #296 ), #1752, .F. ) ;
#827 = DIRECTION ( 'NONE',  ( -2.990902544787599100E-016, 0.0000000000000000000, -1.000000000000000000 ) ) ;
#828 = PLANE ( 'NONE',  #2569 ) ;
#829 = EDGE_CURVE ( 'NONE', #3501, #3535, #3595, .T. ) ;
#830 = ORIENTED_EDGE ( 'NONE', *, *, #3017, .F. ) ;
#831 = CARTESIAN_POINT ( 'NONE',  ( 5.561596286770208200E-016, 2.049815000000001100, -2.849999999999999600 ) ) ;
#832 = ORIENTED_EDGE ( 'NONE', *, *, #1127, .F. ) ;
#833 = VECTOR ( 'NONE', #1441, 999.9999999999998900 ) ;
#834 = DIRECTION ( 'NONE',  ( -2.990902544787598600E-016, -0.0000000000000000000, -1.000000000000000000 ) ) ;
#835 = ORIENTED_EDGE ( 'NONE', *, *, #680, .T. ) ;
#836 = LINE ( 'NONE', #1200, #1829 ) ;
#837 = CARTESIAN_POINT ( 'NONE',  ( 2.156572397128510500E-016, 1.984935000000000600, -2.899999999999999900 ) ) ;
#838 = EDGE_CURVE ( 'NONE', #3750, #635, #2995, .T. ) ;
#839 = LINE ( 'NONE', #658, #2548 ) ;
#840 =( GEOMETRIC_REPRESENTATION_CONTEXT ( 3 ) GLOBAL_UNCERTAINTY_ASSIGNED_CONTEXT ( ( #3690 ) ) GLOBAL_UNIT_ASSIGNED_CONTEXT ( ( #710, #2638, #672 ) ) REPRESENTATION_CONTEXT ( 'NONE', 'WORKASPACE' ) );
#841 = FILL_AREA_STYLE ('',( #3170 ) ) ;
#842 = ORIENTED_EDGE ( 'NONE', *, *, #3546, .F. ) ;
#843 = VECTOR ( 'NONE', #4238, 1000.000000000000000 ) ;
#844 = FACE_OUTER_BOUND ( 'NONE', #1857, .T. ) ;
#845 = MECHANICAL_DESIGN_GEOMETRIC_PRESENTATION_REPRESENTATION (  '', ( #819 ), #3173 ) ;
#846 = EDGE_LOOP ( 'NONE', ( #795, #3140, #2817, #2802 ) ) ;
#847 = PRESENTATION_LAYER_ASSIGNMENT (  '', '', ( #3032 ) ) ;
#848 = LINE ( 'NONE', #394, #1486 ) ;
#849 = SURFACE_SIDE_STYLE ('',( #3364 ) ) ;
#850 = DIRECTION ( 'NONE',  ( -1.000000000000000000, 0.0000000000000000000, 0.0000000000000000000 ) ) ;
#851 = SURFACE_STYLE_FILL_AREA ( #489 ) ;
#852 = CARTESIAN_POINT ( 'NONE',  ( 3.599999999999999600, 1.984935000000000600, -2.889999999999999200 ) ) ;
#853 = LINE ( 'NONE', #595, #4328 ) ;
#854 = PRESENTATION_STYLE_ASSIGNMENT (( #3621 ) ) ;
#855 = DIRECTION ( 'NONE',  ( 0.0000000000000000000, 0.0000000000000000000, -1.000000000000000000 ) ) ;
#856 = AXIS2_PLACEMENT_3D ( 'NONE', #3643, #1678, #1958 ) ;
#857 = CARTESIAN_POINT ( 'NONE',  ( 0.004341047483178784100, 3.954990000000000400, -0.07383945424683201200 ) ) ;
#858 = ADVANCED_FACE ( 'NONE', ( #1062 ), #2406, .T. ) ;
#859 = MANIFOLD_SOLID_BREP ( 'Mirror3', #494 ) ;
#860 = ORIENTED_EDGE ( 'NONE', *, *, #4113, .F. ) ;
#861 = CARTESIAN_POINT ( 'NONE',  ( 1.000799999999999900, 3.949990000000000600, -2.899999999999999900 ) ) ;
#862 = CARTESIAN_POINT ( 'NONE',  ( 2.039203301366334700, 3.954990000000000400, -1.375977706713143800 ) ) ;
#863 = VERTEX_POINT ( 'NONE', #1502 ) ;
#864 = LINE ( 'NONE', #356, #3008 ) ;
#865 = EDGE_CURVE ( 'NONE', #863, #2493, #2234, .T. ) ;
#866 = DIRECTION ( 'NONE',  ( -1.000000000000000000, -0.0000000000000000000, -0.0000000000000000000 ) ) ;
#867 = SURFACE_SIDE_STYLE ('',( #2639 ) ) ;
#868 = ORIENTED_EDGE ( 'NONE', *, *, #2261, .F. ) ;
#869 = LINE ( 'NONE', #3935, #2741 ) ;
#870 = DIRECTION ( 'NONE',  ( -0.6995643972270416700, 0.0000000000000000000, -0.7145695586381818300 ) ) ;
#871 = MECHANICAL_DESIGN_GEOMETRIC_PRESENTATION_REPRESENTATION (  '', ( #3438 ), #1268 ) ;
#872 = VECTOR ( 'NONE', #1025, 1000.000000000000000 ) ;
#873 = EDGE_LOOP ( 'NONE', ( #2956, #734, #3257, #2419 ) ) ;
#874 = ADVANCED_FACE ( 'NONE', ( #2717 ), #1824, .F. ) ;
#875 = ORIENTED_EDGE ( 'NONE', *, *, #2105, .T. ) ;
#876 = FILL_AREA_STYLE_COLOUR ( '', #510 ) ;
#877 = DIRECTION ( 'NONE',  ( 0.0000000000000000000, 0.0000000000000000000, -1.000000000000000000 ) ) ;
#878 = AXIS2_PLACEMENT_3D ( 'NONE', #981, #337, #1858 ) ;
#879 = DIRECTION ( 'NONE',  ( -0.0000000000000000000, -0.0000000000000000000, 1.000000000000000000 ) ) ;
#880 = CARTESIAN_POINT ( 'NONE',  ( 1.301042606982605300E-015, 1.984935000000000600, -0.01000000000000000000 ) ) ;
#881 = ORIENTED_EDGE ( 'NONE', *, *, #2671, .F. ) ;
#882 = SURFACE_STYLE_FILL_AREA ( #2881 ) ;
#883 = EDGE_LOOP ( 'NONE', ( #4148, #1652, #266, #947 ) ) ;
#884 = VERTEX_POINT ( 'NONE', #4170 ) ;
#885 = VECTOR ( 'NONE', #2996, 1000.000000000000000 ) ;
#886 = VERTEX_POINT ( 'NONE', #1459 ) ;
#887 = VECTOR ( 'NONE', #4090, 1000.000000000000100 ) ;
#888 = CARTESIAN_POINT ( 'NONE',  ( 2.026825454045993800, 3.954990000000000400, -1.571878146101223000 ) ) ;
#889 = EDGE_CURVE ( 'NONE', #1112, #4130, #848, .T. ) ;
#890 = CARTESIAN_POINT ( 'NONE',  ( 2.153090385945311000, 3.954990000000000400, -1.375977706713143800 ) ) ;
#891 = ADVANCED_FACE ( 'NONE', ( #3254 ), #504, .F. ) ;
#892 = ORIENTED_EDGE ( 'NONE', *, *, #2214, .F. ) ;
#893 = VECTOR ( 'NONE', #1538, 1000.000000000000000 ) ;
#894 = DIRECTION ( 'NONE',  ( 0.0000000000000000000, 0.0000000000000000000, 1.000000000000000000 ) ) ;
#895 = CARTESIAN_POINT ( 'NONE',  ( 0.8500000000000013100, -2.200129999999999700, -2.889999999999999200 ) ) ;
#896 = COLOUR_RGB ( '',0.8980392156862745400, 0.9215686274509803400, 0.9294117647058823800 ) ;
#897 = FILL_AREA_STYLE_COLOUR ( '', #2041 ) ;
#898 = ORIENTED_EDGE ( 'NONE', *, *, #557, .F. ) ;
#899 = CARTESIAN_POINT ( 'NONE',  ( 1.814536467754602100, 3.954990000000000400, -1.329939999999992400 ) ) ;
#900 = EDGE_CURVE ( 'NONE', #3650, #1510, #495, .T. ) ;
#901 = ADVANCED_FACE ( 'NONE', ( #361 ), #828, .T. ) ;
#902 = AXIS2_PLACEMENT_3D ( 'NONE', #1658, #2286, #493 ) ;
#903 = FILL_AREA_STYLE_COLOUR ( '', #815 ) ;
#904 = APPLICATION_PROTOCOL_DEFINITION ( 'draft international standard', 'automotive_design', 1998, #3542 ) ;
#905 = MECHANICAL_DESIGN_GEOMETRIC_PRESENTATION_REPRESENTATION (  '', ( #3381 ), #1713 ) ;
#906 = DIRECTION ( 'NONE',  ( 0.0000000000000000000, -1.000000000000000000, -0.0000000000000000000 ) ) ;
#907 = CARTESIAN_POINT ( 'NONE',  ( 1.814536467754602100, 3.949990000000000600, -1.329939999999992400 ) ) ;
#908 = VECTOR ( 'NONE', #1907, 1000.000000000000000 ) ;
#909 = CARTESIAN_POINT ( 'NONE',  ( 1.301042606982605300E-015, 3.899870000000000800, -0.01000000000000000000 ) ) ;
#910 = ORIENTED_EDGE ( 'NONE', *, *, #4027, .T. ) ;
#911 = FACE_OUTER_BOUND ( 'NONE', #2247, .T. ) ;
#912 = CARTESIAN_POINT ( 'NONE',  ( 2.056367210685903700, 3.954990000000000400, -1.436099941449500800 ) ) ;
#913 = CARTESIAN_POINT ( 'NONE',  ( 1.687980223147760500, 3.949990000000000600, -1.571878146101223200 ) ) ;
#914 = ORIENTED_EDGE ( 'NONE', *, *, #2446, .T. ) ;
#915 = VECTOR ( 'NONE', #3722, 1000.000000000000100 ) ;
#916 = EDGE_CURVE ( 'NONE', #2936, #251, #4059, .T. ) ;
#917 = ORIENTED_EDGE ( 'NONE', *, *, #2938, .T. ) ;
#918 = COLOUR_RGB ( '',0.8980392156862745400, 0.9215686274509803400, 0.9294117647058823800 ) ;
#919 = DIRECTION ( 'NONE',  ( 0.0000000000000000000, -0.0000000000000000000, -1.000000000000000000 ) ) ;
#920 = PLANE ( 'NONE',  #195 ) ;
#921 = EDGE_CURVE ( 'NONE', #1884, #3475, #3589, .T. ) ;
#922 = EDGE_LOOP ( 'NONE', ( #3601, #3740, #2069, #4107 ) ) ;
#923 = VECTOR ( 'NONE', #3238, 1000.000000000000000 ) ;
#924 =( NAMED_UNIT ( * ) PLANE_ANGLE_UNIT ( ) SI_UNIT ( $, .RADIAN. ) );
#925 = DIRECTION ( 'NONE',  ( 0.0000000000000000000, -1.000000000000000000, -0.0000000000000000000 ) ) ;
#926 = CARTESIAN_POINT ( 'NONE',  ( 2.749999999999999600, -2.200129999999999700, -2.889999999999999200 ) ) ;
#927 = ORIENTED_EDGE ( 'NONE', *, *, #1808, .F. ) ;
#928 = AXIS2_PLACEMENT_3D ( 'NONE', #753, #1148, #516 ) ;
#929 = PRESENTATION_STYLE_ASSIGNMENT (( #1034 ) ) ;
#930 = SURFACE_SIDE_STYLE ('',( #4179 ) ) ;
#931 = LINE ( 'NONE', #344, #3894 ) ;
#932 = SURFACE_STYLE_FILL_AREA ( #808 ) ;
#933 = ADVANCED_FACE ( 'NONE', ( #2282 ), #2453, .F. ) ;
#934 = CARTESIAN_POINT ( 'NONE',  ( 2.599200000000000600, 1.984935000000000600, -2.899999999999999900 ) ) ;
#935 = UNCERTAINTY_MEASURE_WITH_UNIT (LENGTH_MEASURE( 1.000000000000000100E-005 ), #4262, 'distance_accuracy_value', 'NONE');
#936 = DIRECTION ( 'NONE',  ( 0.0000000000000000000, -1.000000000000000000, -0.0000000000000000000 ) ) ;
#937 = CARTESIAN_POINT ( 'NONE',  ( 1.301042606982605300E-015, -2.300129999999999800, -0.01000000000000000000 ) ) ;
#938 =( GEOMETRIC_REPRESENTATION_CONTEXT ( 3 ) GLOBAL_UNCERTAINTY_ASSIGNED_CONTEXT ( ( #3749 ) ) GLOBAL_UNIT_ASSIGNED_CONTEXT ( ( #1211, #1180, #3539 ) ) REPRESENTATION_CONTEXT ( 'NONE', 'WORKASPACE' ) );
#939 = EDGE_LOOP ( 'NONE', ( #3612, #1904, #3981, #2118 ) ) ;
#940 = CARTESIAN_POINT ( 'NONE',  ( 0.004341047483178784100, 3.954990000000000400, -0.07383945424683201200 ) ) ;
#941 = ORIENTED_EDGE ( 'NONE', *, *, #1813, .T. ) ;
#942 = CARTESIAN_POINT ( 'NONE',  ( 0.8500000000000013100, -2.200129999999999700, -2.889999999999999200 ) ) ;
#943 = LINE ( 'NONE', #2431, #833 ) ;
#944 = CARTESIAN_POINT ( 'NONE',  ( 1.358180020911098800, 3.954990000000000400, -1.461305847026832100 ) ) ;
#945 = ORIENTED_EDGE ( 'NONE', *, *, #3813, .T. ) ;
#946 = COLOUR_RGB ( '',0.8980392156862745400, 0.9215686274509803400, 0.9294117647058823800 ) ;
#947 = ORIENTED_EDGE ( 'NONE', *, *, #1466, .T. ) ;
#948 = PRESENTATION_STYLE_ASSIGNMENT (( #4024 ) ) ;
#949 = EDGE_CURVE ( 'NONE', #1991, #589, #3699, .T. ) ;
#950 = LINE ( 'NONE', #317, #2713 ) ;
#951 = DIRECTION ( 'NONE',  ( 0.0000000000000000000, -1.000000000000000000, 0.0000000000000000000 ) ) ;
#952 = ORIENTED_EDGE ( 'NONE', *, *, #2466, .F. ) ;
#953 = VECTOR ( 'NONE', #727, 1000.000000000000000 ) ;
#954 = LINE ( 'NONE', #73, #2088 ) ;
#955 = FILL_AREA_STYLE ('',( #897 ) ) ;
#956 =( GEOMETRIC_REPRESENTATION_CONTEXT ( 3 ) GLOBAL_UNCERTAINTY_ASSIGNED_CONTEXT ( ( #1369 ) ) GLOBAL_UNIT_ASSIGNED_CONTEXT ( ( #2410, #3804, #2077 ) ) REPRESENTATION_CONTEXT ( 'NONE', 'WORKASPACE' ) );
#957 = ORIENTED_EDGE ( 'NONE', *, *, #3082, .F. ) ;
#958 =( GEOMETRIC_REPRESENTATION_CONTEXT ( 3 ) GLOBAL_UNCERTAINTY_ASSIGNED_CONTEXT ( ( #4268 ) ) GLOBAL_UNIT_ASSIGNED_CONTEXT ( ( #3083, #1455, #801 ) ) REPRESENTATION_CONTEXT ( 'NONE', 'WORKASPACE' ) );
#959 =( NAMED_UNIT ( * ) SI_UNIT ( $, .STERADIAN. ) SOLID_ANGLE_UNIT ( ) );
#960 = FACE_OUTER_BOUND ( 'NONE', #922, .T. ) ;
#961 = ADVANCED_FACE ( 'NONE', ( #4210 ), #457, .F. ) ;
#962 = VECTOR ( 'NONE', #203, 1000.000000000000000 ) ;
#963 = DIRECTION ( 'NONE',  ( -0.9611638845408939600, 0.0000000000000000000, -0.2759782365590792700 ) ) ;
#964 = ORIENTED_EDGE ( 'NONE', *, *, #975, .T. ) ;
#965 =( GEOMETRIC_REPRESENTATION_CONTEXT ( 3 ) GLOBAL_UNCERTAINTY_ASSIGNED_CONTEXT ( ( #3863 ) ) GLOBAL_UNIT_ASSIGNED_CONTEXT ( ( #3574, #3890, #241 ) ) REPRESENTATION_CONTEXT ( 'NONE', 'WORKASPACE' ) );
#966 = VERTEX_POINT ( 'NONE', #1793 ) ;
#967 = DIRECTION ( 'NONE',  ( -0.2762033010288931200, 0.0000000000000000000, 0.9610992334305250600 ) ) ;
#968 =( NAMED_UNIT ( * ) SI_UNIT ( $, .STERADIAN. ) SOLID_ANGLE_UNIT ( ) );
#969 = DIRECTION ( 'NONE',  ( 1.097929030185397200E-016, -1.000000000000000000, 0.0000000000000000000 ) ) ;
#970 = PLANE ( 'NONE',  #720 ) ;
#971 = ORIENTED_EDGE ( 'NONE', *, *, #339, .T. ) ;
#972 = PLANE ( 'NONE',  #2475 ) ;
#973 = DIRECTION ( 'NONE',  ( 1.000000000000000000, 1.356609324931812100E-016, -0.0000000000000000000 ) ) ;
#974 = EDGE_LOOP ( 'NONE', ( #2150, #3736, #1960, #2947 ) ) ;
#975 = EDGE_CURVE ( 'NONE', #1645, #662, #2392, .T. ) ;
#976 = CARTESIAN_POINT ( 'NONE',  ( 1.655419407344723500, 3.954990000000000400, -1.480826005341529900 ) ) ;
#977 = VECTOR ( 'NONE', #3730, 1000.000000000000100 ) ;
#978 = ORIENTED_EDGE ( 'NONE', *, *, #1367, .F. ) ;
#979 = SURFACE_STYLE_USAGE ( .BOTH. , #1905 ) ;
#980 = ADVANCED_FACE ( 'NONE', ( #1532 ), #3217, .F. ) ;
#981 = CARTESIAN_POINT ( 'NONE',  ( 2.172954087276028000, 3.954990000000000400, -1.480817913321492500 ) ) ;
#982 = DIRECTION ( 'NONE',  ( 0.0000000000000000000, 0.0000000000000000000, 1.000000000000000000 ) ) ;
#983 = EDGE_CURVE ( 'NONE', #767, #1603, #1578, .T. ) ;
#984 = MECHANICAL_DESIGN_GEOMETRIC_PRESENTATION_REPRESENTATION (  '', ( #3158 ), #1655 ) ;
#985 = FACE_OUTER_BOUND ( 'NONE', #530, .T. ) ;
#986 = ORIENTED_EDGE ( 'NONE', *, *, #838, .F. ) ;
#987 = VECTOR ( 'NONE', #1705, 1000.000000000000000 ) ;
#988 = DIRECTION ( 'NONE',  ( 0.0000000000000000000, -0.0000000000000000000, -1.000000000000000000 ) ) ;
#989 =( NAMED_UNIT ( * ) PLANE_ANGLE_UNIT ( ) SI_UNIT ( $, .RADIAN. ) );
#990 = DIRECTION ( 'NONE',  ( 1.000000000000000000, -0.0000000000000000000, -0.0000000000000000000 ) ) ;
#991 = CARTESIAN_POINT ( 'NONE',  ( 2.069127590038608600, 3.954990000000000400, -1.480817913321492500 ) ) ;
#992 = LINE ( 'NONE', #3934, #2584 ) ;
#993 = ORIENTED_EDGE ( 'NONE', *, *, #3920, .F. ) ;
#994 = PLANE ( 'NONE',  #3710 ) ;
#995 = VECTOR ( 'NONE', #2527, 1000.000000000000000 ) ;
#996 = SURFACE_STYLE_USAGE ( .BOTH. , #4028 ) ;
#997 = ORIENTED_EDGE ( 'NONE', *, *, #3201, .F. ) ;
#998 =( LENGTH_UNIT ( ) NAMED_UNIT ( * ) SI_UNIT ( .MILLI., .METRE. ) );
#999 = ORIENTED_EDGE ( 'NONE', *, *, #616, .T. ) ;
#1000 = MECHANICAL_DESIGN_GEOMETRIC_PRESENTATION_REPRESENTATION (  '', ( #3265 ), #938 ) ;
#1001 = FILL_AREA_STYLE ('',( #25 ) ) ;
#1002 = VERTEX_POINT ( 'NONE', #1220 ) ;
#1003 = DIRECTION ( 'NONE',  ( -0.9615825319869134600, 0.0000000000000000000, -0.2745159998572702100 ) ) ;
#1004 = SURFACE_STYLE_FILL_AREA ( #579 ) ;
#1005 = EDGE_CURVE ( 'NONE', #3200, #3836, #1370, .T. ) ;
#1006 = ORIENTED_EDGE ( 'NONE', *, *, #3169, .T. ) ;
#1007 = PLANE ( 'NONE',  #3481 ) ;
#1008 = LINE ( 'NONE', #2347, #94 ) ;
#1009 = FILL_AREA_STYLE ('',( #1330 ) ) ;
#1010 = ADVANCED_FACE ( 'NONE', ( #1781 ), #3205, .F. ) ;
#1011 = VERTEX_POINT ( 'NONE', #3603 ) ;
#1012 = EDGE_CURVE ( 'NONE', #1615, #780, #239, .T. ) ;
#1013 = DIRECTION ( 'NONE',  ( 0.0000000000000000000, 0.0000000000000000000, 1.000000000000000000 ) ) ;
#1014 = FACE_OUTER_BOUND ( 'NONE', #586, .T. ) ;
#1015 = CARTESIAN_POINT ( 'NONE',  ( 1.538816346715014400, 3.954990000000000400, -1.436099941449988000 ) ) ;
#1016 = UNCERTAINTY_MEASURE_WITH_UNIT (LENGTH_MEASURE( 1.000000000000000100E-005 ), #270, 'distance_accuracy_value', 'NONE');
#1017 = FACE_OUTER_BOUND ( 'NONE', #1504, .T. ) ;
#1018 = DIRECTION ( 'NONE',  ( 0.0000000000000000000, -1.000000000000000000, -0.0000000000000000000 ) ) ;
#1019 = VECTOR ( 'NONE', #608, 1000.000000000000000 ) ;
#1020 = PRESENTATION_LAYER_ASSIGNMENT (  '', '', ( #633 ) ) ;
#1021 = ORIENTED_EDGE ( 'NONE', *, *, #1460, .F. ) ;
#1022 = VECTOR ( 'NONE', #3499, 999.9999999999998900 ) ;
#1023 = SURFACE_STYLE_USAGE ( .BOTH. , #3705 ) ;
#1024 = CARTESIAN_POINT ( 'NONE',  ( 2.193091445998574400, 3.954990000000000400, -1.525506459667375300 ) ) ;
#1025 = DIRECTION ( 'NONE',  ( -0.0000000000000000000, -1.000000000000000000, -0.0000000000000000000 ) ) ;
#1026 = EDGE_LOOP ( 'NONE', ( #2634, #4049, #2848, #1316 ) ) ;
#1027 = LINE ( 'NONE', #1776, #4131 ) ;
#1028 = PRESENTATION_LAYER_ASSIGNMENT (  '', '', ( #2117 ) ) ;
#1029 = DIRECTION ( 'NONE',  ( 0.0000000000000000000, -1.000000000000000000, -0.0000000000000000000 ) ) ;
#1030 = CARTESIAN_POINT ( 'NONE',  ( 2.599199999999999300, 3.949990000000000600, -2.899999999999999900 ) ) ;
#1031 = ORIENTED_EDGE ( 'NONE', *, *, #921, .T. ) ;
#1032 = PRESENTATION_STYLE_ASSIGNMENT (( #3997 ) ) ;
#1033 = SURFACE_SIDE_STYLE ('',( #600 ) ) ;
#1034 = SURFACE_STYLE_USAGE ( .BOTH. , #714 ) ;
#1035 = VERTEX_POINT ( 'NONE', #3877 ) ;
#1036 = LINE ( 'NONE', #207, #3983 ) ;
#1037 = FILL_AREA_STYLE_COLOUR ( '', #1613 ) ;
#1038 = VECTOR ( 'NONE', #2416, 1000.000000000000000 ) ;
#1039 = EDGE_CURVE ( 'NONE', #2225, #2377, #4263, .T. ) ;
#1040 = VECTOR ( 'NONE', #3446, 1000.000000000000000 ) ;
#1041 = DIRECTION ( 'NONE',  ( 0.0000000000000000000, 6.994852725712931500E-017, -1.000000000000000000 ) ) ;
#1042 = CARTESIAN_POINT ( 'NONE',  ( 1.750037921662936000, 3.949990000000000600, -1.329939999999992400 ) ) ;
#1043 = EDGE_CURVE ( 'NONE', #3762, #3452, #796, .T. ) ;
#1044 = LINE ( 'NONE', #2501, #3291 ) ;
#1045 = DIRECTION ( 'NONE',  ( 0.0000000000000000000, 0.0000000000000000000, -1.000000000000000000 ) ) ;
#1046 = FACE_OUTER_BOUND ( 'NONE', #1753, .T. ) ;
#1047 = DIRECTION ( 'NONE',  ( -1.000000000000000000, 0.0000000000000000000, 0.0000000000000000000 ) ) ;
#1048 = CARTESIAN_POINT ( 'NONE',  ( 1.655419407344723500, 3.949990000000000600, -1.480826005341529900 ) ) ;
#1049 = ORIENTED_EDGE ( 'NONE', *, *, #1808, .T. ) ;
#1050 = VERTEX_POINT ( 'NONE', #2153 ) ;
#1051 = CARTESIAN_POINT ( 'NONE',  ( 0.0000000000000000000, 0.04988000000000000100, -2.849999999999999600 ) ) ;
#1052 = STYLED_ITEM ( 'NONE', ( #198 ), #553 ) ;
#1053 = VERTEX_POINT ( 'NONE', #2496 ) ;
#1054 = VECTOR ( 'NONE', #2278, 1000.000000000000000 ) ;
#1055 = FACE_OUTER_BOUND ( 'NONE', #2162, .T. ) ;
#1056 = CARTESIAN_POINT ( 'NONE',  ( 1.412631956786021500, 3.954990000000000400, -1.329939999999992600 ) ) ;
#1057 = CARTESIAN_POINT ( 'NONE',  ( 1.000799999999999900, 3.999870000000000900, -2.899999999999999900 ) ) ;
#1058 = ORIENTED_EDGE ( 'NONE', *, *, #3835, .T. ) ;
#1059 = CARTESIAN_POINT ( 'NONE',  ( 1.997677999066031200, 3.954990000000000400, -1.571878146101223000 ) ) ;
#1060 = DIRECTION ( 'NONE',  ( 1.000000000000000000, 0.0000000000000000000, 0.0000000000000000000 ) ) ;
#1061 = ORIENTED_EDGE ( 'NONE', *, *, #1764, .T. ) ;
#1062 = FACE_OUTER_BOUND ( 'NONE', #1158, .T. ) ;
#1063 = CARTESIAN_POINT ( 'NONE',  ( 1.301042606982605300E-015, 2.014935000000000400, -2.889999999999999200 ) ) ;
#1064 = EDGE_CURVE ( 'NONE', #370, #3900, #698, .T. ) ;
#1065 = ORIENTED_EDGE ( 'NONE', *, *, #2154, .T. ) ;
#1066 = SURFACE_STYLE_FILL_AREA ( #2677 ) ;
#1067 = CARTESIAN_POINT ( 'NONE',  ( 3.699999999999999300, -2.300129999999999800, -2.889999999999999700 ) ) ;
#1068 = EDGE_CURVE ( 'NONE', #3805, #3165, #3744, .T. ) ;
#1069 = CARTESIAN_POINT ( 'NONE',  ( 1.928789900132378500, 3.949990000000000600, -1.546368421967922300 ) ) ;
#1070 = FACE_OUTER_BOUND ( 'NONE', #4288, .T. ) ;
#1071 = DIRECTION ( 'NONE',  ( -1.000000000000000000, 0.0000000000000000000, 0.0000000000000000000 ) ) ;
#1072 =( GEOMETRIC_REPRESENTATION_CONTEXT ( 3 ) GLOBAL_UNCERTAINTY_ASSIGNED_CONTEXT ( ( #2575 ) ) GLOBAL_UNIT_ASSIGNED_CONTEXT ( ( #1239, #4274, #3266 ) ) REPRESENTATION_CONTEXT ( 'NONE', 'WORKASPACE' ) );
#1073 = ORIENTED_EDGE ( 'NONE', *, *, #2730, .T. ) ;
#1074 = FACE_OUTER_BOUND ( 'NONE', #4312, .T. ) ;
#1075 = STYLED_ITEM ( 'NONE', ( #3856 ), #3951 ) ;
#1076 = CARTESIAN_POINT ( 'NONE',  ( 1.700266115699353000, 3.954990000000000400, -1.329939999999992400 ) ) ;
#1077 = FILL_AREA_STYLE_COLOUR ( '', #2689 ) ;
#1078 = CARTESIAN_POINT ( 'NONE',  ( 3.600000000000000100, 2.014935000000000400, -2.899999999999999900 ) ) ;
#1079 = ORIENTED_EDGE ( 'NONE', *, *, #249, .T. ) ;
#1080 = PRESENTATION_LAYER_ASSIGNMENT (  '', '', ( #3011 ) ) ;
#1081 =( GEOMETRIC_REPRESENTATION_CONTEXT ( 3 ) GLOBAL_UNCERTAINTY_ASSIGNED_CONTEXT ( ( #3413 ) ) GLOBAL_UNIT_ASSIGNED_CONTEXT ( ( #797, #1493, #4188 ) ) REPRESENTATION_CONTEXT ( 'NONE', 'WORKASPACE' ) );
#1082 = ORIENTED_EDGE ( 'NONE', *, *, #299, .F. ) ;
#1083 =( NAMED_UNIT ( * ) PLANE_ANGLE_UNIT ( ) SI_UNIT ( $, .RADIAN. ) );
#1084 = LINE ( 'NONE', #29, #677 ) ;
#1085 = FILL_AREA_STYLE_COLOUR ( '', #946 ) ;
#1086 = ORIENTED_EDGE ( 'NONE', *, *, #3775, .F. ) ;
#1087 = DIRECTION ( 'NONE',  ( 0.0000000000000000000, -1.000000000000000000, -0.0000000000000000000 ) ) ;
#1088 =( LENGTH_UNIT ( ) NAMED_UNIT ( * ) SI_UNIT ( .MILLI., .METRE. ) );
#1089 = ORIENTED_EDGE ( 'NONE', *, *, #1975, .T. ) ;
#1090 = VECTOR ( 'NONE', #1401, 1000.000000000000000 ) ;
#1091 = DIRECTION ( 'NONE',  ( -0.0000000000000000000, -0.0000000000000000000, 1.000000000000000000 ) ) ;
#1092 = CARTESIAN_POINT ( 'NONE',  ( 0.0000000000000000000, 0.0000000000000000000, -2.849999999999999600 ) ) ;
#1093 = EDGE_CURVE ( 'NONE', #2167, #1112, #1218, .T. ) ;
#1094 = CARTESIAN_POINT ( 'NONE',  ( 1.712112097025641400, 3.954990000000000400, -1.571878146101223200 ) ) ;
#1095 = VECTOR ( 'NONE', #4291, 1000.000000000000000 ) ;
#1096 = DIRECTION ( 'NONE',  ( 0.0000000000000000000, -0.0000000000000000000, -1.000000000000000000 ) ) ;
#1097 = ORIENTED_EDGE ( 'NONE', *, *, #703, .T. ) ;
#1098 = LINE ( 'NONE', #2337, #2758 ) ;
#1099 = EDGE_CURVE ( 'NONE', #1312, #1322, #2656, .T. ) ;
#1100 = AXIS2_PLACEMENT_3D ( 'NONE', #1438, #127, #2447 ) ;
#1101 = FILL_AREA_STYLE_COLOUR ( '', #2076 ) ;
#1102 = CARTESIAN_POINT ( 'NONE',  ( -0.09999999999999870100, -2.300129999999999800, -0.01000000000000000000 ) ) ;
#1103 = ORIENTED_EDGE ( 'NONE', *, *, #3282, .T. ) ;
#1104 = VECTOR ( 'NONE', #3985, 1000.000000000000000 ) ;
#1105 = VERTEX_POINT ( 'NONE', #225 ) ;
#1106 = CARTESIAN_POINT ( 'NONE',  ( 0.0000000000000000000, 3.999870000000000900, 0.0000000000000000000 ) ) ;
#1107 = VERTEX_POINT ( 'NONE', #2842 ) ;
#1108 = DIRECTION ( 'NONE',  ( 1.000000000000000000, 0.0000000000000000000, 0.0000000000000000000 ) ) ;
#1109 = MECHANICAL_DESIGN_GEOMETRIC_PRESENTATION_REPRESENTATION (  '', ( #3068 ), #3445 ) ;
#1110 = DIRECTION ( 'NONE',  ( -0.0000000000000000000, -0.0000000000000000000, 1.000000000000000000 ) ) ;
#1111 = CARTESIAN_POINT ( 'NONE',  ( 0.07500000000000128800, -2.200129999999999700, -2.889999999999999200 ) ) ;
#1112 = VERTEX_POINT ( 'NONE', #1201 ) ;
#1113 = COLOUR_RGB ( '',0.8980392156862745400, 0.9215686274509803400, 0.9294117647058823800 ) ;
#1114 = SURFACE_STYLE_USAGE ( .BOTH. , #1128 ) ;
#1115 = LINE ( 'NONE', #1711, #2232 ) ;
#1116 = LINE ( 'NONE', #3013, #1326 ) ;
#1117 = DIRECTION ( 'NONE',  ( -1.000000000000000000, 0.0000000000000000000, 0.0000000000000000000 ) ) ;
#1118 = CARTESIAN_POINT ( 'NONE',  ( 2.140026923674777800, 3.954990000000000400, -1.329939999999992400 ) ) ;
#1119 = FACE_OUTER_BOUND ( 'NONE', #2293, .T. ) ;
#1120 = SURFACE_STYLE_USAGE ( .BOTH. , #4134 ) ;
#1121 = LINE ( 'NONE', #2186, #3871 ) ;
#1122 = EDGE_CURVE ( 'NONE', #2645, #2986, #1725, .T. ) ;
#1123 = DIRECTION ( 'NONE',  ( -0.9601763114327921400, 0.0000000000000000000, -0.2793947940877174500 ) ) ;
#1124 = SURFACE_SIDE_STYLE ('',( #3134 ) ) ;
#1125 = CARTESIAN_POINT ( 'NONE',  ( 3.699999999999999300, -2.300129999999999800, -2.889999999999999700 ) ) ;
#1126 = ORIENTED_EDGE ( 'NONE', *, *, #1949, .T. ) ;
#1127 = EDGE_CURVE ( 'NONE', #1112, #3650, #2178, .T. ) ;
#1128 = SURFACE_SIDE_STYLE ('',( #1450 ) ) ;
#1129 = STYLED_ITEM ( 'NONE', ( #3830 ), #2502 ) ;
#1130 = ORIENTED_EDGE ( 'NONE', *, *, #1619, .F. ) ;
#1131 = LINE ( 'NONE', #60, #513 ) ;
#1132 = DIRECTION ( 'NONE',  ( 0.0000000000000000000, 0.0000000000000000000, -1.000000000000000000 ) ) ;
#1133 = DIRECTION ( 'NONE',  ( -1.000000000000000000, 0.0000000000000000000, -1.071655233474686300E-013 ) ) ;
#1134 = CARTESIAN_POINT ( 'NONE',  ( 0.0000000000000000000, 0.0000000000000000000, -2.899999999999999900 ) ) ;
#1135 = EDGE_LOOP ( 'NONE', ( #1082, #1827, #2727, #1825 ) ) ;
#1136 = CARTESIAN_POINT ( 'NONE',  ( 2.266643490804188600, 3.949990000000000600, -1.525164387927532300 ) ) ;
#1137 = DIRECTION ( 'NONE',  ( 1.000000000000000000, 0.0000000000000000000, -0.0000000000000000000 ) ) ;
#1138 = ORIENTED_EDGE ( 'NONE', *, *, #2971, .F. ) ;
#1139 = CARTESIAN_POINT ( 'NONE',  ( 3.524999999999999500, -2.200129999999999700, -0.01000000000000000000 ) ) ;
#1140 = AXIS2_PLACEMENT_3D ( 'NONE', #4011, #3655, #669 ) ;
#1141 = CARTESIAN_POINT ( 'NONE',  ( 1.551576726068013300, 3.954990000000000400, -1.480826005341529900 ) ) ;
#1142 = CARTESIAN_POINT ( 'NONE',  ( 2.401786734180402700, 3.949990000000000600, -1.525159129200319500 ) ) ;
#1143 = LINE ( 'NONE', #758, #3673 ) ;
#1144 =( NAMED_UNIT ( * ) PLANE_ANGLE_UNIT ( ) SI_UNIT ( $, .RADIAN. ) );
#1145 = COLOUR_RGB ( '',0.8980392156862745400, 0.9215686274509803400, 0.9294117647058823800 ) ;
#1146 = EDGE_CURVE ( 'NONE', #2968, #2233, #3855, .T. ) ;
#1147 = SURFACE_SIDE_STYLE ('',( #3918 ) ) ;
#1148 = DIRECTION ( 'NONE',  ( -1.000000000000000000, 0.0000000000000000000, 0.0000000000000000000 ) ) ;
#1149 = FACE_OUTER_BOUND ( 'NONE', #1219, .T. ) ;
#1150 = CARTESIAN_POINT ( 'NONE',  ( 1.000800000000000100, 2.014935000000000400, -2.899999999999999900 ) ) ;
#1151 = SURFACE_STYLE_USAGE ( .BOTH. , #2794 ) ;
#1152 = EDGE_CURVE ( 'NONE', #1645, #4178, #3905, .T. ) ;
#1153 = FILL_AREA_STYLE ('',( #479 ) ) ;
#1154 = EDGE_LOOP ( 'NONE', ( #3879, #1509, #2710, #3098, #742, #1126 ) ) ;
#1155 = PRESENTATION_STYLE_ASSIGNMENT (( #1151 ) ) ;
#1156 = ORIENTED_EDGE ( 'NONE', *, *, #2637, .F. ) ;
#1157 = DIRECTION ( 'NONE',  ( 1.000000000000000000, 0.0000000000000000000, 0.0000000000000000000 ) ) ;
#1158 = EDGE_LOOP ( 'NONE', ( #892, #971, #3052, #4239 ) ) ;
#1159 = VECTOR ( 'NONE', #1947, 1000.000000000000000 ) ;
#1160 = DIRECTION ( 'NONE',  ( 0.0000000000000000000, 0.0000000000000000000, 1.000000000000000000 ) ) ;
#1161 = DIRECTION ( 'NONE',  ( -0.2762517575166151300, 0.0000000000000000000, 0.9610853065513910200 ) ) ;
#1162 = ORIENTED_EDGE ( 'NONE', *, *, #616, .F. ) ;
#1163 = FACE_OUTER_BOUND ( 'NONE', #3789, .T. ) ;
#1164 = LINE ( 'NONE', #3263, #1834 ) ;
#1165 = ORIENTED_EDGE ( 'NONE', *, *, #3114, .T. ) ;
#1166 = MECHANICAL_DESIGN_GEOMETRIC_PRESENTATION_REPRESENTATION (  '', ( #1225 ), #3483 ) ;
#1167 = CARTESIAN_POINT ( 'NONE',  ( 2.156572397128510500E-016, 1.984935000000000600, -2.899999999999999900 ) ) ;
#1168 = ADVANCED_FACE ( 'NONE', ( #4317 ), #4290, .F. ) ;
#1169 = SURFACE_STYLE_USAGE ( .BOTH. , #4189 ) ;
#1170 = LINE ( 'NONE', #2952, #2887 ) ;
#1171 =( NAMED_UNIT ( * ) SI_UNIT ( $, .STERADIAN. ) SOLID_ANGLE_UNIT ( ) );
#1172 = CARTESIAN_POINT ( 'NONE',  ( 1.286288311410339400, 3.954990000000000400, -1.461305847026829200 ) ) ;
#1173 = SURFACE_SIDE_STYLE ('',( #2790 ) ) ;
#1174 = VERTEX_POINT ( 'NONE', #3608 ) ;
#1175 = DIRECTION ( 'NONE',  ( 1.000000000000000000, -0.0000000000000000000, 0.0000000000000000000 ) ) ;
#1176 = EDGE_CURVE ( 'NONE', #1774, #1740, #2877, .T. ) ;
#1177 = DIRECTION ( 'NONE',  ( -1.000000000000000000, -0.0000000000000000000, 0.0000000000000000000 ) ) ;
#1178 = ORIENTED_EDGE ( 'NONE', *, *, #391, .T. ) ;
#1179 = FACE_OUTER_BOUND ( 'NONE', #1909, .T. ) ;
#1180 =( NAMED_UNIT ( * ) PLANE_ANGLE_UNIT ( ) SI_UNIT ( $, .RADIAN. ) );
#1181 = CARTESIAN_POINT ( 'NONE',  ( 2.156572397128510500E-016, 2.014935000000000400, -2.899999999999999900 ) ) ;
#1182 = UNCERTAINTY_MEASURE_WITH_UNIT (LENGTH_MEASURE( 1.000000000000000100E-005 ), #3188, 'distance_accuracy_value', 'NONE');
#1183 = VERTEX_POINT ( 'NONE', #3738 ) ;
#1184 = PRESENTATION_LAYER_ASSIGNMENT (  '', '', ( #4061 ) ) ;
#1185 = ADVANCED_FACE ( 'NONE', ( #3045 ), #4121, .F. ) ;
#1186 = ORIENTED_EDGE ( 'NONE', *, *, #4140, .F. ) ;
#1187 = VECTOR ( 'NONE', #345, 1000.000000000000000 ) ;
#1188 = DIRECTION ( 'NONE',  ( -0.0000000000000000000, 1.000000000000000000, 0.0000000000000000000 ) ) ;
#1189 = SURFACE_SIDE_STYLE ('',( #651 ) ) ;
#1190 = DIRECTION ( 'NONE',  ( -0.05596501978068264800, 0.0000000000000000000, 0.9984327301130245800 ) ) ;
#1191 = LINE ( 'NONE', #2959, #770 ) ;
#1192 = ORIENTED_EDGE ( 'NONE', *, *, #4027, .F. ) ;
#1193 = LINE ( 'NONE', #1125, #3930 ) ;
#1194 = DIRECTION ( 'NONE',  ( -0.9610674221107073900, 0.0000000000000000000, -0.2763139702539113600 ) ) ;
#1195 = DIRECTION ( 'NONE',  ( 1.000000000000000000, 0.0000000000000000000, 0.0000000000000000000 ) ) ;
#1196 = DIRECTION ( 'NONE',  ( 0.0000000000000000000, -1.000000000000000000, -0.0000000000000000000 ) ) ;
#1197 = VECTOR ( 'NONE', #2308, 1000.000000000000000 ) ;
#1198 = SURFACE_STYLE_USAGE ( .BOTH. , #3528 ) ;
#1199 = LINE ( 'NONE', #1867, #3732 ) ;
#1200 = CARTESIAN_POINT ( 'NONE',  ( 1.318256938696120700, 3.954990000000000400, -1.571878146101223500 ) ) ;
#1201 = CARTESIAN_POINT ( 'NONE',  ( 1.521683334197357700, 3.954990000000000400, -1.375968879055943700 ) ) ;
#1202 = EDGE_CURVE ( 'NONE', #966, #1884, #744, .T. ) ;
#1203 = ORIENTED_EDGE ( 'NONE', *, *, #3053, .F. ) ;
#1204 = DIRECTION ( 'NONE',  ( 1.000000000000000000, 0.0000000000000000000, -0.0000000000000000000 ) ) ;
#1205 = VECTOR ( 'NONE', #1898, 1000.000000000000000 ) ;
#1206 = LINE ( 'NONE', #1559, #995 ) ;
#1207 = VERTEX_POINT ( 'NONE', #3424 ) ;
#1208 = LINE ( 'NONE', #861, #3627 ) ;
#1209 = CARTESIAN_POINT ( 'NONE',  ( 1.339018118375714400, 3.954990000000000400, -1.329939999999992600 ) ) ;
#1210 = VERTEX_POINT ( 'NONE', #1414 ) ;
#1211 =( LENGTH_UNIT ( ) NAMED_UNIT ( * ) SI_UNIT ( .MILLI., .METRE. ) );
#1212 = EDGE_CURVE ( 'NONE', #1359, #3762, #4208, .T. ) ;
#1213 = LINE ( 'NONE', #3101, #3361 ) ;
#1214 = ADVANCED_FACE ( 'NONE', ( #1163 ), #3454, .F. ) ;
#1215 = AXIS2_PLACEMENT_3D ( 'NONE', #2883, #870, #1216 ) ;
#1216 = DIRECTION ( 'NONE',  ( -0.7145695586381818300, 0.0000000000000000000, 0.6995643972270416700 ) ) ;
#1217 = ORIENTED_EDGE ( 'NONE', *, *, #2321, .F. ) ;
#1218 = LINE ( 'NONE', #212, #2712 ) ;
#1219 = EDGE_LOOP ( 'NONE', ( #2229, #2595, #4115, #3883 ) ) ;
#1220 = CARTESIAN_POINT ( 'NONE',  ( 1.301042606982605300E-015, 2.014935000000000400, -0.01000000000000000000 ) ) ;
#1221 = VECTOR ( 'NONE', #2043, 1000.000000000000000 ) ;
#1222 = VECTOR ( 'NONE', #1087, 1000.000000000000000 ) ;
#1223 = CARTESIAN_POINT ( 'NONE',  ( 1.928118998139454000, 3.954990000000000400, -1.329939999999992400 ) ) ;
#1224 = MECHANICAL_DESIGN_GEOMETRIC_PRESENTATION_REPRESENTATION (  '', ( #643 ), #1669 ) ;
#1225 = STYLED_ITEM ( 'NONE', ( #30 ), #1614 ) ;
#1226 = DIRECTION ( 'NONE',  ( 1.000000000000000000, -0.0000000000000000000, -0.0000000000000000000 ) ) ;
#1227 = VECTOR ( 'NONE', #3166, 1000.000000000000100 ) ;
#1228 = ADVANCED_FACE ( 'NONE', ( #3090 ), #160, .T. ) ;
#1229 = EDGE_CURVE ( 'NONE', #4207, #2218, #396, .T. ) ;
#1230 = ORIENTED_EDGE ( 'NONE', *, *, #35, .F. ) ;
#1231 = LINE ( 'NONE', #2435, #1746 ) ;
#1232 = ADVANCED_FACE ( 'NONE', ( #2330 ), #2452, .F. ) ;
#1233 = CARTESIAN_POINT ( 'NONE',  ( 1.339018118375714400, 3.954990000000000400, -1.329939999999992600 ) ) ;
#1234 =( NAMED_UNIT ( * ) SI_UNIT ( $, .STERADIAN. ) SOLID_ANGLE_UNIT ( ) );
#1235 = VERTEX_POINT ( 'NONE', #1792 ) ;
#1236 = CARTESIAN_POINT ( 'NONE',  ( 2.156572397128510500E-016, 2.014935000000000400, -2.899999999999999900 ) ) ;
#1237 = VECTOR ( 'NONE', #1343, 1000.000000000000100 ) ;
#1238 = EDGE_CURVE ( 'NONE', #485, #162, #4000, .T. ) ;
#1239 =( LENGTH_UNIT ( ) NAMED_UNIT ( * ) SI_UNIT ( .MILLI., .METRE. ) );
#1240 = CARTESIAN_POINT ( 'NONE',  ( 2.153090385945311000, 3.949990000000000600, -1.375977706713143800 ) ) ;
#1241 = ORIENTED_EDGE ( 'NONE', *, *, #4218, .F. ) ;
#1242 = AXIS2_PLACEMENT_3D ( 'NONE', #1349, #3001, #3378 ) ;
#1243 = AXIS2_PLACEMENT_3D ( 'NONE', #1285, #2622, #3680 ) ;
#1244 = ORIENTED_EDGE ( 'NONE', *, *, #785, .F. ) ;
#1245 = FACE_OUTER_BOUND ( 'NONE', #3239, .T. ) ;
#1246 = ADVANCED_FACE ( 'NONE', ( #1480, #1364 ), #1458, .F. ) ;
#1247 = CARTESIAN_POINT ( 'NONE',  ( 1.288682813782766800, 3.954990000000000400, -1.468706366818483000 ) ) ;
#1248 = FILL_AREA_STYLE_COLOUR ( '', #3160 ) ;
#1249 = PRESENTATION_LAYER_ASSIGNMENT (  '', '', ( #2658 ) ) ;
#1250 = SURFACE_STYLE_FILL_AREA ( #1686 ) ;
#1251 = SURFACE_STYLE_USAGE ( .BOTH. , #2554 ) ;
#1252 = CARTESIAN_POINT ( 'NONE',  ( 1.000800000000000400, 1.950055000000000300, -0.05000000000000012800 ) ) ;
#1253 = ADVANCED_FACE ( 'NONE', ( #4202 ), #1837, .F. ) ;
#1254 = SURFACE_STYLE_USAGE ( .BOTH. , #265 ) ;
#1255 = VECTOR ( 'NONE', #2668, 1000.000000000000000 ) ;
#1256 = VERTEX_POINT ( 'NONE', #503 ) ;
#1257 = VECTOR ( 'NONE', #20, 1000.000000000000000 ) ;
#1258 = ORIENTED_EDGE ( 'NONE', *, *, #1922, .F. ) ;
#1259 = CIRCLE ( 'NONE', #3065, 0.07499999999999998300 ) ;
#1260 = EDGE_CURVE ( 'NONE', #3247, #886, #2028, .T. ) ;
#1261 = ORIENTED_EDGE ( 'NONE', *, *, #4084, .T. ) ;
#1262 = UNCERTAINTY_MEASURE_WITH_UNIT (LENGTH_MEASURE( 1.000000000000000100E-005 ), #3335, 'distance_accuracy_value', 'NONE');
#1263 = LINE ( 'NONE', #254, #1973 ) ;
#1264 = CARTESIAN_POINT ( 'NONE',  ( 1.000800000000000100, 1.984935000000000600, -2.899999999999999900 ) ) ;
#1265 = FILL_AREA_STYLE ('',( #2984 ) ) ;
#1266 = VERTEX_POINT ( 'NONE', #534 ) ;
#1267 = EDGE_CURVE ( 'NONE', #2051, #3200, #641, .T. ) ;
#1268 =( GEOMETRIC_REPRESENTATION_CONTEXT ( 3 ) GLOBAL_UNCERTAINTY_ASSIGNED_CONTEXT ( ( #1016 ) ) GLOBAL_UNIT_ASSIGNED_CONTEXT ( ( #270, #3563, #1234 ) ) REPRESENTATION_CONTEXT ( 'NONE', 'WORKASPACE' ) );
#1269 = DIRECTION ( 'NONE',  ( 0.0000000000000000000, 1.000000000000000000, 6.994852725712931500E-017 ) ) ;
#1270 = ORIENTED_EDGE ( 'NONE', *, *, #3022, .T. ) ;
#1271 = VECTOR ( 'NONE', #3769, 1000.000000000000000 ) ;
#1272 =( GEOMETRIC_REPRESENTATION_CONTEXT ( 3 ) GLOBAL_UNCERTAINTY_ASSIGNED_CONTEXT ( ( #4250 ) ) GLOBAL_UNIT_ASSIGNED_CONTEXT ( ( #1289, #2228, #3280 ) ) REPRESENTATION_CONTEXT ( 'NONE', 'WORKASPACE' ) );
#1273 =( NAMED_UNIT ( * ) SI_UNIT ( $, .STERADIAN. ) SOLID_ANGLE_UNIT ( ) );
#1274 = CARTESIAN_POINT ( 'NONE',  ( 1.815144993985856200, 3.949990000000000600, -1.571878146101223200 ) ) ;
#1275 = CARTESIAN_POINT ( 'NONE',  ( 2.415212971804997700, 3.954990000000000400, -1.571878146101223000 ) ) ;
#1276 = DIRECTION ( 'NONE',  ( -2.990902544787598600E-016, 0.0000000000000000000, -1.000000000000000000 ) ) ;
#1277 = VECTOR ( 'NONE', #1567, 1000.000000000000000 ) ;
#1278 = VERTEX_POINT ( 'NONE', #2495 ) ;
#1279 = ORIENTED_EDGE ( 'NONE', *, *, #1280, .T. ) ;
#1280 = EDGE_CURVE ( 'NONE', #782, #3357, #836, .T. ) ;
#1281 = ORIENTED_EDGE ( 'NONE', *, *, #2847, .T. ) ;
#1282 =( NAMED_UNIT ( * ) PLANE_ANGLE_UNIT ( ) SI_UNIT ( $, .RADIAN. ) );
#1283 = ADVANCED_FACE ( 'NONE', ( #2930 ), #3968, .F. ) ;
#1284 = SURFACE_SIDE_STYLE ('',( #442 ) ) ;
#1285 = CARTESIAN_POINT ( 'NONE',  ( -0.02499999999999871100, -2.225129999999999600, -0.01000000000000000000 ) ) ;
#1286 = EDGE_CURVE ( 'NONE', #3900, #2690, #4313, .T. ) ;
#1287 = ORIENTED_EDGE ( 'NONE', *, *, #2208, .F. ) ;
#1288 = MECHANICAL_DESIGN_GEOMETRIC_PRESENTATION_REPRESENTATION (  '', ( #1129 ), #3084 ) ;
#1289 =( LENGTH_UNIT ( ) NAMED_UNIT ( * ) SI_UNIT ( .MILLI., .METRE. ) );
#1290 = DIRECTION ( 'NONE',  ( -1.000000000000000000, -0.0000000000000000000, -0.0000000000000000000 ) ) ;
#1291 =( NAMED_UNIT ( * ) SI_UNIT ( $, .STERADIAN. ) SOLID_ANGLE_UNIT ( ) );
#1292 = VERTEX_POINT ( 'NONE', #1932 ) ;
#1293 = VECTOR ( 'NONE', #3199, 1000.000000000000000 ) ;
#1294 = STYLED_ITEM ( 'NONE', ( #3092 ), #4180 ) ;
#1295 = SURFACE_SIDE_STYLE ('',( #568 ) ) ;
#1296 = FACE_OUTER_BOUND ( 'NONE', #4091, .T. ) ;
#1297 = VERTEX_POINT ( 'NONE', #934 ) ;
#1298 = DIRECTION ( 'NONE',  ( 0.9610664548998924000, 0.0000000000000000000, 0.2763173343569909100 ) ) ;
#1299 = DIRECTION ( 'NONE',  ( 0.0000000000000000000, 0.0000000000000000000, 1.000000000000000000 ) ) ;
#1300 = VECTOR ( 'NONE', #925, 1000.000000000000000 ) ;
#1301 = VECTOR ( 'NONE', #1714, 1000.000000000000000 ) ;
#1302 = DIRECTION ( 'NONE',  ( -1.000000000000000000, 0.0000000000000000000, 0.0000000000000000000 ) ) ;
#1303 = CARTESIAN_POINT ( 'NONE',  ( 1.471124017575860400, 3.949990000000000600, -1.571878146101223200 ) ) ;
#1304 = EDGE_LOOP ( 'NONE', ( #458, #348, #1828, #1628, #13, #2649, #291, #4070, #3657, #3190, #2437 ) ) ;
#1305 =( NAMED_UNIT ( * ) SI_UNIT ( $, .STERADIAN. ) SOLID_ANGLE_UNIT ( ) );
#1306 = DIRECTION ( 'NONE',  ( 1.000000000000000000, 0.0000000000000000000, 0.0000000000000000000 ) ) ;
#1307 = LINE ( 'NONE', #3430, #435 ) ;
#1308 = CARTESIAN_POINT ( 'NONE',  ( 1.521683334197357700, 3.949990000000000600, -1.375968879055943700 ) ) ;
#1309 = DIRECTION ( 'NONE',  ( -0.2732148821746285300, 0.0000000000000000000, 0.9619530280415482500 ) ) ;
#1310 = ADVANCED_FACE ( 'NONE', ( #2707 ), #3632, .F. ) ;
#1311 = ORIENTED_EDGE ( 'NONE', *, *, #1675, .F. ) ;
#1312 = VERTEX_POINT ( 'NONE', #211 ) ;
#1313 = DIRECTION ( 'NONE',  ( 0.0000000000000000000, -1.000000000000000000, -0.0000000000000000000 ) ) ;
#1314 = VECTOR ( 'NONE', #2904, 1000.000000000000000 ) ;
#1315 = CARTESIAN_POINT ( 'NONE',  ( 2.266643490804188600, 3.954990000000000400, -1.525164387927532300 ) ) ;
#1316 = ORIENTED_EDGE ( 'NONE', *, *, #1346, .T. ) ;
#1317 = EDGE_CURVE ( 'NONE', #2715, #1207, #232, .T. ) ;
#1318 = LINE ( 'NONE', #3235, #237 ) ;
#1319 = FILL_AREA_STYLE ('',( #2640 ) ) ;
#1320 = DIRECTION ( 'NONE',  ( 0.0000000000000000000, -1.000000000000000000, -0.0000000000000000000 ) ) ;
#1321 = PLANE ( 'NONE',  #3405 ) ;
#1322 = VERTEX_POINT ( 'NONE', #2508 ) ;
#1323 = SURFACE_STYLE_FILL_AREA ( #407 ) ;
#1324 = DIRECTION ( 'NONE',  ( 0.0000000000000000000, -1.000000000000000000, -0.0000000000000000000 ) ) ;
#1325 =( NAMED_UNIT ( * ) SI_UNIT ( $, .STERADIAN. ) SOLID_ANGLE_UNIT ( ) );
#1326 = VECTOR ( 'NONE', #1018, 1000.000000000000000 ) ;
#1327 = CARTESIAN_POINT ( 'NONE',  ( 0.0000000000000000000, 3.999870000000000900, 0.0000000000000000000 ) ) ;
#1328 = DIRECTION ( 'NONE',  ( -1.000000000000000000, -0.0000000000000000000, -0.0000000000000000000 ) ) ;
#1329 = LINE ( 'NONE', #539, #1940 ) ;
#1330 = FILL_AREA_STYLE_COLOUR ( '', #4235 ) ;
#1331 = ORIENTED_EDGE ( 'NONE', *, *, #88, .T. ) ;
#1332 = CARTESIAN_POINT ( 'NONE',  ( 1.551576726068013300, 3.949990000000000600, -1.480826005341529900 ) ) ;
#1333 = VERTEX_POINT ( 'NONE', #657 ) ;
#1334 = FILL_AREA_STYLE ('',( #4045 ) ) ;
#1335 = FACE_OUTER_BOUND ( 'NONE', #2552, .T. ) ;
#1336 = CARTESIAN_POINT ( 'NONE',  ( 1.509244428717605900, 3.949990000000000600, -1.571878146101223200 ) ) ;
#1337 = DIRECTION ( 'NONE',  ( -0.2745159998572702100, 0.0000000000000000000, 0.9615825319869134600 ) ) ;
#1338 = VERTEX_POINT ( 'NONE', #4224 ) ;
#1339 = VECTOR ( 'NONE', #3400, 1000.000000000000000 ) ;
#1340 = ORIENTED_EDGE ( 'NONE', *, *, #1267, .F. ) ;
#1341 = EDGE_CURVE ( 'NONE', #4332, #3762, #581, .T. ) ;
#1342 = ORIENTED_EDGE ( 'NONE', *, *, #1764, .F. ) ;
#1343 = DIRECTION ( 'NONE',  ( 0.2755520632520602800, 0.0000000000000000000, -0.9612861490927312500 ) ) ;
#1344 = VECTOR ( 'NONE', #1519, 1000.000000000000000 ) ;
#1345 = CARTESIAN_POINT ( 'NONE',  ( 1.564671085141172000, 3.954990000000000400, -1.525826462263052900 ) ) ;
#1346 = EDGE_CURVE ( 'NONE', #1665, #3575, #4050, .T. ) ;
#1347 = AXIS2_PLACEMENT_3D ( 'NONE', #2918, #951, #919 ) ;
#1348 = VECTOR ( 'NONE', #453, 1000.000000000000000 ) ;
#1349 = CARTESIAN_POINT ( 'NONE',  ( 2.082221949111482400, 3.954990000000000400, -1.525818370243124100 ) ) ;
#1350 = FACE_OUTER_BOUND ( 'NONE', #353, .T. ) ;
#1351 = PRESENTATION_LAYER_ASSIGNMENT (  '', '', ( #3091 ) ) ;
#1352 =( LENGTH_UNIT ( ) NAMED_UNIT ( * ) SI_UNIT ( .MILLI., .METRE. ) );
#1353 = ORIENTED_EDGE ( 'NONE', *, *, #754, .T. ) ;
#1354 = COLOUR_RGB ( '',0.8980392156862745400, 0.9215686274509803400, 0.9294117647058823800 ) ;
#1355 = LINE ( 'NONE', #1448, #4300 ) ;
#1356 = FILL_AREA_STYLE_COLOUR ( '', #918 ) ;
#1357 = ORIENTED_EDGE ( 'NONE', *, *, #2884, .T. ) ;
#1358 = LINE ( 'NONE', #2821, #3947 ) ;
#1359 = VERTEX_POINT ( 'NONE', #2604 ) ;
#1360 = CARTESIAN_POINT ( 'NONE',  ( 2.599200000000000600, 1.984935000000000600, -2.899999999999999900 ) ) ;
#1361 = AXIS2_PLACEMENT_3D ( 'NONE', #1315, #1298, #3674 ) ;
#1362 = CARTESIAN_POINT ( 'NONE',  ( 2.599200000000000200, 3.949990000000000600, -2.849999999999999600 ) ) ;
#1363 = ORIENTED_EDGE ( 'NONE', *, *, #3053, .T. ) ;
#1364 = FACE_OUTER_BOUND ( 'NONE', #2518, .T. ) ;
#1365 = LINE ( 'NONE', #4320, #1314 ) ;
#1366 = DIRECTION ( 'NONE',  ( 0.2746918797667256000, 0.0000000000000000000, -0.9615323037684292400 ) ) ;
#1367 = EDGE_CURVE ( 'NONE', #3267, #2497, #1718, .T. ) ;
#1368 = VERTEX_POINT ( 'NONE', #2950 ) ;
#1369 = UNCERTAINTY_MEASURE_WITH_UNIT (LENGTH_MEASURE( 1.000000000000000100E-005 ), #2410, 'distance_accuracy_value', 'NONE');
#1370 = LINE ( 'NONE', #3545, #1887 ) ;
#1371 = CARTESIAN_POINT ( 'NONE',  ( 2.279433295682879100, 3.949990000000000600, -1.329939999999992400 ) ) ;
#1372 = VECTOR ( 'NONE', #2366, 1000.000000000000000 ) ;
#1373 =( NAMED_UNIT ( * ) PLANE_ANGLE_UNIT ( ) SI_UNIT ( $, .RADIAN. ) );
#1374 = ORIENTED_EDGE ( 'NONE', *, *, #1704, .F. ) ;
#1375 = COLOUR_RGB ( '',0.7921568627450980000, 0.8196078431372548800, 0.9333333333333333500 ) ;
#1376 = EDGE_CURVE ( 'NONE', #2645, #1434, #1918, .T. ) ;
#1377 = CARTESIAN_POINT ( 'NONE',  ( 1.814536467754602100, 3.949990000000000600, -1.329939999999992400 ) ) ;
#1378 = STYLED_ITEM ( 'NONE', ( #2151 ), #2719 ) ;
#1379 = LINE ( 'NONE', #1057, #1271 ) ;
#1380 = ORIENTED_EDGE ( 'NONE', *, *, #3578, .T. ) ;
#1381 = DIRECTION ( 'NONE',  ( 1.097929030185397200E-016, -1.000000000000000000, 0.0000000000000000000 ) ) ;
#1382 = FILL_AREA_STYLE ('',( #2692 ) ) ;
#1383 = LINE ( 'NONE', #1623, #752 ) ;
#1384 =( NAMED_UNIT ( * ) PLANE_ANGLE_UNIT ( ) SI_UNIT ( $, .RADIAN. ) );
#1385 = AXIS2_PLACEMENT_3D ( 'NONE', #627, #1936, #1919 ) ;
#1386 = MECHANICAL_DESIGN_GEOMETRIC_PRESENTATION_REPRESENTATION (  '', ( #633 ), #2560 ) ;
#1387 = LINE ( 'NONE', #822, #2726 ) ;
#1388 = EDGE_LOOP ( 'NONE', ( #1928, #3964, #2757, #868, #2180, #426, #2550, #2209 ) ) ;
#1389 = CARTESIAN_POINT ( 'NONE',  ( 2.335546302500742100, 3.949990000000000600, -1.525164387926931700 ) ) ;
#1390 = CARTESIAN_POINT ( 'NONE',  ( 1.412631956786021500, 3.949990000000000600, -1.329939999999992600 ) ) ;
#1391 = DIRECTION ( 'NONE',  ( -0.2765379750249961600, 0.0000000000000000000, 0.9610029908221277000 ) ) ;
#1392 = VERTEX_POINT ( 'NONE', #620 ) ;
#1393 = VECTOR ( 'NONE', #115, 1000.000000000000000 ) ;
#1394 = CARTESIAN_POINT ( 'NONE',  ( 3.600000000000000100, 2.014935000000000400, -2.889999999999999200 ) ) ;
#1395 = DIRECTION ( 'NONE',  ( -0.0000000000000000000, -0.0000000000000000000, 1.000000000000000000 ) ) ;
#1396 = ORIENTED_EDGE ( 'NONE', *, *, #2581, .F. ) ;
#1397 = PLANE ( 'NONE',  #121 ) ;
#1398 = FILL_AREA_STYLE ('',( #1427 ) ) ;
#1399 = CARTESIAN_POINT ( 'NONE',  ( 1.712112097025641400, 3.949990000000000600, -1.571878146101223200 ) ) ;
#1400 = ORIENTED_EDGE ( 'NONE', *, *, #2316, .F. ) ;
#1401 = DIRECTION ( 'NONE',  ( 0.0000000000000000000, 1.000000000000000000, 6.994852725712931500E-017 ) ) ;
#1402 = DIRECTION ( 'NONE',  ( 0.2762033010288931200, 0.0000000000000000000, -0.9610992334305250600 ) ) ;
#1403 = FACE_OUTER_BOUND ( 'NONE', #2281, .T. ) ;
#1404 = EDGE_CURVE ( 'NONE', #1774, #1174, #1208, .T. ) ;
#1405 = ORIENTED_EDGE ( 'NONE', *, *, #133, .F. ) ;
#1406 = VECTOR ( 'NONE', #2531, 1000.000000000000000 ) ;
#1407 = DIRECTION ( 'NONE',  ( 0.0000000000000000000, -1.000000000000000000, -6.994852725712931500E-017 ) ) ;
#1408 = FILL_AREA_STYLE ('',( #415 ) ) ;
#1409 = CARTESIAN_POINT ( 'NONE',  ( 3.599999999999999600, 0.0000000000000000000, 0.0000000000000000000 ) ) ;
#1410 = EDGE_LOOP ( 'NONE', ( #1850, #538, #952, #1902 ) ) ;
#1411 = LINE ( 'NONE', #2370, #3785 ) ;
#1412 = CARTESIAN_POINT ( 'NONE',  ( 0.0000000000000000000, 0.0000000000000000000, 0.0000000000000000000 ) ) ;
#1413 = AXIS2_PLACEMENT_3D ( 'NONE', #2813, #3159, #1157 ) ;
#1414 = CARTESIAN_POINT ( 'NONE',  ( 3.624999999999999100, -2.300129999999999800, -2.889999999999999700 ) ) ;
#1415 = SURFACE_STYLE_FILL_AREA ( #2544 ) ;
#1416 =( LENGTH_UNIT ( ) NAMED_UNIT ( * ) SI_UNIT ( .MILLI., .METRE. ) );
#1417 = DIRECTION ( 'NONE',  ( 0.0000000000000000000, -1.000000000000000000, -0.0000000000000000000 ) ) ;
#1418 = ORIENTED_EDGE ( 'NONE', *, *, #267, .F. ) ;
#1419 = LINE ( 'NONE', #1970, #2703 ) ;
#1420 = FILL_AREA_STYLE ('',( #1077 ) ) ;
#1421 = PLANE ( 'NONE',  #3754 ) ;
#1422 = AXIS2_PLACEMENT_3D ( 'NONE', #816, #184, #804 ) ;
#1423 = CARTESIAN_POINT ( 'NONE',  ( -0.02499999999999871100, -2.225129999999999600, -2.889999999999999700 ) ) ;
#1424 = ORIENTED_EDGE ( 'NONE', *, *, #2637, .T. ) ;
#1425 = ORIENTED_EDGE ( 'NONE', *, *, #4270, .T. ) ;
#1426 = CARTESIAN_POINT ( 'NONE',  ( 3.624999999999999100, -2.225129999999999600, -0.01000000000000000000 ) ) ;
#1427 = FILL_AREA_STYLE_COLOUR ( '', #2129 ) ;
#1428 = CARTESIAN_POINT ( 'NONE',  ( 1.928118998139454000, 3.949990000000000600, -1.329939999999992400 ) ) ;
#1429 = EDGE_LOOP ( 'NONE', ( #2273, #68, #1138, #1639 ) ) ;
#1430 = VECTOR ( 'NONE', #3504, 1000.000000000000000 ) ;
#1431 = CARTESIAN_POINT ( 'NONE',  ( 2.160178995160317400, 3.949990000000000600, -1.436099941449500800 ) ) ;
#1432 = EDGE_CURVE ( 'NONE', #1105, #1563, #347, .T. ) ;
#1433 = LINE ( 'NONE', #3105, #144 ) ;
#1434 = VERTEX_POINT ( 'NONE', #2181 ) ;
#1435 = FACE_OUTER_BOUND ( 'NONE', #2686, .T. ) ;
#1436 = CARTESIAN_POINT ( 'NONE',  ( 3.599999999999999600, -2.125130000000000000, -0.01000000000000000000 ) ) ;
#1437 = EDGE_CURVE ( 'NONE', #2051, #966, #1979, .T. ) ;
#1438 = CARTESIAN_POINT ( 'NONE',  ( 0.07500000000000128800, -2.125130000000000000, 0.0000000000000000000 ) ) ;
#1439 = MECHANICAL_DESIGN_GEOMETRIC_PRESENTATION_REPRESENTATION (  '', ( #1378 ), #2385 ) ;
#1440 = ORIENTED_EDGE ( 'NONE', *, *, #140, .F. ) ;
#1441 = DIRECTION ( 'NONE',  ( 0.2755265765475166700, 0.0000000000000000000, -0.9612934544747538900 ) ) ;
#1442 = FILL_AREA_STYLE ('',( #1101 ) ) ;
#1443 = DIRECTION ( 'NONE',  ( 0.0000000000000000000, 0.0000000000000000000, 1.000000000000000000 ) ) ;
#1444 = ORIENTED_EDGE ( 'NONE', *, *, #2993, .F. ) ;
#1445 = VECTOR ( 'NONE', #779, 1000.000000000000000 ) ;
#1446 = MECHANICAL_DESIGN_GEOMETRIC_PRESENTATION_REPRESENTATION (  '', ( #3091 ), #2534 ) ;
#1447 =( NAMED_UNIT ( * ) PLANE_ANGLE_UNIT ( ) SI_UNIT ( $, .RADIAN. ) );
#1448 = CARTESIAN_POINT ( 'NONE',  ( 0.0000000000000000000, 0.0000000000000000000, 0.0000000000000000000 ) ) ;
#1449 = ORIENTED_EDGE ( 'NONE', *, *, #4078, .T. ) ;
#1450 = SURFACE_STYLE_FILL_AREA ( #1408 ) ;
#1451 = CARTESIAN_POINT ( 'NONE',  ( 3.524999999999999500, -2.125130000000000000, -2.889999999999999200 ) ) ;
#1452 = MECHANICAL_DESIGN_GEOMETRIC_PRESENTATION_REPRESENTATION (  '', ( #260 ), #3881 ) ;
#1453 = MECHANICAL_DESIGN_GEOMETRIC_PRESENTATION_REPRESENTATION (  '', ( #3416 ), #3012 ) ;
#1454 = ORIENTED_EDGE ( 'NONE', *, *, #3526, .T. ) ;
#1455 =( NAMED_UNIT ( * ) PLANE_ANGLE_UNIT ( ) SI_UNIT ( $, .RADIAN. ) );
#1456 = DIRECTION ( 'NONE',  ( 0.0000000000000000000, 0.0000000000000000000, -1.000000000000000000 ) ) ;
#1457 = VERTEX_POINT ( 'NONE', #3999 ) ;
#1458 = PLANE ( 'NONE',  #1506 ) ;
#1459 = CARTESIAN_POINT ( 'NONE',  ( 3.600000000000000100, 1.984935000000000600, 0.0000000000000000000 ) ) ;
#1460 = EDGE_CURVE ( 'NONE', #1050, #2651, #2923, .T. ) ;
#1461 = FILL_AREA_STYLE_COLOUR ( '', #2615 ) ;
#1462 = FILL_AREA_STYLE_COLOUR ( '', #2183 ) ;
#1463 = VECTOR ( 'NONE', #376, 1000.000000000000000 ) ;
#1464 = ORIENTED_EDGE ( 'NONE', *, *, #921, .F. ) ;
#1465 = DIRECTION ( 'NONE',  ( 0.9611542233438688000, 0.0000000000000000000, 0.2760118818968567100 ) ) ;
#1466 = EDGE_CURVE ( 'NONE', #2167, #1107, #2119, .T. ) ;
#1467 = DIRECTION ( 'NONE',  ( -1.000000000000000000, 0.0000000000000000000, -0.0000000000000000000 ) ) ;
#1468 = VECTOR ( 'NONE', #2253, 1000.000000000000000 ) ;
#1469 = DIRECTION ( 'NONE',  ( 0.0000000000000000000, -1.000000000000000000, -0.0000000000000000000 ) ) ;
#1470 = ORIENTED_EDGE ( 'NONE', *, *, #3868, .T. ) ;
#1471 = LINE ( 'NONE', #3776, #1715 ) ;
#1472 = STYLED_ITEM ( 'NONE', ( #751 ), #613 ) ;
#1473 = MECHANICAL_DESIGN_GEOMETRIC_PRESENTATION_REPRESENTATION (  '', ( #1075 ), #717 ) ;
#1474 =( NAMED_UNIT ( * ) PLANE_ANGLE_UNIT ( ) SI_UNIT ( $, .RADIAN. ) );
#1475 =( NAMED_UNIT ( * ) SI_UNIT ( $, .STERADIAN. ) SOLID_ANGLE_UNIT ( ) );
#1476 = ORIENTED_EDGE ( 'NONE', *, *, #3940, .F. ) ;
#1477 = DIRECTION ( 'NONE',  ( 0.2765379750249961600, 0.0000000000000000000, -0.9610029908221277000 ) ) ;
#1478 = EDGE_LOOP ( 'NONE', ( #1079, #3693, #3294, #1769 ) ) ;
#1479 = ORIENTED_EDGE ( 'NONE', *, *, #2179, .F. ) ;
#1480 = FACE_BOUND ( 'NONE', #4185, .T. ) ;
#1481 = DIRECTION ( 'NONE',  ( -0.2763173343569909100, 0.0000000000000000000, 0.9610664548998924000 ) ) ;
#1482 = STYLED_ITEM ( 'NONE', ( #3580 ), #1501 ) ;
#1483 = DIRECTION ( 'NONE',  ( -1.000000000000000000, 0.0000000000000000000, 0.0000000000000000000 ) ) ;
#1484 = LINE ( 'NONE', #607, #4055 ) ;
#1485 = ORIENTED_EDGE ( 'NONE', *, *, #1975, .F. ) ;
#1486 = VECTOR ( 'NONE', #1807, 1000.000000000000000 ) ;
#1487 = VECTOR ( 'NONE', #2775, 1000.000000000000000 ) ;
#1488 = CARTESIAN_POINT ( 'NONE',  ( 1.000800000000000400, 1.950055000000000300, -2.899999999999999900 ) ) ;
#1489 = SURFACE_SIDE_STYLE ('',( #2080 ) ) ;
#1490 =( NAMED_UNIT ( * ) PLANE_ANGLE_UNIT ( ) SI_UNIT ( $, .RADIAN. ) );
#1491 = LINE ( 'NONE', #661, #2721 ) ;
#1492 = EDGE_CURVE ( 'NONE', #863, #2975, #2436, .T. ) ;
#1493 =( NAMED_UNIT ( * ) PLANE_ANGLE_UNIT ( ) SI_UNIT ( $, .RADIAN. ) );
#1494 = DIRECTION ( 'NONE',  ( -0.0000000000000000000, -0.0000000000000000000, 1.000000000000000000 ) ) ;
#1495 = LINE ( 'NONE', #547, #4124 ) ;
#1496 = EDGE_LOOP ( 'NONE', ( #693, #2885, #2423, #1844 ) ) ;
#1497 = AXIS2_PLACEMENT_3D ( 'NONE', #3731, #1742, #3018 ) ;
#1498 = PRESENTATION_LAYER_ASSIGNMENT (  '', '', ( #813 ) ) ;
#1499 = EDGE_LOOP ( 'NONE', ( #1049, #2625, #2085, #3794 ) ) ;
#1500 = LINE ( 'NONE', #3434, #3168 ) ;
#1501 = ADVANCED_FACE ( 'NONE', ( #1875 ), #3156, .T. ) ;
#1502 = CARTESIAN_POINT ( 'NONE',  ( 1.301042606982605300E-015, -2.125130000000000000, -2.889999999999999700 ) ) ;
#1503 = FILL_AREA_STYLE_COLOUR ( '', #2463 ) ;
#1504 = EDGE_LOOP ( 'NONE', ( #1424, #805, #1130, #3800 ) ) ;
#1505 = VECTOR ( 'NONE', #300, 1000.000000000000000 ) ;
#1506 = AXIS2_PLACEMENT_3D ( 'NONE', #2804, #2432, #827 ) ;
#1507 = CARTESIAN_POINT ( 'NONE',  ( 2.026825454045993800, 3.954990000000000400, -1.571878146101223000 ) ) ;
#1508 = CARTESIAN_POINT ( 'NONE',  ( 2.082221949111482400, 3.954990000000000400, -1.525818370243124100 ) ) ;
#1509 = ORIENTED_EDGE ( 'NONE', *, *, #3720, .F. ) ;
#1510 = VERTEX_POINT ( 'NONE', #1667 ) ;
#1511 = CARTESIAN_POINT ( 'NONE',  ( -0.09999999999999870100, -2.300129999999999800, -2.889999999999999700 ) ) ;
#1512 = EDGE_CURVE ( 'NONE', #3688, #201, #487, .T. ) ;
#1513 = DIRECTION ( 'NONE',  ( 0.0000000000000000000, 0.0000000000000000000, 1.000000000000000000 ) ) ;
#1514 = LINE ( 'NONE', #1770, #631 ) ;
#1515 = DIRECTION ( 'NONE',  ( 0.9280290862136725300, 0.0000000000000000000, -0.3725077383644747600 ) ) ;
#1516 = EDGE_CURVE ( 'NONE', #4332, #2404, #1358, .T. ) ;
#1517 = ADVANCED_FACE ( 'NONE', ( #2021 ), #2472, .F. ) ;
#1518 =( GEOMETRIC_REPRESENTATION_CONTEXT ( 3 ) GLOBAL_UNCERTAINTY_ASSIGNED_CONTEXT ( ( #3135 ) ) GLOBAL_UNIT_ASSIGNED_CONTEXT ( ( #3184, #4206, #3523 ) ) REPRESENTATION_CONTEXT ( 'NONE', 'WORKASPACE' ) );
#1519 = DIRECTION ( 'NONE',  ( 0.0000000000000000000, 0.0000000000000000000, -1.000000000000000000 ) ) ;
#1520 = EDGE_LOOP ( 'NONE', ( #649, #28, #1086, #3048 ) ) ;
#1521 = ORIENTED_EDGE ( 'NONE', *, *, #3242, .F. ) ;
#1522 = VERTEX_POINT ( 'NONE', #2489 ) ;
#1523 = PRESENTATION_LAYER_ASSIGNMENT (  '', '', ( #1294 ) ) ;
#1524 = CARTESIAN_POINT ( 'NONE',  ( 3.699999999999999300, 3.899870000000000800, -0.01000000000000000000 ) ) ;
#1525 = DIRECTION ( 'NONE',  ( -0.0000000000000000000, -1.000000000000000000, -0.0000000000000000000 ) ) ;
#1526 = ORIENTED_EDGE ( 'NONE', *, *, #2130, .T. ) ;
#1527 = DIRECTION ( 'NONE',  ( 0.05375259206908397600, 0.0000000000000000000, -0.9985542843760947300 ) ) ;
#1528 = MECHANICAL_DESIGN_GEOMETRIC_PRESENTATION_REPRESENTATION (  '', ( #3011 ), #2172 ) ;
#1529 = ORIENTED_EDGE ( 'NONE', *, *, #1595, .F. ) ;
#1530 = AXIS2_PLACEMENT_3D ( 'NONE', #508, #1137, #3495 ) ;
#1531 = PLANE ( 'NONE',  #3236 ) ;
#1532 = FACE_OUTER_BOUND ( 'NONE', #1388, .T. ) ;
#1533 = DIRECTION ( 'NONE',  ( 0.0000000000000000000, 1.000000000000000000, 6.994852725712931500E-017 ) ) ;
#1534 = SURFACE_STYLE_FILL_AREA ( #1265 ) ;
#1535 = ADVANCED_FACE ( 'NONE', ( #4248 ), #2146, .F. ) ;
#1536 = DIRECTION ( 'NONE',  ( 0.0000000000000000000, -1.000000000000000000, -0.0000000000000000000 ) ) ;
#1537 = LINE ( 'NONE', #3521, #3761 ) ;
#1538 = DIRECTION ( 'NONE',  ( -1.000000000000000000, 0.0000000000000000000, 0.0000000000000000000 ) ) ;
#1539 = CARTESIAN_POINT ( 'NONE',  ( 1.712112097025641400, 3.954990000000000400, -1.571878146101223200 ) ) ;
#1540 = ORIENTED_EDGE ( 'NONE', *, *, #1941, .F. ) ;
#1541 = EDGE_CURVE ( 'NONE', #1660, #3138, #2869, .T. ) ;
#1542 = DIRECTION ( 'NONE',  ( -0.3725077383644747600, 0.0000000000000000000, -0.9280290862136725300 ) ) ;
#1543 = EDGE_LOOP ( 'NONE', ( #1762, #1925, #4275, #569 ) ) ;
#1544 = DIRECTION ( 'NONE',  ( 0.0000000000000000000, 0.0000000000000000000, -1.000000000000000000 ) ) ;
#1545 = VECTOR ( 'NONE', #560, 1000.000000000000000 ) ;
#1546 = PLANE ( 'NONE',  #3635 ) ;
#1547 = EDGE_CURVE ( 'NONE', #3436, #2585, #2114, .T. ) ;
#1548 = ORIENTED_EDGE ( 'NONE', *, *, #3868, .F. ) ;
#1549 = VECTOR ( 'NONE', #3751, 1000.000000000000000 ) ;
#1550 = EDGE_LOOP ( 'NONE', ( #2462, #2048, #3124, #1097 ) ) ;
#1551 = LINE ( 'NONE', #1900, #674 ) ;
#1552 = CARTESIAN_POINT ( 'NONE',  ( 1.521683334197357700, 3.954990000000000400, -1.375968879055943700 ) ) ;
#1553 = DIRECTION ( 'NONE',  ( -0.0000000000000000000, -1.000000000000000000, -0.0000000000000000000 ) ) ;
#1554 = PRODUCT ( 'CCSS_S2_1210-2_L3.8W2.9T6.3B0.95', 'CCSS_S2_1210-2_L3.8W2.9T6.3B0.95', '', ( #4014 ) ) ;
#1555 = DIRECTION ( 'NONE',  ( 0.0000000000000000000, 0.0000000000000000000, 1.000000000000000000 ) ) ;
#1556 = MECHANICAL_DESIGN_GEOMETRIC_PRESENTATION_REPRESENTATION (  '', ( #2117 ), #2200 ) ;
#1557 = ORIENTED_EDGE ( 'NONE', *, *, #1941, .T. ) ;
#1558 = LINE ( 'NONE', #2928, #2907 ) ;
#1559 = CARTESIAN_POINT ( 'NONE',  ( 2.206430037131491300, 3.949990000000000600, -1.571878146101223000 ) ) ;
#1560 =( NAMED_UNIT ( * ) SI_UNIT ( $, .STERADIAN. ) SOLID_ANGLE_UNIT ( ) );
#1561 = ADVANCED_FACE ( 'NONE', ( #2267 ), #2643, .F. ) ;
#1562 = CARTESIAN_POINT ( 'NONE',  ( 3.699999999999999300, -2.225129999999999600, -2.889999999999999700 ) ) ;
#1563 = VERTEX_POINT ( 'NONE', #518 ) ;
#1564 = FACE_OUTER_BOUND ( 'NONE', #3956, .T. ) ;
#1565 = EDGE_CURVE ( 'NONE', #2537, #788, #2219, .T. ) ;
#1566 = ORIENTED_EDGE ( 'NONE', *, *, #1341, .T. ) ;
#1567 = DIRECTION ( 'NONE',  ( 0.2745159998572702100, 0.0000000000000000000, -0.9615825319869133500 ) ) ;
#1568 = DIRECTION ( 'NONE',  ( -1.000000000000000000, 0.0000000000000000000, 0.0000000000000000000 ) ) ;
#1569 = ORIENTED_EDGE ( 'NONE', *, *, #3079, .T. ) ;
#1570 = DIRECTION ( 'NONE',  ( -1.000000000000000000, 0.0000000000000000000, 0.0000000000000000000 ) ) ;
#1571 = ORIENTED_EDGE ( 'NONE', *, *, #167, .F. ) ;
#1572 = CARTESIAN_POINT ( 'NONE',  ( 3.599999999999999600, 3.999870000000000900, -2.899999999999999900 ) ) ;
#1573 = EDGE_CURVE ( 'NONE', #3559, #2440, #4103, .T. ) ;
#1574 = PRESENTATION_LAYER_ASSIGNMENT (  '', '', ( #1731 ) ) ;
#1575 = ADVANCED_FACE ( 'NONE', ( #781 ), #1531, .F. ) ;
#1576 = ORIENTED_EDGE ( 'NONE', *, *, #3301, .T. ) ;
#1577 = ORIENTED_EDGE ( 'NONE', *, *, #2498, .T. ) ;
#1578 = LINE ( 'NONE', #1891, #2774 ) ;
#1579 = ADVANCED_FACE ( 'NONE', ( #2065 ), #3237, .F. ) ;
#1580 = STYLED_ITEM ( 'NONE', ( #448 ), #901 ) ;
#1581 = LINE ( 'NONE', #3788, #2504 ) ;
#1582 = UNCERTAINTY_MEASURE_WITH_UNIT (LENGTH_MEASURE( 1.000000000000000100E-005 ), #3614, 'distance_accuracy_value', 'NONE');
#1583 = DIRECTION ( 'NONE',  ( -0.2760118818968567100, 0.0000000000000000000, 0.9611542233438686900 ) ) ;
#1584 = LINE ( 'NONE', #3403, #1787 ) ;
#1585 = FILL_AREA_STYLE_COLOUR ( '', #2287 ) ;
#1586 = MECHANICAL_DESIGN_GEOMETRIC_PRESENTATION_REPRESENTATION (  '', ( #4151 ), #481 ) ;
#1587 = PLANE ( 'NONE',  #4175 ) ;
#1588 = ORIENTED_EDGE ( 'NONE', *, *, #209, .F. ) ;
#1589 = EDGE_CURVE ( 'NONE', #3535, #2377, #3192, .T. ) ;
#1590 = ORIENTED_EDGE ( 'NONE', *, *, #778, .T. ) ;
#1591 = CARTESIAN_POINT ( 'NONE',  ( 0.0000000000000000000, 3.999870000000000900, 0.0000000000000000000 ) ) ;
#1592 = ORIENTED_EDGE ( 'NONE', *, *, #3746, .T. ) ;
#1593 =( NAMED_UNIT ( * ) PLANE_ANGLE_UNIT ( ) SI_UNIT ( $, .RADIAN. ) );
#1594 = VECTOR ( 'NONE', #1469, 1000.000000000000000 ) ;
#1595 = EDGE_CURVE ( 'NONE', #4178, #2251, #3682, .T. ) ;
#1596 = STYLED_ITEM ( 'NONE', ( #3172 ), #2888 ) ;
#1597 = CARTESIAN_POINT ( 'NONE',  ( 3.599999999999999600, 0.0000000000000000000, 0.0000000000000000000 ) ) ;
#1598 = EDGE_LOOP ( 'NONE', ( #186, #3365, #482, #3274, #236, #2889, #78, #774, #3929, #1230, #1920, #3151, #1479, #1548, #2598, #3379, #3967 ) ) ;
#1599 = DIRECTION ( 'NONE',  ( 0.004650693823678468300, 0.0000000000000000000, -0.9999891854650021500 ) ) ;
#1600 = PRESENTATION_LAYER_ASSIGNMENT (  '', '', ( #499 ) ) ;
#1601 = STYLED_ITEM ( 'NONE', ( #3747 ), #3966 ) ;
#1602 = ORIENTED_EDGE ( 'NONE', *, *, #900, .T. ) ;
#1603 = VERTEX_POINT ( 'NONE', #1572 ) ;
#1604 = DIRECTION ( 'NONE',  ( 0.0000000000000000000, 0.0000000000000000000, -1.000000000000000000 ) ) ;
#1605 = FACE_OUTER_BOUND ( 'NONE', #883, .T. ) ;
#1606 = CARTESIAN_POINT ( 'NONE',  ( 3.699999999999999300, -2.300129999999999800, -0.01000000000000000000 ) ) ;
#1607 = CARTESIAN_POINT ( 'NONE',  ( 2.140026923674777800, 3.949990000000000600, -1.329939999999992400 ) ) ;
#1608 = AXIS2_PLACEMENT_3D ( 'NONE', #2426, #1483, #4176 ) ;
#1609 = LINE ( 'NONE', #3392, #2013 ) ;
#1610 = PLANE ( 'NONE',  #2478 ) ;
#1611 = DIRECTION ( 'NONE',  ( 0.2740217765954080500, 0.0000000000000000000, -0.9617234872620592500 ) ) ;
#1612 = LINE ( 'NONE', #1308, #732 ) ;
#1613 = COLOUR_RGB ( '',0.8980392156862745400, 0.9215686274509803400, 0.9294117647058823800 ) ;
#1614 = ADVANCED_FACE ( 'NONE', ( #3354 ), #2202, .F. ) ;
#1615 = VERTEX_POINT ( 'NONE', #837 ) ;
#1616 = DIRECTION ( 'NONE',  ( 0.0000000000000000000, -1.000000000000000000, -0.0000000000000000000 ) ) ;
#1617 = EDGE_LOOP ( 'NONE', ( #2022, #2929, #3319, #917 ) ) ;
#1618 = ADVANCED_FACE ( 'NONE', ( #630 ), #3598, .F. ) ;
#1619 = EDGE_CURVE ( 'NONE', #1510, #370, #1044, .T. ) ;
#1620 = DIRECTION ( 'NONE',  ( 0.0000000000000000000, -1.000000000000000000, -0.0000000000000000000 ) ) ;
#1621 = VERTEX_POINT ( 'NONE', #3550 ) ;
#1622 = DIRECTION ( 'NONE',  ( 0.0000000000000000000, -0.0000000000000000000, 1.000000000000000000 ) ) ;
#1623 = CARTESIAN_POINT ( 'NONE',  ( 0.0000000000000000000, 3.999870000000000900, -2.899999999999999900 ) ) ;
#1624 = CARTESIAN_POINT ( 'NONE',  ( 1.928118998139454000, 3.954990000000000400, -1.329939999999992400 ) ) ;
#1625 = ORIENTED_EDGE ( 'NONE', *, *, #3945, .T. ) ;
#1626 = EDGE_CURVE ( 'NONE', #2218, #3200, #992, .T. ) ;
#1627 = DIRECTION ( 'NONE',  ( -0.7059037656364498500, 0.0000000000000000000, 0.7083077534943973400 ) ) ;
#1628 = ORIENTED_EDGE ( 'NONE', *, *, #2647, .T. ) ;
#1629 = DIRECTION ( 'NONE',  ( 0.0000000000000000000, 0.0000000000000000000, -1.000000000000000000 ) ) ;
#1630 = PLANE ( 'NONE',  #856 ) ;
#1631 = AXIS2_PLACEMENT_3D ( 'NONE', #2388, #765, #2111 ) ;
#1632 = STYLED_ITEM ( 'NONE', ( #3422 ), #1185 ) ;
#1633 = SURFACE_STYLE_USAGE ( .BOTH. , #2262 ) ;
#1634 = SURFACE_STYLE_FILL_AREA ( #3987 ) ;
#1635 = ADVANCED_FACE ( 'NONE', ( #3520 ), #566, .F. ) ;
#1636 = CARTESIAN_POINT ( 'NONE',  ( 3.599999999999999600, -2.300129999999999800, -2.889999999999999700 ) ) ;
#1637 = LINE ( 'NONE', #862, #1277 ) ;
#1638 = CARTESIAN_POINT ( 'NONE',  ( 1.248636143970641300, 3.954990000000000400, -1.329939999999992600 ) ) ;
#1639 = ORIENTED_EDGE ( 'NONE', *, *, #3604, .T. ) ;
#1640 = CARTESIAN_POINT ( 'NONE',  ( 3.699999999999999300, -2.300129999999999800, -0.01000000000000000000 ) ) ;
#1641 = ORIENTED_EDGE ( 'NONE', *, *, #1039, .T. ) ;
#1642 = LINE ( 'NONE', #2521, #1545 ) ;
#1643 = EDGE_CURVE ( 'NONE', #1297, #3089, #1199, .T. ) ;
#1644 = CARTESIAN_POINT ( 'NONE',  ( 2.039203301366334700, 3.954990000000000400, -1.375977706713143800 ) ) ;
#1645 = VERTEX_POINT ( 'NONE', #2528 ) ;
#1646 = VECTOR ( 'NONE', #1760, 1000.000000000000000 ) ;
#1647 = CARTESIAN_POINT ( 'NONE',  ( 1.248636143970641300, 3.949990000000000600, -1.329939999999992600 ) ) ;
#1648 = CARTESIAN_POINT ( 'NONE',  ( 1.655800467905800500, 3.954990000000000400, -1.375968879055943700 ) ) ;
#1649 = CARTESIAN_POINT ( 'NONE',  ( 2.415212971804997700, 3.949990000000000600, -1.571878146101223000 ) ) ;
#1650 = DIRECTION ( 'NONE',  ( 1.000000000000000000, 0.0000000000000000000, 0.0000000000000000000 ) ) ;
#1651 = EDGE_CURVE ( 'NONE', #3798, #3107, #4299, .T. ) ;
#1652 = ORIENTED_EDGE ( 'NONE', *, *, #889, .F. ) ;
#1653 = VECTOR ( 'NONE', #19, 1000.000000000000000 ) ;
#1654 = UNCERTAINTY_MEASURE_WITH_UNIT (LENGTH_MEASURE( 1.000000000000000100E-005 ), #4228, 'distance_accuracy_value', 'NONE');
#1655 =( GEOMETRIC_REPRESENTATION_CONTEXT ( 3 ) GLOBAL_UNCERTAINTY_ASSIGNED_CONTEXT ( ( #3938 ) ) GLOBAL_UNIT_ASSIGNED_CONTEXT ( ( #81, #1373, #4114 ) ) REPRESENTATION_CONTEXT ( 'NONE', 'WORKASPACE' ) );
#1656 = CARTESIAN_POINT ( 'NONE',  ( 0.0000000000000000000, 0.0000000000000000000, -2.849999999999999600 ) ) ;
#1657 = PLANE ( 'NONE',  #3449 ) ;
#1658 = CARTESIAN_POINT ( 'NONE',  ( 1.538816346715014400, 3.954990000000000400, -1.436099941449988000 ) ) ;
#1659 = LINE ( 'NONE', #1998, #4089 ) ;
#1660 = VERTEX_POINT ( 'NONE', #942 ) ;
#1661 = LINE ( 'NONE', #567, #2853 ) ;
#1662 = ADVANCED_FACE ( 'NONE', ( #1149 ), #1587, .F. ) ;
#1663 = PRODUCT_RELATED_PRODUCT_CATEGORY ( 'part', '', ( #1554 ) ) ;
#1664 = CARTESIAN_POINT ( 'NONE',  ( 2.749999999999999600, -2.300129999999999800, -2.889999999999999700 ) ) ;
#1665 = VERTEX_POINT ( 'NONE', #912 ) ;
#1666 = DIRECTION ( 'NONE',  ( 0.0000000000000000000, 0.0000000000000000000, 1.000000000000000000 ) ) ;
#1667 = CARTESIAN_POINT ( 'NONE',  ( 1.642644315228731300, 3.954990000000000400, -1.436099941449988000 ) ) ;
#1668 = CARTESIAN_POINT ( 'NONE',  ( 1.391504429307656400, 3.954990000000000400, -1.571878146101223500 ) ) ;
#1669 =( GEOMETRIC_REPRESENTATION_CONTEXT ( 3 ) GLOBAL_UNCERTAINTY_ASSIGNED_CONTEXT ( ( #705 ) ) GLOBAL_UNIT_ASSIGNED_CONTEXT ( ( #1352, #2632, #3689 ) ) REPRESENTATION_CONTEXT ( 'NONE', 'WORKASPACE' ) );
#1670 = MECHANICAL_DESIGN_GEOMETRIC_PRESENTATION_REPRESENTATION (  '', ( #2310 ), #1081 ) ;
#1671 = ORIENTED_EDGE ( 'NONE', *, *, #2417, .T. ) ;
#1672 = PLANE ( 'NONE',  #572 ) ;
#1673 = ORIENTED_EDGE ( 'NONE', *, *, #491, .T. ) ;
#1674 = FILL_AREA_STYLE_COLOUR ( '', #1145 ) ;
#1675 = EDGE_CURVE ( 'NONE', #3767, #3821, #1819, .T. ) ;
#1676 = EDGE_LOOP ( 'NONE', ( #1780, #3681, #3062, #1801 ) ) ;
#1677 = VERTEX_POINT ( 'NONE', #2927 ) ;
#1678 = DIRECTION ( 'NONE',  ( -0.9615323037684292400, 0.0000000000000000000, -0.2746918797667256000 ) ) ;
#1679 = ORIENTED_EDGE ( 'NONE', *, *, #1573, .T. ) ;
#1680 = EDGE_CURVE ( 'NONE', #3452, #3115, #931, .T. ) ;
#1681 = FACE_OUTER_BOUND ( 'NONE', #86, .T. ) ;
#1682 = CARTESIAN_POINT ( 'NONE',  ( 1.301042606982605300E-015, 3.899870000000000800, -2.889999999999999200 ) ) ;
#1683 = DIRECTION ( 'NONE',  ( -1.000000000000000000, 0.0000000000000000000, 0.0000000000000000000 ) ) ;
#1684 = VERTEX_POINT ( 'NONE', #1252 ) ;
#1685 = CARTESIAN_POINT ( 'NONE',  ( 0.8500000000000013100, -2.300129999999999800, -2.889999999999999700 ) ) ;
#1686 = FILL_AREA_STYLE ('',( #4325 ) ) ;
#1687 = STYLED_ITEM ( 'NONE', ( #246 ), #858 ) ;
#1688 = AXIS2_PLACEMENT_3D ( 'NONE', #2694, #2725, #3049 ) ;
#1689 = CYLINDRICAL_SURFACE ( 'NONE', #1243, 0.07499999999999999700 ) ;
#1690 = FILL_AREA_STYLE_COLOUR ( '', #268 ) ;
#1691 = PLANE ( 'NONE',  #1497 ) ;
#1692 = PRESENTATION_LAYER_ASSIGNMENT (  '', '', ( #1482 ) ) ;
#1693 = CARTESIAN_POINT ( 'NONE',  ( 2.599200000000000600, 1.984935000000000600, 0.0000000000000000000 ) ) ;
#1694 = ORIENTED_EDGE ( 'NONE', *, *, #3431, .T. ) ;
#1695 =( NAMED_UNIT ( * ) PLANE_ANGLE_UNIT ( ) SI_UNIT ( $, .RADIAN. ) );
#1696 =( LENGTH_UNIT ( ) NAMED_UNIT ( * ) SI_UNIT ( .MILLI., .METRE. ) );
#1697 = DIRECTION ( 'NONE',  ( -1.000000000000000000, -0.0000000000000000000, -0.0000000000000000000 ) ) ;
#1698 = ORIENTED_EDGE ( 'NONE', *, *, #1868, .T. ) ;
#1699 = VECTOR ( 'NONE', #3126, 1000.000000000000100 ) ;
#1700 = CARTESIAN_POINT ( 'NONE',  ( 1.657201858388930100, 3.949990000000000600, -1.329939999999992400 ) ) ;
#1701 = CARTESIAN_POINT ( 'NONE',  ( 2.749999999999999600, -2.200129999999999700, -2.889999999999999200 ) ) ;
#1702 = FILL_AREA_STYLE ('',( #1037 ) ) ;
#1703 = VERTEX_POINT ( 'NONE', #2612 ) ;
#1704 = EDGE_CURVE ( 'NONE', #3650, #3070, #2485, .T. ) ;
#1705 = DIRECTION ( 'NONE',  ( 0.0000000000000000000, -1.000000000000000000, -0.0000000000000000000 ) ) ;
#1706 = LINE ( 'NONE', #944, #4032 ) ;
#1707 = EDGE_CURVE ( 'NONE', #4130, #3070, #1612, .T. ) ;
#1708 = MECHANICAL_DESIGN_GEOMETRIC_PRESENTATION_REPRESENTATION (  '', ( #89 ), #3143 ) ;
#1709 = SURFACE_STYLE_FILL_AREA ( #412 ) ;
#1710 = SURFACE_STYLE_USAGE ( .BOTH. , #3739 ) ;
#1711 = CARTESIAN_POINT ( 'NONE',  ( 2.599199999999999300, 3.999870000000000900, -2.899999999999999900 ) ) ;
#1712 = VECTOR ( 'NONE', #3014, 1000.000000000000000 ) ;
#1713 =( GEOMETRIC_REPRESENTATION_CONTEXT ( 3 ) GLOBAL_UNCERTAINTY_ASSIGNED_CONTEXT ( ( #3827 ) ) GLOBAL_UNIT_ASSIGNED_CONTEXT ( ( #3470, #1474, #3828 ) ) REPRESENTATION_CONTEXT ( 'NONE', 'WORKASPACE' ) );
#1714 = DIRECTION ( 'NONE',  ( 0.0000000000000000000, -1.000000000000000000, -0.0000000000000000000 ) ) ;
#1715 = VECTOR ( 'NONE', #424, 1000.000000000000000 ) ;
#1716 = CARTESIAN_POINT ( 'NONE',  ( 2.160178995160317400, 3.954990000000000400, -1.436099941449500800 ) ) ;
#1717 = ORIENTED_EDGE ( 'NONE', *, *, #4135, .F. ) ;
#1718 = LINE ( 'NONE', #4301, #2070 ) ;
#1719 = VERTEX_POINT ( 'NONE', #3296 ) ;
#1720 = CARTESIAN_POINT ( 'NONE',  ( -0.02499999999999871100, -2.225129999999999600, -0.01000000000000000000 ) ) ;
#1721 = VERTEX_POINT ( 'NONE', #4006 ) ;
#1722 = SURFACE_SIDE_STYLE ('',( #1323 ) ) ;
#1723 = EDGE_CURVE ( 'NONE', #1312, #3821, #2973, .T. ) ;
#1724 = ORIENTED_EDGE ( 'NONE', *, *, #3218, .T. ) ;
#1725 = LINE ( 'NONE', #888, #2825 ) ;
#1726 = DIRECTION ( 'NONE',  ( 0.2732148821746285300, 0.0000000000000000000, -0.9619530280415482500 ) ) ;
#1727 = VECTOR ( 'NONE', #894, 1000.000000000000000 ) ;
#1728 = FILL_AREA_STYLE_COLOUR ( '', #1811 ) ;
#1729 = ORIENTED_EDGE ( 'NONE', *, *, #2787, .T. ) ;
#1730 = EDGE_CURVE ( 'NONE', #1563, #1797, #74, .T. ) ;
#1731 = STYLED_ITEM ( 'NONE', ( #217 ), #2563 ) ;
#1732 = CARTESIAN_POINT ( 'NONE',  ( 2.082221949111482400, 3.954990000000000400, -1.525818370243124100 ) ) ;
#1733 = VERTEX_POINT ( 'NONE', #3269 ) ;
#1734 = COLOUR_RGB ( '',0.6470588235294118000, 0.5176470588235293500, 0.0000000000000000000 ) ;
#1735 = PLANE ( 'NONE',  #1631 ) ;
#1736 =( NAMED_UNIT ( * ) SI_UNIT ( $, .STERADIAN. ) SOLID_ANGLE_UNIT ( ) );
#1737 = AXIS2_PLACEMENT_3D ( 'NONE', #895, #3206, #1555 ) ;
#1738 = DIRECTION ( 'NONE',  ( 0.2759782365590792200, 0.0000000000000000000, -0.9611638845408939600 ) ) ;
#1739 = LINE ( 'NONE', #2513, #3000 ) ;
#1740 = VERTEX_POINT ( 'NONE', #275 ) ;
#1741 = SURFACE_STYLE_USAGE ( .BOTH. , #96 ) ;
#1742 = DIRECTION ( 'NONE',  ( 0.8958676361827028200, 0.0000000000000000000, 0.4443210308329061900 ) ) ;
#1743 = SURFACE_SIDE_STYLE ('',( #821 ) ) ;
#1744 = ORIENTED_EDGE ( 'NONE', *, *, #1547, .T. ) ;
#1745 = STYLED_ITEM ( 'NONE', ( #3285 ), #1931 ) ;
#1746 = VECTOR ( 'NONE', #3846, 1000.000000000000100 ) ;
#1747 = STYLED_ITEM ( 'NONE', ( #3288 ), #1814 ) ;
#1748 = CARTESIAN_POINT ( 'NONE',  ( 2.156572397128510500E-016, 2.014935000000000400, -2.899999999999999900 ) ) ;
#1749 = ORIENTED_EDGE ( 'NONE', *, *, #2159, .T. ) ;
#1750 = LINE ( 'NONE', #3708, #58 ) ;
#1751 =( NAMED_UNIT ( * ) SI_UNIT ( $, .STERADIAN. ) SOLID_ANGLE_UNIT ( ) );
#1752 = PLANE ( 'NONE',  #791 ) ;
#1753 = EDGE_LOOP ( 'NONE', ( #2868, #134, #3278, #2290 ) ) ;
#1754 = CARTESIAN_POINT ( 'NONE',  ( 1.866638775377903200, 3.954990000000000400, -1.329939999999992400 ) ) ;
#1755 = LINE ( 'NONE', #411, #1090 ) ;
#1756 = EDGE_CURVE ( 'NONE', #3762, #3926, #1865, .T. ) ;
#1757 = ORIENTED_EDGE ( 'NONE', *, *, #785, .T. ) ;
#1758 = LINE ( 'NONE', #1888, #3566 ) ;
#1759 = DIRECTION ( 'NONE',  ( 0.0000000000000000000, -1.000000000000000000, 0.0000000000000000000 ) ) ;
#1760 = DIRECTION ( 'NONE',  ( 0.0000000000000000000, -1.000000000000000000, -0.0000000000000000000 ) ) ;
#1761 = LINE ( 'NONE', #3299, #1463 ) ;
#1762 = ORIENTED_EDGE ( 'NONE', *, *, #1367, .T. ) ;
#1763 = VECTOR ( 'NONE', #3748, 1000.000000000000000 ) ;
#1764 = EDGE_CURVE ( 'NONE', #606, #1266, #4095, .T. ) ;
#1765 = FILL_AREA_STYLE_COLOUR ( '', #351 ) ;
#1766 = SURFACE_STYLE_USAGE ( .BOTH. , #1489 ) ;
#1767 = ORIENTED_EDGE ( 'NONE', *, *, #2214, .T. ) ;
#1768 = VECTOR ( 'NONE', #2810, 1000.000000000000000 ) ;
#1769 = ORIENTED_EDGE ( 'NONE', *, *, #1704, .T. ) ;
#1770 = CARTESIAN_POINT ( 'NONE',  ( -0.09999999999999870100, -2.300129999999999800, -2.889999999999999700 ) ) ;
#1771 = MECHANICAL_DESIGN_GEOMETRIC_PRESENTATION_REPRESENTATION (  '', ( #1632 ), #452 ) ;
#1772 = DIRECTION ( 'NONE',  ( 0.0000000000000000000, -0.0000000000000000000, -1.000000000000000000 ) ) ;
#1773 = CARTESIAN_POINT ( 'NONE',  ( 2.599200000000000600, 1.950055000000000500, -2.899999999999999900 ) ) ;
#1774 = VERTEX_POINT ( 'NONE', #2596 ) ;
#1775 = EDGE_LOOP ( 'NONE', ( #4221, #2541, #48, #2128 ) ) ;
#1776 = CARTESIAN_POINT ( 'NONE',  ( 2.279433295682879100, 3.954990000000000400, -1.329939999999992400 ) ) ;
#1777 = ORIENTED_EDGE ( 'NONE', *, *, #2289, .F. ) ;
#1778 = SURFACE_STYLE_USAGE ( .BOTH. , #2830 ) ;
#1779 = CARTESIAN_POINT ( 'NONE',  ( 1.815144993985856200, 3.954990000000000400, -1.571878146101223200 ) ) ;
#1780 = ORIENTED_EDGE ( 'NONE', *, *, #2179, .T. ) ;
#1781 = FACE_OUTER_BOUND ( 'NONE', #2500, .T. ) ;
#1782 = UNCERTAINTY_MEASURE_WITH_UNIT (LENGTH_MEASURE( 1.000000000000000100E-005 ), #3928, 'distance_accuracy_value', 'NONE');
#1783 = EDGE_CURVE ( 'NONE', #3089, #886, #1817, .T. ) ;
#1784 = PLANE ( 'NONE',  #664 ) ;
#1785 = ORIENTED_EDGE ( 'NONE', *, *, #1286, .T. ) ;
#1786 =( LENGTH_UNIT ( ) NAMED_UNIT ( * ) SI_UNIT ( .MILLI., .METRE. ) );
#1787 = VECTOR ( 'NONE', #3759, 1000.000000000000000 ) ;
#1788 = DIRECTION ( 'NONE',  ( 1.000000000000000000, 0.0000000000000000000, 1.071655233474686200E-013 ) ) ;
#1789 = PRESENTATION_STYLE_ASSIGNMENT (( #2674 ) ) ;
#1790 = EDGE_CURVE ( 'NONE', #1603, #1985, #1967, .T. ) ;
#1791 = CARTESIAN_POINT ( 'NONE',  ( 1.249368839762447800, 3.954990000000000400, -1.571878146101223500 ) ) ;
#1792 = CARTESIAN_POINT ( 'NONE',  ( -0.02499999999999871100, -2.300129999999999800, -2.889999999999999700 ) ) ;
#1793 = CARTESIAN_POINT ( 'NONE',  ( 1.805840744709148900, 3.954990000000000400, -1.399034426002697200 ) ) ;
#1794 = DIRECTION ( 'NONE',  ( 0.0000000000000000000, 1.000000000000000000, 0.0000000000000000000 ) ) ;
#1795 = VERTEX_POINT ( 'NONE', #4310 ) ;
#1796 = MECHANICAL_DESIGN_GEOMETRIC_PRESENTATION_REPRESENTATION (  '', ( #499 ), #3153 ) ;
#1797 = VERTEX_POINT ( 'NONE', #628 ) ;
#1798 = FILL_AREA_STYLE_COLOUR ( '', #3139 ) ;
#1799 = CARTESIAN_POINT ( 'NONE',  ( 1.301042606982605300E-015, 0.0000000000000000000, -0.01000000000000000000 ) ) ;
#1800 = AXIS2_PLACEMENT_3D ( 'NONE', #1423, #1041, #3038 ) ;
#1801 = ORIENTED_EDGE ( 'NONE', *, *, #2998, .T. ) ;
#1802 = DIRECTION ( 'NONE',  ( -0.9237839814038691900, 0.0000000000000000000, 0.3829140317376942300 ) ) ;
#1803 = VECTOR ( 'NONE', #49, 1000.000000000000000 ) ;
#1804 = ORIENTED_EDGE ( 'NONE', *, *, #2256, .T. ) ;
#1805 = LINE ( 'NONE', #585, #4233 ) ;
#1806 =( NAMED_UNIT ( * ) SI_UNIT ( $, .STERADIAN. ) SOLID_ANGLE_UNIT ( ) );
#1807 = DIRECTION ( 'NONE',  ( 0.0000000000000000000, -1.000000000000000000, -0.0000000000000000000 ) ) ;
#1808 = EDGE_CURVE ( 'NONE', #2683, #130, #2315, .T. ) ;
#1809 = LINE ( 'NONE', #2083, #1038 ) ;
#1810 = ORIENTED_EDGE ( 'NONE', *, *, #2053, .F. ) ;
#1811 = COLOUR_RGB ( '',0.6470588235294118000, 0.5176470588235293500, 0.0000000000000000000 ) ;
#1812 = DIRECTION ( 'NONE',  ( -0.0000000000000000000, -0.0000000000000000000, 1.000000000000000000 ) ) ;
#1813 = EDGE_CURVE ( 'NONE', #1434, #2797, #2258, .T. ) ;
#1814 = ADVANCED_FACE ( 'NONE', ( #3729 ), #3314, .F. ) ;
#1815 = AXIS2_PLACEMENT_3D ( 'NONE', #2176, #3540, #2161 ) ;
#1816 = DIRECTION ( 'NONE',  ( 1.495451272393799300E-016, 0.0000000000000000000, 1.000000000000000000 ) ) ;
#1817 = LINE ( 'NONE', #2941, #1468 ) ;
#1818 = UNCERTAINTY_MEASURE_WITH_UNIT (LENGTH_MEASURE( 1.000000000000000100E-005 ), #2482, 'distance_accuracy_value', 'NONE');
#1819 = LINE ( 'NONE', #2909, #1095 ) ;
#1820 = FACE_OUTER_BOUND ( 'NONE', #2511, .T. ) ;
#1821 = AXIS2_PLACEMENT_3D ( 'NONE', #1720, #105, #3088 ) ;
#1822 = AXIS2_PLACEMENT_3D ( 'NONE', #2018, #76, #2058 ) ;
#1823 = FILL_AREA_STYLE ('',( #2099 ) ) ;
#1824 = PLANE ( 'NONE',  #3616 ) ;
#1825 = ORIENTED_EDGE ( 'NONE', *, *, #3079, .F. ) ;
#1826 = PLANE ( 'NONE',  #223 ) ;
#1827 = ORIENTED_EDGE ( 'NONE', *, *, #542, .T. ) ;
#1828 = ORIENTED_EDGE ( 'NONE', *, *, #299, .T. ) ;
#1829 = VECTOR ( 'NONE', #1536, 1000.000000000000000 ) ;
#1830 = CARTESIAN_POINT ( 'NONE',  ( 1.655419407344723500, 3.954990000000000400, -1.480826005341529900 ) ) ;
#1831 = LINE ( 'NONE', #2704, #2384 ) ;
#1832 = DIRECTION ( 'NONE',  ( 0.9999891854650020400, 0.0000000000000000000, 0.004650693823678467500 ) ) ;
#1833 = ORIENTED_EDGE ( 'NONE', *, *, #2795, .T. ) ;
#1834 = VECTOR ( 'NONE', #2934, 1000.000000000000000 ) ;
#1835 = VERTEX_POINT ( 'NONE', #4034 ) ;
#1836 = ADVANCED_FACE ( 'NONE', ( #172 ), #970, .F. ) ;
#1837 = PLANE ( 'NONE',  #3208 ) ;
#1838 = CARTESIAN_POINT ( 'NONE',  ( 1.957235556122789700, 3.954990000000000400, -1.329939999999992400 ) ) ;
#1839 = PRESENTATION_STYLE_ASSIGNMENT (( #2298 ) ) ;
#1840 = EDGE_CURVE ( 'NONE', #201, #3663, #3024, .T. ) ;
#1841 = CARTESIAN_POINT ( 'NONE',  ( 2.335546302500742100, 3.954990000000000400, -1.525164387926931700 ) ) ;
#1842 = DIRECTION ( 'NONE',  ( 0.0000000000000000000, -0.0000000000000000000, 1.000000000000000000 ) ) ;
#1843 = LINE ( 'NONE', #1841, #1227 ) ;
#1844 = ORIENTED_EDGE ( 'NONE', *, *, #59, .F. ) ;
#1845 = AXIS2_PLACEMENT_3D ( 'NONE', #2091, #436, #2742 ) ;
#1846 = MECHANICAL_DESIGN_GEOMETRIC_PRESENTATION_REPRESENTATION (  '', ( #2362 ), #2582 ) ;
#1847 = EDGE_LOOP ( 'NONE', ( #2064, #3216, #515, #1331 ) ) ;
#1848 = DIRECTION ( 'NONE',  ( 0.0000000000000000000, 1.000000000000000000, 6.994852725712931500E-017 ) ) ;
#1849 = CARTESIAN_POINT ( 'NONE',  ( 0.07500000000000128800, -2.200129999999999700, -0.01000000000000000000 ) ) ;
#1850 = ORIENTED_EDGE ( 'NONE', *, *, #2871, .T. ) ;
#1851 = LINE ( 'NONE', #3629, #1505 ) ;
#1852 = PRESENTATION_LAYER_ASSIGNMENT (  '', '', ( #1632 ) ) ;
#1853 = ADVANCED_FACE ( 'NONE', ( #2812 ), #2646, .T. ) ;
#1854 = ORIENTED_EDGE ( 'NONE', *, *, #1573, .F. ) ;
#1855 = FACE_OUTER_BOUND ( 'NONE', #1478, .T. ) ;
#1856 = LINE ( 'NONE', #2351, #2851 ) ;
#1857 = EDGE_LOOP ( 'NONE', ( #3272, #3111, #3407, #3362 ) ) ;
#1858 = DIRECTION ( 'NONE',  ( 1.000000000000000000, 0.0000000000000000000, 0.0000000000000000000 ) ) ;
#1859 = VECTOR ( 'NONE', #973, 1000.000000000000000 ) ;
#1860 = CARTESIAN_POINT ( 'NONE',  ( 1.750037921662936000, 3.954990000000000400, -1.329939999999992400 ) ) ;
#1861 = EDGE_CURVE ( 'NONE', #3421, #4058, #1609, .T. ) ;
#1862 = ORIENTED_EDGE ( 'NONE', *, *, #2553, .T. ) ;
#1863 = VECTOR ( 'NONE', #4098, 1000.000000000000000 ) ;
#1864 = SURFACE_STYLE_USAGE ( .BOTH. , #2862 ) ;
#1865 = LINE ( 'NONE', #1597, #2697 ) ;
#1866 = CARTESIAN_POINT ( 'NONE',  ( -0.09999999999999870100, -2.225129999999999600, -0.01000000000000000000 ) ) ;
#1867 = CARTESIAN_POINT ( 'NONE',  ( 2.599200000000000600, 1.984935000000000600, -2.899999999999999900 ) ) ;
#1868 = EDGE_CURVE ( 'NONE', #635, #863, #3622, .T. ) ;
#1869 = PRESENTATION_LAYER_ASSIGNMENT (  '', '', ( #468 ) ) ;
#1870 = DIRECTION ( 'NONE',  ( -0.2763173343569909100, 0.0000000000000000000, 0.9610664548998924000 ) ) ;
#1871 = ORIENTED_EDGE ( 'NONE', *, *, #1895, .F. ) ;
#1872 = VECTOR ( 'NONE', #1195, 1000.000000000000000 ) ;
#1873 = VECTOR ( 'NONE', #3066, 1000.000000000000000 ) ;
#1874 = ORIENTED_EDGE ( 'NONE', *, *, #1376, .F. ) ;
#1875 = FACE_OUTER_BOUND ( 'NONE', #4209, .T. ) ;
#1876 = ORIENTED_EDGE ( 'NONE', *, *, #3634, .T. ) ;
#1877 = AXIS2_PLACEMENT_3D ( 'NONE', #21, #1981, #1071 ) ;
#1878 = SHAPE_DEFINITION_REPRESENTATION ( #575, #2882 ) ;
#1879 = ADVANCED_FACE ( 'NONE', ( #2212 ), #75, .T. ) ;
#1880 = CARTESIAN_POINT ( 'NONE',  ( -0.09999999999999870100, 0.0000000000000000000, 0.0000000000000000000 ) ) ;
#1881 = ORIENTED_EDGE ( 'NONE', *, *, #27, .F. ) ;
#1882 = CARTESIAN_POINT ( 'NONE',  ( 1.762111214983447000, 3.954990000000000400, -1.545331172176685800 ) ) ;
#1883 = AXIS2_PLACEMENT_3D ( 'NONE', #150, #3419, #3042 ) ;
#1884 = VERTEX_POINT ( 'NONE', #676 ) ;
#1885 = AXIS2_PLACEMENT_3D ( 'NONE', #3198, #4231, #584 ) ;
#1886 = DIRECTION ( 'NONE',  ( 0.0000000000000000000, -1.000000000000000000, -0.0000000000000000000 ) ) ;
#1887 = VECTOR ( 'NONE', #3562, 1000.000000000000000 ) ;
#1888 = CARTESIAN_POINT ( 'NONE',  ( 2.266643490804188600, 3.954990000000000400, -1.525164387927532300 ) ) ;
#1889 = LINE ( 'NONE', #1399, #2937 ) ;
#1890 = EDGE_CURVE ( 'NONE', #2683, #2055, #3988, .T. ) ;
#1891 = CARTESIAN_POINT ( 'NONE',  ( 3.599999999999999600, 3.999870000000000900, 0.0000000000000000000 ) ) ;
#1892 = DIRECTION ( 'NONE',  ( -0.0000000000000000000, 1.000000000000000000, -0.0000000000000000000 ) ) ;
#1893 = ADVANCED_FACE ( 'NONE', ( #3129 ), #41, .F. ) ;
#1894 = UNCERTAINTY_MEASURE_WITH_UNIT (LENGTH_MEASURE( 1.000000000000000100E-005 ), #2769, 'distance_accuracy_value', 'NONE');
#1895 = EDGE_CURVE ( 'NONE', #787, #550, #625, .T. ) ;
#1896 = DIRECTION ( 'NONE',  ( 0.0000000000000000000, 1.000000000000000000, 0.0000000000000000000 ) ) ;
#1897 = ORIENTED_EDGE ( 'NONE', *, *, #3464, .T. ) ;
#1898 = DIRECTION ( 'NONE',  ( -1.000000000000000000, 0.0000000000000000000, 0.0000000000000000000 ) ) ;
#1899 = ADVANCED_FACE ( 'NONE', ( #1350 ), #1657, .F. ) ;
#1900 = CARTESIAN_POINT ( 'NONE',  ( 1.288682813782766800, 3.949990000000000600, -1.468706366818483000 ) ) ;
#1901 =( GEOMETRIC_REPRESENTATION_CONTEXT ( 3 ) GLOBAL_UNCERTAINTY_ASSIGNED_CONTEXT ( ( #2916 ) ) GLOBAL_UNIT_ASSIGNED_CONTEXT ( ( #700, #989, #2268 ) ) REPRESENTATION_CONTEXT ( 'NONE', 'WORKASPACE' ) );
#1902 = ORIENTED_EDGE ( 'NONE', *, *, #27, .T. ) ;
#1903 = STYLED_ITEM ( 'NONE', ( #1789 ), #3678 ) ;
#1904 = ORIENTED_EDGE ( 'NONE', *, *, #949, .F. ) ;
#1905 = SURFACE_SIDE_STYLE ('',( #2190 ) ) ;
#1906 = CARTESIAN_POINT ( 'NONE',  ( 1.521683334197357700, 3.949990000000000600, -1.375968879055943700 ) ) ;
#1907 = DIRECTION ( 'NONE',  ( -1.000000000000000000, -1.356609324931812100E-016, 0.0000000000000000000 ) ) ;
#1908 = MECHANICAL_DESIGN_GEOMETRIC_PRESENTATION_REPRESENTATION (  '', ( #1482 ), #2543 ) ;
#1909 = EDGE_LOOP ( 'NONE', ( #82, #2355, #2434, #999, #1006, #2642, #136, #2951, #4232, #941, #111, #418, #3946, #3669, #3322, #3817, #3067 ) ) ;
#1910 = CARTESIAN_POINT ( 'NONE',  ( 2.082221949111482400, 3.949990000000000600, -1.525818370243124100 ) ) ;
#1911 = UNCERTAINTY_MEASURE_WITH_UNIT (LENGTH_MEASURE( 1.000000000000000100E-005 ), #168, 'distance_accuracy_value', 'NONE');
#1912 = ADVANCED_FACE ( 'NONE', ( #1296 ), #4020, .T. ) ;
#1913 = EDGE_CURVE ( 'NONE', #92, #4198, #3939, .T. ) ;
#1914 = CARTESIAN_POINT ( 'NONE',  ( 0.0000000000000000000, 3.999870000000000900, 0.0000000000000000000 ) ) ;
#1915 = DIRECTION ( 'NONE',  ( 0.2762517575166151300, 0.0000000000000000000, -0.9610853065513910200 ) ) ;
#1916 =( NAMED_UNIT ( * ) PLANE_ANGLE_UNIT ( ) SI_UNIT ( $, .RADIAN. ) );
#1917 = ORIENTED_EDGE ( 'NONE', *, *, #2631, .F. ) ;
#1918 = LINE ( 'NONE', #3646, #2762 ) ;
#1919 = DIRECTION ( 'NONE',  ( -0.2746459304916902800, 0.0000000000000000000, 0.9615454294334477800 ) ) ;
#1920 = ORIENTED_EDGE ( 'NONE', *, *, #329, .F. ) ;
#1921 =( LENGTH_UNIT ( ) NAMED_UNIT ( * ) SI_UNIT ( .MILLI., .METRE. ) );
#1922 = EDGE_CURVE ( 'NONE', #814, #1359, #3889, .T. ) ;
#1923 =( GEOMETRIC_REPRESENTATION_CONTEXT ( 3 ) GLOBAL_UNCERTAINTY_ASSIGNED_CONTEXT ( ( #2164 ) ) GLOBAL_UNIT_ASSIGNED_CONTEXT ( ( #4146, #1490, #2139 ) ) REPRESENTATION_CONTEXT ( 'NONE', 'WORKASPACE' ) );
#1924 = CARTESIAN_POINT ( 'NONE',  ( 1.815144993985856200, 3.949990000000000600, -1.571878146101223200 ) ) ;
#1925 = ORIENTED_EDGE ( 'NONE', *, *, #3110, .T. ) ;
#1926 = VECTOR ( 'NONE', #3532, 1000.000000000000000 ) ;
#1927 = VECTOR ( 'NONE', #2579, 1000.000000000000100 ) ;
#1928 = ORIENTED_EDGE ( 'NONE', *, *, #4022, .T. ) ;
#1929 = VECTOR ( 'NONE', #1381, 1000.000000000000000 ) ;
#1930 = MECHANICAL_DESIGN_GEOMETRIC_PRESENTATION_REPRESENTATION (  '', ( #3675 ), #3356 ) ;
#1931 = ADVANCED_FACE ( 'NONE', ( #480 ), #3113, .F. ) ;
#1932 = CARTESIAN_POINT ( 'NONE',  ( 2.599200000000000600, 2.049815000000000600, -0.05000000000000012800 ) ) ;
#1933 = DIRECTION ( 'NONE',  ( 0.0000000000000000000, 0.0000000000000000000, 1.000000000000000000 ) ) ;
#1934 = SURFACE_SIDE_STYLE ('',( #1534 ) ) ;
#1935 = ORIENTED_EDGE ( 'NONE', *, *, #3839, .T. ) ;
#1936 = DIRECTION ( 'NONE',  ( -0.9615454294334479000, 0.0000000000000000000, -0.2746459304916903400 ) ) ;
#1937 = DIRECTION ( 'NONE',  ( -0.0000000000000000000, 1.000000000000000000, -0.0000000000000000000 ) ) ;
#1938 = FACE_OUTER_BOUND ( 'NONE', #3231, .T. ) ;
#1939 = CARTESIAN_POINT ( 'NONE',  ( 1.000799999999999900, 3.949990000000000600, -2.899999999999999900 ) ) ;
#1940 = VECTOR ( 'NONE', #866, 1000.000000000000000 ) ;
#1941 = EDGE_CURVE ( 'NONE', #2838, #3426, #1761, .T. ) ;
#1942 = DIRECTION ( 'NONE',  ( -0.0000000000000000000, -1.000000000000000000, -0.0000000000000000000 ) ) ;
#1943 = ORIENTED_EDGE ( 'NONE', *, *, #2961, .F. ) ;
#1944 = UNCERTAINTY_MEASURE_WITH_UNIT (LENGTH_MEASURE( 1.000000000000000100E-005 ), #1696, 'distance_accuracy_value', 'NONE');
#1945 = DIRECTION ( 'NONE',  ( -1.000000000000000000, 0.0000000000000000000, 0.0000000000000000000 ) ) ;
#1946 = EDGE_LOOP ( 'NONE', ( #2873, #1881, #3969, #3226 ) ) ;
#1947 = DIRECTION ( 'NONE',  ( -0.0000000000000000000, -1.000000000000000000, -0.0000000000000000000 ) ) ;
#1948 =( NAMED_UNIT ( * ) SI_UNIT ( $, .STERADIAN. ) SOLID_ANGLE_UNIT ( ) );
#1949 = EDGE_CURVE ( 'NONE', #2318, #1991, #1809, .T. ) ;
#1950 = MECHANICAL_DESIGN_GEOMETRIC_PRESENTATION_REPRESENTATION (  '', ( #1731 ), #1518 ) ;
#1951 = ORIENTED_EDGE ( 'NONE', *, *, #2261, .T. ) ;
#1952 = LINE ( 'NONE', #3306, #3390 ) ;
#1953 = ADVANCED_FACE ( 'NONE', ( #2749, #4039 ), #1007, .F. ) ;
#1954 = MECHANICAL_DESIGN_GEOMETRIC_PRESENTATION_REPRESENTATION (  '', ( #1294 ), #2391 ) ;
#1955 = CARTESIAN_POINT ( 'NONE',  ( -2.645462797129904700E-016, 1.950055000000000100, -0.05000000000000000300 ) ) ;
#1956 = ORIENTED_EDGE ( 'NONE', *, *, #2235, .F. ) ;
#1957 = VECTOR ( 'NONE', #2196, 1000.000000000000000 ) ;
#1958 = DIRECTION ( 'NONE',  ( -0.2746918797667256000, 0.0000000000000000000, 0.9615323037684292400 ) ) ;
#1959 = LINE ( 'NONE', #3670, #2744 ) ;
#1960 = ORIENTED_EDGE ( 'NONE', *, *, #242, .F. ) ;
#1961 = COLOUR_RGB ( '',0.8980392156862745400, 0.9215686274509803400, 0.9294117647058823800 ) ;
#1962 = CARTESIAN_POINT ( 'NONE',  ( 1.655419407344723500, 3.949990000000000600, -1.480826005341529900 ) ) ;
#1963 = SURFACE_SIDE_STYLE ('',( #3147 ) ) ;
#1964 = DIRECTION ( 'NONE',  ( -1.000000000000000000, 0.0000000000000000000, 0.0000000000000000000 ) ) ;
#1965 =( GEOMETRIC_REPRESENTATION_CONTEXT ( 3 ) GLOBAL_UNCERTAINTY_ASSIGNED_CONTEXT ( ( #564 ) ) GLOBAL_UNIT_ASSIGNED_CONTEXT ( ( #3047, #4048, #1325 ) ) REPRESENTATION_CONTEXT ( 'NONE', 'WORKASPACE' ) );
#1966 = UNCERTAINTY_MEASURE_WITH_UNIT (LENGTH_MEASURE( 1.000000000000000100E-005 ), #2965, 'distance_accuracy_value', 'NONE');
#1967 = LINE ( 'NONE', #308, #824 ) ;
#1968 =( NAMED_UNIT ( * ) SI_UNIT ( $, .STERADIAN. ) SOLID_ANGLE_UNIT ( ) );
#1969 = CARTESIAN_POINT ( 'NONE',  ( 0.0000000000000000000, 0.0000000000000000000, -0.05000000000000000300 ) ) ;
#1970 = CARTESIAN_POINT ( 'NONE',  ( 3.699999999999999300, 3.899870000000000800, -2.889999999999999200 ) ) ;
#1971 = EDGE_LOOP ( 'NONE', ( #2982, #881, #2120, #2789 ) ) ;
#1972 = CARTESIAN_POINT ( 'NONE',  ( 1.000799999999999900, 0.0000000000000000000, -2.899999999999999900 ) ) ;
#1973 = VECTOR ( 'NONE', #1553, 1000.000000000000000 ) ;
#1974 = LINE ( 'NONE', #2352, #228 ) ;
#1975 = EDGE_CURVE ( 'NONE', #1684, #1719, #3725, .T. ) ;
#1976 = ADVANCED_FACE ( 'NONE', ( #985 ), #313, .T. ) ;
#1977 = EDGE_LOOP ( 'NONE', ( #2673, #1444, #1529, #3309 ) ) ;
#1978 = CARTESIAN_POINT ( 'NONE',  ( 1.301042606982605300E-015, -2.300129999999999800, -2.889999999999999700 ) ) ;
#1979 = LINE ( 'NONE', #3661, #1104 ) ;
#1980 = EDGE_LOOP ( 'NONE', ( #3628, #716, #898, #2240 ) ) ;
#1981 = DIRECTION ( 'NONE',  ( 0.0000000000000000000, 0.0000000000000000000, -1.000000000000000000 ) ) ;
#1982 = DIRECTION ( 'NONE',  ( 0.0000000000000000000, 0.0000000000000000000, 1.000000000000000000 ) ) ;
#1983 = ORIENTED_EDGE ( 'NONE', *, *, #709, .F. ) ;
#1984 = PRESENTATION_LAYER_ASSIGNMENT (  '', '', ( #3438 ) ) ;
#1985 = VERTEX_POINT ( 'NONE', #4009 ) ;
#1986 = VECTOR ( 'NONE', #3176, 1000.000000000000000 ) ;
#1987 = CARTESIAN_POINT ( 'NONE',  ( 3.599999999999999600, 3.999870000000000900, 0.0000000000000000000 ) ) ;
#1988 = PRESENTATION_LAYER_ASSIGNMENT (  '', '', ( #3765 ) ) ;
#1989 = CARTESIAN_POINT ( 'NONE',  ( 2.335546302500742100, 3.954990000000000400, -1.525164387926931700 ) ) ;
#1990 = CARTESIAN_POINT ( 'NONE',  ( 1.997677999066031200, 3.954990000000000400, -1.571878146101223000 ) ) ;
#1991 = VERTEX_POINT ( 'NONE', #2681 ) ;
#1992 = PRESENTATION_STYLE_ASSIGNMENT (( #979 ) ) ;
#1993 = PLANE ( 'NONE',  #1242 ) ;
#1994 = CARTESIAN_POINT ( 'NONE',  ( 3.599999999999999600, 0.0000000000000000000, 0.0000000000000000000 ) ) ;
#1995 = VECTOR ( 'NONE', #2155, 1000.000000000000000 ) ;
#1996 = MANIFOLD_SOLID_BREP ( 'Scale1[2]', #3784 ) ;
#1997 = EDGE_CURVE ( 'NONE', #162, #4196, #3936, .T. ) ;
#1998 = CARTESIAN_POINT ( 'NONE',  ( 2.335546302500742100, 3.949990000000000600, -1.525164387926931700 ) ) ;
#1999 = ORIENTED_EDGE ( 'NONE', *, *, #1492, .T. ) ;
#2000 = LINE ( 'NONE', #1791, #1594 ) ;
#2001 = DIRECTION ( 'NONE',  ( -2.990902544787599100E-016, 0.0000000000000000000, -1.000000000000000000 ) ) ;
#2002 = EDGE_CURVE ( 'NONE', #3421, #180, #1959, .T. ) ;
#2003 = VERTEX_POINT ( 'NONE', #2023 ) ;
#2004 = PRESENTATION_LAYER_ASSIGNMENT (  '', '', ( #1129 ) ) ;
#2005 = DIRECTION ( 'NONE',  ( -0.2765379750249961600, 0.0000000000000000000, 0.9610029908221277000 ) ) ;
#2006 = ORIENTED_EDGE ( 'NONE', *, *, #2529, .T. ) ;
#2007 = COLOUR_RGB ( '',0.8980392156862745400, 0.9215686274509803400, 0.9294117647058823800 ) ;
#2008 = CARTESIAN_POINT ( 'NONE',  ( 1.700266115699353000, 3.954990000000000400, -1.329939999999992400 ) ) ;
#2009 = AXIS2_PLACEMENT_3D ( 'NONE', #4260, #259, #4243 ) ;
#2010 = ORIENTED_EDGE ( 'NONE', *, *, #3625, .T. ) ;
#2011 = VECTOR ( 'NONE', #4177, 1000.000000000000000 ) ;
#2012 = FILL_AREA_STYLE_COLOUR ( '', #170 ) ;
#2013 = VECTOR ( 'NONE', #51, 1000.000000000000000 ) ;
#2014 = SURFACE_STYLE_USAGE ( .BOTH. , #3697 ) ;
#2015 = CARTESIAN_POINT ( 'NONE',  ( 3.624999999999999100, -2.300129999999999800, -0.01000000000000000000 ) ) ;
#2016 = LINE ( 'NONE', #3764, #3733 ) ;
#2017 = FILL_AREA_STYLE ('',( #1674 ) ) ;
#2018 = CARTESIAN_POINT ( 'NONE',  ( 1.179840000000001300, 3.954990000000000400, -1.329939999999999900 ) ) ;
#2019 = EDGE_CURVE ( 'NONE', #2852, #251, #17, .T. ) ;
#2020 = ORIENTED_EDGE ( 'NONE', *, *, #1238, .F. ) ;
#2021 = FACE_OUTER_BOUND ( 'NONE', #4081, .T. ) ;
#2022 = ORIENTED_EDGE ( 'NONE', *, *, #1012, .F. ) ;
#2023 = CARTESIAN_POINT ( 'NONE',  ( 2.156572397128510500E-016, 2.014935000000000400, -2.899999999999999900 ) ) ;
#2024 = SURFACE_SIDE_STYLE ('',( #2919 ) ) ;
#2025 = LINE ( 'NONE', #2086, #4311 ) ;
#2026 = PLANE ( 'NONE',  #2939 ) ;
#2027 = VERTEX_POINT ( 'NONE', #756 ) ;
#2028 = LINE ( 'NONE', #803, #285 ) ;
#2029 = EDGE_CURVE ( 'NONE', #2245, #2474, #1856, .T. ) ;
#2030 = AXIS2_PLACEMENT_3D ( 'NONE', #522, #1599, #2613 ) ;
#2031 = FILL_AREA_STYLE_COLOUR ( '', #3596 ) ;
#2032 = VERTEX_POINT ( 'NONE', #3429 ) ;
#2033 = CARTESIAN_POINT ( 'NONE',  ( 2.749999999999999600, -2.200129999999999700, -2.889999999999999200 ) ) ;
#2034 = AXIS2_PLACEMENT_3D ( 'NONE', #4018, #1982, #4033 ) ;
#2035 = ORIENTED_EDGE ( 'NONE', *, *, #761, .T. ) ;
#2036 = PRESENTATION_LAYER_ASSIGNMENT (  '', '', ( #1601 ) ) ;
#2037 = LINE ( 'NONE', #713, #702 ) ;
#2038 = PLANE ( 'NONE',  #1822 ) ;
#2039 = CARTESIAN_POINT ( 'NONE',  ( 1.700266115699353000, 3.954990000000000400, -1.329939999999992400 ) ) ;
#2040 = DIRECTION ( 'NONE',  ( 1.000000000000000000, 0.0000000000000000000, 0.0000000000000000000 ) ) ;
#2041 = COLOUR_RGB ( '',0.8980392156862745400, 0.9215686274509803400, 0.9294117647058823800 ) ;
#2042 = ORIENTED_EDGE ( 'NONE', *, *, #2473, .F. ) ;
#2043 = DIRECTION ( 'NONE',  ( 1.000000000000000000, 0.0000000000000000000, 0.0000000000000000000 ) ) ;
#2044 = SURFACE_STYLE_USAGE ( .BOTH. , #1963 ) ;
#2045 = DIRECTION ( 'NONE',  ( 0.0000000000000000000, -1.000000000000000000, -0.0000000000000000000 ) ) ;
#2046 = ORIENTED_EDGE ( 'NONE', *, *, #2910, .F. ) ;
#2047 = CARTESIAN_POINT ( 'NONE',  ( 3.599999999999999600, -2.300129999999999800, -0.01000000000000000000 ) ) ;
#2048 = ORIENTED_EDGE ( 'NONE', *, *, #391, .F. ) ;
#2049 = EDGE_CURVE ( 'NONE', #1292, #562, #3565, .T. ) ;
#2050 = CARTESIAN_POINT ( 'NONE',  ( 1.509244428717605900, 3.954990000000000400, -1.571878146101223200 ) ) ;
#2051 = VERTEX_POINT ( 'NONE', #2395 ) ;
#2052 = VECTOR ( 'NONE', #3640, 1000.000000000000000 ) ;
#2053 = EDGE_CURVE ( 'NONE', #2233, #3717, #324, .T. ) ;
#2054 = VECTOR ( 'NONE', #3321, 1000.000000000000000 ) ;
#2055 = VERTEX_POINT ( 'NONE', #4079 ) ;
#2056 =( NAMED_UNIT ( * ) PLANE_ANGLE_UNIT ( ) SI_UNIT ( $, .RADIAN. ) );
#2057 = CARTESIAN_POINT ( 'NONE',  ( -0.02499999999999871100, -2.300129999999999800, -0.01000000000000000000 ) ) ;
#2058 = DIRECTION ( 'NONE',  ( 0.2762033010251989700, 0.0000000000000000000, -0.9610992334315866500 ) ) ;
#2059 = LINE ( 'NONE', #3050, #214 ) ;
#2060 = DIRECTION ( 'NONE',  ( -1.097929030185397200E-016, 1.000000000000000000, -0.0000000000000000000 ) ) ;
#2061 = PRESENTATION_LAYER_ASSIGNMENT (  '', '', ( #3675 ) ) ;
#2062 =( NAMED_UNIT ( * ) PLANE_ANGLE_UNIT ( ) SI_UNIT ( $, .RADIAN. ) );
#2063 = FACE_OUTER_BOUND ( 'NONE', #1775, .T. ) ;
#2064 = ORIENTED_EDGE ( 'NONE', *, *, #2256, .F. ) ;
#2065 = FACE_OUTER_BOUND ( 'NONE', #873, .T. ) ;
#2066 = EDGE_LOOP ( 'NONE', ( #3848, #3003, #2587, #750, #1854, #1203, #4104, #2020, #2844, #2772, #360 ) ) ;
#2067 = UNCERTAINTY_MEASURE_WITH_UNIT (LENGTH_MEASURE( 1.000000000000000100E-005 ), #998, 'distance_accuracy_value', 'NONE');
#2068 = CARTESIAN_POINT ( 'NONE',  ( 3.599999999999999600, 0.0000000000000000000, 0.0000000000000000000 ) ) ;
#2069 = ORIENTED_EDGE ( 'NONE', *, *, #557, .T. ) ;
#2070 = VECTOR ( 'NONE', #302, 1000.000000000000000 ) ;
#2071 = ORIENTED_EDGE ( 'NONE', *, *, #3611, .F. ) ;
#2072 = LINE ( 'NONE', #455, #3849 ) ;
#2073 = DIRECTION ( 'NONE',  ( -0.0000000000000000000, -1.000000000000000000, -0.0000000000000000000 ) ) ;
#2074 = EDGE_CURVE ( 'NONE', #1011, #32, #2059, .T. ) ;
#2075 = EDGE_LOOP ( 'NONE', ( #2750, #3626, #1717, #2360, #1744, #4261 ) ) ;
#2076 = COLOUR_RGB ( '',0.8980392156862745400, 0.9215686274509803400, 0.9294117647058823800 ) ;
#2077 =( NAMED_UNIT ( * ) SI_UNIT ( $, .STERADIAN. ) SOLID_ANGLE_UNIT ( ) );
#2078 = CARTESIAN_POINT ( 'NONE',  ( 1.391504429307656400, 3.949990000000000600, -1.571878146101223500 ) ) ;
#2079 = ORIENTED_EDGE ( 'NONE', *, *, #3893, .T. ) ;
#2080 = SURFACE_STYLE_FILL_AREA ( #472 ) ;
#2081 = EDGE_CURVE ( 'NONE', #3267, #2683, #3230, .T. ) ;
#2082 = PRESENTATION_LAYER_ASSIGNMENT (  '', '', ( #1596 ) ) ;
#2083 = CARTESIAN_POINT ( 'NONE',  ( 3.600000000000000100, 2.014935000000000400, -2.899999999999999900 ) ) ;
#2084 = LINE ( 'NONE', #1076, #450 ) ;
#2085 = ORIENTED_EDGE ( 'NONE', *, *, #597, .T. ) ;
#2086 = CARTESIAN_POINT ( 'NONE',  ( 1.928118998139454000, 3.954990000000000400, -1.329939999999992400 ) ) ;
#2087 =( NAMED_UNIT ( * ) SI_UNIT ( $, .STERADIAN. ) SOLID_ANGLE_UNIT ( ) );
#2088 = VECTOR ( 'NONE', #3360, 1000.000000000000000 ) ;
#2089 = VERTEX_POINT ( 'NONE', #3442 ) ;
#2090 = FACE_OUTER_BOUND ( 'NONE', #490, .T. ) ;
#2091 = CARTESIAN_POINT ( 'NONE',  ( 1.249368839762447800, 3.954990000000000400, -1.571878146101223500 ) ) ;
#2092 = SURFACE_STYLE_USAGE ( .BOTH. , #1124 ) ;
#2093 = ORIENTED_EDGE ( 'NONE', *, *, #807, .T. ) ;
#2094 = LINE ( 'NONE', #831, #1445 ) ;
#2095 =( NAMED_UNIT ( * ) SI_UNIT ( $, .STERADIAN. ) SOLID_ANGLE_UNIT ( ) );
#2096 = ORIENTED_EDGE ( 'NONE', *, *, #2154, .F. ) ;
#2097 = CYLINDRICAL_SURFACE ( 'NONE', #3975, 0.07499999999999998300 ) ;
#2098 =( NAMED_UNIT ( * ) SI_UNIT ( $, .STERADIAN. ) SOLID_ANGLE_UNIT ( ) );
#2099 = FILL_AREA_STYLE_COLOUR ( '', #440 ) ;
#2100 = EDGE_CURVE ( 'NONE', #1510, #1703, #3450, .T. ) ;
#2101 = PLANE ( 'NONE',  #3841 ) ;
#2102 = VERTEX_POINT ( 'NONE', #1389 ) ;
#2103 = CARTESIAN_POINT ( 'NONE',  ( 1.000800000000000400, 3.949990000000000600, -0.05000000000000000300 ) ) ;
#2104 = CARTESIAN_POINT ( 'NONE',  ( 1.391504429307656400, 3.949990000000000600, -1.571878146101223500 ) ) ;
#2105 = EDGE_CURVE ( 'NONE', #3436, #3798, #1755, .T. ) ;
#2106 = ORIENTED_EDGE ( 'NONE', *, *, #215, .T. ) ;
#2107 = CARTESIAN_POINT ( 'NONE',  ( 3.624999999999999100, -2.225129999999999600, -2.889999999999999700 ) ) ;
#2108 = DIRECTION ( 'NONE',  ( 0.9999960426590096500, 0.0000000000000000000, 0.002813301676022362000 ) ) ;
#2109 = PRESENTATION_STYLE_ASSIGNMENT (( #112 ) ) ;
#2110 = STYLED_ITEM ( 'NONE', ( #3962 ), #859 ) ;
#2111 = DIRECTION ( 'NONE',  ( -0.2793947940814905900, 0.0000000000000000000, 0.9601763114346039100 ) ) ;
#2112 =( NAMED_UNIT ( * ) PLANE_ANGLE_UNIT ( ) SI_UNIT ( $, .RADIAN. ) );
#2113 =( NAMED_UNIT ( * ) SI_UNIT ( $, .STERADIAN. ) SOLID_ANGLE_UNIT ( ) );
#2114 = LINE ( 'NONE', #1167, #531 ) ;
#2115 = VECTOR ( 'NONE', #3051, 1000.000000000000000 ) ;
#2116 = DIRECTION ( 'NONE',  ( 0.0000000000000000000, 0.0000000000000000000, 1.000000000000000000 ) ) ;
#2117 = STYLED_ITEM ( 'NONE', ( #948 ), #1168 ) ;
#2118 = ORIENTED_EDGE ( 'NONE', *, *, #2884, .F. ) ;
#2119 = LINE ( 'NONE', #1648, #885 ) ;
#2120 = ORIENTED_EDGE ( 'NONE', *, *, #2074, .F. ) ;
#2121 = ORIENTED_EDGE ( 'NONE', *, *, #1202, .T. ) ;
#2122 = COLOUR_RGB ( '',0.6470588235294118000, 0.5176470588235293500, 0.0000000000000000000 ) ;
#2123 = COLOUR_RGB ( '',0.8980392156862745400, 0.9215686274509803400, 0.9294117647058823800 ) ;
#2124 = ADVANCED_FACE ( 'NONE', ( #524 ), #3763, .F. ) ;
#2125 = DIRECTION ( 'NONE',  ( 1.000000000000000000, 1.356609324931812100E-016, 0.0000000000000000000 ) ) ;
#2126 = CARTESIAN_POINT ( 'NONE',  ( 1.288682813782766800, 3.954990000000000400, -1.468706366818483000 ) ) ;
#2127 = PLANE ( 'NONE',  #393 ) ;
#2128 = ORIENTED_EDGE ( 'NONE', *, *, #1267, .T. ) ;
#2129 = COLOUR_RGB ( '',0.8980392156862745400, 0.9215686274509803400, 0.9294117647058823800 ) ;
#2130 = EDGE_CURVE ( 'NONE', #3886, #580, #3777, .T. ) ;
#2131 = FACE_OUTER_BOUND ( 'NONE', #9, .T. ) ;
#2132 = PLANE ( 'NONE',  #2244 ) ;
#2133 = ORIENTED_EDGE ( 'NONE', *, *, #2795, .F. ) ;
#2134 = DIRECTION ( 'NONE',  ( -0.0000000000000000000, 6.994852725712931500E-017, -1.000000000000000000 ) ) ;
#2135 = EDGE_CURVE ( 'NONE', #1835, #2783, #2629, .T. ) ;
#2136 = ORIENTED_EDGE ( 'NONE', *, *, #3604, .F. ) ;
#2137 = AXIS2_PLACEMENT_3D ( 'NONE', #3944, #1964, #2567 ) ;
#2138 = DIRECTION ( 'NONE',  ( 0.0000000000000000000, 1.000000000000000000, -0.0000000000000000000 ) ) ;
#2139 =( NAMED_UNIT ( * ) SI_UNIT ( $, .STERADIAN. ) SOLID_ANGLE_UNIT ( ) );
#2140 = ORIENTED_EDGE ( 'NONE', *, *, #2549, .T. ) ;
#2141 = CARTESIAN_POINT ( 'NONE',  ( 0.0000000000000000000, 3.999870000000000900, -2.899999999999999900 ) ) ;
#2142 = PRESENTATION_LAYER_ASSIGNMENT (  '', '', ( #2512 ) ) ;
#2143 = UNCERTAINTY_MEASURE_WITH_UNIT (LENGTH_MEASURE( 1.000000000000000100E-005 ), #2746, 'distance_accuracy_value', 'NONE');
#2144 = CARTESIAN_POINT ( 'NONE',  ( -0.09999999999999870100, -2.300129999999999800, -2.889999999999999700 ) ) ;
#2145 = EDGE_LOOP ( 'NONE', ( #4026, #374, #4294, #1073 ) ) ;
#2146 = PLANE ( 'NONE',  #1608 ) ;
#2147 = ADVANCED_FACE ( 'NONE', ( #2305 ), #352, .F. ) ;
#2148 = DIRECTION ( 'NONE',  ( 0.9999891854650020400, 0.0000000000000000000, 0.004650693823678467500 ) ) ;
#2149 = ORIENTED_EDGE ( 'NONE', *, *, #1212, .F. ) ;
#2150 = ORIENTED_EDGE ( 'NONE', *, *, #3691, .T. ) ;
#2151 = PRESENTATION_STYLE_ASSIGNMENT (( #2556 ) ) ;
#2152 =( LENGTH_UNIT ( ) NAMED_UNIT ( * ) SI_UNIT ( .MILLI., .METRE. ) );
#2153 = CARTESIAN_POINT ( 'NONE',  ( 2.160178995160317400, 3.954990000000000400, -1.436099941449500800 ) ) ;
#2154 = EDGE_CURVE ( 'NONE', #3119, #3926, #430, .T. ) ;
#2155 = DIRECTION ( 'NONE',  ( -1.000000000000000000, -0.0000000000000000000, -0.0000000000000000000 ) ) ;
#2156 =( NAMED_UNIT ( * ) SI_UNIT ( $, .STERADIAN. ) SOLID_ANGLE_UNIT ( ) );
#2157 = EDGE_LOOP ( 'NONE', ( #2806, #4066, #2979, #469, #711, #2925 ) ) ;
#2158 = DIRECTION ( 'NONE',  ( 0.0000000000000000000, 0.0000000000000000000, -1.000000000000000000 ) ) ;
#2159 = EDGE_CURVE ( 'NONE', #1368, #1684, #1084, .T. ) ;
#2160 =( GEOMETRIC_REPRESENTATION_CONTEXT ( 3 ) GLOBAL_UNCERTAINTY_ASSIGNED_CONTEXT ( ( #1582 ) ) GLOBAL_UNIT_ASSIGNED_CONTEXT ( ( #3614, #3952, #959 ) ) REPRESENTATION_CONTEXT ( 'NONE', 'WORKASPACE' ) );
#2161 = DIRECTION ( 'NONE',  ( 1.000000000000000000, 0.0000000000000000000, -0.0000000000000000000 ) ) ;
#2162 = EDGE_LOOP ( 'NONE', ( #18, #875, #1625, #2035 ) ) ;
#2163 = LINE ( 'NONE', #2654, #2960 ) ;
#2164 = UNCERTAINTY_MEASURE_WITH_UNIT (LENGTH_MEASURE( 1.000000000000000100E-005 ), #4146, 'distance_accuracy_value', 'NONE');
#2165 = ADVANCED_FACE ( 'NONE', ( #1403 ), #3021, .F. ) ;
#2166 =( LENGTH_UNIT ( ) NAMED_UNIT ( * ) SI_UNIT ( .MILLI., .METRE. ) );
#2167 = VERTEX_POINT ( 'NONE', #2976 ) ;
#2168 = LINE ( 'NONE', #12, #2269 ) ;
#2169 = ORIENTED_EDGE ( 'NONE', *, *, #2376, .T. ) ;
#2170 = CARTESIAN_POINT ( 'NONE',  ( -0.02499999999999871100, -2.300129999999999800, -2.889999999999999700 ) ) ;
#2171 = ORIENTED_EDGE ( 'NONE', *, *, #3275, .F. ) ;
#2172 =( GEOMETRIC_REPRESENTATION_CONTEXT ( 3 ) GLOBAL_UNCERTAINTY_ASSIGNED_CONTEXT ( ( #379 ) ) GLOBAL_UNIT_ASSIGNED_CONTEXT ( ( #4315, #2601, #400 ) ) REPRESENTATION_CONTEXT ( 'NONE', 'WORKASPACE' ) );
#2173 = AXIS2_PLACEMENT_3D ( 'NONE', #1994, #1047, #2693 ) ;
#2174 = CARTESIAN_POINT ( 'NONE',  ( 2.599200000000000600, 2.014935000000000400, -2.899999999999999900 ) ) ;
#2175 = LINE ( 'NONE', #404, #3530 ) ;
#2176 = CARTESIAN_POINT ( 'NONE',  ( 0.0000000000000000000, 3.999870000000000900, -2.899999999999999900 ) ) ;
#2177 = ORIENTED_EDGE ( 'NONE', *, *, #1, .T. ) ;
#2178 = LINE ( 'NONE', #1552, #293 ) ;
#2179 = EDGE_CURVE ( 'NONE', #2102, #92, #1659, .T. ) ;
#2180 = ORIENTED_EDGE ( 'NONE', *, *, #517, .F. ) ;
#2181 = CARTESIAN_POINT ( 'NONE',  ( 1.957235556122789700, 3.954990000000000400, -1.329939999999992400 ) ) ;
#2182 = CARTESIAN_POINT ( 'NONE',  ( 1.509244428717605900, 3.954990000000000400, -1.571878146101223200 ) ) ;
#2183 = COLOUR_RGB ( '',0.8980392156862745400, 0.9215686274509803400, 0.9294117647058823800 ) ;
#2184 = EDGE_CURVE ( 'NONE', #3688, #602, #2163, .T. ) ;
#2185 = LINE ( 'NONE', #1990, #192 ) ;
#2186 = CARTESIAN_POINT ( 'NONE',  ( 2.210514299946901000, 3.949990000000000600, -1.329939999999992400 ) ) ;
#2187 = DIRECTION ( 'NONE',  ( -0.0000000000000000000, -0.0000000000000000000, 1.000000000000000000 ) ) ;
#2188 = ADVANCED_FACE ( 'NONE', ( #3980 ), #332, .F. ) ;
#2189 = SURFACE_STYLE_FILL_AREA ( #582 ) ;
#2190 = SURFACE_STYLE_FILL_AREA ( #3605 ) ;
#2191 = EDGE_LOOP ( 'NONE', ( #4096, #997, #454, #2679 ) ) ;
#2192 = STYLED_ITEM ( 'NONE', ( #278 ), #220 ) ;
#2193 =( GEOMETRIC_REPRESENTATION_CONTEXT ( 3 ) GLOBAL_UNCERTAINTY_ASSIGNED_CONTEXT ( ( #443 ) ) GLOBAL_UNIT_ASSIGNED_CONTEXT ( ( #2280, #1916, #3959 ) ) REPRESENTATION_CONTEXT ( 'NONE', 'WORKASPACE' ) );
#2194 = ORIENTED_EDGE ( 'NONE', *, *, #3399, .T. ) ;
#2195 = FACE_OUTER_BOUND ( 'NONE', #533, .T. ) ;
#2196 = DIRECTION ( 'NONE',  ( -0.0000000000000000000, -0.0000000000000000000, 1.000000000000000000 ) ) ;
#2197 = VERTEX_POINT ( 'NONE', #636 ) ;
#2198 = SURFACE_STYLE_USAGE ( .BOTH. , #3915 ) ;
#2199 = LINE ( 'NONE', #4043, #1237 ) ;
#2200 =( GEOMETRIC_REPRESENTATION_CONTEXT ( 3 ) GLOBAL_UNCERTAINTY_ASSIGNED_CONTEXT ( ( #2664 ) ) GLOBAL_UNIT_ASSIGNED_CONTEXT ( ( #3716, #924, #1305 ) ) REPRESENTATION_CONTEXT ( 'NONE', 'WORKASPACE' ) );
#2201 = DIRECTION ( 'NONE',  ( -1.000000000000000000, 0.0000000000000000000, 0.0000000000000000000 ) ) ;
#2202 = PLANE ( 'NONE',  #2488 ) ;
#2203 = ORIENTED_EDGE ( 'NONE', *, *, #597, .F. ) ;
#2204 = VERTEX_POINT ( 'NONE', #692 ) ;
#2205 = LINE ( 'NONE', #3895, #470 ) ;
#2206 = ADVANCED_FACE ( 'NONE', ( #2524 ), #1630, .F. ) ;
#2207 = CARTESIAN_POINT ( 'NONE',  ( 3.599999999999999600, -2.300129999999999800, -2.889999999999999700 ) ) ;
#2208 = EDGE_CURVE ( 'NONE', #1011, #3026, #2860, .T. ) ;
#2209 = ORIENTED_EDGE ( 'NONE', *, *, #1651, .T. ) ;
#2210 = VECTOR ( 'NONE', #2427, 1000.000000000000000 ) ;
#2211 = CARTESIAN_POINT ( 'NONE',  ( 1.866638775377903200, 3.954990000000000400, -1.329939999999992400 ) ) ;
#2212 = FACE_OUTER_BOUND ( 'NONE', #2066, .T. ) ;
#2213 =( NAMED_UNIT ( * ) PLANE_ANGLE_UNIT ( ) SI_UNIT ( $, .RADIAN. ) );
#2214 = EDGE_CURVE ( 'NONE', #809, #2204, #1191, .T. ) ;
#2215 = UNCERTAINTY_MEASURE_WITH_UNIT (LENGTH_MEASURE( 1.000000000000000100E-005 ), #712, 'distance_accuracy_value', 'NONE');
#2216 =( GEOMETRIC_REPRESENTATION_CONTEXT ( 3 ) GLOBAL_UNCERTAINTY_ASSIGNED_CONTEXT ( ( #1911 ) ) GLOBAL_UNIT_ASSIGNED_CONTEXT ( ( #168, #1593, #1948 ) ) REPRESENTATION_CONTEXT ( 'NONE', 'WORKASPACE' ) );
#2217 = DIRECTION ( 'NONE',  ( 0.0000000000000000000, -0.0000000000000000000, -1.000000000000000000 ) ) ;
#2218 = VERTEX_POINT ( 'NONE', #3978 ) ;
#2219 = LINE ( 'NONE', #3123, #3086 ) ;
#2220 = ORIENTED_EDGE ( 'NONE', *, *, #4297, .T. ) ;
#2221 = UNCERTAINTY_MEASURE_WITH_UNIT (LENGTH_MEASURE( 1.000000000000000100E-005 ), #3654, 'distance_accuracy_value', 'NONE');
#2222 = VECTOR ( 'NONE', #4029, 1000.000000000000100 ) ;
#2223 = EDGE_LOOP ( 'NONE', ( #4173, #3039, #1956, #639 ) ) ;
#2224 = DIRECTION ( 'NONE',  ( 0.4668459304955209200, 0.0000000000000000000, -0.8843386665637611400 ) ) ;
#2225 = VERTEX_POINT ( 'NONE', #1644 ) ;
#2226 = DIRECTION ( 'NONE',  ( 1.000000000000000000, 0.0000000000000000000, 0.0000000000000000000 ) ) ;
#2227 = DIRECTION ( 'NONE',  ( 0.0000000000000000000, 0.0000000000000000000, -1.000000000000000000 ) ) ;
#2228 =( NAMED_UNIT ( * ) PLANE_ANGLE_UNIT ( ) SI_UNIT ( $, .RADIAN. ) );
#2229 = ORIENTED_EDGE ( 'NONE', *, *, #108, .F. ) ;
#2230 = DIRECTION ( 'NONE',  ( 0.0000000000000000000, 1.000000000000000000, 6.994852725712931500E-017 ) ) ;
#2231 = DIRECTION ( 'NONE',  ( -0.0000000000000000000, -0.0000000000000000000, 1.000000000000000000 ) ) ;
#2232 = VECTOR ( 'NONE', #834, 1000.000000000000000 ) ;
#2233 = VERTEX_POINT ( 'NONE', #3006 ) ;
#2234 = CIRCLE ( 'NONE', #3954, 0.07499999999999998300 ) ;
#2235 = EDGE_CURVE ( 'NONE', #2055, #4332, #2969, .T. ) ;
#2236 = LINE ( 'NONE', #3057, #402 ) ;
#2237 = DIRECTION ( 'NONE',  ( 0.0000000000000000000, 0.0000000000000000000, -1.000000000000000000 ) ) ;
#2238 = EDGE_CURVE ( 'NONE', #767, #1991, #3081, .T. ) ;
#2239 = MECHANICAL_DESIGN_GEOMETRIC_PRESENTATION_REPRESENTATION (  '', ( #468 ), #2160 ) ;
#2240 = ORIENTED_EDGE ( 'NONE', *, *, #3496, .T. ) ;
#2241 = DIRECTION ( 'NONE',  ( 0.0000000000000000000, 0.0000000000000000000, -1.000000000000000000 ) ) ;
#2242 = DIRECTION ( 'NONE',  ( -0.0000000000000000000, -0.0000000000000000000, 1.000000000000000000 ) ) ;
#2243 = ADVANCED_FACE ( 'NONE', ( #626 ), #994, .F. ) ;
#2244 = AXIS2_PLACEMENT_3D ( 'NONE', #1507, #3866, #175 ) ;
#2245 = VERTEX_POINT ( 'NONE', #1972 ) ;
#2246 = MECHANICAL_DESIGN_GEOMETRIC_PRESENTATION_REPRESENTATION (  '', ( #146 ), #4093 ) ;
#2247 = EDGE_LOOP ( 'NONE', ( #3586, #3196, #1186, #540 ) ) ;
#2248 = CARTESIAN_POINT ( 'NONE',  ( 1.000800000000000400, 2.049815000000001100, -0.05000000000000012800 ) ) ;
#2249 = FILL_AREA_STYLE_COLOUR ( '', #2123 ) ;
#2250 = PRESENTATION_LAYER_ASSIGNMENT (  '', '', ( #3712 ) ) ;
#2251 = VERTEX_POINT ( 'NONE', #3432 ) ;
#2252 = CARTESIAN_POINT ( 'NONE',  ( 2.599200000000000200, 3.949990000000000600, -0.05000000000000000300 ) ) ;
#2253 = DIRECTION ( 'NONE',  ( 1.000000000000000000, 0.0000000000000000000, 0.0000000000000000000 ) ) ;
#2254 =( NAMED_UNIT ( * ) PLANE_ANGLE_UNIT ( ) SI_UNIT ( $, .RADIAN. ) );
#2255 = ORIENTED_EDGE ( 'NONE', *, *, #1922, .T. ) ;
#2256 = EDGE_CURVE ( 'NONE', #2318, #3247, #1411, .T. ) ;
#2257 = DIRECTION ( 'NONE',  ( -1.000000000000000000, 0.0000000000000000000, 1.495451272393799500E-016 ) ) ;
#2258 = LINE ( 'NONE', #2571, #4190 ) ;
#2259 = ORIENTED_EDGE ( 'NONE', *, *, #1861, .F. ) ;
#2260 = DIRECTION ( 'NONE',  ( -0.0000000000000000000, -0.0000000000000000000, 1.000000000000000000 ) ) ;
#2261 = EDGE_CURVE ( 'NONE', #3767, #1322, #1143, .T. ) ;
#2262 = SURFACE_SIDE_STYLE ('',( #3658 ) ) ;
#2263 = VECTOR ( 'NONE', #1812, 1000.000000000000000 ) ;
#2264 = ADVANCED_FACE ( 'NONE', ( #3347 ), #3766, .F. ) ;
#2265 = SURFACE_SIDE_STYLE ('',( #1634 ) ) ;
#2266 = ORIENTED_EDGE ( 'NONE', *, *, #369, .T. ) ;
#2267 = FACE_OUTER_BOUND ( 'NONE', #2223, .T. ) ;
#2268 =( NAMED_UNIT ( * ) SI_UNIT ( $, .STERADIAN. ) SOLID_ANGLE_UNIT ( ) );
#2269 = VECTOR ( 'NONE', #2633, 1000.000000000000100 ) ;
#2270 = EDGE_CURVE ( 'NONE', #1235, #2089, #2424, .T. ) ;
#2271 = PRESENTATION_LAYER_ASSIGNMENT (  '', '', ( #2648 ) ) ;
#2272 = CARTESIAN_POINT ( 'NONE',  ( 2.156572397128510500E-016, 1.984935000000000600, -2.899999999999999900 ) ) ;
#2273 = ORIENTED_EDGE ( 'NONE', *, *, #113, .T. ) ;
#2274 = LINE ( 'NONE', #1247, #2822 ) ;
#2275 = ORIENTED_EDGE ( 'NONE', *, *, #414, .F. ) ;
#2276 =( GEOMETRIC_REPRESENTATION_CONTEXT ( 3 ) GLOBAL_UNCERTAINTY_ASSIGNED_CONTEXT ( ( #1818 ) ) GLOBAL_UNIT_ASSIGNED_CONTEXT ( ( #2482, #3130, #2087 ) ) REPRESENTATION_CONTEXT ( 'NONE', 'WORKASPACE' ) );
#2277 = SURFACE_STYLE_FILL_AREA ( #2892 ) ;
#2278 = DIRECTION ( 'NONE',  ( 0.0000000000000000000, -1.000000000000000000, -0.0000000000000000000 ) ) ;
#2279 = CARTESIAN_POINT ( 'NONE',  ( 0.0000000000000000000, 3.999870000000000900, 0.0000000000000000000 ) ) ;
#2280 =( LENGTH_UNIT ( ) NAMED_UNIT ( * ) SI_UNIT ( .MILLI., .METRE. ) );
#2281 = EDGE_LOOP ( 'NONE', ( #1785, #2824, #462, #2778 ) ) ;
#2282 = FACE_OUTER_BOUND ( 'NONE', #3953, .T. ) ;
#2283 = VECTOR ( 'NONE', #433, 1000.000000000000000 ) ;
#2284 = CARTESIAN_POINT ( 'NONE',  ( 1.000800000000000400, 3.949990000000000600, -8.606370480400559600E-017 ) ) ;
#2285 = ORIENTED_EDGE ( 'NONE', *, *, #1432, .T. ) ;
#2286 = DIRECTION ( 'NONE',  ( 0.0000000000000000000, 0.0000000000000000000, -1.000000000000000000 ) ) ;
#2287 = COLOUR_RGB ( '',0.8980392156862745400, 0.9215686274509803400, 0.9294117647058823800 ) ;
#2288 = ADVANCED_FACE ( 'NONE', ( #476 ), #2026, .F. ) ;
#2289 = EDGE_CURVE ( 'NONE', #2585, #1835, #221, .T. ) ;
#2290 = ORIENTED_EDGE ( 'NONE', *, *, #2671, .T. ) ;
#2291 = FILL_AREA_STYLE_COLOUR ( '', #2469 ) ;
#2292 = SURFACE_SIDE_STYLE ('',( #4252 ) ) ;
#2293 = EDGE_LOOP ( 'NONE', ( #3845, #1810, #820, #1178 ) ) ;
#2294 = DIRECTION ( 'NONE',  ( 1.000000000000000000, 0.0000000000000000000, 0.0000000000000000000 ) ) ;
#2295 = LINE ( 'NONE', #1141, #3325 ) ;
#2296 = EDGE_CURVE ( 'NONE', #558, #1721, #4295, .T. ) ;
#2297 = AXIS2_PLACEMENT_3D ( 'NONE', #166, #3824, #2461 ) ;
#2298 = SURFACE_STYLE_USAGE ( .BOTH. , #1033 ) ;
#2299 = DIRECTION ( 'NONE',  ( 0.0000000000000000000, 0.0000000000000000000, 1.000000000000000000 ) ) ;
#2300 = ORIENTED_EDGE ( 'NONE', *, *, #1675, .T. ) ;
#2301 = COLOUR_RGB ( '',0.8980392156862745400, 0.9215686274509803400, 0.9294117647058823800 ) ;
#2302 = ORIENTED_EDGE ( 'NONE', *, *, #3375, .F. ) ;
#2303 = LINE ( 'NONE', #2573, #3664 ) ;
#2304 = DIRECTION ( 'NONE',  ( 1.000000000000000000, 0.0000000000000000000, 0.0000000000000000000 ) ) ;
#2305 = FACE_OUTER_BOUND ( 'NONE', #1520, .T. ) ;
#2306 = ORIENTED_EDGE ( 'NONE', *, *, #1868, .F. ) ;
#2307 = DIRECTION ( 'NONE',  ( 0.0000000000000000000, 0.0000000000000000000, -1.000000000000000000 ) ) ;
#2308 = DIRECTION ( 'NONE',  ( 0.0000000000000000000, 0.0000000000000000000, -1.000000000000000000 ) ) ;
#2309 = PRESENTATION_LAYER_ASSIGNMENT (  '', '', ( #643 ) ) ;
#2310 = STYLED_ITEM ( 'NONE', ( #1155 ), #1517 ) ;
#2311 = ORIENTED_EDGE ( 'NONE', *, *, #4078, .F. ) ;
#2312 = LINE ( 'NONE', #1773, #2210 ) ;
#2313 =( NAMED_UNIT ( * ) SI_UNIT ( $, .STERADIAN. ) SOLID_ANGLE_UNIT ( ) );
#2314 = SURFACE_STYLE_USAGE ( .BOTH. , #2346 ) ;
#2315 = LINE ( 'NONE', #4277, #729 ) ;
#2316 = EDGE_CURVE ( 'NONE', #788, #2218, #3398, .T. ) ;
#2317 = DIRECTION ( 'NONE',  ( 0.0000000000000000000, 0.0000000000000000000, -1.000000000000000000 ) ) ;
#2318 = VERTEX_POINT ( 'NONE', #731 ) ;
#2319 = COLOUR_RGB ( '',0.8980392156862745400, 0.9215686274509803400, 0.9294117647058823800 ) ;
#2320 = PRESENTATION_STYLE_ASSIGNMENT (( #783 ) ) ;
#2321 = EDGE_CURVE ( 'NONE', #3805, #3421, #2807, .T. ) ;
#2322 = CARTESIAN_POINT ( 'NONE',  ( 1.301042606982605300E-015, 0.0000000000000000000, -2.889999999999999700 ) ) ;
#2323 = ORIENTED_EDGE ( 'NONE', *, *, #2002, .F. ) ;
#2324 = ORIENTED_EDGE ( 'NONE', *, *, #164, .F. ) ;
#2325 = FILL_AREA_STYLE ('',( #2031 ) ) ;
#2326 = DIRECTION ( 'NONE',  ( 0.0000000000000000000, 0.0000000000000000000, 1.000000000000000000 ) ) ;
#2327 = ORIENTED_EDGE ( 'NONE', *, *, #2439, .T. ) ;
#2328 = UNCERTAINTY_MEASURE_WITH_UNIT (LENGTH_MEASURE( 1.000000000000000100E-005 ), #3270, 'distance_accuracy_value', 'NONE');
#2329 = DIRECTION ( 'NONE',  ( -0.2740217765954080500, 0.0000000000000000000, 0.9617234872620592500 ) ) ;
#2330 = FACE_OUTER_BOUND ( 'NONE', #3486, .T. ) ;
#2331 = PRESENTATION_LAYER_ASSIGNMENT (  '', '', ( #2110 ) ) ;
#2332 =( GEOMETRIC_REPRESENTATION_CONTEXT ( 3 ) GLOBAL_UNCERTAINTY_ASSIGNED_CONTEXT ( ( #3771 ) ) GLOBAL_UNIT_ASSIGNED_CONTEXT ( ( #3724, #1695, #61 ) ) REPRESENTATION_CONTEXT ( 'NONE', 'WORKASPACE' ) );
#2333 = VECTOR ( 'NONE', #1568, 1000.000000000000000 ) ;
#2334 = ORIENTED_EDGE ( 'NONE', *, *, #590, .F. ) ;
#2335 = CARTESIAN_POINT ( 'NONE',  ( 1.551576726068013300, 3.954990000000000400, -1.480826005341529900 ) ) ;
#2336 = VECTOR ( 'NONE', #199, 1000.000000000000000 ) ;
#2337 = CARTESIAN_POINT ( 'NONE',  ( 2.069127590038608600, 3.949990000000000600, -1.480817913321492500 ) ) ;
#2338 = LINE ( 'NONE', #2047, #1372 ) ;
#2339 = SURFACE_SIDE_STYLE ('',( #1709 ) ) ;
#2340 = ORIENTED_EDGE ( 'NONE', *, *, #561, .F. ) ;
#2341 = MECHANICAL_DESIGN_GEOMETRIC_PRESENTATION_REPRESENTATION (  '', ( #3765 ), #315 ) ;
#2342 =( NAMED_UNIT ( * ) PLANE_ANGLE_UNIT ( ) SI_UNIT ( $, .RADIAN. ) );
#2343 = ORIENTED_EDGE ( 'NONE', *, *, #4022, .F. ) ;
#2344 = CARTESIAN_POINT ( 'NONE',  ( 1.551576726068013300, 3.954990000000000400, -1.480826005341529900 ) ) ;
#2345 = SURFACE_STYLE_FILL_AREA ( #3277 ) ;
#2346 = SURFACE_SIDE_STYLE ('',( #1250 ) ) ;
#2347 = CARTESIAN_POINT ( 'NONE',  ( 3.599999999999999600, -2.300129999999999800, -0.01000000000000000000 ) ) ;
#2348 = VECTOR ( 'NONE', #2875, 1000.000000000000000 ) ;
#2349 = ORIENTED_EDGE ( 'NONE', *, *, #1146, .T. ) ;
#2350 = VECTOR ( 'NONE', #1161, 1000.000000000000000 ) ;
#2351 = CARTESIAN_POINT ( 'NONE',  ( 1.000800000000000800, -2.235651244454480100E-017, -0.05000000000000000300 ) ) ;
#2352 = CARTESIAN_POINT ( 'NONE',  ( 2.401786734180402700, 3.954990000000000400, -1.525159129200319500 ) ) ;
#2353 = EDGE_CURVE ( 'NONE', #612, #1774, #775, .T. ) ;
#2354 = CARTESIAN_POINT ( 'NONE',  ( 0.0000000000000000000, 3.949990000000000600, 0.0000000000000000000 ) ) ;
#2355 = ORIENTED_EDGE ( 'NONE', *, *, #2581, .T. ) ;
#2356 = LINE ( 'NONE', #1042, #2899 ) ;
#2357 = DIRECTION ( 'NONE',  ( 1.000000000000000000, 0.0000000000000000000, 0.0000000000000000000 ) ) ;
#2358 = CARTESIAN_POINT ( 'NONE',  ( 1.000799999999999900, 3.949990000000000600, -2.899999999999999900 ) ) ;
#2359 = EDGE_CURVE ( 'NONE', #1292, #2876, #570, .T. ) ;
#2360 = ORIENTED_EDGE ( 'NONE', *, *, #2819, .T. ) ;
#2361 = PRESENTATION_STYLE_ASSIGNMENT (( #996 ) ) ;
#2362 = STYLED_ITEM ( 'NONE', ( #152 ), #3552 ) ;
#2363 = SURFACE_STYLE_USAGE ( .BOTH. , #1284 ) ;
#2364 = CARTESIAN_POINT ( 'NONE',  ( 2.599200000000000600, 0.04987999999999998000, -0.05000000000000000300 ) ) ;
#2365 = ORIENTED_EDGE ( 'NONE', *, *, #684, .F. ) ;
#2366 = DIRECTION ( 'NONE',  ( -0.0000000000000000000, -1.000000000000000000, -0.0000000000000000000 ) ) ;
#2367 = CARTESIAN_POINT ( 'NONE',  ( 1.642644315228731300, 3.954990000000000400, -1.436099941449988000 ) ) ;
#2368 = PLANE ( 'NONE',  #3666 ) ;
#2369 = EDGE_LOOP ( 'NONE', ( #378, #3538, #1021, #346 ) ) ;
#2370 = CARTESIAN_POINT ( 'NONE',  ( 3.599999999999999600, -2.300129999999999800, -0.01000000000000000000 ) ) ;
#2371 = CARTESIAN_POINT ( 'NONE',  ( 2.082221949111482400, 3.949990000000000600, -1.525818370243124100 ) ) ;
#2372 = CARTESIAN_POINT ( 'NONE',  ( 3.599999999999999600, 3.999870000000000900, 0.0000000000000000000 ) ) ;
#2373 =( NAMED_UNIT ( * ) SI_UNIT ( $, .STERADIAN. ) SOLID_ANGLE_UNIT ( ) );
#2374 = CARTESIAN_POINT ( 'NONE',  ( 1.805840744709148900, 3.954990000000000400, -1.399034426002697200 ) ) ;
#2375 = CARTESIAN_POINT ( 'NONE',  ( 2.039203301366334700, 3.949990000000000600, -1.375977706713143800 ) ) ;
#2376 = EDGE_CURVE ( 'NONE', #780, #2975, #24, .T. ) ;
#2377 = VERTEX_POINT ( 'NONE', #3513 ) ;
#2378 = LINE ( 'NONE', #1051, #3898 ) ;
#2379 =( NAMED_UNIT ( * ) SI_UNIT ( $, .STERADIAN. ) SOLID_ANGLE_UNIT ( ) );
#2380 = DIRECTION ( 'NONE',  ( 0.2793947940814905900, 0.0000000000000000000, -0.9601763114346039100 ) ) ;
#2381 = DIRECTION ( 'NONE',  ( -1.000000000000000000, 2.713218649863624200E-016, 0.0000000000000000000 ) ) ;
#2382 = EDGE_LOOP ( 'NONE', ( #1757, #764, #3825, #1671 ) ) ;
#2383 = EDGE_CURVE ( 'NONE', #2572, #1210, #2578, .T. ) ;
#2384 = VECTOR ( 'NONE', #2737, 1000.000000000000000 ) ;
#2385 =( GEOMETRIC_REPRESENTATION_CONTEXT ( 3 ) GLOBAL_UNCERTAINTY_ASSIGNED_CONTEXT ( ( #2328 ) ) GLOBAL_UNIT_ASSIGNED_CONTEXT ( ( #3270, #2254, #1291 ) ) REPRESENTATION_CONTEXT ( 'NONE', 'WORKASPACE' ) );
#2386 = ORIENTED_EDGE ( 'NONE', *, *, #1012, .T. ) ;
#2387 = UNCERTAINTY_MEASURE_WITH_UNIT (LENGTH_MEASURE( 1.000000000000000100E-005 ), #2166, 'distance_accuracy_value', 'NONE');
#2388 = CARTESIAN_POINT ( 'NONE',  ( 2.069127590038608600, 3.954990000000000400, -1.480817913321492500 ) ) ;
#2389 = DIRECTION ( 'NONE',  ( 0.0000000000000000000, 0.0000000000000000000, 1.000000000000000000 ) ) ;
#2390 = ORIENTED_EDGE ( 'NONE', *, *, #4035, .T. ) ;
#2391 =( GEOMETRIC_REPRESENTATION_CONTEXT ( 3 ) GLOBAL_UNCERTAINTY_ASSIGNED_CONTEXT ( ( #1966 ) ) GLOBAL_UNIT_ASSIGNED_CONTEXT ( ( #2965, #2621, #3402 ) ) REPRESENTATION_CONTEXT ( 'NONE', 'WORKASPACE' ) );
#2392 = LINE ( 'NONE', #1172, #1430 ) ;
#2393 = DIRECTION ( 'NONE',  ( -1.000000000000000000, 0.0000000000000000000, 0.0000000000000000000 ) ) ;
#2394 = VECTOR ( 'NONE', #1366, 1000.000000000000100 ) ;
#2395 = CARTESIAN_POINT ( 'NONE',  ( 1.891565573674294500, 3.954990000000000400, -1.571878146101223000 ) ) ;
#2396 = CARTESIAN_POINT ( 'NONE',  ( 1.700266115699353000, 3.949990000000000600, -1.329939999999992400 ) ) ;
#2397 = EDGE_LOOP ( 'NONE', ( #307, #165, #725, #2515 ) ) ;
#2398 = SURFACE_STYLE_FILL_AREA ( #3649 ) ;
#2399 = CARTESIAN_POINT ( 'NONE',  ( 1.928118998139454000, 3.949990000000000600, -1.329939999999992400 ) ) ;
#2400 =( GEOMETRIC_REPRESENTATION_CONTEXT ( 3 ) GLOBAL_UNCERTAINTY_ASSIGNED_CONTEXT ( ( #1262 ) ) GLOBAL_UNIT_ASSIGNED_CONTEXT ( ( #3335, #3005, #634 ) ) REPRESENTATION_CONTEXT ( 'NONE', 'WORKASPACE' ) );
#2401 = AXIS2_PLACEMENT_3D ( 'NONE', #3702, #64, #3363 ) ;
#2402 = DIRECTION ( 'NONE',  ( 0.0000000000000000000, -1.000000000000000000, 0.0000000000000000000 ) ) ;
#2403 = FACE_OUTER_BOUND ( 'NONE', #4171, .T. ) ;
#2404 = VERTEX_POINT ( 'NONE', #1436 ) ;
#2405 = PLANE ( 'NONE',  #2773 ) ;
#2406 = PLANE ( 'NONE',  #4092 ) ;
#2407 = EDGE_CURVE ( 'NONE', #188, #3854, #2477, .T. ) ;
#2408 = ORIENTED_EDGE ( 'NONE', *, *, #4212, .T. ) ;
#2409 = UNCERTAINTY_MEASURE_WITH_UNIT (LENGTH_MEASURE( 1.000000000000000100E-005 ), #3662, 'distance_accuracy_value', 'NONE');
#2410 =( LENGTH_UNIT ( ) NAMED_UNIT ( * ) SI_UNIT ( .MILLI., .METRE. ) );
#2411 = ORIENTED_EDGE ( 'NONE', *, *, #1152, .T. ) ;
#2412 = EDGE_CURVE ( 'NONE', #1338, #1719, #2312, .T. ) ;
#2413 = CARTESIAN_POINT ( 'NONE',  ( 1.000800000000000100, 1.984935000000000600, -2.899999999999999900 ) ) ;
#2414 = ORIENTED_EDGE ( 'NONE', *, *, #1043, .T. ) ;
#2415 = LINE ( 'NONE', #913, #4289 ) ;
#2416 = DIRECTION ( 'NONE',  ( -0.0000000000000000000, -0.0000000000000000000, 1.000000000000000000 ) ) ;
#2417 = EDGE_CURVE ( 'NONE', #3475, #1207, #2691, .T. ) ;
#2418 = AXIS2_PLACEMENT_3D ( 'NONE', #2798, #1802, #4167 ) ;
#2419 = ORIENTED_EDGE ( 'NONE', *, *, #829, .T. ) ;
#2420 = LINE ( 'NONE', #2490, #563 ) ;
#2421 = DIRECTION ( 'NONE',  ( 1.000000000000000000, 0.0000000000000000000, -0.0000000000000000000 ) ) ;
#2422 = CARTESIAN_POINT ( 'NONE',  ( 2.599200000000000600, 2.014935000000000400, 0.0000000000000000000 ) ) ;
#2423 = ORIENTED_EDGE ( 'NONE', *, *, #1895, .T. ) ;
#2424 = CIRCLE ( 'NONE', #1800, 0.07499999999999998300 ) ;
#2425 = AXIS2_PLACEMENT_3D ( 'NONE', #3175, #1160, #3859 ) ;
#2426 = CARTESIAN_POINT ( 'NONE',  ( 0.8500000000000013100, 0.0000000000000000000, 0.0000000000000000000 ) ) ;
#2427 = DIRECTION ( 'NONE',  ( -0.0000000000000000000, -0.0000000000000000000, 1.000000000000000000 ) ) ;
#2428 = CARTESIAN_POINT ( 'NONE',  ( 1.412631956786021500, 3.954990000000000400, -1.329939999999992600 ) ) ;
#2429 = ORIENTED_EDGE ( 'NONE', *, *, #2819, .F. ) ;
#2430 = ORIENTED_EDGE ( 'NONE', *, *, #2971, .T. ) ;
#2431 = CARTESIAN_POINT ( 'NONE',  ( 1.286288311410339400, 3.949990000000000600, -1.461305847026829200 ) ) ;
#2432 = DIRECTION ( 'NONE',  ( 1.000000000000000000, 0.0000000000000000000, -2.990902544787599100E-016 ) ) ;
#2433 =( NAMED_UNIT ( * ) PLANE_ANGLE_UNIT ( ) SI_UNIT ( $, .RADIAN. ) );
#2434 = ORIENTED_EDGE ( 'NONE', *, *, #2607, .T. ) ;
#2435 = CARTESIAN_POINT ( 'NONE',  ( 2.140026923674777800, 3.949990000000000600, -1.329939999999992400 ) ) ;
#2436 = LINE ( 'NONE', #1978, #1257 ) ;
#2437 = ORIENTED_EDGE ( 'NONE', *, *, #1541, .T. ) ;
#2438 = FILL_AREA_STYLE ('',( #2484 ) ) ;
#2439 = EDGE_CURVE ( 'NONE', #2651, #2936, #3460, .T. ) ;
#2440 = VERTEX_POINT ( 'NONE', #2078 ) ;
#2441 = DIRECTION ( 'NONE',  ( 0.9984327301130245800, 0.0000000000000000000, 0.05596501978068264800 ) ) ;
#2442 = DIRECTION ( 'NONE',  ( 0.9999960426590096500, 0.0000000000000000000, 0.002813301676022362000 ) ) ;
#2443 = CARTESIAN_POINT ( 'NONE',  ( 1.655800467905800500, 3.954990000000000400, -1.375968879055943700 ) ) ;
#2444 = ORIENTED_EDGE ( 'NONE', *, *, #2466, .T. ) ;
#2445 = VECTOR ( 'NONE', #1848, 1000.000000000000000 ) ;
#2446 = EDGE_CURVE ( 'NONE', #2027, #1457, #4186, .T. ) ;
#2447 = DIRECTION ( 'NONE',  ( 1.000000000000000000, 0.0000000000000000000, 0.0000000000000000000 ) ) ;
#2448 = MECHANICAL_DESIGN_GEOMETRIC_PRESENTATION_REPRESENTATION (  '', ( #4192 ), #2193 ) ;
#2449 = LINE ( 'NONE', #3072, #2662 ) ;
#2450 = LINE ( 'NONE', #2375, #953 ) ;
#2451 = DIRECTION ( 'NONE',  ( 0.0000000000000000000, 0.0000000000000000000, 1.000000000000000000 ) ) ;
#2452 = PLANE ( 'NONE',  #4258 ) ;
#2453 = PLANE ( 'NONE',  #1422 ) ;
#2454 = FACE_OUTER_BOUND ( 'NONE', #3615, .T. ) ;
#2455 = DIRECTION ( 'NONE',  ( 0.0000000000000000000, 0.0000000000000000000, 1.000000000000000000 ) ) ;
#2456 = ORIENTED_EDGE ( 'NONE', *, *, #4278, .F. ) ;
#2457 = MECHANICAL_DESIGN_GEOMETRIC_PRESENTATION_REPRESENTATION (  '', ( #1580 ), #2276 ) ;
#2458 = LINE ( 'NONE', #937, #1019 ) ;
#2459 = DIRECTION ( 'NONE',  ( 0.0000000000000000000, -1.000000000000000000, 0.0000000000000000000 ) ) ;
#2460 =( LENGTH_UNIT ( ) NAMED_UNIT ( * ) SI_UNIT ( .MILLI., .METRE. ) );
#2461 = DIRECTION ( 'NONE',  ( -0.2755520632520602800, 0.0000000000000000000, 0.9612861490927312500 ) ) ;
#2462 = ORIENTED_EDGE ( 'NONE', *, *, #2961, .T. ) ;
#2463 = COLOUR_RGB ( '',0.8980392156862745400, 0.9215686274509803400, 0.9294117647058823800 ) ;
#2464 = ORIENTED_EDGE ( 'NONE', *, *, #983, .F. ) ;
#2465 =( LENGTH_UNIT ( ) NAMED_UNIT ( * ) SI_UNIT ( .MILLI., .METRE. ) );
#2466 = EDGE_CURVE ( 'NONE', #395, #618, #3837, .T. ) ;
#2467 = CARTESIAN_POINT ( 'NONE',  ( 2.599200000000000200, 3.949990000000000600, 8.033022604836545100E-017 ) ) ;
#2468 = ORIENTED_EDGE ( 'NONE', *, *, #2321, .T. ) ;
#2469 = COLOUR_RGB ( '',0.8980392156862745400, 0.9215686274509803400, 0.9294117647058823800 ) ;
#2470 = UNCERTAINTY_MEASURE_WITH_UNIT (LENGTH_MEASURE( 1.000000000000000100E-005 ), #2603, 'distance_accuracy_value', 'NONE');
#2471 = PLANE ( 'NONE',  #2559 ) ;
#2472 = PLANE ( 'NONE',  #3508 ) ;
#2473 = EDGE_CURVE ( 'NONE', #2783, #2474, #726, .T. ) ;
#2474 = VERTEX_POINT ( 'NONE', #4139 ) ;
#2475 = AXIS2_PLACEMENT_3D ( 'NONE', #3685, #4007, #1309 ) ;
#2476 = ORIENTED_EDGE ( 'NONE', *, *, #2764, .T. ) ;
#2477 = LINE ( 'NONE', #3793, #3619 ) ;
#2478 = AXIS2_PLACEMENT_3D ( 'NONE', #940, #2954, #3251 ) ;
#2479 =( GEOMETRIC_REPRESENTATION_CONTEXT ( 3 ) GLOBAL_UNCERTAINTY_ASSIGNED_CONTEXT ( ( #2215 ) ) GLOBAL_UNIT_ASSIGNED_CONTEXT ( ( #712, #4088, #3518 ) ) REPRESENTATION_CONTEXT ( 'NONE', 'WORKASPACE' ) );
#2480 = ADVANCED_FACE ( 'NONE', ( #1605 ), #155, .F. ) ;
#2481 = CARTESIAN_POINT ( 'NONE',  ( 2.210514299946901000, 3.954990000000000400, -1.329939999999992400 ) ) ;
#2482 =( LENGTH_UNIT ( ) NAMED_UNIT ( * ) SI_UNIT ( .MILLI., .METRE. ) );
#2483 = FILL_AREA_STYLE ('',( #1461 ) ) ;
#2484 = FILL_AREA_STYLE_COLOUR ( '', #2828 ) ;
#2485 = LINE ( 'NONE', #3638, #1300 ) ;
#2486 = FACE_OUTER_BOUND ( 'NONE', #1598, .T. ) ;
#2487 = DIRECTION ( 'NONE',  ( 1.000000000000000000, -0.0000000000000000000, -0.0000000000000000000 ) ) ;
#2488 = AXIS2_PLACEMENT_3D ( 'NONE', #2174, #261, #1842 ) ;
#2489 = CARTESIAN_POINT ( 'NONE',  ( 0.8500000000000013100, -2.200129999999999700, -0.01000000000000000000 ) ) ;
#2490 = CARTESIAN_POINT ( 'NONE',  ( 2.266643490804188600, 3.954990000000000400, -1.525164387927532300 ) ) ;
#2491 = EDGE_LOOP ( 'NONE', ( #4154, #3459, #2761, #4133 ) ) ;
#2492 = ORIENTED_EDGE ( 'NONE', *, *, #3395, .F. ) ;
#2493 = VERTEX_POINT ( 'NONE', #1111 ) ;
#2494 = COLOUR_RGB ( '',0.8980392156862745400, 0.9215686274509803400, 0.9294117647058823800 ) ;
#2495 = CARTESIAN_POINT ( 'NONE',  ( 1.762111214983447000, 3.954990000000000400, -1.545331172176685800 ) ) ;
#2496 = CARTESIAN_POINT ( 'NONE',  ( 2.599199999999999300, 0.0000000000000000000, -2.899999999999999900 ) ) ;
#2497 = VERTEX_POINT ( 'NONE', #1139 ) ;
#2498 = EDGE_CURVE ( 'NONE', #618, #3606, #4138, .T. ) ;
#2499 = CARTESIAN_POINT ( 'NONE',  ( 1.655800467905800500, 3.949990000000000600, -1.375968879055943700 ) ) ;
#2500 = EDGE_LOOP ( 'NONE', ( #3851, #1287, #3444, #1557 ) ) ;
#2501 = CARTESIAN_POINT ( 'NONE',  ( 1.642644315228731300, 3.954990000000000400, -1.436099941449988000 ) ) ;
#2502 = ADVANCED_FACE ( 'NONE', ( #2526 ), #3463, .F. ) ;
#2503 = DIRECTION ( 'NONE',  ( -0.0000000000000000000, -0.0000000000000000000, 1.000000000000000000 ) ) ;
#2504 = VECTOR ( 'NONE', #423, 1000.000000000000200 ) ;
#2505 = STYLED_ITEM ( 'NONE', ( #2320 ), #262 ) ;
#2506 = VERTEX_POINT ( 'NONE', #1799 ) ;
#2507 = PRESENTATION_LAYER_ASSIGNMENT (  '', '', ( #4192 ) ) ;
#2508 = CARTESIAN_POINT ( 'NONE',  ( 2.156572397128510500E-016, 2.014935000000000400, 0.0000000000000000000 ) ) ;
#2509 = VECTOR ( 'NONE', #879, 1000.000000000000000 ) ;
#2510 = CARTESIAN_POINT ( 'NONE',  ( 1.000800000000000100, 2.014935000000000400, 0.0000000000000000000 ) ) ;
#2511 = EDGE_LOOP ( 'NONE', ( #3631, #23, #1521, #1279 ) ) ;
#2512 = STYLED_ITEM ( 'NONE', ( #3741 ), #1253 ) ;
#2513 = CARTESIAN_POINT ( 'NONE',  ( 1.249368839762447800, 3.949990000000000600, -1.571878146101223500 ) ) ;
#2514 = ORIENTED_EDGE ( 'NONE', *, *, #1432, .F. ) ;
#2515 = ORIENTED_EDGE ( 'NONE', *, *, #2473, .T. ) ;
#2516 = FACE_OUTER_BOUND ( 'NONE', #1977, .T. ) ;
#2517 = ADVANCED_FACE ( 'NONE', ( #3232 ), #772, .F. ) ;
#2518 = EDGE_LOOP ( 'NONE', ( #910, #179, #422, #2706 ) ) ;
#2519 = VECTOR ( 'NONE', #1620, 1000.000000000000000 ) ;
#2520 = EDGE_CURVE ( 'NONE', #1002, #1322, #382, .T. ) ;
#2521 = CARTESIAN_POINT ( 'NONE',  ( 2.599200000000000200, 3.949990000000000600, -0.05000000000000000300 ) ) ;
#2522 = UNCERTAINTY_MEASURE_WITH_UNIT (LENGTH_MEASURE( 1.000000000000000100E-005 ), #1416, 'distance_accuracy_value', 'NONE');
#2523 = PLANE ( 'NONE',  #4168 ) ;
#2524 = FACE_OUTER_BOUND ( 'NONE', #2369, .T. ) ;
#2525 = EDGE_LOOP ( 'NONE', ( #2894, #3948, #2546, #1983 ) ) ;
#2526 = FACE_OUTER_BOUND ( 'NONE', #939, .T. ) ;
#2527 = DIRECTION ( 'NONE',  ( -1.000000000000000000, 0.0000000000000000000, 0.0000000000000000000 ) ) ;
#2528 = CARTESIAN_POINT ( 'NONE',  ( 1.286288311410339400, 3.954990000000000400, -1.461305847026829200 ) ) ;
#2529 = EDGE_CURVE ( 'NONE', #2572, #1105, #1193, .T. ) ;
#2530 =( GEOMETRIC_REPRESENTATION_CONTEXT ( 3 ) GLOBAL_UNCERTAINTY_ASSIGNED_CONTEXT ( ( #3271 ) ) GLOBAL_UNIT_ASSIGNED_CONTEXT ( ( #316, #3276, #1273 ) ) REPRESENTATION_CONTEXT ( 'NONE', 'WORKASPACE' ) );
#2531 = DIRECTION ( 'NONE',  ( 0.0000000000000000000, -1.000000000000000000, -0.0000000000000000000 ) ) ;
#2532 = EDGE_LOOP ( 'NONE', ( #1470, #368, #811, #1380 ) ) ;
#2533 = VECTOR ( 'NONE', #2896, 1000.000000000000000 ) ;
#2534 =( GEOMETRIC_REPRESENTATION_CONTEXT ( 3 ) GLOBAL_UNCERTAINTY_ASSIGNED_CONTEXT ( ( #2409 ) ) GLOBAL_UNIT_ASSIGNED_CONTEXT ( ( #3662, #90, #2373 ) ) REPRESENTATION_CONTEXT ( 'NONE', 'WORKASPACE' ) );
#2535 = VERTEX_POINT ( 'NONE', #2811 ) ;
#2536 = CARTESIAN_POINT ( 'NONE',  ( 1.750037921662936000, 3.949990000000000600, -1.329939999999992400 ) ) ;
#2537 = VERTEX_POINT ( 'NONE', #3921 ) ;
#2538 =( NAMED_UNIT ( * ) PLANE_ANGLE_UNIT ( ) SI_UNIT ( $, .RADIAN. ) );
#2539 = EDGE_LOOP ( 'NONE', ( #1777, #2408, #1270, #583 ) ) ;
#2540 = CARTESIAN_POINT ( 'NONE',  ( 2.599200000000000600, 2.014935000000000400, 0.0000000000000000000 ) ) ;
#2541 = ORIENTED_EDGE ( 'NONE', *, *, #655, .F. ) ;
#2542 =( GEOMETRIC_REPRESENTATION_CONTEXT ( 3 ) GLOBAL_UNCERTAINTY_ASSIGNED_CONTEXT ( ( #4273 ) ) GLOBAL_UNIT_ASSIGNED_CONTEXT ( ( #3409, #2711, #2379 ) ) REPRESENTATION_CONTEXT ( 'NONE', 'WORKASPACE' ) );
#2543 =( GEOMETRIC_REPRESENTATION_CONTEXT ( 3 ) GLOBAL_UNCERTAINTY_ASSIGNED_CONTEXT ( ( #2067 ) ) GLOBAL_UNIT_ASSIGNED_CONTEXT ( ( #998, #4013, #3343 ) ) REPRESENTATION_CONTEXT ( 'NONE', 'WORKASPACE' ) );
#2544 = FILL_AREA_STYLE ('',( #248 ) ) ;
#2545 = ADVANCED_FACE ( 'NONE', ( #3723 ), #3584, .F. ) ;
#2546 = ORIENTED_EDGE ( 'NONE', *, *, #3103, .F. ) ;
#2547 = PRESENTATION_STYLE_ASSIGNMENT (( #2841 ) ) ;
#2548 = VECTOR ( 'NONE', #1320, 1000.000000000000000 ) ;
#2549 = EDGE_CURVE ( 'NONE', #3663, #269, #1661, .T. ) ;
#2550 = ORIENTED_EDGE ( 'NONE', *, *, #3195, .T. ) ;
#2551 = CARTESIAN_POINT ( 'NONE',  ( 1.687980223147760500, 3.954990000000000400, -1.571878146101223200 ) ) ;
#2552 = EDGE_LOOP ( 'NONE', ( #4031, #3467, #2133, #3973 ) ) ;
#2553 = EDGE_CURVE ( 'NONE', #4085, #269, #1758, .T. ) ;
#2554 = SURFACE_SIDE_STYLE ('',( #2189 ) ) ;
#2555 = FILL_AREA_STYLE ('',( #541 ) ) ;
#2556 = SURFACE_STYLE_USAGE ( .BOTH. , #647 ) ;
#2557 = FACE_OUTER_BOUND ( 'NONE', #238, .T. ) ;
#2558 = ADVANCED_FACE ( 'NONE', ( #3125 ), #1546, .F. ) ;
#2559 = AXIS2_PLACEMENT_3D ( 'NONE', #1223, #1194, #3223 ) ;
#2560 =( GEOMETRIC_REPRESENTATION_CONTEXT ( 3 ) GLOBAL_UNCERTAINTY_ASSIGNED_CONTEXT ( ( #1654 ) ) GLOBAL_UNIT_ASSIGNED_CONTEXT ( ( #4228, #3564, #3880 ) ) REPRESENTATION_CONTEXT ( 'NONE', 'WORKASPACE' ) );
#2561 = ORIENTED_EDGE ( 'NONE', *, *, #2847, .F. ) ;
#2562 = PRESENTATION_STYLE_ASSIGNMENT (( #149 ) ) ;
#2563 = ADVANCED_FACE ( 'NONE', ( #326 ), #2835, .F. ) ;
#2564 =( NAMED_UNIT ( * ) SI_UNIT ( $, .STERADIAN. ) SOLID_ANGLE_UNIT ( ) );
#2565 = ORIENTED_EDGE ( 'NONE', *, *, #3526, .F. ) ;
#2566 = CARTESIAN_POINT ( 'NONE',  ( 2.069127590038608600, 3.954990000000000400, -1.480817913321492500 ) ) ;
#2567 = DIRECTION ( 'NONE',  ( 0.0000000000000000000, 0.0000000000000000000, 1.000000000000000000 ) ) ;
#2568 = VECTOR ( 'NONE', #1013, 1000.000000000000000 ) ;
#2569 = AXIS2_PLACEMENT_3D ( 'NONE', #1511, #3117, #2831 ) ;
#2570 = CARTESIAN_POINT ( 'NONE',  ( 1.687980223147760500, 3.954990000000000400, -1.571878146101223200 ) ) ;
#2571 = CARTESIAN_POINT ( 'NONE',  ( 1.957235556122789700, 3.954990000000000400, -1.329939999999992400 ) ) ;
#2572 = VERTEX_POINT ( 'NONE', #1562 ) ;
#2573 = CARTESIAN_POINT ( 'NONE',  ( 1.301042606982605300E-015, -2.300129999999999800, -2.889999999999999700 ) ) ;
#2574 = EDGE_LOOP ( 'NONE', ( #1871, #281, #3770, #1673, #1281, #1804, #145, #2079, #2661, #978, #2203 ) ) ;
#2575 = UNCERTAINTY_MEASURE_WITH_UNIT (LENGTH_MEASURE( 1.000000000000000100E-005 ), #1239, 'distance_accuracy_value', 'NONE');
#2576 = EDGE_CURVE ( 'NONE', #1797, #2572, #525, .T. ) ;
#2577 =( LENGTH_UNIT ( ) NAMED_UNIT ( * ) SI_UNIT ( .MILLI., .METRE. ) );
#2578 = CIRCLE ( 'NONE', #416, 0.07499999999999998300 ) ;
#2579 = DIRECTION ( 'NONE',  ( 0.2793947940814905900, 0.0000000000000000000, -0.9601763114346039100 ) ) ;
#2580 = COLOUR_RGB ( '',0.8980392156862745400, 0.9215686274509803400, 0.9294117647058823800 ) ;
#2581 = EDGE_CURVE ( 'NONE', #201, #4085, #1036, .T. ) ;
#2582 =( GEOMETRIC_REPRESENTATION_CONTEXT ( 3 ) GLOBAL_UNCERTAINTY_ASSIGNED_CONTEXT ( ( #3213 ) ) GLOBAL_UNIT_ASSIGNED_CONTEXT ( ( #2592, #318, #592 ) ) REPRESENTATION_CONTEXT ( 'NONE', 'WORKASPACE' ) );
#2583 = CARTESIAN_POINT ( 'NONE',  ( 2.335546302500742100, 3.954990000000000400, -1.525164387926931700 ) ) ;
#2584 = VECTOR ( 'NONE', #219, 1000.000000000000000 ) ;
#2585 = VERTEX_POINT ( 'NONE', #880 ) ;
#2586 = VECTOR ( 'NONE', #1302, 1000.000000000000000 ) ;
#2587 = ORIENTED_EDGE ( 'NONE', *, *, #113, .F. ) ;
#2588 = AXIS2_PLACEMENT_3D ( 'NONE', #2752, #2389, #2421 ) ;
#2589 = FILL_AREA_STYLE_COLOUR ( '', #63 ) ;
#2590 = ORIENTED_EDGE ( 'NONE', *, *, #1229, .F. ) ;
#2591 = DIRECTION ( 'NONE',  ( -0.0000000000000000000, 1.000000000000000000, -0.0000000000000000000 ) ) ;
#2592 =( LENGTH_UNIT ( ) NAMED_UNIT ( * ) SI_UNIT ( .MILLI., .METRE. ) );
#2593 = VECTOR ( 'NONE', #2226, 1000.000000000000000 ) ;
#2594 = DIRECTION ( 'NONE',  ( -1.000000000000000000, 0.0000000000000000000, 0.0000000000000000000 ) ) ;
#2595 = ORIENTED_EDGE ( 'NONE', *, *, #3551, .F. ) ;
#2596 = CARTESIAN_POINT ( 'NONE',  ( 1.000800000000000400, 3.949990000000000600, -2.849999999999999600 ) ) ;
#2597 = LINE ( 'NONE', #909, #1727 ) ;
#2598 = ORIENTED_EDGE ( 'NONE', *, *, #437, .F. ) ;
#2599 = EDGE_CURVE ( 'NONE', #97, #612, #3779, .T. ) ;
#2600 = LINE ( 'NONE', #3427, #3154 ) ;
#2601 =( NAMED_UNIT ( * ) PLANE_ANGLE_UNIT ( ) SI_UNIT ( $, .RADIAN. ) );
#2602 = EDGE_LOOP ( 'NONE', ( #721, #283, #4125, #2255 ) ) ;
#2603 =( LENGTH_UNIT ( ) NAMED_UNIT ( * ) SI_UNIT ( .MILLI., .METRE. ) );
#2604 = CARTESIAN_POINT ( 'NONE',  ( 3.599999999999999600, 0.0000000000000000000, -0.01000000000000000000 ) ) ;
#2605 = CARTESIAN_POINT ( 'NONE',  ( -0.09999999999999870100, 3.899870000000000800, -2.889999999999999200 ) ) ;
#2606 =( LENGTH_UNIT ( ) NAMED_UNIT ( * ) SI_UNIT ( .MILLI., .METRE. ) );
#2607 = EDGE_CURVE ( 'NONE', #4085, #3075, #2420, .T. ) ;
#2608 = AXIS2_PLACEMENT_3D ( 'NONE', #4280, #323, #2217 ) ;
#2609 = FACE_OUTER_BOUND ( 'NONE', #2145, .T. ) ;
#2610 = DIRECTION ( 'NONE',  ( -1.000000000000000000, 0.0000000000000000000, 0.0000000000000000000 ) ) ;
#2611 = ORIENTED_EDGE ( 'NONE', *, *, #2529, .F. ) ;
#2612 = CARTESIAN_POINT ( 'NONE',  ( 1.642644315228731300, 3.949990000000000600, -1.436099941449988000 ) ) ;
#2613 = DIRECTION ( 'NONE',  ( -0.9999891854650020400, 0.0000000000000000000, -0.004650693823678467500 ) ) ;
#2614 = ORIENTED_EDGE ( 'NONE', *, *, #1840, .T. ) ;
#2615 = COLOUR_RGB ( '',0.8980392156862745400, 0.9215686274509803400, 0.9294117647058823800 ) ;
#2616 =( NAMED_UNIT ( * ) PLANE_ANGLE_UNIT ( ) SI_UNIT ( $, .RADIAN. ) );
#2617 = CARTESIAN_POINT ( 'NONE',  ( 1.814536467754602100, 3.954990000000000400, -1.329939999999992400 ) ) ;
#2618 = EDGE_LOOP ( 'NONE', ( #945, #1876, #1065, #1576 ) ) ;
#2619 = LINE ( 'NONE', #2371, #671 ) ;
#2620 = CARTESIAN_POINT ( 'NONE',  ( 2.056367210685903700, 3.954990000000000400, -1.436099941449500800 ) ) ;
#2621 =( NAMED_UNIT ( * ) PLANE_ANGLE_UNIT ( ) SI_UNIT ( $, .RADIAN. ) );
#2622 = DIRECTION ( 'NONE',  ( 0.0000000000000000000, 0.0000000000000000000, 1.000000000000000000 ) ) ;
#2623 = PRESENTATION_LAYER_ASSIGNMENT (  '', '', ( #260 ) ) ;
#2624 = MECHANICAL_DESIGN_GEOMETRIC_PRESENTATION_REPRESENTATION (  '', ( #3712 ), #3961 ) ;
#2625 = ORIENTED_EDGE ( 'NONE', *, *, #59, .T. ) ;
#2626 = VECTOR ( 'NONE', #2989, 1000.000000000000000 ) ;
#2627 = CARTESIAN_POINT ( 'NONE',  ( 1.286288311410339400, 3.949990000000000600, -1.461305847026829200 ) ) ;
#2628 = CARTESIAN_POINT ( 'NONE',  ( 2.599200000000000600, 2.014935000000000400, -2.899999999999999900 ) ) ;
#2629 = LINE ( 'NONE', #2636, #872 ) ;
#2630 = ORIENTED_EDGE ( 'NONE', *, *, #4191, .T. ) ;
#2631 = EDGE_CURVE ( 'NONE', #2797, #3549, #2803, .T. ) ;
#2632 =( NAMED_UNIT ( * ) PLANE_ANGLE_UNIT ( ) SI_UNIT ( $, .RADIAN. ) );
#2633 = DIRECTION ( 'NONE',  ( -0.2764273280489771800, 0.0000000000000000000, 0.9610348236706634000 ) ) ;
#2634 = ORIENTED_EDGE ( 'NONE', *, *, #3059, .T. ) ;
#2635 = VECTOR ( 'NONE', #2714, 1000.000000000000000 ) ;
#2636 = CARTESIAN_POINT ( 'NONE',  ( 0.0000000000000000000, 3.999870000000000900, 0.0000000000000000000 ) ) ;
#2637 = EDGE_CURVE ( 'NONE', #1703, #3900, #2205, .T. ) ;
#2638 =( NAMED_UNIT ( * ) PLANE_ANGLE_UNIT ( ) SI_UNIT ( $, .RADIAN. ) );
#2639 = SURFACE_STYLE_FILL_AREA ( #2555 ) ;
#2640 = FILL_AREA_STYLE_COLOUR ( '', #3795 ) ;
#2641 = DIRECTION ( 'NONE',  ( -1.000000000000000000, 0.0000000000000000000, 0.0000000000000000000 ) ) ;
#2642 = ORIENTED_EDGE ( 'NONE', *, *, #385, .T. ) ;
#2643 = CYLINDRICAL_SURFACE ( 'NONE', #3734, 0.07499999999999998300 ) ;
#2644 =( NAMED_UNIT ( * ) PLANE_ANGLE_UNIT ( ) SI_UNIT ( $, .RADIAN. ) );
#2645 = VERTEX_POINT ( 'NONE', #4246 ) ;
#2646 = PLANE ( 'NONE',  #2173 ) ;
#2647 = EDGE_CURVE ( 'NONE', #4008, #3107, #427, .T. ) ;
#2648 = STYLED_ITEM ( 'NONE', ( #4216 ), #3573 ) ;
#2649 = ORIENTED_EDGE ( 'NONE', *, *, #2105, .F. ) ;
#2650 = SURFACE_STYLE_FILL_AREA ( #3888 ) ;
#2651 = VERTEX_POINT ( 'NONE', #543 ) ;
#2652 = SURFACE_STYLE_USAGE ( .BOTH. , #1295 ) ;
#2653 = CARTESIAN_POINT ( 'NONE',  ( 1.928118998139454000, 3.954990000000000400, -1.329939999999992400 ) ) ;
#2654 = CARTESIAN_POINT ( 'NONE',  ( 2.082221949111482400, 3.954990000000000400, -1.525818370243124100 ) ) ;
#2655 = ORIENTED_EDGE ( 'NONE', *, *, #3496, .F. ) ;
#2656 = LINE ( 'NONE', #2510, #893 ) ;
#2657 = ADVANCED_FACE ( 'NONE', ( #1245 ), #250, .F. ) ;
#2658 = STYLED_ITEM ( 'NONE', ( #3145 ), #1228 ) ;
#2659 = DIRECTION ( 'NONE',  ( -1.000000000000000000, 0.0000000000000000000, 0.0000000000000000000 ) ) ;
#2660 = PLANE ( 'NONE',  #349 ) ;
#2661 = ORIENTED_EDGE ( 'NONE', *, *, #4329, .T. ) ;
#2662 = VECTOR ( 'NONE', #1395, 1000.000000000000000 ) ;
#2663 = CARTESIAN_POINT ( 'NONE',  ( 1.866638775377903200, 3.954990000000000400, -1.329939999999992400 ) ) ;
#2664 = UNCERTAINTY_MEASURE_WITH_UNIT (LENGTH_MEASURE( 1.000000000000000100E-005 ), #3716, 'distance_accuracy_value', 'NONE');
#2665 = ORIENTED_EDGE ( 'NONE', *, *, #1286, .F. ) ;
#2666 = VECTOR ( 'NONE', #2294, 1000.000000000000000 ) ;
#2667 = DIRECTION ( 'NONE',  ( 1.495451272393799500E-016, 0.0000000000000000000, 1.000000000000000000 ) ) ;
#2668 = DIRECTION ( 'NONE',  ( -0.0000000000000000000, -0.0000000000000000000, 1.000000000000000000 ) ) ;
#2669 = ORIENTED_EDGE ( 'NONE', *, *, #2695, .T. ) ;
#2670 = VECTOR ( 'NONE', #274, 1000.000000000000000 ) ;
#2671 = EDGE_CURVE ( 'NONE', #32, #1677, #4037, .T. ) ;
#2672 = DIRECTION ( 'NONE',  ( 0.0000000000000000000, 1.000000000000000000, 0.0000000000000000000 ) ) ;
#2673 = ORIENTED_EDGE ( 'NONE', *, *, #1238, .T. ) ;
#2674 = SURFACE_STYLE_USAGE ( .BOTH. , #383 ) ;
#2675 = EDGE_CURVE ( 'NONE', #1053, #2991, #1558, .T. ) ;
#2676 = PRESENTATION_LAYER_ASSIGNMENT (  '', '', ( #89 ) ) ;
#2677 = FILL_AREA_STYLE ('',( #686 ) ) ;
#2678 = CARTESIAN_POINT ( 'NONE',  ( 3.699999999999999300, -2.300129999999999800, -0.01000000000000000000 ) ) ;
#2679 = ORIENTED_EDGE ( 'NONE', *, *, #1176, .T. ) ;
#2680 = PRODUCT_DEFINITION_FORMATION_WITH_SPECIFIED_SOURCE ( 'ANY', '', #1554, .NOT_KNOWN. ) ;
#2681 = CARTESIAN_POINT ( 'NONE',  ( 3.600000000000000100, 2.014935000000000400, 0.0000000000000000000 ) ) ;
#2682 = CARTESIAN_POINT ( 'NONE',  ( 1.000800000000000800, 0.04987999999999998000, -2.849999999999999600 ) ) ;
#2683 = VERTEX_POINT ( 'NONE', #926 ) ;
#2684 = AXIS2_PLACEMENT_3D ( 'NONE', #1209, #1515, #1542 ) ;
#2685 = SURFACE_STYLE_USAGE ( .BOTH. , #1743 ) ;
#2686 = EDGE_LOOP ( 'NONE', ( #3133, #410, #2121, #1031, #3937, #3998, #256, #1602, #53, #118, #1724, #2349, #2010, #1449, #2468, #3482, #3506, #429, #2390, #181, #3007, #1526, #2177 ) ) ;
#2687 = CARTESIAN_POINT ( 'NONE',  ( 2.026825454045993800, 3.949990000000000600, -1.571878146101223000 ) ) ;
#2688 = STYLED_ITEM ( 'NONE', ( #4293 ), #1996 ) ;
#2689 = COLOUR_RGB ( '',0.7921568627450980000, 0.8196078431372548800, 0.9333333333333333500 ) ;
#2690 = VERTEX_POINT ( 'NONE', #3600 ) ;
#2691 = LINE ( 'NONE', #1094, #1040 ) ;
#2692 = FILL_AREA_STYLE_COLOUR ( '', #1375 ) ;
#2693 = DIRECTION ( 'NONE',  ( 0.0000000000000000000, 0.0000000000000000000, 1.000000000000000000 ) ) ;
#2694 = CARTESIAN_POINT ( 'NONE',  ( 2.279433295682879100, 3.954990000000000400, -1.329939999999992400 ) ) ;
#2695 = EDGE_CURVE ( 'NONE', #1434, #1392, #3227, .T. ) ;
#2696 = CARTESIAN_POINT ( 'NONE',  ( 1.318256938696120700, 3.949990000000000600, -1.571878146101223500 ) ) ;
#2697 = VECTOR ( 'NONE', #2241, 1000.000000000000000 ) ;
#2698 = VECTOR ( 'NONE', #1108, 1000.000000000000000 ) ;
#2699 = EDGE_CURVE ( 'NONE', #2440, #2906, #1551, .T. ) ;
#2700 = CARTESIAN_POINT ( 'NONE',  ( 1.700266115699353000, 3.949990000000000600, -1.329939999999992400 ) ) ;
#2701 =( GEOMETRIC_REPRESENTATION_CONTEXT ( 3 ) GLOBAL_UNCERTAINTY_ASSIGNED_CONTEXT ( ( #498 ) ) GLOBAL_UNIT_ASSIGNED_CONTEXT ( ( #2577, #1282, #2564 ) ) REPRESENTATION_CONTEXT ( 'NONE', 'WORKASPACE' ) );
#2702 = ORIENTED_EDGE ( 'NONE', *, *, #3395, .T. ) ;
#2703 = VECTOR ( 'NONE', #1328, 1000.000000000000000 ) ;
#2704 = CARTESIAN_POINT ( 'NONE',  ( 1.391504429307656400, 3.954990000000000400, -1.571878146101223500 ) ) ;
#2705 = CARTESIAN_POINT ( 'NONE',  ( 1.997677999066031200, 3.954990000000000400, -1.571878146101223000 ) ) ;
#2706 = ORIENTED_EDGE ( 'NONE', *, *, #2675, .T. ) ;
#2707 = FACE_OUTER_BOUND ( 'NONE', #1496, .T. ) ;
#2708 = LINE ( 'NONE', #2566, #1927 ) ;
#2709 = CARTESIAN_POINT ( 'NONE',  ( 1.000800000000000400, 3.999870000000000900, -8.606370480400559600E-017 ) ) ;
#2710 = ORIENTED_EDGE ( 'NONE', *, *, #2843, .F. ) ;
#2711 =( NAMED_UNIT ( * ) PLANE_ANGLE_UNIT ( ) SI_UNIT ( $, .RADIAN. ) );
#2712 = VECTOR ( 'NONE', #850, 1000.000000000000000 ) ;
#2713 = VECTOR ( 'NONE', #936, 1000.000000000000000 ) ;
#2714 = DIRECTION ( 'NONE',  ( 0.2763139702539113600, 0.0000000000000000000, -0.9610674221107073900 ) ) ;
#2715 = VERTEX_POINT ( 'NONE', #1924 ) ;
#2716 =( GEOMETRIC_REPRESENTATION_CONTEXT ( 3 ) GLOBAL_UNCERTAINTY_ASSIGNED_CONTEXT ( ( #621 ) ) GLOBAL_UNIT_ASSIGNED_CONTEXT ( ( #26, #1384, #3348 ) ) REPRESENTATION_CONTEXT ( 'NONE', 'WORKASPACE' ) );
#2717 = FACE_OUTER_BOUND ( 'NONE', #1410, .T. ) ;
#2718 = VECTOR ( 'NONE', #371, 1000.000000000000100 ) ;
#2719 = MANIFOLD_SOLID_BREP ( 'Scale1[1]', #3908 ) ;
#2720 = ORIENTED_EDGE ( 'NONE', *, *, #4218, .T. ) ;
#2721 = VECTOR ( 'NONE', #1324, 1000.000000000000000 ) ;
#2722 = DIRECTION ( 'NONE',  ( -1.000000000000000000, 0.0000000000000000000, 0.0000000000000000000 ) ) ;
#2723 = SURFACE_STYLE_USAGE ( .BOTH. , #3786 ) ;
#2724 = VECTOR ( 'NONE', #1583, 1000.000000000000100 ) ;
#2725 = DIRECTION ( 'NONE',  ( -0.9610876102172816200, 0.0000000000000000000, -0.2762437428917344800 ) ) ;
#2726 = VECTOR ( 'NONE', #3916, 1000.000000000000100 ) ;
#2727 = ORIENTED_EDGE ( 'NONE', *, *, #778, .F. ) ;
#2728 = CARTESIAN_POINT ( 'NONE',  ( 1.674900576837581800, 3.954990000000000400, -1.525826462263052900 ) ) ;
#2729 = CARTESIAN_POINT ( 'NONE',  ( 3.600000000000000100, 2.014935000000000400, -2.899999999999999900 ) ) ;
#2730 = EDGE_CURVE ( 'NONE', #97, #1292, #869, .T. ) ;
#2731 = CARTESIAN_POINT ( 'NONE',  ( 0.0000000000000000000, 0.0000000000000000000, 0.0000000000000000000 ) ) ;
#2732 = ORIENTED_EDGE ( 'NONE', *, *, #2417, .F. ) ;
#2733 = PRESENTATION_STYLE_ASSIGNMENT (( #3534 ) ) ;
#2734 = PRESENTATION_LAYER_ASSIGNMENT (  '', '', ( #2505 ) ) ;
#2735 = ORIENTED_EDGE ( 'NONE', *, *, #3808, .T. ) ;
#2736 = AXIS2_PLACEMENT_3D ( 'NONE', #2428, #789, #100 ) ;
#2737 = DIRECTION ( 'NONE',  ( 0.0000000000000000000, -1.000000000000000000, -0.0000000000000000000 ) ) ;
#2738 = CARTESIAN_POINT ( 'NONE',  ( 0.07500000000000128800, -2.125130000000000000, -0.01000000000000000000 ) ) ;
#2739 = VERTEX_POINT ( 'NONE', #2583 ) ;
#2740 = DIRECTION ( 'NONE',  ( 0.2762437428917344200, 0.0000000000000000000, -0.9610876102172815100 ) ) ;
#2741 = VECTOR ( 'NONE', #2242, 1000.000000000000000 ) ;
#2742 = DIRECTION ( 'NONE',  ( 1.000000000000000000, 0.0000000000000000000, 0.0000000000000000000 ) ) ;
#2743 = AXIS2_PLACEMENT_3D ( 'NONE', #1606, #1188, #1622 ) ;
#2744 = VECTOR ( 'NONE', #3095, 1000.000000000000000 ) ;
#2745 = ORIENTED_EDGE ( 'NONE', *, *, #1626, .T. ) ;
#2746 =( LENGTH_UNIT ( ) NAMED_UNIT ( * ) SI_UNIT ( .MILLI., .METRE. ) );
#2747 = UNCERTAINTY_MEASURE_WITH_UNIT (LENGTH_MEASURE( 1.000000000000000100E-005 ), #2460, 'distance_accuracy_value', 'NONE');
#2748 = DIRECTION ( 'NONE',  ( 0.2762033010288931200, 0.0000000000000000000, -0.9610992334305250600 ) ) ;
#2749 = FACE_BOUND ( 'NONE', #2491, .T. ) ;
#2750 = ORIENTED_EDGE ( 'NONE', *, *, #2902, .T. ) ;
#2751 = PRESENTATION_STYLE_ASSIGNMENT (( #2685 ) ) ;
#2752 = CARTESIAN_POINT ( 'NONE',  ( 0.0000000000000000000, 3.999870000000000900, -2.899999999999999900 ) ) ;
#2753 = LINE ( 'NONE', #2859, #3345 ) ;
#2754 = CARTESIAN_POINT ( 'NONE',  ( 2.153090385945311000, 3.954990000000000400, -1.375977706713143800 ) ) ;
#2755 = CARTESIAN_POINT ( 'NONE',  ( 3.599999999999999600, 0.0000000000000000000, -2.889999999999999200 ) ) ;
#2756 = EDGE_CURVE ( 'NONE', #3886, #2537, #1805, .T. ) ;
#2757 = ORIENTED_EDGE ( 'NONE', *, *, #2520, .T. ) ;
#2758 = VECTOR ( 'NONE', #2380, 1000.000000000000100 ) ;
#2759 =( LENGTH_UNIT ( ) NAMED_UNIT ( * ) SI_UNIT ( .MILLI., .METRE. ) );
#2760 = DIRECTION ( 'NONE',  ( 0.0000000000000000000, -1.000000000000000000, -0.0000000000000000000 ) ) ;
#2761 = ORIENTED_EDGE ( 'NONE', *, *, #2407, .T. ) ;
#2762 = VECTOR ( 'NONE', #3543, 1000.000000000000100 ) ;
#2763 = ORIENTED_EDGE ( 'NONE', *, *, #465, .F. ) ;
#2764 = EDGE_CURVE ( 'NONE', #1721, #3165, #2415, .T. ) ;
#2765 = PRESENTATION_LAYER_ASSIGNMENT (  '', '', ( #4087 ) ) ;
#2766 = ORIENTED_EDGE ( 'NONE', *, *, #4002, .F. ) ;
#2767 = CARTESIAN_POINT ( 'NONE',  ( 3.599999999999999600, -2.125130000000000000, -2.889999999999999700 ) ) ;
#2768 = LINE ( 'NONE', #1236, #187 ) ;
#2769 =( LENGTH_UNIT ( ) NAMED_UNIT ( * ) SI_UNIT ( .MILLI., .METRE. ) );
#2770 = DIRECTION ( 'NONE',  ( 0.7059037656364498500, 0.0000000000000000000, -0.7083077534943973400 ) ) ;
#2771 = DIRECTION ( 'NONE',  ( -1.000000000000000000, -0.0000000000000000000, 0.0000000000000000000 ) ) ;
#2772 = ORIENTED_EDGE ( 'NONE', *, *, #4297, .F. ) ;
#2773 = AXIS2_PLACEMENT_3D ( 'NONE', #2983, #738, #3074 ) ;
#2774 = VECTOR ( 'NONE', #2874, 1000.000000000000000 ) ;
#2775 = DIRECTION ( 'NONE',  ( -0.0000000000000000000, -0.0000000000000000000, 1.000000000000000000 ) ) ;
#2776 = FACE_OUTER_BOUND ( 'NONE', #1617, .T. ) ;
#2777 = DIRECTION ( 'NONE',  ( 1.097929030185397200E-016, -1.000000000000000000, 0.0000000000000000000 ) ) ;
#2778 = ORIENTED_EDGE ( 'NONE', *, *, #1064, .T. ) ;
#2779 = SURFACE_SIDE_STYLE ('',( #3027 ) ) ;
#2780 = LINE ( 'NONE', #1685, #3858 ) ;
#2781 =( NAMED_UNIT ( * ) PLANE_ANGLE_UNIT ( ) SI_UNIT ( $, .RADIAN. ) );
#2782 = CARTESIAN_POINT ( 'NONE',  ( 3.600000000000000100, 1.984935000000000600, -2.899999999999999900 ) ) ;
#2783 = VERTEX_POINT ( 'NONE', #4327 ) ;
#2784 = FILL_AREA_STYLE ('',( #3684 ) ) ;
#2785 = APPLICATION_CONTEXT ( 'automotive_design' ) ;
#2786 = SURFACE_STYLE_USAGE ( .BOTH. , #849 ) ;
#2787 = EDGE_CURVE ( 'NONE', #2975, #3436, #2303, .T. ) ;
#2788 = CARTESIAN_POINT ( 'NONE',  ( 2.749999999999999600, -2.200129999999999700, -0.01000000000000000000 ) ) ;
#2789 = ORIENTED_EDGE ( 'NONE', *, *, #2208, .T. ) ;
#2790 = SURFACE_STYLE_FILL_AREA ( #3517 ) ;
#2791 =( LENGTH_UNIT ( ) NAMED_UNIT ( * ) SI_UNIT ( .MILLI., .METRE. ) );
#2792 = ORIENTED_EDGE ( 'NONE', *, *, #1680, .T. ) ;
#2793 = LINE ( 'NONE', #3041, #3063 ) ;
#2794 = SURFACE_SIDE_STYLE ('',( #2816 ) ) ;
#2795 = EDGE_CURVE ( 'NONE', #2251, #1035, #1706, .T. ) ;
#2796 = SURFACE_STYLE_USAGE ( .BOTH. , #509 ) ;
#2797 = VERTEX_POINT ( 'NONE', #3297 ) ;
#2798 = CARTESIAN_POINT ( 'NONE',  ( 1.358180020911098800, 3.954990000000000400, -1.461305847026832100 ) ) ;
#2799 = LINE ( 'NONE', #2, #1803 ) ;
#2800 = PRESENTATION_LAYER_ASSIGNMENT (  '', '', ( #173 ) ) ;
#2801 = MECHANICAL_DESIGN_GEOMETRIC_PRESENTATION_REPRESENTATION (  '', ( #1903 ), #2332 ) ;
#2802 = ORIENTED_EDGE ( 'NONE', *, *, #2019, .T. ) ;
#2803 = LINE ( 'NONE', #2850, #1293 ) ;
#2804 = CARTESIAN_POINT ( 'NONE',  ( 2.599199999999999300, 3.949990000000000600, -2.899999999999999900 ) ) ;
#2805 = CARTESIAN_POINT ( 'NONE',  ( 3.600000000000000100, 1.984935000000000600, -0.01000000000000002600 ) ) ;
#2806 = ORIENTED_EDGE ( 'NONE', *, *, #1783, .T. ) ;
#2807 = LINE ( 'NONE', #2050, #69 ) ;
#2808 = PLANE ( 'NONE',  #3437 ) ;
#2809 = PRESENTATION_LAYER_ASSIGNMENT (  '', '', ( #3416 ) ) ;
#2810 = DIRECTION ( 'NONE',  ( -1.000000000000000000, -0.0000000000000000000, 0.0000000000000000000 ) ) ;
#2811 = CARTESIAN_POINT ( 'NONE',  ( 1.391504429307656400, 3.954990000000000400, -1.571878146101223500 ) ) ;
#2812 = FACE_OUTER_BOUND ( 'NONE', #1847, .T. ) ;
#2813 = CARTESIAN_POINT ( 'NONE',  ( 2.206430037131491300, 3.954990000000000400, -1.571878146101223000 ) ) ;
#2814 = FILL_AREA_STYLE_COLOUR ( '', #3152 ) ;
#2815 = ORIENTED_EDGE ( 'NONE', *, *, #1176, .F. ) ;
#2816 = SURFACE_STYLE_FILL_AREA ( #3478 ) ;
#2817 = ORIENTED_EDGE ( 'NONE', *, *, #4158, .F. ) ;
#2818 = CARTESIAN_POINT ( 'NONE',  ( 3.600000000000000100, 2.014935000000000400, -2.899999999999999900 ) ) ;
#2819 = EDGE_CURVE ( 'NONE', #1615, #3436, #615, .T. ) ;
#2820 = ORIENTED_EDGE ( 'NONE', *, *, #242, .T. ) ;
#2821 = CARTESIAN_POINT ( 'NONE',  ( 3.599999999999999600, -2.125130000000000000, -0.0000000000000000000 ) ) ;
#2822 = VECTOR ( 'NONE', #4257, 1000.000000000000100 ) ;
#2823 = ADVANCED_FACE ( 'NONE', ( #3977 ), #3993, .T. ) ;
#2824 = ORIENTED_EDGE ( 'NONE', *, *, #703, .F. ) ;
#2825 = VECTOR ( 'NONE', #546, 1000.000000000000000 ) ;
#2826 = EDGE_CURVE ( 'NONE', #370, #1183, #3884, .T. ) ;
#2827 = PRESENTATION_LAYER_ASSIGNMENT (  '', '', ( #2886 ) ) ;
#2828 = COLOUR_RGB ( '',0.8980392156862745400, 0.9215686274509803400, 0.9294117647058823800 ) ;
#2829 = ORIENTED_EDGE ( 'NONE', *, *, #3431, .F. ) ;
#2830 = SURFACE_SIDE_STYLE ('',( #587 ) ) ;
#2831 = DIRECTION ( 'NONE',  ( 0.0000000000000000000, 1.000000000000000000, 6.994852725712931500E-017 ) ) ;
#2832 = PLANE ( 'NONE',  #3613 ) ;
#2833 = VECTOR ( 'NONE', #3665, 1000.000000000000000 ) ;
#2834 = FILL_AREA_STYLE ('',( #3522 ) ) ;
#2835 = PLANE ( 'NONE',  #1815 ) ;
#2836 = LINE ( 'NONE', #1882, #3214 ) ;
#2837 = EDGE_LOOP ( 'NONE', ( #3330, #3904, #2655, #3672 ) ) ;
#2838 = VERTEX_POINT ( 'NONE', #10 ) ;
#2839 = FACE_OUTER_BOUND ( 'NONE', #4247, .T. ) ;
#2840 = ADVANCED_FACE ( 'NONE', ( #3279 ), #972, .F. ) ;
#2841 = SURFACE_STYLE_USAGE ( .BOTH. , #526 ) ;
#2842 = CARTESIAN_POINT ( 'NONE',  ( 1.655800467905800500, 3.949990000000000600, -1.375968879055943700 ) ) ;
#2843 = EDGE_CURVE ( 'NONE', #3917, #4256, #320, .T. ) ;
#2844 = ORIENTED_EDGE ( 'NONE', *, *, #369, .F. ) ;
#2845 = FILL_AREA_STYLE_COLOUR ( '', #2990 ) ;
#2846 = DIRECTION ( 'NONE',  ( -0.8843386665637612600, 0.0000000000000000000, -0.4668459304955208700 ) ) ;
#2847 = EDGE_CURVE ( 'NONE', #3829, #2318, #2849, .T. ) ;
#2848 = ORIENTED_EDGE ( 'NONE', *, *, #3187, .F. ) ;
#2849 = LINE ( 'NONE', #4021, #1187 ) ;
#2850 = CARTESIAN_POINT ( 'NONE',  ( 2.140026923674777800, 3.954990000000000400, -1.329939999999992400 ) ) ;
#2851 = VECTOR ( 'NONE', #1091, 1000.000000000000000 ) ;
#2852 = VERTEX_POINT ( 'NONE', #991 ) ;
#2853 = VECTOR ( 'NONE', #1832, 1000.000000000000100 ) ;
#2854 = MECHANICAL_DESIGN_GEOMETRIC_PRESENTATION_REPRESENTATION (  '', ( #1601 ), #2479 ) ;
#2855 = DIRECTION ( 'NONE',  ( -0.0000000000000000000, -0.0000000000000000000, 1.000000000000000000 ) ) ;
#2856 = VECTOR ( 'NONE', #2987, 1000.000000000000000 ) ;
#2857 = DIRECTION ( 'NONE',  ( 1.000000000000000000, -0.0000000000000000000, 0.0000000000000000000 ) ) ;
#2858 = VERTEX_POINT ( 'NONE', #3332 ) ;
#2859 = CARTESIAN_POINT ( 'NONE',  ( 1.762111214983447000, 3.949990000000000600, -1.545331172176685800 ) ) ;
#2860 = LINE ( 'NONE', #2617, #3073 ) ;
#2861 = UNCERTAINTY_MEASURE_WITH_UNIT (LENGTH_MEASURE( 1.000000000000000100E-005 ), #4073, 'distance_accuracy_value', 'NONE');
#2862 = SURFACE_SIDE_STYLE ('',( #294 ) ) ;
#2863 = DIRECTION ( 'NONE',  ( -1.000000000000000000, 0.0000000000000000000, 0.0000000000000000000 ) ) ;
#2864 = PRESENTATION_LAYER_ASSIGNMENT (  '', '', ( #2688 ) ) ;
#2865 = AXIS2_PLACEMENT_3D ( 'NONE', #406, #3002, #2329 ) ;
#2866 = ADVANCED_FACE ( 'NONE', ( #1855 ), #3668, .F. ) ;
#2867 = DIRECTION ( 'NONE',  ( 0.2746459304916903400, 0.0000000000000000000, -0.9615454294334477800 ) ) ;
#2868 = ORIENTED_EDGE ( 'NONE', *, *, #3163, .T. ) ;
#2869 = LINE ( 'NONE', #3509, #3468 ) ;
#2870 = VECTOR ( 'NONE', #55, 1000.000000000000100 ) ;
#2871 = EDGE_CURVE ( 'NONE', #3441, #3606, #3338, .T. ) ;
#2872 = EDGE_LOOP ( 'NONE', ( #3637, #3514, #2514, #673 ) ) ;
#2873 = ORIENTED_EDGE ( 'NONE', *, *, #3799, .T. ) ;
#2874 = DIRECTION ( 'NONE',  ( 0.0000000000000000000, 0.0000000000000000000, -1.000000000000000000 ) ) ;
#2875 = DIRECTION ( 'NONE',  ( -0.0000000000000000000, 0.0000000000000000000, 1.000000000000000000 ) ) ;
#2876 = VERTEX_POINT ( 'NONE', #2248 ) ;
#2877 = LINE ( 'NONE', #610, #1929 ) ;
#2878 = DIRECTION ( 'NONE',  ( -1.000000000000000000, 0.0000000000000000000, 0.0000000000000000000 ) ) ;
#2879 = EDGE_CURVE ( 'NONE', #4178, #485, #768, .T. ) ;
#2880 = EDGE_LOOP ( 'NONE', ( #4075, #520, #3342, #2149, #1258, #4251 ) ) ;
#2881 = FILL_AREA_STYLE ('',( #4244 ) ) ;
#2882 = ADVANCED_BREP_SHAPE_REPRESENTATION ( 'CCSS_S2_1210-2_L3.8W2.9T6.3B0.95', ( #859, #2719, #1996, #3328, #3004 ), #95 ) ;
#2883 = CARTESIAN_POINT ( 'NONE',  ( 1.471124017575860400, 3.954990000000000400, -1.571878146101223200 ) ) ;
#2884 = EDGE_CURVE ( 'NONE', #1256, #767, #116, .T. ) ;
#2885 = ORIENTED_EDGE ( 'NONE', *, *, #3375, .T. ) ;
#2886 = STYLED_ITEM ( 'NONE', ( #54 ), #3204 ) ;
#2887 = VECTOR ( 'NONE', #2997, 1000.000000000000000 ) ;
#2888 = ADVANCED_FACE ( 'NONE', ( #521 ), #4285, .F. ) ;
#2889 = ORIENTED_EDGE ( 'NONE', *, *, #807, .F. ) ;
#2890 = LINE ( 'NONE', #1866, #2509 ) ;
#2891 = FILL_AREA_STYLE_COLOUR ( '', #137 ) ;
#2892 = FILL_AREA_STYLE ('',( #2845 ) ) ;
#2893 = DIRECTION ( 'NONE',  ( 0.0000000000000000000, -0.0000000000000000000, 1.000000000000000000 ) ) ;
#2894 = ORIENTED_EDGE ( 'NONE', *, *, #1541, .F. ) ;
#2895 = LINE ( 'NONE', #1134, #1995 ) ;
#2896 = DIRECTION ( 'NONE',  ( 0.0000000000000000000, 1.000000000000000000, 6.994852725712931500E-017 ) ) ;
#2897 = DIRECTION ( 'NONE',  ( -0.9999999968487352000, 0.0000000000000000000, -7.938847109617142400E-005 ) ) ;
#2898 = EDGE_LOOP ( 'NONE', ( #4227, #2444, #4249, #2411, #4326, #1833, #364, #697, #1261, #2430, #3447 ) ) ;
#2899 = VECTOR ( 'NONE', #682, 1000.000000000000000 ) ;
#2900 = ORIENTED_EDGE ( 'NONE', *, *, #133, .T. ) ;
#2901 = DIRECTION ( 'NONE',  ( 0.0000000000000000000, 0.0000000000000000000, -1.000000000000000000 ) ) ;
#2902 = EDGE_CURVE ( 'NONE', #1835, #1457, #1952, .T. ) ;
#2903 = ADVANCED_FACE ( 'NONE', ( #3556 ), #3260, .F. ) ;
#2904 = DIRECTION ( 'NONE',  ( 0.0000000000000000000, -1.000000000000000000, -0.0000000000000000000 ) ) ;
#2905 = CARTESIAN_POINT ( 'NONE',  ( 0.0000000000000000000, 3.999870000000000900, 0.0000000000000000000 ) ) ;
#2906 = VERTEX_POINT ( 'NONE', #282 ) ;
#2907 = VECTOR ( 'NONE', #629, 1000.000000000000000 ) ;
#2908 = PLANE ( 'NONE',  #399 ) ;
#2909 = CARTESIAN_POINT ( 'NONE',  ( 0.0000000000000000000, 3.999870000000000900, 0.0000000000000000000 ) ) ;
#2910 = EDGE_CURVE ( 'NONE', #1035, #3408, #1851, .T. ) ;
#2911 = ADVANCED_FACE ( 'NONE', ( #4082 ), #3982, .F. ) ;
#2912 = PRESENTATION_LAYER_ASSIGNMENT (  '', '', ( #2362 ) ) ;
#2913 = CARTESIAN_POINT ( 'NONE',  ( 1.957235556122789700, 3.954990000000000400, -1.329939999999992400 ) ) ;
#2914 = CLOSED_SHELL ( 'NONE', ( #3887, #874, #4245, #502, #3161, #3225, #2545, #3652, #891, #2517, #255, #1618, #1879 ) ) ;
#2915 = VECTOR ( 'NONE', #1788, 1000.000000000000000 ) ;
#2916 = UNCERTAINTY_MEASURE_WITH_UNIT (LENGTH_MEASURE( 1.000000000000000100E-005 ), #700, 'distance_accuracy_value', 'NONE');
#2917 = MECHANICAL_DESIGN_GEOMETRIC_PRESENTATION_REPRESENTATION (  '', ( #1687 ), #3383 ) ;
#2918 = CARTESIAN_POINT ( 'NONE',  ( 3.699999999999999300, 3.899870000000000800, -0.01000000000000000000 ) ) ;
#2919 = SURFACE_STYLE_FILL_AREA ( #1702 ) ;
#2920 = DIRECTION ( 'NONE',  ( 1.000000000000000000, -0.0000000000000000000, -0.0000000000000000000 ) ) ;
#2921 = PLANE ( 'NONE',  #4279 ) ;
#2922 = ORIENTED_EDGE ( 'NONE', *, *, #2053, .T. ) ;
#2923 = LINE ( 'NONE', #3695, #2222 ) ;
#2924 = CARTESIAN_POINT ( 'NONE',  ( 2.749999999999999600, -2.300129999999999800, -0.01000000000000000000 ) ) ;
#2925 = ORIENTED_EDGE ( 'NONE', *, *, #1643, .T. ) ;
#2926 = AXIS2_PLACEMENT_3D ( 'NONE', #976, #1666, #2304 ) ;
#2927 = CARTESIAN_POINT ( 'NONE',  ( 1.928789900132378500, 3.949990000000000600, -1.546368421967922300 ) ) ;
#2928 = CARTESIAN_POINT ( 'NONE',  ( 2.599200000000000600, 2.808999120018499200E-017, -0.05000000000000000300 ) ) ;
#2929 = ORIENTED_EDGE ( 'NONE', *, *, #4135, .T. ) ;
#2930 = FACE_OUTER_BOUND ( 'NONE', #3555, .T. ) ;
#2931 = EDGE_CURVE ( 'NONE', #3119, #3452, #163, .T. ) ;
#2932 = ORIENTED_EDGE ( 'NONE', *, *, #1512, .F. ) ;
#2933 = FILL_AREA_STYLE ('',( #2589 ) ) ;
#2934 = DIRECTION ( 'NONE',  ( 0.0000000000000000000, -1.000000000000000000, -0.0000000000000000000 ) ) ;
#2935 = DIRECTION ( 'NONE',  ( -1.000000000000000000, 0.0000000000000000000, -0.0000000000000000000 ) ) ;
#2936 = VERTEX_POINT ( 'NONE', #334 ) ;
#2937 = VECTOR ( 'NONE', #3787, 1000.000000000000000 ) ;
#2938 = EDGE_CURVE ( 'NONE', #2245, #780, #2799, .T. ) ;
#2939 = AXIS2_PLACEMENT_3D ( 'NONE', #2354, #4083, #3384 ) ;
#2940 = SURFACE_SIDE_STYLE ('',( #2398 ) ) ;
#2941 = CARTESIAN_POINT ( 'NONE',  ( 2.599200000000000600, 1.984935000000000600, 0.0000000000000000000 ) ) ;
#2942 = ORIENTED_EDGE ( 'NONE', *, *, #1565, .F. ) ;
#2943 = DIRECTION ( 'NONE',  ( 0.0000000000000000000, -1.000000000000000000, -0.0000000000000000000 ) ) ;
#2944 = PRESENTATION_LAYER_ASSIGNMENT (  '', '', ( #1687 ) ) ;
#2945 = PRESENTATION_LAYER_ASSIGNMENT (  '', '', ( #146 ) ) ;
#2946 = VECTOR ( 'NONE', #4229, 1000.000000000000000 ) ;
#2947 = ORIENTED_EDGE ( 'NONE', *, *, #3700, .T. ) ;
#2948 = DIRECTION ( 'NONE',  ( -1.000000000000000000, 0.0000000000000000000, -0.0000000000000000000 ) ) ;
#2949 = ADVANCED_FACE ( 'NONE', ( #3718 ), #2097, .T. ) ;
#2950 = CARTESIAN_POINT ( 'NONE',  ( 1.000800000000000600, 1.950055000000000100, -2.849999999999999600 ) ) ;
#2951 = ORIENTED_EDGE ( 'NONE', *, *, #4140, .T. ) ;
#2952 = CARTESIAN_POINT ( 'NONE',  ( 2.279433295682879100, 3.954990000000000400, -1.329939999999992400 ) ) ;
#2953 =( GEOMETRIC_REPRESENTATION_CONTEXT ( 3 ) GLOBAL_UNCERTAINTY_ASSIGNED_CONTEXT ( ( #3557 ) ) GLOBAL_UNIT_ASSIGNED_CONTEXT ( ( #1786, #823, #4163 ) ) REPRESENTATION_CONTEXT ( 'NONE', 'WORKASPACE' ) );
#2954 = DIRECTION ( 'NONE',  ( 0.0000000000000000000, -1.000000000000000000, 0.0000000000000000000 ) ) ;
#2955 = CARTESIAN_POINT ( 'NONE',  ( 0.0000000000000000000, 0.04988000000000000100, 0.0000000000000000000 ) ) ;
#2956 = ORIENTED_EDGE ( 'NONE', *, *, #1589, .T. ) ;
#2957 = FILL_AREA_STYLE_COLOUR ( '', #3071 ) ;
#2958 = ORIENTED_EDGE ( 'NONE', *, *, #829, .F. ) ;
#2959 = CARTESIAN_POINT ( 'NONE',  ( -0.09999999999999870100, -2.300129999999999800, -0.01000000000000000000 ) ) ;
#2960 = VECTOR ( 'NONE', #4042, 1000.000000000000000 ) ;
#2961 = EDGE_CURVE ( 'NONE', #2690, #1333, #4174, .T. ) ;
#2962 = ORIENTED_EDGE ( 'NONE', *, *, #1861, .T. ) ;
#2963 =( NAMED_UNIT ( * ) SI_UNIT ( $, .STERADIAN. ) SOLID_ANGLE_UNIT ( ) );
#2964 = LINE ( 'NONE', #537, #1957 ) ;
#2965 =( LENGTH_UNIT ( ) NAMED_UNIT ( * ) SI_UNIT ( .MILLI., .METRE. ) );
#2966 = SURFACE_STYLE_USAGE ( .BOTH. , #2265 ) ;
#2967 = VECTOR ( 'NONE', #2748, 999.9999999999998900 ) ;
#2968 = VERTEX_POINT ( 'NONE', #3694 ) ;
#2969 = CIRCLE ( 'NONE', #1140, 0.07499999999999998300 ) ;
#2970 = CARTESIAN_POINT ( 'NONE',  ( 0.0000000000000000000, 0.04988000000000000100, -0.05000000000000000300 ) ) ;
#2971 = EDGE_CURVE ( 'NONE', #2977, #782, #2199, .T. ) ;
#2972 = MECHANICAL_DESIGN_GEOMETRIC_PRESENTATION_REPRESENTATION (  '', ( #2886 ), #958 ) ;
#2973 = LINE ( 'NONE', #2284, #3677 ) ;
#2974 = FACE_OUTER_BOUND ( 'NONE', #3653, .T. ) ;
#2975 = VERTEX_POINT ( 'NONE', #2322 ) ;
#2976 = CARTESIAN_POINT ( 'NONE',  ( 1.655800467905800500, 3.954990000000000400, -1.375968879055943700 ) ) ;
#2977 = VERTEX_POINT ( 'NONE', #387 ) ;
#2978 = CARTESIAN_POINT ( 'NONE',  ( 3.599999999999999600, 3.999870000000000900, 0.0000000000000000000 ) ) ;
#2979 = ORIENTED_EDGE ( 'NONE', *, *, #88, .F. ) ;
#2980 = DIRECTION ( 'NONE',  ( 0.0000000000000000000, 1.000000000000000000, 6.994852725712931500E-017 ) ) ;
#2981 = VECTOR ( 'NONE', #2980, 1000.000000000000000 ) ;
#2982 = ORIENTED_EDGE ( 'NONE', *, *, #3490, .T. ) ;
#2983 = CARTESIAN_POINT ( 'NONE',  ( 1.286288311410339400, 3.954990000000000400, -1.461305847026829200 ) ) ;
#2984 = FILL_AREA_STYLE_COLOUR ( '', #3965 ) ;
#2985 = LINE ( 'NONE', #338, #887 ) ;
#2986 = VERTEX_POINT ( 'NONE', #2687 ) ;
#2987 = DIRECTION ( 'NONE',  ( 0.0000000000000000000, -1.000000000000000000, -0.0000000000000000000 ) ) ;
#2988 = SURFACE_STYLE_FILL_AREA ( #1398 ) ;
#2989 = DIRECTION ( 'NONE',  ( -1.000000000000000000, -0.0000000000000000000, -0.0000000000000000000 ) ) ;
#2990 = COLOUR_RGB ( '',0.8980392156862745400, 0.9215686274509803400, 0.9294117647058823800 ) ;
#2991 = VERTEX_POINT ( 'NONE', #3387 ) ;
#2992 = DIRECTION ( 'NONE',  ( 0.2763139702539113600, 0.0000000000000000000, -0.9610674221107073900 ) ) ;
#2993 = EDGE_CURVE ( 'NONE', #2251, #162, #3971, .T. ) ;
#2994 = VECTOR ( 'NONE', #85, 1000.000000000000000 ) ;
#2995 = CIRCLE ( 'NONE', #3850, 0.07499999999999999700 ) ;
#2996 = DIRECTION ( 'NONE',  ( 0.0000000000000000000, -1.000000000000000000, -0.0000000000000000000 ) ) ;
#2997 = DIRECTION ( 'NONE',  ( 0.0000000000000000000, -1.000000000000000000, -0.0000000000000000000 ) ) ;
#2998 = EDGE_CURVE ( 'NONE', #2739, #2102, #3222, .T. ) ;
#2999 = AXIS2_PLACEMENT_3D ( 'NONE', #2978, #1945, #1299 ) ;
#3000 = VECTOR ( 'NONE', #549, 1000.000000000000000 ) ;
#3001 = DIRECTION ( 'NONE',  ( 0.002813301676022361600, 0.0000000000000000000, -0.9999960426590096500 ) ) ;
#3002 = DIRECTION ( 'NONE',  ( -0.9617234872620592500, 0.0000000000000000000, -0.2740217765954080500 ) ) ;
#3003 = ORIENTED_EDGE ( 'NONE', *, *, #445, .F. ) ;
#3004 = AXIS2_PLACEMENT_3D ( 'NONE', #159, #2451, #4302 ) ;
#3005 =( NAMED_UNIT ( * ) PLANE_ANGLE_UNIT ( ) SI_UNIT ( $, .RADIAN. ) );
#3006 = CARTESIAN_POINT ( 'NONE',  ( 1.674900576837581800, 3.954990000000000400, -1.525826462263052900 ) ) ;
#3007 = ORIENTED_EDGE ( 'NONE', *, *, #3519, .T. ) ;
#3008 = VECTOR ( 'NONE', #2672, 1000.000000000000000 ) ;
#3009 = FILL_AREA_STYLE ('',( #1356 ) ) ;
#3010 = CARTESIAN_POINT ( 'NONE',  ( 1.687980223147760500, 3.954990000000000400, -1.571878146101223200 ) ) ;
#3011 = STYLED_ITEM ( 'NONE', ( #3178 ), #2243 ) ;
#3012 =( GEOMETRIC_REPRESENTATION_CONTEXT ( 3 ) GLOBAL_UNCERTAINTY_ASSIGNED_CONTEXT ( ( #2747 ) ) GLOBAL_UNIT_ASSIGNED_CONTEXT ( ( #2460, #3109, #3462 ) ) REPRESENTATION_CONTEXT ( 'NONE', 'WORKASPACE' ) );
#3013 = CARTESIAN_POINT ( 'NONE',  ( 2.210514299946901000, 3.954990000000000400, -1.329939999999992400 ) ) ;
#3014 = DIRECTION ( 'NONE',  ( 0.0000000000000000000, -0.0000000000000000000, -1.000000000000000000 ) ) ;
#3015 = ORIENTED_EDGE ( 'NONE', *, *, #3659, .F. ) ;
#3016 = VECTOR ( 'NONE', #1226, 1000.000000000000000 ) ;
#3017 = EDGE_CURVE ( 'NONE', #3426, #3026, #2356, .T. ) ;
#3018 = DIRECTION ( 'NONE',  ( 0.4443210308329061900, 0.0000000000000000000, -0.8958676361827028200 ) ) ;
#3019 = SURFACE_STYLE_FILL_AREA ( #1420 ) ;
#3020 = ORIENTED_EDGE ( 'NONE', *, *, #2695, .F. ) ;
#3021 = PLANE ( 'NONE',  #2926 ) ;
#3022 = EDGE_CURVE ( 'NONE', #2506, #2783, #2793, .T. ) ;
#3023 = CARTESIAN_POINT ( 'NONE',  ( 2.210514299946901000, 3.954990000000000400, -1.329939999999992400 ) ) ;
#3024 = LINE ( 'NONE', #3030, #2856 ) ;
#3025 = DIRECTION ( 'NONE',  ( 1.000000000000000000, 0.0000000000000000000, 0.0000000000000000000 ) ) ;
#3026 = VERTEX_POINT ( 'NONE', #1377 ) ;
#3027 = SURFACE_STYLE_FILL_AREA ( #176 ) ;
#3028 = DIRECTION ( 'NONE',  ( 0.0000000000000000000, 0.0000000000000000000, 1.000000000000000000 ) ) ;
#3029 = LINE ( 'NONE', #1078, #2115 ) ;
#3030 = CARTESIAN_POINT ( 'NONE',  ( 2.193091445998574400, 3.954990000000000400, -1.525506459667375300 ) ) ;
#3031 = AXIS2_PLACEMENT_3D ( 'NONE', #362, #2610, #3028 ) ;
#3032 = STYLED_ITEM ( 'NONE', ( #3428 ), #3922 ) ;
#3033 = ORIENTED_EDGE ( 'NONE', *, *, #655, .T. ) ;
#3034 = PRESENTATION_STYLE_ASSIGNMENT (( #3 ) ) ;
#3035 = ORIENTED_EDGE ( 'NONE', *, *, #2029, .T. ) ;
#3036 = DIRECTION ( 'NONE',  ( -1.000000000000000000, -0.0000000000000000000, -0.0000000000000000000 ) ) ;
#3037 = SURFACE_STYLE_FILL_AREA ( #776 ) ;
#3038 = DIRECTION ( 'NONE',  ( 0.0000000000000000000, 1.000000000000000000, 0.0000000000000000000 ) ) ;
#3039 = ORIENTED_EDGE ( 'NONE', *, *, #1516, .F. ) ;
#3040 = STYLED_ITEM ( 'NONE', ( #4197 ), #1535 ) ;
#3041 = CARTESIAN_POINT ( 'NONE',  ( 0.0000000000000000000, 0.0000000000000000000, 0.0000000000000000000 ) ) ;
#3042 = DIRECTION ( 'NONE',  ( 0.0000000000000000000, 0.0000000000000000000, -1.000000000000000000 ) ) ;
#3043 =( LENGTH_UNIT ( ) NAMED_UNIT ( * ) SI_UNIT ( .MILLI., .METRE. ) );
#3044 = ORIENTED_EDGE ( 'NONE', *, *, #1099, .F. ) ;
#3045 = FACE_OUTER_BOUND ( 'NONE', #3355, .T. ) ;
#3046 = CARTESIAN_POINT ( 'NONE',  ( -0.09999999999999870100, -2.300129999999999800, -0.01000000000000000000 ) ) ;
#3047 =( LENGTH_UNIT ( ) NAMED_UNIT ( * ) SI_UNIT ( .MILLI., .METRE. ) );
#3048 = ORIENTED_EDGE ( 'NONE', *, *, #164, .T. ) ;
#3049 = DIRECTION ( 'NONE',  ( -0.2762437428917344200, 0.0000000000000000000, 0.9610876102172815100 ) ) ;
#3050 = CARTESIAN_POINT ( 'NONE',  ( 1.814536467754602100, 3.954990000000000400, -1.329939999999992400 ) ) ;
#3051 = DIRECTION ( 'NONE',  ( -0.0000000000000000000, -0.0000000000000000000, 1.000000000000000000 ) ) ;
#3052 = ORIENTED_EDGE ( 'NONE', *, *, #409, .T. ) ;
#3053 = EDGE_CURVE ( 'NONE', #4196, #3559, #3924, .T. ) ;
#3054 = CARTESIAN_POINT ( 'NONE',  ( 2.156572397128510500E-016, 1.984935000000000600, -2.899999999999999900 ) ) ;
#3055 = LINE ( 'NONE', #2499, #4069 ) ;
#3056 = ORIENTED_EDGE ( 'NONE', *, *, #1723, .T. ) ;
#3057 = CARTESIAN_POINT ( 'NONE',  ( 1.000799999999999900, 3.949990000000000600, -2.899999999999999900 ) ) ;
#3058 = UNCERTAINTY_MEASURE_WITH_UNIT (LENGTH_MEASURE( 1.000000000000000100E-005 ), #3758, 'distance_accuracy_value', 'NONE');
#3059 = EDGE_CURVE ( 'NONE', #3575, #1795, #1750, .T. ) ;
#3060 = DIRECTION ( 'NONE',  ( 1.000000000000000000, 0.0000000000000000000, 0.0000000000000000000 ) ) ;
#3061 = CARTESIAN_POINT ( 'NONE',  ( 1.318256938696120700, 3.954990000000000400, -1.571878146101223500 ) ) ;
#3062 = ORIENTED_EDGE ( 'NONE', *, *, #385, .F. ) ;
#3063 = VECTOR ( 'NONE', #3373, 1000.000000000000000 ) ;
#3064 = CARTESIAN_POINT ( 'NONE',  ( 1.000800000000000100, 2.014935000000000400, -2.899999999999999900 ) ) ;
#3065 = AXIS2_PLACEMENT_3D ( 'NONE', #1426, #3323, #2722 ) ;
#3066 = DIRECTION ( 'NONE',  ( 0.0000000000000000000, -1.000000000000000000, -6.994852725712931500E-017 ) ) ;
#3067 = ORIENTED_EDGE ( 'NONE', *, *, #4158, .T. ) ;
#3068 = STYLED_ITEM ( 'NONE', ( #3034 ), #1310 ) ;
#3069 = CARTESIAN_POINT ( 'NONE',  ( 5.561596286770208200E-016, 2.049815000000001100, -0.05000000000000000300 ) ) ;
#3070 = VERTEX_POINT ( 'NONE', #4056 ) ;
#3071 = COLOUR_RGB ( '',0.8980392156862745400, 0.9215686274509803400, 0.9294117647058823800 ) ;
#3072 = CARTESIAN_POINT ( 'NONE',  ( 2.599200000000000600, 2.014935000000000400, -2.899999999999999900 ) ) ;
#3073 = VECTOR ( 'NONE', #1616, 1000.000000000000000 ) ;
#3074 = DIRECTION ( 'NONE',  ( -0.2755265765475166700, 0.0000000000000000000, 0.9612934544747536700 ) ) ;
#3075 = VERTEX_POINT ( 'NONE', #3023 ) ;
#3076 = SURFACE_STYLE_FILL_AREA ( #1153 ) ;
#3077 = DIRECTION ( 'NONE',  ( 0.0000000000000000000, -1.000000000000000000, -0.0000000000000000000 ) ) ;
#3078 = UNCERTAINTY_MEASURE_WITH_UNIT (LENGTH_MEASURE( 1.000000000000000100E-005 ), #3768, 'distance_accuracy_value', 'NONE');
#3079 = EDGE_CURVE ( 'NONE', #4008, #606, #3331, .T. ) ;
#3080 = ORIENTED_EDGE ( 'NONE', *, *, #2576, .T. ) ;
#3081 = LINE ( 'NONE', #1987, #425 ) ;
#3082 = EDGE_CURVE ( 'NONE', #233, #548, #4076, .T. ) ;
#3083 =( LENGTH_UNIT ( ) NAMED_UNIT ( * ) SI_UNIT ( .MILLI., .METRE. ) );
#3084 =( GEOMETRIC_REPRESENTATION_CONTEXT ( 3 ) GLOBAL_UNCERTAINTY_ASSIGNED_CONTEXT ( ( #4193 ) ) GLOBAL_UNIT_ASSIGNED_CONTEXT ( ( #3809, #2781, #786 ) ) REPRESENTATION_CONTEXT ( 'NONE', 'WORKASPACE' ) );
#3085 = ORIENTED_EDGE ( 'NONE', *, *, #3994, .F. ) ;
#3086 = VECTOR ( 'NONE', #478, 1000.000000000000000 ) ;
#3087 = VECTOR ( 'NONE', #46, 1000.000000000000000 ) ;
#3088 = DIRECTION ( 'NONE',  ( 1.000000000000000000, 0.0000000000000000000, 0.0000000000000000000 ) ) ;
#3089 = VERTEX_POINT ( 'NONE', #1693 ) ;
#3090 = FACE_OUTER_BOUND ( 'NONE', #3923, .T. ) ;
#3091 = STYLED_ITEM ( 'NONE', ( #83 ), #4223 ) ;
#3092 = PRESENTATION_STYLE_ASSIGNMENT (( #2363 ) ) ;
#3093 = SURFACE_STYLE_USAGE ( .BOTH. , #1722 ) ;
#3094 = VERTEX_POINT ( 'NONE', #722 ) ;
#3095 = DIRECTION ( 'NONE',  ( 1.000000000000000000, 0.0000000000000000000, 0.0000000000000000000 ) ) ;
#3096 = CARTESIAN_POINT ( 'NONE',  ( 2.266643490804188600, 3.949990000000000600, -1.525164387927532300 ) ) ;
#3097 = CARTESIAN_POINT ( 'NONE',  ( 1.687980223147760500, 3.954990000000000400, -1.571878146101223200 ) ) ;
#3098 = ORIENTED_EDGE ( 'NONE', *, *, #167, .T. ) ;
#3099 = DIRECTION ( 'NONE',  ( 1.097929030185397200E-016, -1.000000000000000000, 0.0000000000000000000 ) ) ;
#3100 = LINE ( 'NONE', #3406, #544 ) ;
#3101 = CARTESIAN_POINT ( 'NONE',  ( 1.000800000000000400, 3.949990000000000600, -8.606370480400559600E-017 ) ) ;
#3102 = DIRECTION ( 'NONE',  ( -0.0000000000000000000, -0.0000000000000000000, -1.000000000000000000 ) ) ;
#3103 = EDGE_CURVE ( 'NONE', #2204, #1522, #864, .T. ) ;
#3104 = FACE_BOUND ( 'NONE', #2191, .T. ) ;
#3105 = CARTESIAN_POINT ( 'NONE',  ( 1.471124017575860400, 3.954990000000000400, -1.571878146101223200 ) ) ;
#3106 = VECTOR ( 'NONE', #1177, 1000.000000000000000 ) ;
#3107 = VERTEX_POINT ( 'NONE', #1682 ) ;
#3108 = DIRECTION ( 'NONE',  ( 0.0000000000000000000, 0.0000000000000000000, -1.000000000000000000 ) ) ;
#3109 =( NAMED_UNIT ( * ) PLANE_ANGLE_UNIT ( ) SI_UNIT ( $, .RADIAN. ) );
#3110 = EDGE_CURVE ( 'NONE', #2497, #2055, #1131, .T. ) ;
#3111 = ORIENTED_EDGE ( 'NONE', *, *, #4304, .F. ) ;
#3112 = VECTOR ( 'NONE', #2771, 1000.000000000000000 ) ;
#3113 = PLANE ( 'NONE',  #3932 ) ;
#3114 = EDGE_CURVE ( 'NONE', #602, #3663, #2619, .T. ) ;
#3115 = VERTEX_POINT ( 'NONE', #1394 ) ;
#3116 = SURFACE_STYLE_USAGE ( .BOTH. , #3815 ) ;
#3117 = DIRECTION ( 'NONE',  ( 0.0000000000000000000, 6.994852725712931500E-017, -1.000000000000000000 ) ) ;
#3118 = DIRECTION ( 'NONE',  ( -1.000000000000000000, 0.0000000000000000000, 0.0000000000000000000 ) ) ;
#3119 = VERTEX_POINT ( 'NONE', #2782 ) ;
#3120 = PRESENTATION_STYLE_ASSIGNMENT (( #1633 ) ) ;
#3121 =( NAMED_UNIT ( * ) SI_UNIT ( $, .STERADIAN. ) SOLID_ANGLE_UNIT ( ) );
#3122 = AXIS2_PLACEMENT_3D ( 'NONE', #147, #2138, #793 ) ;
#3123 = CARTESIAN_POINT ( 'NONE',  ( 1.866638775377903200, 3.949990000000000600, -1.329939999999992400 ) ) ;
#3124 = ORIENTED_EDGE ( 'NONE', *, *, #3218, .F. ) ;
#3125 = FACE_OUTER_BOUND ( 'NONE', #1676, .T. ) ;
#3126 = DIRECTION ( 'NONE',  ( -0.2760118818968567100, 0.0000000000000000000, 0.9611542233438686900 ) ) ;
#3127 = VERTEX_POINT ( 'NONE', #3485 ) ;
#3128 =( NAMED_UNIT ( * ) PLANE_ANGLE_UNIT ( ) SI_UNIT ( $, .RADIAN. ) );
#3129 = FACE_OUTER_BOUND ( 'NONE', #3941, .T. ) ;
#3130 =( NAMED_UNIT ( * ) PLANE_ANGLE_UNIT ( ) SI_UNIT ( $, .RADIAN. ) );
#3131 = CARTESIAN_POINT ( 'NONE',  ( 1.509244428717605900, 3.954990000000000400, -1.571878146101223200 ) ) ;
#3132 = EDGE_CURVE ( 'NONE', #3127, #3811, #2000, .T. ) ;
#3133 = ORIENTED_EDGE ( 'NONE', *, *, #3659, .T. ) ;
#3134 = SURFACE_STYLE_FILL_AREA ( #2834 ) ;
#3135 = UNCERTAINTY_MEASURE_WITH_UNIT (LENGTH_MEASURE( 1.000000000000000100E-005 ), #3184, 'distance_accuracy_value', 'NONE');
#3136 = DIRECTION ( 'NONE',  ( 0.0000000000000000000, 1.000000000000000000, 6.994852725712931500E-017 ) ) ;
#3137 = CARTESIAN_POINT ( 'NONE',  ( 1.412631956786021500, 3.954990000000000400, -1.329939999999992600 ) ) ;
#3138 = VERTEX_POINT ( 'NONE', #4152 ) ;
#3139 = COLOUR_RGB ( '',0.8980392156862745400, 0.9215686274509803400, 0.9294117647058823800 ) ;
#3140 = ORIENTED_EDGE ( 'NONE', *, *, #2184, .F. ) ;
#3141 = EDGE_CURVE ( 'NONE', #1050, #1795, #3714, .T. ) ;
#3142 = DIRECTION ( 'NONE',  ( 0.2793947940877173900, 0.0000000000000000000, -0.9601763114327920300 ) ) ;
#3143 =( GEOMETRIC_REPRESENTATION_CONTEXT ( 3 ) GLOBAL_UNCERTAINTY_ASSIGNED_CONTEXT ( ( #3078 ) ) GLOBAL_UNIT_ASSIGNED_CONTEXT ( ( #3768, #1083, #2095 ) ) REPRESENTATION_CONTEXT ( 'NONE', 'WORKASPACE' ) );
#3144 = EDGE_LOOP ( 'NONE', ( #986, #158, #555, #2306 ) ) ;
#3145 = PRESENTATION_STYLE_ASSIGNMENT (( #1778 ) ) ;
#3146 = CARTESIAN_POINT ( 'NONE',  ( 3.524999999999999500, -2.125130000000000000, -0.01000000000000002600 ) ) ;
#3147 = SURFACE_STYLE_FILL_AREA ( #3439 ) ;
#3148 =( NAMED_UNIT ( * ) PLANE_ANGLE_UNIT ( ) SI_UNIT ( $, .RADIAN. ) );
#3149 = DIRECTION ( 'NONE',  ( -1.000000000000000000, -0.0000000000000000000, -0.0000000000000000000 ) ) ;
#3150 =( LENGTH_UNIT ( ) NAMED_UNIT ( * ) SI_UNIT ( .MILLI., .METRE. ) );
#3151 = ORIENTED_EDGE ( 'NONE', *, *, #1913, .F. ) ;
#3152 = COLOUR_RGB ( '',0.8980392156862745400, 0.9215686274509803400, 0.9294117647058823800 ) ;
#3153 =( GEOMETRIC_REPRESENTATION_CONTEXT ( 3 ) GLOBAL_UNCERTAINTY_ASSIGNED_CONTEXT ( ( #3476 ) ) GLOBAL_UNIT_ASSIGNED_CONTEXT ( ( #4047, #2644, #2313 ) ) REPRESENTATION_CONTEXT ( 'NONE', 'WORKASPACE' ) );
#3154 = VECTOR ( 'NONE', #4077, 1000.000000000000000 ) ;
#3155 = DIRECTION ( 'NONE',  ( -0.0000000000000000000, -0.0000000000000000000, 1.000000000000000000 ) ) ;
#3156 = PLANE ( 'NONE',  #1530 ) ;
#3157 = LINE ( 'NONE', #2344, #1222 ) ;
#3158 = STYLED_ITEM ( 'NONE', ( #2751 ), #2288 ) ;
#3159 = DIRECTION ( 'NONE',  ( 0.0000000000000000000, 0.0000000000000000000, 1.000000000000000000 ) ) ;
#3160 = COLOUR_RGB ( '',0.8980392156862745400, 0.9215686274509803400, 0.9294117647058823800 ) ;
#3161 = ADVANCED_FACE ( 'NONE', ( #2516 ), #143, .F. ) ;
#3162 = VECTOR ( 'NONE', #2487, 1000.000000000000000 ) ;
#3163 = EDGE_CURVE ( 'NONE', #1677, #2537, #3386, .T. ) ;
#3164 = DIRECTION ( 'NONE',  ( -0.0000000000000000000, 1.000000000000000000, -0.0000000000000000000 ) ) ;
#3165 = VERTEX_POINT ( 'NONE', #3782 ) ;
#3166 = DIRECTION ( 'NONE',  ( 0.9999999968487352000, 0.0000000000000000000, 7.938847109617143800E-005 ) ) ;
#3167 = ORIENTED_EDGE ( 'NONE', *, *, #754, .F. ) ;
#3168 = VECTOR ( 'NONE', #4141, 1000.000000000000000 ) ;
#3169 = EDGE_CURVE ( 'NONE', #129, #2739, #1027, .T. ) ;
#3170 = FILL_AREA_STYLE_COLOUR ( '', #1961 ) ;
#3171 = ORIENTED_EDGE ( 'NONE', *, *, #4084, .F. ) ;
#3172 = PRESENTATION_STYLE_ASSIGNMENT (( #619 ) ) ;
#3173 =( GEOMETRIC_REPRESENTATION_CONTEXT ( 3 ) GLOBAL_UNCERTAINTY_ASSIGNED_CONTEXT ( ( #1944 ) ) GLOBAL_UNIT_ASSIGNED_CONTEXT ( ( #1696, #3327, #7 ) ) REPRESENTATION_CONTEXT ( 'NONE', 'WORKASPACE' ) );
#3174 = ORIENTED_EDGE ( 'NONE', *, *, #1516, .T. ) ;
#3175 = CARTESIAN_POINT ( 'NONE',  ( 0.0000000000000000000, 3.999870000000000900, -2.899999999999999900 ) ) ;
#3176 = DIRECTION ( 'NONE',  ( -1.000000000000000000, 0.0000000000000000000, 0.0000000000000000000 ) ) ;
#3177 = DIRECTION ( 'NONE',  ( 0.0000000000000000000, 0.0000000000000000000, -1.000000000000000000 ) ) ;
#3178 = PRESENTATION_STYLE_ASSIGNMENT (( #3353 ) ) ;
#3179 = ORIENTED_EDGE ( 'NONE', *, *, #4304, .T. ) ;
#3180 = SURFACE_STYLE_FILL_AREA ( #841 ) ;
#3181 = CARTESIAN_POINT ( 'NONE',  ( 1.391504429307656400, 3.954990000000000400, -1.571878146101223500 ) ) ;
#3182 = SURFACE_STYLE_USAGE ( .BOTH. , #3583 ) ;
#3183 = ADVANCED_FACE ( 'NONE', ( #258 ), #3826, .F. ) ;
#3184 =( LENGTH_UNIT ( ) NAMED_UNIT ( * ) SI_UNIT ( .MILLI., .METRE. ) );
#3185 = VECTOR ( 'NONE', #8, 1000.000000000000000 ) ;
#3186 = VECTOR ( 'NONE', #3339, 1000.000000000000000 ) ;
#3187 = EDGE_CURVE ( 'NONE', #1665, #1050, #1500, .T. ) ;
#3188 =( LENGTH_UNIT ( ) NAMED_UNIT ( * ) SI_UNIT ( .MILLI., .METRE. ) );
#3189 = FILL_AREA_STYLE ('',( #2814 ) ) ;
#3190 = ORIENTED_EDGE ( 'NONE', *, *, #4270, .F. ) ;
#3191 = SURFACE_STYLE_USAGE ( .BOTH. , #4255 ) ;
#3192 = LINE ( 'NONE', #1240, #1205 ) ;
#3193 = VECTOR ( 'NONE', #1313, 1000.000000000000000 ) ;
#3194 = UNCERTAINTY_MEASURE_WITH_UNIT (LENGTH_MEASURE( 1.000000000000000100E-005 ), #2152, 'distance_accuracy_value', 'NONE');
#3195 = EDGE_CURVE ( 'NONE', #2003, #3798, #3273, .T. ) ;
#3196 = ORIENTED_EDGE ( 'NONE', *, *, #1122, .F. ) ;
#3197 = DIRECTION ( 'NONE',  ( 0.0000000000000000000, -1.000000000000000000, -0.0000000000000000000 ) ) ;
#3198 = CARTESIAN_POINT ( 'NONE',  ( 2.153090385945311000, 3.954990000000000400, -1.375977706713143800 ) ) ;
#3199 = DIRECTION ( 'NONE',  ( 0.0000000000000000000, -1.000000000000000000, -0.0000000000000000000 ) ) ;
#3200 = VERTEX_POINT ( 'NONE', #467 ) ;
#3201 = EDGE_CURVE ( 'NONE', #1174, #2876, #205, .T. ) ;
#3202 = AXIS2_PLACEMENT_3D ( 'NONE', #4287, #2227, #4321 ) ;
#3203 = ORIENTED_EDGE ( 'NONE', *, *, #838, .T. ) ;
#3204 = ADVANCED_FACE ( 'NONE', ( #157 ), #3711, .F. ) ;
#3205 = PLANE ( 'NONE',  #3289 ) ;
#3206 = DIRECTION ( 'NONE',  ( 0.0000000000000000000, 1.000000000000000000, -0.0000000000000000000 ) ) ;
#3207 = EDGE_LOOP ( 'NONE', ( #66, #1540, #44, #755 ) ) ;
#3208 = AXIS2_PLACEMENT_3D ( 'NONE', #1488, #3843, #2125 ) ;
#3209 = PRESENTATION_STYLE_ASSIGNMENT (( #3636 ) ) ;
#3210 = LINE ( 'NONE', #3264, #908 ) ;
#3211 = PLANE ( 'NONE',  #2684 ) ;
#3212 = SURFACE_STYLE_USAGE ( .BOTH. , #867 ) ;
#3213 = UNCERTAINTY_MEASURE_WITH_UNIT (LENGTH_MEASURE( 1.000000000000000100E-005 ), #2592, 'distance_accuracy_value', 'NONE');
#3214 = VECTOR ( 'NONE', #218, 1000.000000000000100 ) ;
#3215 = ORIENTED_EDGE ( 'NONE', *, *, #4053, .T. ) ;
#3216 = ORIENTED_EDGE ( 'NONE', *, *, #190, .F. ) ;
#3217 = PLANE ( 'NONE',  #3979 ) ;
#3218 = EDGE_CURVE ( 'NONE', #1183, #2968, #2295, .T. ) ;
#3219 = DIRECTION ( 'NONE',  ( -2.990902544787598600E-016, -0.0000000000000000000, -1.000000000000000000 ) ) ;
#3220 = EDGE_LOOP ( 'NONE', ( #2171, #2815, #4181, #3393 ) ) ;
#3221 = FILL_AREA_STYLE_COLOUR ( '', #896 ) ;
#3222 = LINE ( 'NONE', #1989, #3822 ) ;
#3223 = DIRECTION ( 'NONE',  ( -0.2763139702539113600, 0.0000000000000000000, 0.9610674221107073900 ) ) ;
#3224 = EDGE_CURVE ( 'NONE', #618, #1645, #459, .T. ) ;
#3225 = ADVANCED_FACE ( 'NONE', ( #1335 ), #3840, .F. ) ;
#3226 = ORIENTED_EDGE ( 'NONE', *, *, #3132, .T. ) ;
#3227 = LINE ( 'NONE', #2913, #923 ) ;
#3228 = AXIS2_PLACEMENT_3D ( 'NONE', #2443, #141, #799 ) ;
#3229 = CARTESIAN_POINT ( 'NONE',  ( -0.09999999999999870100, 3.899870000000000800, -2.889999999999999200 ) ) ;
#3230 = LINE ( 'NONE', #1701, #617 ) ;
#3231 = EDGE_LOOP ( 'NONE', ( #2565, #2071, #3588, #216 ) ) ;
#3232 = FACE_OUTER_BOUND ( 'NONE', #1429, .T. ) ;
#3233 = DIRECTION ( 'NONE',  ( 0.2740217765954080500, 0.0000000000000000000, -0.9617234872620592500 ) ) ;
#3234 = CARTESIAN_POINT ( 'NONE',  ( 1.750037921662936000, 3.954990000000000400, -1.329939999999992400 ) ) ;
#3235 = CARTESIAN_POINT ( 'NONE',  ( 1.805840744709148900, 3.949990000000000600, -1.399034426002697200 ) ) ;
#3236 = AXIS2_PLACEMENT_3D ( 'NONE', #899, #2846, #3882 ) ;
#3237 = PLANE ( 'NONE',  #1885 ) ;
#3238 = DIRECTION ( 'NONE',  ( 0.0000000000000000000, -1.000000000000000000, -0.0000000000000000000 ) ) ;
#3239 = EDGE_LOOP ( 'NONE', ( #2140, #3960, #1396, #2614 ) ) ;
#3240 = FACE_OUTER_BOUND ( 'NONE', #3207, .T. ) ;
#3241 = ADVANCED_FACE ( 'NONE', ( #911 ), #496, .F. ) ;
#3242 = EDGE_CURVE ( 'NONE', #782, #3127, #3818, .T. ) ;
#3243 = ORIENTED_EDGE ( 'NONE', *, *, #249, .F. ) ;
#3244 = ORIENTED_EDGE ( 'NONE', *, *, #3250, .T. ) ;
#3245 = ADVANCED_FACE ( 'NONE', ( #2195 ), #4159, .F. ) ;
#3246 = DIRECTION ( 'NONE',  ( -1.000000000000000000, 0.0000000000000000000, 0.0000000000000000000 ) ) ;
#3247 = VERTEX_POINT ( 'NONE', #2805 ) ;
#3248 = DIRECTION ( 'NONE',  ( 0.9610853065513910200, 0.0000000000000000000, 0.2762517575166151300 ) ) ;
#3249 = CARTESIAN_POINT ( 'NONE',  ( 1.928789900132378500, 3.954990000000000400, -1.546368421967922300 ) ) ;
#3250 = EDGE_CURVE ( 'NONE', #589, #1256, #668, .T. ) ;
#3251 = DIRECTION ( 'NONE',  ( 0.0000000000000000000, 0.0000000000000000000, -1.000000000000000000 ) ) ;
#3252 = EDGE_LOOP ( 'NONE', ( #614, #2732, #1464, #3337 ) ) ;
#3253 = SURFACE_SIDE_STYLE ('',( #1415 ) ) ;
#3254 = FACE_OUTER_BOUND ( 'NONE', #4220, .T. ) ;
#3255 = FILL_AREA_STYLE ('',( #2957 ) ) ;
#3256 = MECHANICAL_DESIGN_GEOMETRIC_PRESENTATION_REPRESENTATION (  '', ( #173 ), #1072 ) ;
#3257 = ORIENTED_EDGE ( 'NONE', *, *, #536, .F. ) ;
#3258 =( GEOMETRIC_REPRESENTATION_CONTEXT ( 3 ) GLOBAL_UNCERTAINTY_ASSIGNED_CONTEXT ( ( #392 ) ) GLOBAL_UNIT_ASSIGNED_CONTEXT ( ( #2791, #1447, #3819 ) ) REPRESENTATION_CONTEXT ( 'NONE', 'WORKASPACE' ) );
#3259 = VECTOR ( 'NONE', #2045, 1000.000000000000000 ) ;
#3260 = PLANE ( 'NONE',  #4219 ) ;
#3261 = VECTOR ( 'NONE', #1276, 1000.000000000000000 ) ;
#3262 = ADVANCED_FACE ( 'NONE', ( #1179 ), #2127, .T. ) ;
#3263 = CARTESIAN_POINT ( 'NONE',  ( 1.301042606982605300E-015, -2.300129999999999800, -0.01000000000000000000 ) ) ;
#3264 = CARTESIAN_POINT ( 'NONE',  ( -2.645462797129904700E-016, 1.950055000000000100, -2.849999999999999600 ) ) ;
#3265 = STYLED_ITEM ( 'NONE', ( #335 ), #1635 ) ;
#3266 =( NAMED_UNIT ( * ) SI_UNIT ( $, .STERADIAN. ) SOLID_ANGLE_UNIT ( ) );
#3267 = VERTEX_POINT ( 'NONE', #2788 ) ;
#3268 = SURFACE_STYLE_FILL_AREA ( #4184 ) ;
#3269 = CARTESIAN_POINT ( 'NONE',  ( 3.599999999999999600, 3.899870000000000800, -2.889999999999999200 ) ) ;
#3270 =( LENGTH_UNIT ( ) NAMED_UNIT ( * ) SI_UNIT ( .MILLI., .METRE. ) );
#3271 = UNCERTAINTY_MEASURE_WITH_UNIT (LENGTH_MEASURE( 1.000000000000000100E-005 ), #316, 'distance_accuracy_value', 'NONE');
#3272 = ORIENTED_EDGE ( 'NONE', *, *, #1565, .T. ) ;
#3273 = LINE ( 'NONE', #1748, #1393 ) ;
#3274 = ORIENTED_EDGE ( 'NONE', *, *, #3781, .F. ) ;
#3275 = EDGE_CURVE ( 'NONE', #1740, #97, #2094, .T. ) ;
#3276 =( NAMED_UNIT ( * ) PLANE_ANGLE_UNIT ( ) SI_UNIT ( $, .RADIAN. ) );
#3277 = FILL_AREA_STYLE ('',( #271 ) ) ;
#3278 = ORIENTED_EDGE ( 'NONE', *, *, #3519, .F. ) ;
#3279 = FACE_OUTER_BOUND ( 'NONE', #3547, .T. ) ;
#3280 =( NAMED_UNIT ( * ) SI_UNIT ( $, .STERADIAN. ) SOLID_ANGLE_UNIT ( ) );
#3281 = DIRECTION ( 'NONE',  ( 0.0000000000000000000, 0.0000000000000000000, -1.000000000000000000 ) ) ;
#3282 = EDGE_CURVE ( 'NONE', #3549, #3535, #1231, .T. ) ;
#3283 = AXIS2_PLACEMENT_3D ( 'NONE', #4129, #2402, #1096 ) ;
#3284 = DIRECTION ( 'NONE',  ( -0.3829140317376942300, -0.0000000000000000000, -0.9237839814038690800 ) ) ;
#3285 = PRESENTATION_STYLE_ASSIGNMENT (( #1198 ) ) ;
#3286 = EDGE_LOOP ( 'NONE', ( #4236, #389, #1440, #3215 ) ) ;
#3287 = ADVANCED_FACE ( 'NONE', ( #1074 ), #2832, .F. ) ;
#3288 = PRESENTATION_STYLE_ASSIGNMENT (( #2314 ) ) ;
#3289 = AXIS2_PLACEMENT_3D ( 'NONE', #1860, #2901, #3246 ) ;
#3290 = FILL_AREA_STYLE_COLOUR ( '', #264 ) ;
#3291 = VECTOR ( 'NONE', #529, 1000.000000000000100 ) ;
#3292 = DIRECTION ( 'NONE',  ( 1.495451272393799300E-016, 0.0000000000000000000, 1.000000000000000000 ) ) ;
#3293 = PLANE ( 'NONE',  #3317 ) ;
#3294 = ORIENTED_EDGE ( 'NONE', *, *, #900, .F. ) ;
#3295 = SURFACE_STYLE_USAGE ( .BOTH. , #306 ) ;
#3296 = CARTESIAN_POINT ( 'NONE',  ( 2.599200000000000600, 1.950055000000000500, -0.05000000000000012800 ) ) ;
#3297 = CARTESIAN_POINT ( 'NONE',  ( 2.140026923674777800, 3.954990000000000400, -1.329939999999992400 ) ) ;
#3298 = ORIENTED_EDGE ( 'NONE', *, *, #3163, .F. ) ;
#3299 = CARTESIAN_POINT ( 'NONE',  ( 1.750037921662936000, 3.954990000000000400, -1.329939999999992400 ) ) ;
#3300 = VECTOR ( 'NONE', #3620, 1000.000000000000200 ) ;
#3301 = EDGE_CURVE ( 'NONE', #3926, #1053, #2895, .T. ) ;
#3302 = DIRECTION ( 'NONE',  ( 0.9999999968487352000, 0.0000000000000000000, 7.938847109617143800E-005 ) ) ;
#3303 = ORIENTED_EDGE ( 'NONE', *, *, #437, .T. ) ;
#3304 = VECTOR ( 'NONE', #253, 1000.000000000000000 ) ;
#3305 = PRESENTATION_STYLE_ASSIGNMENT (( #1864 ) ) ;
#3306 = CARTESIAN_POINT ( 'NONE',  ( 1.000800000000000100, 1.984935000000000600, 0.0000000000000000000 ) ) ;
#3307 = ADVANCED_FACE ( 'NONE', ( #2839 ), #2101, .F. ) ;
#3308 = SURFACE_STYLE_USAGE ( .BOTH. , #659 ) ;
#3309 = ORIENTED_EDGE ( 'NONE', *, *, #2879, .T. ) ;
#3310 = VECTOR ( 'NONE', #148, 1000.000000000000000 ) ;
#3311 = EDGE_CURVE ( 'NONE', #1740, #2876, #252, .T. ) ;
#3312 = PRESENTATION_LAYER_ASSIGNMENT (  '', '', ( #1378 ) ) ;
#3313 = DIRECTION ( 'NONE',  ( 1.000000000000000000, 0.0000000000000000000, 0.0000000000000000000 ) ) ;
#3314 = PLANE ( 'NONE',  #552 ) ;
#3315 = ORIENTED_EDGE ( 'NONE', *, *, #1790, .T. ) ;
#3316 = FACE_OUTER_BOUND ( 'NONE', #245, .T. ) ;
#3317 = AXIS2_PLACEMENT_3D ( 'NONE', #4120, #104, #982 ) ;
#3318 = FILL_AREA_STYLE ('',( #3351 ) ) ;
#3319 = ORIENTED_EDGE ( 'NONE', *, *, #185, .F. ) ;
#3320 = DIRECTION ( 'NONE',  ( 1.000000000000000000, 0.0000000000000000000, 1.071655233474686200E-013 ) ) ;
#3321 = DIRECTION ( 'NONE',  ( 1.000000000000000000, 0.0000000000000000000, 0.0000000000000000000 ) ) ;
#3322 = ORIENTED_EDGE ( 'NONE', *, *, #1460, .T. ) ;
#3323 = DIRECTION ( 'NONE',  ( -0.0000000000000000000, -0.0000000000000000000, 1.000000000000000000 ) ) ;
#3324 = AXIS2_PLACEMENT_3D ( 'NONE', #2335, #1123, #38 ) ;
#3325 = VECTOR ( 'NONE', #3142, 1000.000000000000100 ) ;
#3326 = PRESENTATION_LAYER_ASSIGNMENT (  '', '', ( #1225 ) ) ;
#3327 =( NAMED_UNIT ( * ) PLANE_ANGLE_UNIT ( ) SI_UNIT ( $, .RADIAN. ) );
#3328 = MANIFOLD_SOLID_BREP ( 'Scale1[3]', #2914 ) ;
#3329 = CARTESIAN_POINT ( 'NONE',  ( 3.699999999999999300, -2.300129999999999800, -0.01000000000000000000 ) ) ;
#3330 = ORIENTED_EDGE ( 'NONE', *, *, #2730, .F. ) ;
#3331 = LINE ( 'NONE', #72, #2568 ) ;
#3332 = CARTESIAN_POINT ( 'NONE',  ( 2.401786734180402700, 3.954990000000000400, -1.525159129200319500 ) ) ;
#3333 = EDGE_CURVE ( 'NONE', #3475, #2167, #4276, .T. ) ;
#3334 = ADVANCED_FACE ( 'NONE', ( #3380 ), #1826, .F. ) ;
#3335 =( LENGTH_UNIT ( ) NAMED_UNIT ( * ) SI_UNIT ( .MILLI., .METRE. ) );
#3336 = CARTESIAN_POINT ( 'NONE',  ( -0.09999999999999870100, -2.225129999999999600, -0.01000000000000000000 ) ) ;
#3337 = ORIENTED_EDGE ( 'NONE', *, *, #3994, .T. ) ;
#3338 = LINE ( 'NONE', #1647, #3774 ) ;
#3339 = DIRECTION ( 'NONE',  ( -0.0000000000000000000, -1.000000000000000000, -0.0000000000000000000 ) ) ;
#3340 = SURFACE_STYLE_FILL_AREA ( #1009 ) ;
#3341 = EDGE_CURVE ( 'NONE', #548, #3426, #2753, .T. ) ;
#3342 = ORIENTED_EDGE ( 'NONE', *, *, #1756, .F. ) ;
#3343 =( NAMED_UNIT ( * ) SI_UNIT ( $, .STERADIAN. ) SOLID_ANGLE_UNIT ( ) );
#3344 = DIRECTION ( 'NONE',  ( 0.0000000000000000000, 0.0000000000000000000, 1.000000000000000000 ) ) ;
#3345 = VECTOR ( 'NONE', #1190, 1000.000000000000100 ) ;
#3346 = ORIENTED_EDGE ( 'NONE', *, *, #2879, .F. ) ;
#3347 = FACE_OUTER_BOUND ( 'NONE', #4309, .T. ) ;
#3348 =( NAMED_UNIT ( * ) SI_UNIT ( $, .STERADIAN. ) SOLID_ANGLE_UNIT ( ) );
#3349 =( GEOMETRIC_REPRESENTATION_CONTEXT ( 3 ) GLOBAL_UNCERTAINTY_ASSIGNED_CONTEXT ( ( #3536 ) ) GLOBAL_UNIT_ASSIGNED_CONTEXT ( ( #2759, #3838, #3121 ) ) REPRESENTATION_CONTEXT ( 'NONE', 'WORKASPACE' ) );
#3350 = MECHANICAL_DESIGN_GEOMETRIC_PRESENTATION_REPRESENTATION (  '', ( #813 ), #2216 ) ;
#3351 = FILL_AREA_STYLE_COLOUR ( '', #122 ) ;
#3352 = ORIENTED_EDGE ( 'NONE', *, *, #1068, .F. ) ;
#3353 = SURFACE_STYLE_USAGE ( .BOTH. , #47 ) ;
#3354 = FACE_OUTER_BOUND ( 'NONE', #1154, .T. ) ;
#3355 = EDGE_LOOP ( 'NONE', ( #3359, #1935, #860, #325 ) ) ;
#3356 =( GEOMETRIC_REPRESENTATION_CONTEXT ( 3 ) GLOBAL_UNCERTAINTY_ASSIGNED_CONTEXT ( ( #3991 ) ) GLOBAL_UNIT_ASSIGNED_CONTEXT ( ( #2465, #1144, #1171 ) ) REPRESENTATION_CONTEXT ( 'NONE', 'WORKASPACE' ) );
#3357 = VERTEX_POINT ( 'NONE', #213 ) ;
#3358 = VECTOR ( 'NONE', #2855, 1000.000000000000000 ) ;
#3359 = ORIENTED_EDGE ( 'NONE', *, *, #3700, .F. ) ;
#3360 = DIRECTION ( 'NONE',  ( -1.097929030185397200E-016, 1.000000000000000000, 0.0000000000000000000 ) ) ;
#3361 = VECTOR ( 'NONE', #4132, 1000.000000000000000 ) ;
#3362 = ORIENTED_EDGE ( 'NONE', *, *, #2756, .T. ) ;
#3363 = DIRECTION ( 'NONE',  ( 0.0000000000000000000, 0.0000000000000000000, -1.000000000000000000 ) ) ;
#3364 = SURFACE_STYLE_FILL_AREA ( #471 ) ;
#3365 = ORIENTED_EDGE ( 'NONE', *, *, #80, .F. ) ;
#3366 = VECTOR ( 'NONE', #906, 1000.000000000000000 ) ;
#3367 = CARTESIAN_POINT ( 'NONE',  ( 1.674900576837581800, 3.949990000000000600, -1.525826462263052900 ) ) ;
#3368 = EDGE_CURVE ( 'NONE', #4256, #1985, #331, .T. ) ;
#3369 = FACE_OUTER_BOUND ( 'NONE', #1946, .T. ) ;
#3370 = DIRECTION ( 'NONE',  ( -0.0000000000000000000, -1.000000000000000000, -0.0000000000000000000 ) ) ;
#3371 = VECTOR ( 'NONE', #2005, 1000.000000000000200 ) ;
#3372 = SURFACE_SIDE_STYLE ('',( #42 ) ) ;
#3373 = DIRECTION ( 'NONE',  ( -0.0000000000000000000, -0.0000000000000000000, 1.000000000000000000 ) ) ;
#3374 = CARTESIAN_POINT ( 'NONE',  ( 1.248636143970641300, 3.949990000000000600, -1.329939999999992600 ) ) ;
#3375 = EDGE_CURVE ( 'NONE', #1210, #787, #2964, .T. ) ;
#3376 = ORIENTED_EDGE ( 'NONE', *, *, #1790, .F. ) ;
#3377 = VECTOR ( 'NONE', #2201, 1000.000000000000000 ) ;
#3378 = DIRECTION ( 'NONE',  ( -0.9999960426590096500, 0.0000000000000000000, -0.002813301676022361600 ) ) ;
#3379 = ORIENTED_EDGE ( 'NONE', *, *, #309, .F. ) ;
#3380 = FACE_OUTER_BOUND ( 'NONE', #1135, .T. ) ;
#3381 = STYLED_ITEM ( 'NONE', ( #36 ), #2882 ) ;
#3382 = CARTESIAN_POINT ( 'NONE',  ( 2.401786734180402700, 3.949990000000000600, -1.525159129200319500 ) ) ;
#3383 =( GEOMETRIC_REPRESENTATION_CONTEXT ( 3 ) GLOBAL_UNCERTAINTY_ASSIGNED_CONTEXT ( ( #2522 ) ) GLOBAL_UNIT_ASSIGNED_CONTEXT ( ( #1416, #3772, #1736 ) ) REPRESENTATION_CONTEXT ( 'NONE', 'WORKASPACE' ) );
#3384 = DIRECTION ( 'NONE',  ( 0.0000000000000000000, -0.0000000000000000000, -1.000000000000000000 ) ) ;
#3385 = EDGE_LOOP ( 'NONE', ( #1089, #3713, #1454, #1749 ) ) ;
#3386 = LINE ( 'NONE', #1069, #1699 ) ;
#3387 = CARTESIAN_POINT ( 'NONE',  ( 2.599200000000000600, 2.808999120018499200E-017, 0.0000000000000000000 ) ) ;
#3388 = CARTESIAN_POINT ( 'NONE',  ( 2.193091445998574400, 3.949990000000000600, -1.525506459667375300 ) ) ;
#3389 = ORIENTED_EDGE ( 'NONE', *, *, #3195, .F. ) ;
#3390 = VECTOR ( 'NONE', #3618, 1000.000000000000000 ) ;
#3391 = CARTESIAN_POINT ( 'NONE',  ( 3.599999999999999600, 0.0000000000000000000, 0.0000000000000000000 ) ) ;
#3392 = CARTESIAN_POINT ( 'NONE',  ( 1.439624369630277100, 3.954990000000000400, -1.329939999999992600 ) ) ;
#3393 = ORIENTED_EDGE ( 'NONE', *, *, #2599, .F. ) ;
#3394 = SURFACE_STYLE_FILL_AREA ( #4292 ) ;
#3395 = EDGE_CURVE ( 'NONE', #1603, #3917, #1263, .T. ) ;
#3396 = DIRECTION ( 'NONE',  ( -0.0000000000000000000, -0.0000000000000000000, -1.000000000000000000 ) ) ;
#3397 = EDGE_LOOP ( 'NONE', ( #1590, #1353, #1767, #4316, #2194, #3203, #2766, #3497, #123, #842, #1342 ) ) ;
#3398 = LINE ( 'NONE', #2399, #2635 ) ;
#3399 = EDGE_CURVE ( 'NONE', #1522, #3750, #474, .T. ) ;
#3400 = DIRECTION ( 'NONE',  ( 0.0000000000000000000, -1.000000000000000000, -0.0000000000000000000 ) ) ;
#3401 = VECTOR ( 'NONE', #1697, 1000.000000000000000 ) ;
#3402 =( NAMED_UNIT ( * ) SI_UNIT ( $, .STERADIAN. ) SOLID_ANGLE_UNIT ( ) );
#3403 = CARTESIAN_POINT ( 'NONE',  ( 0.8500000000000013100, -2.200129999999999700, -2.889999999999999200 ) ) ;
#3404 = VECTOR ( 'NONE', #2777, 1000.000000000000000 ) ;
#3405 = AXIS2_PLACEMENT_3D ( 'NONE', #2358, #403, #4105 ) ;
#3406 = CARTESIAN_POINT ( 'NONE',  ( 2.279433295682879100, 3.949990000000000600, -1.329939999999992400 ) ) ;
#3407 = ORIENTED_EDGE ( 'NONE', *, *, #2130, .F. ) ;
#3408 = VERTEX_POINT ( 'NONE', #4240 ) ;
#3409 =( LENGTH_UNIT ( ) NAMED_UNIT ( * ) SI_UNIT ( .MILLI., .METRE. ) );
#3410 = CIRCLE ( 'NONE', #3704, 0.07499999999999998300 ) ;
#3411 = CARTESIAN_POINT ( 'NONE',  ( 2.749999999999999600, 0.0000000000000000000, 0.0000000000000000000 ) ) ;
#3412 = ORIENTED_EDGE ( 'NONE', *, *, #339, .F. ) ;
#3413 = UNCERTAINTY_MEASURE_WITH_UNIT (LENGTH_MEASURE( 1.000000000000000100E-005 ), #797, 'distance_accuracy_value', 'NONE');
#3414 = VECTOR ( 'NONE', #4211, 1000.000000000000000 ) ;
#3415 = PRESENTATION_LAYER_ASSIGNMENT (  '', '', ( #1745 ) ) ;
#3416 = STYLED_ITEM ( 'NONE', ( #3576 ), #1561 ) ;
#3417 = VECTOR ( 'NONE', #3607, 1000.000000000000000 ) ;
#3418 = DIRECTION ( 'NONE',  ( 0.2762437428917344200, 0.0000000000000000000, -0.9610876102172815100 ) ) ;
#3419 = DIRECTION ( 'NONE',  ( 0.0000000000000000000, -1.000000000000000000, 0.0000000000000000000 ) ) ;
#3420 = CARTESIAN_POINT ( 'NONE',  ( 0.07500000000000128800, -2.200129999999999700, -0.01000000000000000000 ) ) ;
#3421 = VERTEX_POINT ( 'NONE', #4213 ) ;
#3422 = PRESENTATION_STYLE_ASSIGNMENT (( #2723 ) ) ;
#3423 = LINE ( 'NONE', #3647, #182 ) ;
#3424 = CARTESIAN_POINT ( 'NONE',  ( 1.712112097025641400, 3.949990000000000600, -1.571878146101223200 ) ) ;
#3425 = SURFACE_SIDE_STYLE ('',( #4164 ) ) ;
#3426 = VERTEX_POINT ( 'NONE', #2536 ) ;
#3427 = CARTESIAN_POINT ( 'NONE',  ( 2.599199999999999300, 3.949990000000000600, -2.899999999999999900 ) ) ;
#3428 = PRESENTATION_STYLE_ASSIGNMENT (( #1120 ) ) ;
#3429 = CARTESIAN_POINT ( 'NONE',  ( 2.599199999999999300, 0.04988000000000000100, -2.849999999999999600 ) ) ;
#3430 = CARTESIAN_POINT ( 'NONE',  ( 3.600000000000000100, 1.984935000000000600, -2.899999999999999900 ) ) ;
#3431 = EDGE_CURVE ( 'NONE', #759, #1719, #1642, .T. ) ;
#3432 = CARTESIAN_POINT ( 'NONE',  ( 1.412631956786021500, 3.954990000000000400, -1.329939999999992600 ) ) ;
#3433 = LINE ( 'NONE', #304, #3261 ) ;
#3434 = CARTESIAN_POINT ( 'NONE',  ( 2.056367210685903700, 3.954990000000000400, -1.436099941449500800 ) ) ;
#3435 = SURFACE_STYLE_FILL_AREA ( #955 ) ;
#3436 = VERTEX_POINT ( 'NONE', #3891 ) ;
#3437 = AXIS2_PLACEMENT_3D ( 'NONE', #3477, #1465, #769 ) ;
#3438 = STYLED_ITEM ( 'NONE', ( #603 ), #3334 ) ;
#3439 = FILL_AREA_STYLE ('',( #1085 ) ) ;
#3440 = FILL_AREA_STYLE_COLOUR ( '', #593 ) ;
#3441 = VERTEX_POINT ( 'NONE', #505 ) ;
#3442 = CARTESIAN_POINT ( 'NONE',  ( -0.09999999999999870100, -2.225129999999999600, -2.889999999999999700 ) ) ;
#3443 = DIRECTION ( 'NONE',  ( 0.0000000000000000000, -0.0000000000000000000, -1.000000000000000000 ) ) ;
#3444 = ORIENTED_EDGE ( 'NONE', *, *, #4035, .F. ) ;
#3445 =( GEOMETRIC_REPRESENTATION_CONTEXT ( 3 ) GLOBAL_UNCERTAINTY_ASSIGNED_CONTEXT ( ( #2387 ) ) GLOBAL_UNIT_ASSIGNED_CONTEXT ( ( #2166, #605, #3561 ) ) REPRESENTATION_CONTEXT ( 'NONE', 'WORKASPACE' ) );
#3446 = DIRECTION ( 'NONE',  ( 0.0000000000000000000, -1.000000000000000000, -0.0000000000000000000 ) ) ;
#3447 = ORIENTED_EDGE ( 'NONE', *, *, #3242, .T. ) ;
#3448 = FILL_AREA_STYLE_COLOUR ( '', #3498 ) ;
#3449 = AXIS2_PLACEMENT_3D ( 'NONE', #688, #1003, #1337 ) ;
#3450 = LINE ( 'NONE', #2367, #3885 ) ;
#3451 = DIRECTION ( 'NONE',  ( 0.0000000000000000000, -1.000000000000000000, -0.0000000000000000000 ) ) ;
#3452 = VERTEX_POINT ( 'NONE', #852 ) ;
#3453 = VECTOR ( 'NONE', #3870, 1000.000000000000000 ) ;
#3454 = PLANE ( 'NONE',  #2425 ) ;
#3455 = SURFACE_STYLE_USAGE ( .BOTH. , #3425 ) ;
#3456 = CARTESIAN_POINT ( 'NONE',  ( 3.599999999999999600, 3.899870000000000800, -0.01000000000000000000 ) ) ;
#3457 = PRESENTATION_STYLE_ASSIGNMENT (( #1023 ) ) ;
#3458 = EDGE_CURVE ( 'NONE', #2225, #1665, #1637, .T. ) ;
#3459 = ORIENTED_EDGE ( 'NONE', *, *, #648, .T. ) ;
#3460 = LINE ( 'NONE', #4127, #1348 ) ;
#3461 = DIRECTION ( 'NONE',  ( 0.0000000000000000000, 1.000000000000000000, 0.0000000000000000000 ) ) ;
#3462 =( NAMED_UNIT ( * ) SI_UNIT ( $, .STERADIAN. ) SOLID_ANGLE_UNIT ( ) );
#3463 = PLANE ( 'NONE',  #763 ) ;
#3464 = EDGE_CURVE ( 'NONE', #2493, #3750, #3812, .T. ) ;
#3465 = SURFACE_STYLE_USAGE ( .BOTH. , #773 ) ;
#3466 = MECHANICAL_DESIGN_GEOMETRIC_PRESENTATION_REPRESENTATION (  '', ( #340 ), #840 ) ;
#3467 = ORIENTED_EDGE ( 'NONE', *, *, #4165, .F. ) ;
#3468 = VECTOR ( 'NONE', #784, 1000.000000000000000 ) ;
#3469 = VECTOR ( 'NONE', #2992, 1000.000000000000000 ) ;
#3470 =( LENGTH_UNIT ( ) NAMED_UNIT ( * ) SI_UNIT ( .MILLI., .METRE. ) );
#3471 = DIRECTION ( 'NONE',  ( -0.2729786930695291500, 0.0000000000000000000, 0.9620200793798701100 ) ) ;
#3472 = ORIENTED_EDGE ( 'NONE', *, *, #1317, .F. ) ;
#3473 = DIRECTION ( 'NONE',  ( -1.000000000000000000, 0.0000000000000000000, 0.0000000000000000000 ) ) ;
#3474 = EDGE_LOOP ( 'NONE', ( #208, #2365, #314, #1862 ) ) ;
#3475 = VERTEX_POINT ( 'NONE', #1539 ) ;
#3476 = UNCERTAINTY_MEASURE_WITH_UNIT (LENGTH_MEASURE( 1.000000000000000100E-005 ), #4047, 'distance_accuracy_value', 'NONE');
#3477 = CARTESIAN_POINT ( 'NONE',  ( 1.928789900132378500, 3.954990000000000400, -1.546368421967922300 ) ) ;
#3478 = FILL_AREA_STYLE ('',( #1798 ) ) ;
#3479 = VECTOR ( 'NONE', #2920, 1000.000000000000000 ) ;
#3480 = DIRECTION ( 'NONE',  ( 0.0000000000000000000, 0.0000000000000000000, -1.000000000000000000 ) ) ;
#3481 = AXIS2_PLACEMENT_3D ( 'NONE', #1939, #2257, #2667 ) ;
#3482 = ORIENTED_EDGE ( 'NONE', *, *, #2002, .T. ) ;
#3483 =( GEOMETRIC_REPRESENTATION_CONTEXT ( 3 ) GLOBAL_UNCERTAINTY_ASSIGNED_CONTEXT ( ( #935 ) ) GLOBAL_UNIT_ASSIGNED_CONTEXT ( ( #4262, #2213, #1560 ) ) REPRESENTATION_CONTEXT ( 'NONE', 'WORKASPACE' ) );
#3484 = VECTOR ( 'NONE', #1525, 1000.000000000000000 ) ;
#3485 = CARTESIAN_POINT ( 'NONE',  ( 1.249368839762447800, 3.954990000000000400, -1.571878146101223500 ) ) ;
#3486 = EDGE_LOOP ( 'NONE', ( #3303, #62, #1162, #4201 ) ) ;
#3487 = APPLICATION_PROTOCOL_DEFINITION ( 'draft international standard', 'automotive_design', 1998, #2785 ) ;
#3488 = DIRECTION ( 'NONE',  ( -1.000000000000000000, 0.0000000000000000000, 0.0000000000000000000 ) ) ;
#3489 = DIRECTION ( 'NONE',  ( -0.9620200793798702200, 0.0000000000000000000, -0.2729786930695292100 ) ) ;
#3490 = EDGE_CURVE ( 'NONE', #3026, #1677, #102, .T. ) ;
#3491 = SURFACE_STYLE_FILL_AREA ( #2325 ) ;
#3492 = DIRECTION ( 'NONE',  ( 0.9610029908221278100, 0.0000000000000000000, 0.2765379750249962200 ) ) ;
#3493 = FACE_OUTER_BOUND ( 'NONE', #2397, .T. ) ;
#3494 = PLANE ( 'NONE',  #4314 ) ;
#3495 = DIRECTION ( 'NONE',  ( 0.0000000000000000000, 0.0000000000000000000, 1.000000000000000000 ) ) ;
#3496 = EDGE_CURVE ( 'NONE', #562, #612, #1495, .T. ) ;
#3497 = ORIENTED_EDGE ( 'NONE', *, *, #4212, .F. ) ;
#3498 = COLOUR_RGB ( '',0.8980392156862745400, 0.9215686274509803400, 0.9294117647058823800 ) ;
#3499 = DIRECTION ( 'NONE',  ( 0.2755265765475166700, 0.0000000000000000000, -0.9612934544747538900 ) ) ;
#3500 = MECHANICAL_DESIGN_GEOMETRIC_PRESENTATION_REPRESENTATION (  '', ( #2110 ), #194 ) ;
#3501 = VERTEX_POINT ( 'NONE', #890 ) ;
#3502 = PRESENTATION_LAYER_ASSIGNMENT (  '', '', ( #1075 ) ) ;
#3503 = CARTESIAN_POINT ( 'NONE',  ( 1.997677999066031200, 3.954990000000000400, -1.571878146101223000 ) ) ;
#3504 = DIRECTION ( 'NONE',  ( 0.0000000000000000000, -1.000000000000000000, -0.0000000000000000000 ) ) ;
#3505 = FILL_AREA_STYLE_COLOUR ( '', #312 ) ;
#3506 = ORIENTED_EDGE ( 'NONE', *, *, #3775, .T. ) ;
#3507 = SURFACE_STYLE_FILL_AREA ( #3676 ) ;
#3508 = AXIS2_PLACEMENT_3D ( 'NONE', #3823, #3867, #1772 ) ;
#3509 = CARTESIAN_POINT ( 'NONE',  ( 0.8500000000000013100, -2.300129999999999800, -2.889999999999999700 ) ) ;
#3510 = ADVANCED_FACE ( 'NONE', ( #1070 ), #6, .F. ) ;
#3511 = ORIENTED_EDGE ( 'NONE', *, *, #1346, .F. ) ;
#3512 = VECTOR ( 'NONE', #2231, 1000.000000000000000 ) ;
#3513 = CARTESIAN_POINT ( 'NONE',  ( 2.039203301366334700, 3.949990000000000600, -1.375977706713143800 ) ) ;
#3514 = ORIENTED_EDGE ( 'NONE', *, *, #491, .F. ) ;
#3515 = VECTOR ( 'NONE', #2381, 1000.000000000000000 ) ;
#3516 = CARTESIAN_POINT ( 'NONE',  ( 1.412631956786021500, 3.949990000000000600, -1.329939999999992600 ) ) ;
#3517 = FILL_AREA_STYLE ('',( #3505 ) ) ;
#3518 =( NAMED_UNIT ( * ) SI_UNIT ( $, .STERADIAN. ) SOLID_ANGLE_UNIT ( ) );
#3519 = EDGE_CURVE ( 'NONE', #32, #3886, #3645, .T. ) ;
#3520 = FACE_OUTER_BOUND ( 'NONE', #2075, .T. ) ;
#3521 = CARTESIAN_POINT ( 'NONE',  ( 1.564671085141172000, 3.954990000000000400, -1.525826462263052900 ) ) ;
#3522 = FILL_AREA_STYLE_COLOUR ( '', #2319 ) ;
#3523 =( NAMED_UNIT ( * ) SI_UNIT ( $, .STERADIAN. ) SOLID_ANGLE_UNIT ( ) );
#3524 = ORIENTED_EDGE ( 'NONE', *, *, #2699, .T. ) ;
#3525 = ORIENTED_EDGE ( 'NONE', *, *, #185, .T. ) ;
#3526 = EDGE_CURVE ( 'NONE', #1338, #1368, #3210, .T. ) ;
#3527 = MECHANICAL_DESIGN_GEOMETRIC_PRESENTATION_REPRESENTATION (  '', ( #4061 ), #737 ) ;
#3528 = SURFACE_SIDE_STYLE ('',( #273 ) ) ;
#3529 = ORIENTED_EDGE ( 'NONE', *, *, #52, .F. ) ;
#3530 = VECTOR ( 'NONE', #3060, 1000.000000000000000 ) ;
#3531 = ADVANCED_FACE ( 'NONE', ( #3493 ), #4272, .F. ) ;
#3532 = DIRECTION ( 'NONE',  ( 1.000000000000000000, 0.0000000000000000000, 0.0000000000000000000 ) ) ;
#3533 = DIRECTION ( 'NONE',  ( 0.0000000000000000000, 1.000000000000000000, 0.0000000000000000000 ) ) ;
#3534 = SURFACE_STYLE_USAGE ( .BOTH. , #1173 ) ;
#3535 = VERTEX_POINT ( 'NONE', #287 ) ;
#3536 = UNCERTAINTY_MEASURE_WITH_UNIT (LENGTH_MEASURE( 1.000000000000000100E-005 ), #2759, 'distance_accuracy_value', 'NONE');
#3537 = AXIS2_PLACEMENT_3D ( 'NONE', #290, #4307, #988 ) ;
#3538 = ORIENTED_EDGE ( 'NONE', *, *, #2439, .F. ) ;
#3539 =( NAMED_UNIT ( * ) SI_UNIT ( $, .STERADIAN. ) SOLID_ANGLE_UNIT ( ) );
#3540 = DIRECTION ( 'NONE',  ( 0.0000000000000000000, 0.0000000000000000000, 1.000000000000000000 ) ) ;
#3541 = FACE_OUTER_BOUND ( 'NONE', #4281, .T. ) ;
#3542 = APPLICATION_CONTEXT ( 'automotive_design' ) ;
#3543 = DIRECTION ( 'NONE',  ( -0.2764273280489771800, 0.0000000000000000000, 0.9610348236706634000 ) ) ;
#3544 = COLOUR_RGB ( '',0.8980392156862745400, 0.9215686274509803400, 0.9294117647058823800 ) ;
#3545 = CARTESIAN_POINT ( 'NONE',  ( 1.891565573674294500, 3.949990000000000600, -1.571878146101223000 ) ) ;
#3546 = EDGE_CURVE ( 'NONE', #1266, #1002, #2458, .T. ) ;
#3547 = EDGE_LOOP ( 'NONE', ( #444, #4253, #4150, #2922 ) ) ;
#3548 = CARTESIAN_POINT ( 'NONE',  ( 1.339018118375714400, 3.949990000000000600, -1.329939999999992600 ) ) ;
#3549 = VERTEX_POINT ( 'NONE', #1607 ) ;
#3550 = CARTESIAN_POINT ( 'NONE',  ( 1.000800000000000100, 3.999870000000000900, -2.899999999999999900 ) ) ;
#3551 = EDGE_CURVE ( 'NONE', #759, #2032, #3433, .T. ) ;
#3552 = ADVANCED_FACE ( 'NONE', ( #802 ), #2921, .F. ) ;
#3553 = UNCERTAINTY_MEASURE_WITH_UNIT (LENGTH_MEASURE( 1.000000000000000100E-005 ), #1088, 'distance_accuracy_value', 'NONE');
#3554 = MECHANICAL_DESIGN_GEOMETRIC_PRESENTATION_REPRESENTATION (  '', ( #1596 ), #2701 ) ;
#3555 = EDGE_LOOP ( 'NONE', ( #4040, #3641, #2340, #2327 ) ) ;
#3556 = FACE_OUTER_BOUND ( 'NONE', #690, .T. ) ;
#3557 = UNCERTAINTY_MEASURE_WITH_UNIT (LENGTH_MEASURE( 1.000000000000000100E-005 ), #1786, 'distance_accuracy_value', 'NONE');
#3558 = AXIS2_PLACEMENT_3D ( 'NONE', #1668, #3344, #3025 ) ;
#3559 = VERTEX_POINT ( 'NONE', #1303 ) ;
#3560 = PRESENTATION_STYLE_ASSIGNMENT (( #1254 ) ) ;
#3561 =( NAMED_UNIT ( * ) SI_UNIT ( $, .STERADIAN. ) SOLID_ANGLE_UNIT ( ) );
#3562 = DIRECTION ( 'NONE',  ( -0.4443210308329061900, 0.0000000000000000000, 0.8958676361827028200 ) ) ;
#3563 =( NAMED_UNIT ( * ) PLANE_ANGLE_UNIT ( ) SI_UNIT ( $, .RADIAN. ) );
#3564 =( NAMED_UNIT ( * ) PLANE_ANGLE_UNIT ( ) SI_UNIT ( $, .RADIAN. ) );
#3565 = LINE ( 'NONE', #109, #3989 ) ;
#3566 = VECTOR ( 'NONE', #1196, 1000.000000000000000 ) ;
#3567 = FILL_AREA_STYLE_COLOUR ( '', #3544 ) ;
#3568 = PRESENTATION_LAYER_ASSIGNMENT (  '', '', ( #2310 ) ) ;
#3569 = CARTESIAN_POINT ( 'NONE',  ( 3.699999999999999300, -2.225129999999999600, 0.0000000000000000000 ) ) ;
#3570 = ORIENTED_EDGE ( 'NONE', *, *, #3808, .F. ) ;
#3571 = VECTOR ( 'NONE', #438, 1000.000000000000000 ) ;
#3572 = EDGE_CURVE ( 'NONE', #1621, #884, #1383, .T. ) ;
#3573 = ADVANCED_FACE ( 'NONE', ( #3865 ), #1689, .T. ) ;
#3574 =( LENGTH_UNIT ( ) NAMED_UNIT ( * ) SI_UNIT ( .MILLI., .METRE. ) );
#3575 = VERTEX_POINT ( 'NONE', #683 ) ;
#3576 = PRESENTATION_STYLE_ASSIGNMENT (( #2092 ) ) ;
#3577 = LINE ( 'NONE', #2008, #1301 ) ;
#3578 = EDGE_CURVE ( 'NONE', #129, #210, #1170, .T. ) ;
#3579 = ORIENTED_EDGE ( 'NONE', *, *, #4237, .F. ) ;
#3580 = PRESENTATION_STYLE_ASSIGNMENT (( #3679 ) ) ;
#3581 = CARTESIAN_POINT ( 'NONE',  ( 2.415212971804997700, 3.954990000000000400, -1.571878146101223000 ) ) ;
#3582 = ORIENTED_EDGE ( 'NONE', *, *, #2412, .T. ) ;
#3583 = SURFACE_SIDE_STYLE ('',( #882 ) ) ;
#3584 = PLANE ( 'NONE',  #1215 ) ;
#3585 = CARTESIAN_POINT ( 'NONE',  ( 1.928789900132378500, 3.954990000000000400, -1.546368421967922300 ) ) ;
#3586 = ORIENTED_EDGE ( 'NONE', *, *, #329, .T. ) ;
#3587 = AXIS2_PLACEMENT_3D ( 'NONE', #1345, #4015, #2641 ) ;
#3588 = ORIENTED_EDGE ( 'NONE', *, *, #108, .T. ) ;
#3589 = LINE ( 'NONE', #1779, #3310 ) ;
#3590 = CARTESIAN_POINT ( 'NONE',  ( 0.0000000000000000000, 3.999870000000000900, -2.899999999999999900 ) ) ;
#3591 = CARTESIAN_POINT ( 'NONE',  ( 2.599199999999999300, 3.949990000000000600, -2.899999999999999900 ) ) ;
#3592 = CARTESIAN_POINT ( 'NONE',  ( 1.179840000000001300, 3.954990000000000400, -1.329939999999999900 ) ) ;
#3593 = SURFACE_SIDE_STYLE ('',( #2277 ) ) ;
#3594 =( GEOMETRIC_REPRESENTATION_CONTEXT ( 3 ) GLOBAL_UNCERTAINTY_ASSIGNED_CONTEXT ( ( #3194 ) ) GLOBAL_UNIT_ASSIGNED_CONTEXT ( ( #2152, #197, #1475 ) ) REPRESENTATION_CONTEXT ( 'NONE', 'WORKASPACE' ) );
#3595 = LINE ( 'NONE', #2754, #3259 ) ;
#3596 = COLOUR_RGB ( '',0.8980392156862745400, 0.9215686274509803400, 0.9294117647058823800 ) ;
#3597 = PLANE ( 'NONE',  #2009 ) ;
#3598 = PLANE ( 'NONE',  #3797 ) ;
#3599 = ADVANCED_FACE ( 'NONE', ( #2454 ), #2660, .F. ) ;
#3600 = CARTESIAN_POINT ( 'NONE',  ( 1.551576726068013300, 3.949990000000000600, -1.480826005341529900 ) ) ;
#3601 = ORIENTED_EDGE ( 'NONE', *, *, #2359, .F. ) ;
#3602 = SURFACE_STYLE_FILL_AREA ( #733 ) ;
#3603 = CARTESIAN_POINT ( 'NONE',  ( 1.814536467754602100, 3.954990000000000400, -1.329939999999992400 ) ) ;
#3604 = EDGE_CURVE ( 'NONE', #2977, #2906, #800, .T. ) ;
#3605 = FILL_AREA_STYLE ('',( #876 ) ) ;
#3606 = VERTEX_POINT ( 'NONE', #3374 ) ;
#3607 = DIRECTION ( 'NONE',  ( -1.000000000000000000, 0.0000000000000000000, 0.0000000000000000000 ) ) ;
#3608 = CARTESIAN_POINT ( 'NONE',  ( 1.000800000000000400, 3.949990000000000600, -0.05000000000000000300 ) ) ;
#3609 = PLANE ( 'NONE',  #1385 ) ;
#3610 = SURFACE_STYLE_USAGE ( .BOTH. , #3253 ) ;
#3611 = EDGE_CURVE ( 'NONE', #2032, #1338, #954, .T. ) ;
#3612 = ORIENTED_EDGE ( 'NONE', *, *, #3250, .F. ) ;
#3613 = AXIS2_PLACEMENT_3D ( 'NONE', #1838, #3177, #3118 ) ;
#3614 =( LENGTH_UNIT ( ) NAMED_UNIT ( * ) SI_UNIT ( .MILLI., .METRE. ) );
#3615 = EDGE_LOOP ( 'NONE', ( #2476, #3352, #2311, #106 ) ) ;
#3616 = AXIS2_PLACEMENT_3D ( 'NONE', #4183, #777, #1133 ) ;
#3617 = ORIENTED_EDGE ( 'NONE', *, *, #2764, .F. ) ;
#3618 = DIRECTION ( 'NONE',  ( 1.000000000000000000, -0.0000000000000000000, -0.0000000000000000000 ) ) ;
#3619 = VECTOR ( 'NONE', #1816, 1000.000000000000000 ) ;
#3620 = DIRECTION ( 'NONE',  ( -0.2762033010251989100, 0.0000000000000000000, 0.9610992334315865400 ) ) ;
#3621 = SURFACE_STYLE_USAGE ( .BOTH. , #1934 ) ;
#3622 = LINE ( 'NONE', #4074, #1712 ) ;
#3623 = AXIS2_PLACEMENT_3D ( 'NONE', #4025, #963, #3707 ) ;
#3624 = PRESENTATION_STYLE_ASSIGNMENT (( #3610 ) ) ;
#3625 = EDGE_CURVE ( 'NONE', #2233, #558, #4266, .T. ) ;
#3626 = ORIENTED_EDGE ( 'NONE', *, *, #2446, .F. ) ;
#3627 = VECTOR ( 'NONE', #3292, 1000.000000000000000 ) ;
#3628 = ORIENTED_EDGE ( 'NONE', *, *, #2353, .T. ) ;
#3629 = CARTESIAN_POINT ( 'NONE',  ( 1.471124017575860400, 3.954990000000000400, -1.571878146101223200 ) ) ;
#3630 = ADVANCED_FACE ( 'NONE', ( #1119 ), #696, .F. ) ;
#3631 = ORIENTED_EDGE ( 'NONE', *, *, #445, .T. ) ;
#3632 = PLANE ( 'NONE',  #2743 ) ;
#3633 = DIRECTION ( 'NONE',  ( 0.0000000000000000000, -1.000000000000000000, -0.0000000000000000000 ) ) ;
#3634 = EDGE_CURVE ( 'NONE', #1297, #3119, #3752, .T. ) ;
#3635 = AXIS2_PLACEMENT_3D ( 'NONE', #235, #3910, #2897 ) ;
#3636 = SURFACE_STYLE_USAGE ( .BOTH. , #2940 ) ;
#3637 = ORIENTED_EDGE ( 'NONE', *, *, #3914, .T. ) ;
#3638 = CARTESIAN_POINT ( 'NONE',  ( 1.538816346715014400, 3.954990000000000400, -1.436099941449988000 ) ) ;
#3639 = SURFACE_STYLE_FILL_AREA ( #1442 ) ;
#3640 = DIRECTION ( 'NONE',  ( -1.000000000000000000, 0.0000000000000000000, 0.0000000000000000000 ) ) ;
#3641 = ORIENTED_EDGE ( 'NONE', *, *, #2019, .F. ) ;
#3642 = AXIS2_PLACEMENT_3D ( 'NONE', #1030, #390, #2001 ) ;
#3643 = CARTESIAN_POINT ( 'NONE',  ( 2.160178995160317400, 3.954990000000000400, -1.436099941449500800 ) ) ;
#3644 = COLOUR_RGB ( '',0.6470588235294118000, 0.5176470588235293500, 0.0000000000000000000 ) ;
#3645 = LINE ( 'NONE', #3249, #2724 ) ;
#3646 = CARTESIAN_POINT ( 'NONE',  ( 2.026825454045993800, 3.954990000000000400, -1.571878146101223000 ) ) ;
#3647 = CARTESIAN_POINT ( 'NONE',  ( 2.599200000000000200, 3.949990000000000600, 8.033022604836545100E-017 ) ) ;
#3648 = FACE_OUTER_BOUND ( 'NONE', #681, .T. ) ;
#3649 = FILL_AREA_STYLE ('',( #1585 ) ) ;
#3650 = VERTEX_POINT ( 'NONE', #1015 ) ;
#3651 = DIRECTION ( 'NONE',  ( 1.000000000000000000, 0.0000000000000000000, 0.0000000000000000000 ) ) ;
#3652 = ADVANCED_FACE ( 'NONE', ( #1014 ), #22, .F. ) ;
#3653 = EDGE_LOOP ( 'NONE', ( #1058, #2324, #2323, #2962 ) ) ;
#3654 =( LENGTH_UNIT ( ) NAMED_UNIT ( * ) SI_UNIT ( .MILLI., .METRE. ) );
#3655 = DIRECTION ( 'NONE',  ( 0.0000000000000000000, -6.994852725712931500E-017, 1.000000000000000000 ) ) ;
#3656 = ADVANCED_FACE ( 'NONE', ( #297, #545 ), #4071, .F. ) ;
#3657 = ORIENTED_EDGE ( 'NONE', *, *, #865, .T. ) ;
#3658 = SURFACE_STYLE_FILL_AREA ( #4318 ) ;
#3659 = EDGE_CURVE ( 'NONE', #4207, #2051, #2185, .T. ) ;
#3660 = DIRECTION ( 'NONE',  ( -0.0000000000000000000, -0.0000000000000000000, 1.000000000000000000 ) ) ;
#3661 = CARTESIAN_POINT ( 'NONE',  ( 1.891565573674294500, 3.954990000000000400, -1.571878146101223000 ) ) ;
#3662 =( LENGTH_UNIT ( ) NAMED_UNIT ( * ) SI_UNIT ( .MILLI., .METRE. ) );
#3663 = VERTEX_POINT ( 'NONE', #3388 ) ;
#3664 = VECTOR ( 'NONE', #1269, 1000.000000000000000 ) ;
#3665 = DIRECTION ( 'NONE',  ( -1.000000000000000000, 0.0000000000000000000, 0.0000000000000000000 ) ) ;
#3666 = AXIS2_PLACEMENT_3D ( 'NONE', #4162, #2459, #3443 ) ;
#3667 =( GEOMETRIC_REPRESENTATION_CONTEXT ( 3 ) GLOBAL_UNCERTAINTY_ASSIGNED_CONTEXT ( ( #748 ) ) GLOBAL_UNIT_ASSIGNED_CONTEXT ( ( #2606, #642, #968 ) ) REPRESENTATION_CONTEXT ( 'NONE', 'WORKASPACE' ) );
#3668 = PLANE ( 'NONE',  #902 ) ;
#3669 = ORIENTED_EDGE ( 'NONE', *, *, #3187, .T. ) ;
#3670 = CARTESIAN_POINT ( 'NONE',  ( 1.439624369630277100, 3.954990000000000400, -1.329939999999992600 ) ) ;
#3671 = PRESENTATION_STYLE_ASSIGNMENT (( #2652 ) ) ;
#3672 = ORIENTED_EDGE ( 'NONE', *, *, #2049, .F. ) ;
#3673 = VECTOR ( 'NONE', #70, 1000.000000000000000 ) ;
#3674 = DIRECTION ( 'NONE',  ( 0.2763173343569909100, 0.0000000000000000000, -0.9610664548998924000 ) ) ;
#3675 = STYLED_ITEM ( 'NONE', ( #2547 ), #1246 ) ;
#3676 = FILL_AREA_STYLE ('',( #2291 ) ) ;
#3677 = VECTOR ( 'NONE', #1937, 1000.000000000000000 ) ;
#3678 = ADVANCED_FACE ( 'NONE', ( #3104, #3912 ), #1321, .F. ) ;
#3679 = SURFACE_STYLE_USAGE ( .BOTH. , #2292 ) ;
#3680 = DIRECTION ( 'NONE',  ( 1.000000000000000000, 0.0000000000000000000, 0.0000000000000000000 ) ) ;
#3681 = ORIENTED_EDGE ( 'NONE', *, *, #4053, .F. ) ;
#3682 = LINE ( 'NONE', #3137, #1872 ) ;
#3683 = LINE ( 'NONE', #377, #1873 ) ;
#3684 = FILL_AREA_STYLE_COLOUR ( '', #328 ) ;
#3685 = CARTESIAN_POINT ( 'NONE',  ( 1.674900576837581800, 3.954990000000000400, -1.525826462263052900 ) ) ;
#3686 = ORIENTED_EDGE ( 'NONE', *, *, #623, .F. ) ;
#3687 = VECTOR ( 'NONE', #284, 1000.000000000000000 ) ;
#3688 = VERTEX_POINT ( 'NONE', #1732 ) ;
#3689 =( NAMED_UNIT ( * ) SI_UNIT ( $, .STERADIAN. ) SOLID_ANGLE_UNIT ( ) );
#3690 = UNCERTAINTY_MEASURE_WITH_UNIT (LENGTH_MEASURE( 1.000000000000000100E-005 ), #710, 'distance_accuracy_value', 'NONE');
#3691 = EDGE_CURVE ( 'NONE', #1621, #3821, #1379, .T. ) ;
#3692 = CARTESIAN_POINT ( 'NONE',  ( 3.599999999999999600, 3.999870000000000900, -2.899999999999999900 ) ) ;
#3693 = ORIENTED_EDGE ( 'NONE', *, *, #2100, .F. ) ;
#3694 = CARTESIAN_POINT ( 'NONE',  ( 1.564671085141172000, 3.954990000000000400, -1.525826462263052900 ) ) ;
#3695 = CARTESIAN_POINT ( 'NONE',  ( 2.160178995160317400, 3.954990000000000400, -1.436099941449500800 ) ) ;
#3696 = UNCERTAINTY_MEASURE_WITH_UNIT (LENGTH_MEASURE( 1.000000000000000100E-005 ), #1921, 'distance_accuracy_value', 'NONE');
#3697 = SURFACE_SIDE_STYLE ('',( #4166 ) ) ;
#3698 = ORIENTED_EDGE ( 'NONE', *, *, #3572, .T. ) ;
#3699 = LINE ( 'NONE', #2422, #3801 ) ;
#3700 = EDGE_CURVE ( 'NONE', #3796, #1621, #2236, .T. ) ;
#3701 =( GEOMETRIC_REPRESENTATION_CONTEXT ( 3 ) GLOBAL_UNCERTAINTY_ASSIGNED_CONTEXT ( ( #2470 ) ) GLOBAL_UNIT_ASSIGNED_CONTEXT ( ( #2603, #637, #2963 ) ) REPRESENTATION_CONTEXT ( 'NONE', 'WORKASPACE' ) );
#3702 = CARTESIAN_POINT ( 'NONE',  ( 0.004341047483178784100, 3.949990000000000600, -0.07383945424683201200 ) ) ;
#3703 = EDGE_LOOP ( 'NONE', ( #1363, #3570, #2046, #447 ) ) ;
#3704 = AXIS2_PLACEMENT_3D ( 'NONE', #3146, #1456, #1117 ) ;
#3705 = SURFACE_SIDE_STYLE ('',( #4142 ) ) ;
#3706 = ORIENTED_EDGE ( 'NONE', *, *, #2576, .F. ) ;
#3707 = DIRECTION ( 'NONE',  ( -0.2759782365590792200, 0.0000000000000000000, 0.9611638845408938500 ) ) ;
#3708 = CARTESIAN_POINT ( 'NONE',  ( 2.056367210685903700, 3.949990000000000600, -1.436099941449500800 ) ) ;
#3709 = ORIENTED_EDGE ( 'NONE', *, *, #3458, .F. ) ;
#3710 = AXIS2_PLACEMENT_3D ( 'NONE', #3411, #2040, #56 ) ;
#3711 = CYLINDRICAL_SURFACE ( 'NONE', #1100, 0.07499999999999999700 ) ;
#3712 = STYLED_ITEM ( 'NONE', ( #3624 ), #1662 ) ;
#3713 = ORIENTED_EDGE ( 'NONE', *, *, #2412, .F. ) ;
#3714 = LINE ( 'NONE', #1716, #1646 ) ;
#3715 = EDGE_CURVE ( 'NONE', #886, #814, #4010, .T. ) ;
#3716 =( LENGTH_UNIT ( ) NAMED_UNIT ( * ) SI_UNIT ( .MILLI., .METRE. ) );
#3717 = VERTEX_POINT ( 'NONE', #417 ) ;
#3718 = FACE_OUTER_BOUND ( 'NONE', #511, .T. ) ;
#3719 =( NAMED_UNIT ( * ) SI_UNIT ( $, .STERADIAN. ) SOLID_ANGLE_UNIT ( ) );
#3720 = EDGE_CURVE ( 'NONE', #4256, #589, #2449, .T. ) ;
#3721 = ORIENTED_EDGE ( 'NONE', *, *, #983, .T. ) ;
#3722 = DIRECTION ( 'NONE',  ( 0.2793947940877173900, 0.0000000000000000000, -0.9601763114327920300 ) ) ;
#3723 = FACE_OUTER_BOUND ( 'NONE', #3703, .T. ) ;
#3724 =( LENGTH_UNIT ( ) NAMED_UNIT ( * ) SI_UNIT ( .MILLI., .METRE. ) );
#3725 = LINE ( 'NONE', #1955, #1859 ) ;
#3726 = ORIENTED_EDGE ( 'NONE', *, *, #3835, .F. ) ;
#3727 = DIRECTION ( 'NONE',  ( 0.0000000000000000000, 0.0000000000000000000, -1.000000000000000000 ) ) ;
#3728 = STYLED_ITEM ( 'NONE', ( #704 ), #3656 ) ;
#3729 = FACE_OUTER_BOUND ( 'NONE', #2574, .T. ) ;
#3730 = DIRECTION ( 'NONE',  ( -0.3829140317376942300, -0.0000000000000000000, -0.9237839814038690800 ) ) ;
#3731 = CARTESIAN_POINT ( 'NONE',  ( 1.891565573674294500, 3.954990000000000400, -1.571878146101223000 ) ) ;
#3732 = VECTOR ( 'NONE', #2187, 1000.000000000000000 ) ;
#3733 = VECTOR ( 'NONE', #3036, 1000.000000000000000 ) ;
#3734 = AXIS2_PLACEMENT_3D ( 'NONE', #1451, #189, #139 ) ;
#3735 = CARTESIAN_POINT ( 'NONE',  ( 1.471124017575860400, 3.949990000000000600, -1.571878146101223200 ) ) ;
#3736 = ORIENTED_EDGE ( 'NONE', *, *, #1723, .F. ) ;
#3737 = ORIENTED_EDGE ( 'NONE', *, *, #2383, .F. ) ;
#3738 = CARTESIAN_POINT ( 'NONE',  ( 1.551576726068013300, 3.954990000000000400, -1.480826005341529900 ) ) ;
#3739 = SURFACE_SIDE_STYLE ('',( #501 ) ) ;
#3740 = ORIENTED_EDGE ( 'NONE', *, *, #2049, .T. ) ;
#3741 = PRESENTATION_STYLE_ASSIGNMENT (( #2786 ) ) ;
#3742 = CARTESIAN_POINT ( 'NONE',  ( 1.805840744709148900, 3.949990000000000600, -1.399034426002697200 ) ) ;
#3743 = EDGE_LOOP ( 'NONE', ( #2220, #790, #319, #1577 ) ) ;
#3744 = LINE ( 'NONE', #2182, #3304 ) ;
#3745 = CARTESIAN_POINT ( 'NONE',  ( 2.279433295682879100, 3.954990000000000400, -1.329939999999992400 ) ) ;
#3746 = EDGE_CURVE ( 'NONE', #2991, #814, #243, .T. ) ;
#3747 = PRESENTATION_STYLE_ASSIGNMENT (( #257 ) ) ;
#3748 = DIRECTION ( 'NONE',  ( -1.000000000000000000, 0.0000000000000000000, 0.0000000000000000000 ) ) ;
#3749 = UNCERTAINTY_MEASURE_WITH_UNIT (LENGTH_MEASURE( 1.000000000000000100E-005 ), #1211, 'distance_accuracy_value', 'NONE');
#3750 = VERTEX_POINT ( 'NONE', #3420 ) ;
#3751 = DIRECTION ( 'NONE',  ( 0.2759782365590792200, 0.0000000000000000000, -0.9611638845408939600 ) ) ;
#3752 = LINE ( 'NONE', #1360, #2666 ) ;
#3753 = DIRECTION ( 'NONE',  ( -0.0000000000000000000, 1.000000000000000000, -0.0000000000000000000 ) ) ;
#3754 = AXIS2_PLACEMENT_3D ( 'NONE', #4080, #2317, #384 ) ;
#3755 = ORIENTED_EDGE ( 'NONE', *, *, #2938, .F. ) ;
#3756 = LINE ( 'NONE', #342, #193 ) ;
#3757 = DIRECTION ( 'NONE',  ( 0.0000000000000000000, -0.0000000000000000000, -1.000000000000000000 ) ) ;
#3758 =( LENGTH_UNIT ( ) NAMED_UNIT ( * ) SI_UNIT ( .MILLI., .METRE. ) );
#3759 = DIRECTION ( 'NONE',  ( 0.0000000000000000000, -0.0000000000000000000, -1.000000000000000000 ) ) ;
#3760 = FILL_AREA_STYLE_COLOUR ( '', #4117 ) ;
#3761 = VECTOR ( 'NONE', #3197, 1000.000000000000000 ) ;
#3762 = VERTEX_POINT ( 'NONE', #2755 ) ;
#3763 = PLANE ( 'NONE',  #3324 ) ;
#3764 = CARTESIAN_POINT ( 'NONE',  ( 3.699999999999999300, -2.300129999999999800, -2.889999999999999700 ) ) ;
#3765 = STYLED_ITEM ( 'NONE', ( #4112 ), #1214 ) ;
#3766 = PLANE ( 'NONE',  #3853 ) ;
#3767 = VERTEX_POINT ( 'NONE', #1106 ) ;
#3768 =( LENGTH_UNIT ( ) NAMED_UNIT ( * ) SI_UNIT ( .MILLI., .METRE. ) );
#3769 = DIRECTION ( 'NONE',  ( 1.495451272393799300E-016, 0.0000000000000000000, 1.000000000000000000 ) ) ;
#3770 = ORIENTED_EDGE ( 'NONE', *, *, #1730, .F. ) ;
#3771 = UNCERTAINTY_MEASURE_WITH_UNIT (LENGTH_MEASURE( 1.000000000000000100E-005 ), #3724, 'distance_accuracy_value', 'NONE');
#3772 =( NAMED_UNIT ( * ) PLANE_ANGLE_UNIT ( ) SI_UNIT ( $, .RADIAN. ) );
#3773 = EDGE_LOOP ( 'NONE', ( #707, #3525, #914, #2456 ) ) ;
#3774 = VECTOR ( 'NONE', #3320, 1000.000000000000000 ) ;
#3775 = EDGE_CURVE ( 'NONE', #180, #1278, #2084, .T. ) ;
#3776 = CARTESIAN_POINT ( 'NONE',  ( 1.000799999999999900, 3.949990000000000600, -2.899999999999999900 ) ) ;
#3777 = LINE ( 'NONE', #2663, #2054 ) ;
#3778 = ORIENTED_EDGE ( 'NONE', *, *, #1043, .F. ) ;
#3779 = LINE ( 'NONE', #191, #3453 ) ;
#3780 = FILL_AREA_STYLE ('',( #1728 ) ) ;
#3781 = EDGE_CURVE ( 'NONE', #1795, #2936, #4062, .T. ) ;
#3782 = CARTESIAN_POINT ( 'NONE',  ( 1.509244428717605900, 3.949990000000000600, -1.571878146101223200 ) ) ;
#3783 = STYLED_ITEM ( 'NONE', ( #1032 ), #2903 ) ;
#3784 = CLOSED_SHELL ( 'NONE', ( #826, #196, #933, #1836, #3984, #2480, #1893, #2866, #571, #2165, #2124, #3630, #2840, #3599, #3307, #177, #2147, #279, #1010, #1575, #240, #3943, #357, #576, #1912 ) ) ;
#3785 = VECTOR ( 'NONE', #3370, 1000.000000000000000 ) ;
#3786 = SURFACE_SIDE_STYLE ('',( #2988 ) ) ;
#3787 = DIRECTION ( 'NONE',  ( -0.2762517575166151300, 0.0000000000000000000, 0.9610853065513910200 ) ) ;
#3788 = CARTESIAN_POINT ( 'NONE',  ( 1.179840000000001300, 3.949990000000000600, -1.329939999999999900 ) ) ;
#3789 = EDGE_LOOP ( 'NONE', ( #2702, #577, #3857, #3376 ) ) ;
#3790 = LINE ( 'NONE', #2696, #2870 ) ;
#3791 = CARTESIAN_POINT ( 'NONE',  ( 1.358180020911098800, 3.949990000000000600, -1.461305847026832100 ) ) ;
#3792 = CARTESIAN_POINT ( 'NONE',  ( 0.004341047483178784100, 3.949990000000000600, -0.07383945424683201200 ) ) ;
#3793 = CARTESIAN_POINT ( 'NONE',  ( 1.000799999999999900, 0.04988000000000000100, -2.899999999999999900 ) ) ;
#3794 = ORIENTED_EDGE ( 'NONE', *, *, #2081, .T. ) ;
#3795 = COLOUR_RGB ( '',0.8980392156862745400, 0.9215686274509803400, 0.9294117647058823800 ) ;
#3796 = VERTEX_POINT ( 'NONE', #4109 ) ;
#3797 = AXIS2_PLACEMENT_3D ( 'NONE', #857, #4204, #2158 ) ;
#3798 = VERTEX_POINT ( 'NONE', #1063 ) ;
#3799 = EDGE_CURVE ( 'NONE', #3811, #3441, #1581, .T. ) ;
#3800 = ORIENTED_EDGE ( 'NONE', *, *, #2100, .T. ) ;
#3801 = VECTOR ( 'NONE', #3149, 1000.000000000000000 ) ;
#3802 = PLANE ( 'NONE',  #1737 ) ;
#3803 = VECTOR ( 'NONE', #2393, 1000.000000000000000 ) ;
#3804 =( NAMED_UNIT ( * ) PLANE_ANGLE_UNIT ( ) SI_UNIT ( $, .RADIAN. ) );
#3805 = VERTEX_POINT ( 'NONE', #449 ) ;
#3806 = SURFACE_STYLE_USAGE ( .BOTH. , #2779 ) ;
#3807 = LINE ( 'NONE', #1102, #798 ) ;
#3808 = EDGE_CURVE ( 'NONE', #3408, #3559, #1433, .T. ) ;
#3809 =( LENGTH_UNIT ( ) NAMED_UNIT ( * ) SI_UNIT ( .MILLI., .METRE. ) );
#3810 = VECTOR ( 'NONE', #723, 1000.000000000000000 ) ;
#3811 = VERTEX_POINT ( 'NONE', #4122 ) ;
#3812 = LINE ( 'NONE', #1849, #2348 ) ;
#3813 = EDGE_CURVE ( 'NONE', #1053, #1297, #2600, .T. ) ;
#3814 = PRESENTATION_LAYER_ASSIGNMENT (  '', '', ( #1903 ) ) ;
#3815 = SURFACE_SIDE_STYLE ('',( #3037 ) ) ;
#3816 = CARTESIAN_POINT ( 'NONE',  ( 2.172954087276028000, 3.949990000000000600, -1.480817913321492500 ) ) ;
#3817 = ORIENTED_EDGE ( 'NONE', *, *, #561, .T. ) ;
#3818 = LINE ( 'NONE', #200, #3112 ) ;
#3819 =( NAMED_UNIT ( * ) SI_UNIT ( $, .STERADIAN. ) SOLID_ANGLE_UNIT ( ) );
#3820 = CARTESIAN_POINT ( 'NONE',  ( 1.538816346715014400, 3.949990000000000600, -1.436099941449988000 ) ) ;
#3821 = VERTEX_POINT ( 'NONE', #2709 ) ;
#3822 = VECTOR ( 'NONE', #1029, 1000.000000000000000 ) ;
#3823 = CARTESIAN_POINT ( 'NONE',  ( 0.0000000000000000000, 3.999870000000000900, 0.0000000000000000000 ) ) ;
#3824 = DIRECTION ( 'NONE',  ( -0.9612861490927312500, 0.0000000000000000000, -0.2755520632520602800 ) ) ;
#3825 = ORIENTED_EDGE ( 'NONE', *, *, #3333, .F. ) ;
#3826 = PLANE ( 'NONE',  #3283 ) ;
#3827 = UNCERTAINTY_MEASURE_WITH_UNIT (LENGTH_MEASURE( 1.000000000000000100E-005 ), #3470, 'distance_accuracy_value', 'NONE');
#3828 =( NAMED_UNIT ( * ) SI_UNIT ( $, .STERADIAN. ) SOLID_ANGLE_UNIT ( ) );
#3829 = VERTEX_POINT ( 'NONE', #728 ) ;
#3830 = PRESENTATION_STYLE_ASSIGNMENT (( #2796 ) ) ;
#3831 = CARTESIAN_POINT ( 'NONE',  ( 1.891565573674294500, 3.954990000000000400, -1.571878146101223000 ) ) ;
#3832 = CARTESIAN_POINT ( 'NONE',  ( 1.538816346715014400, 3.954990000000000400, -1.436099941449988000 ) ) ;
#3833 = DIRECTION ( 'NONE',  ( 0.0000000000000000000, 0.0000000000000000000, 1.000000000000000000 ) ) ;
#3834 = DIRECTION ( 'NONE',  ( 1.000000000000000000, 0.0000000000000000000, -0.0000000000000000000 ) ) ;
#3835 = EDGE_CURVE ( 'NONE', #4058, #233, #652, .T. ) ;
#3836 = VERTEX_POINT ( 'NONE', #3742 ) ;
#3837 = LINE ( 'NONE', #3852, #2915 ) ;
#3838 =( NAMED_UNIT ( * ) PLANE_ANGLE_UNIT ( ) SI_UNIT ( $, .RADIAN. ) );
#3839 = EDGE_CURVE ( 'NONE', #3796, #2003, #749, .T. ) ;
#3840 = PLANE ( 'NONE',  #2418 ) ;
#3841 = AXIS2_PLACEMENT_3D ( 'NONE', #3131, #3492, #1477 ) ;
#3842 = LINE ( 'NONE', #3367, #386 ) ;
#3843 = DIRECTION ( 'NONE',  ( 1.356609324931812100E-016, -1.000000000000000000, 0.0000000000000000000 ) ) ;
#3844 =( NAMED_UNIT ( * ) SI_UNIT ( $, .STERADIAN. ) SOLID_ANGLE_UNIT ( ) );
#3845 = ORIENTED_EDGE ( 'NONE', *, *, #590, .T. ) ;
#3846 = DIRECTION ( 'NONE',  ( 0.2729786930695291500, 0.0000000000000000000, -0.9620200793798701100 ) ) ;
#3847 = VECTOR ( 'NONE', #2442, 999.9999999999998900 ) ;
#3848 = ORIENTED_EDGE ( 'NONE', *, *, #3799, .F. ) ;
#3849 = VECTOR ( 'NONE', #131, 1000.000000000000000 ) ;
#3850 = AXIS2_PLACEMENT_3D ( 'NONE', #2738, #3102, #739 ) ;
#3851 = ORIENTED_EDGE ( 'NONE', *, *, #3017, .T. ) ;
#3852 = CARTESIAN_POINT ( 'NONE',  ( 1.248636143970641300, 3.954990000000000400, -1.329939999999992600 ) ) ;
#3853 = AXIS2_PLACEMENT_3D ( 'NONE', #1067, #428, #1407 ) ;
#3854 = VERTEX_POINT ( 'NONE', #4064 ) ;
#3855 = LINE ( 'NONE', #4225, #843 ) ;
#3856 = PRESENTATION_STYLE_ASSIGNMENT (( #2198 ) ) ;
#3857 = ORIENTED_EDGE ( 'NONE', *, *, #3368, .T. ) ;
#3858 = VECTOR ( 'NONE', #2326, 1000.000000000000000 ) ;
#3859 = DIRECTION ( 'NONE',  ( 1.000000000000000000, 0.0000000000000000000, -0.0000000000000000000 ) ) ;
#3860 = CARTESIAN_POINT ( 'NONE',  ( 0.07500000000000128800, -2.125130000000000000, -2.889999999999999700 ) ) ;
#3861 = EDGE_CURVE ( 'NONE', #3247, #1359, #1008, .T. ) ;
#3862 = CARTESIAN_POINT ( 'NONE',  ( 0.004341047483178784100, 3.954990000000000400, -0.07383945424683201200 ) ) ;
#3863 = UNCERTAINTY_MEASURE_WITH_UNIT (LENGTH_MEASURE( 1.000000000000000100E-005 ), #3574, 'distance_accuracy_value', 'NONE');
#3864 = LINE ( 'NONE', #565, #151 ) ;
#3865 = FACE_OUTER_BOUND ( 'NONE', #466, .T. ) ;
#3866 = DIRECTION ( 'NONE',  ( 0.9610348236706635100, 0.0000000000000000000, 0.2764273280489771800 ) ) ;
#3867 = DIRECTION ( 'NONE',  ( 0.0000000000000000000, -1.000000000000000000, 0.0000000000000000000 ) ) ;
#3868 = EDGE_CURVE ( 'NONE', #210, #2102, #3100, .T. ) ;
#3869 = ADVANCED_FACE ( 'NONE', ( #699 ), #397, .F. ) ;
#3870 = DIRECTION ( 'NONE',  ( -1.097929030185397200E-016, 1.000000000000000000, 0.0000000000000000000 ) ) ;
#3871 = VECTOR ( 'NONE', #4187, 1000.000000000000000 ) ;
#3872 = VECTOR ( 'NONE', #2224, 1000.000000000000000 ) ;
#3873 = ORIENTED_EDGE ( 'NONE', *, *, #2270, .F. ) ;
#3874 = PRESENTATION_LAYER_ASSIGNMENT (  '', '', ( #1580 ) ) ;
#3875 = ORIENTED_EDGE ( 'NONE', *, *, #1099, .T. ) ;
#3876 = VECTOR ( 'NONE', #3099, 1000.000000000000000 ) ;
#3877 = CARTESIAN_POINT ( 'NONE',  ( 1.358180020911098800, 3.954990000000000400, -1.461305847026832100 ) ) ;
#3878 = CARTESIAN_POINT ( 'NONE',  ( 3.599999999999999600, 3.999870000000000900, 0.0000000000000000000 ) ) ;
#3879 = ORIENTED_EDGE ( 'NONE', *, *, #949, .T. ) ;
#3880 =( NAMED_UNIT ( * ) SI_UNIT ( $, .STERADIAN. ) SOLID_ANGLE_UNIT ( ) );
#3881 =( GEOMETRIC_REPRESENTATION_CONTEXT ( 3 ) GLOBAL_UNCERTAINTY_ASSIGNED_CONTEXT ( ( #2221 ) ) GLOBAL_UNIT_ASSIGNED_CONTEXT ( ( #3654, #2616, #650 ) ) REPRESENTATION_CONTEXT ( 'NONE', 'WORKASPACE' ) );
#3882 = DIRECTION ( 'NONE',  ( -0.4668459304955208700, 0.0000000000000000000, 0.8843386665637612600 ) ) ;
#3883 = ORIENTED_EDGE ( 'NONE', *, *, #2407, .F. ) ;
#3884 = LINE ( 'NONE', #276, #2052 ) ;
#3885 = VECTOR ( 'NONE', #743, 1000.000000000000000 ) ;
#3886 = VERTEX_POINT ( 'NONE', #1754 ) ;
#3887 = ADVANCED_FACE ( 'NONE', ( #3369 ), #2038, .F. ) ;
#3888 = FILL_AREA_STYLE ('',( #640 ) ) ;
#3889 = LINE ( 'NONE', #1409, #1197 ) ;
#3890 =( NAMED_UNIT ( * ) PLANE_ANGLE_UNIT ( ) SI_UNIT ( $, .RADIAN. ) );
#3891 = CARTESIAN_POINT ( 'NONE',  ( 2.156572397128510500E-016, 1.984935000000000600, -2.889999999999999200 ) ) ;
#3892 = VECTOR ( 'NONE', #4097, 1000.000000000000000 ) ;
#3893 = EDGE_CURVE ( 'NONE', #1359, #2404, #2338, .T. ) ;
#3894 = VECTOR ( 'NONE', #2230, 1000.000000000000000 ) ;
#3895 = CARTESIAN_POINT ( 'NONE',  ( 1.642644315228731300, 3.949990000000000600, -1.436099941449988000 ) ) ;
#3896 = ORIENTED_EDGE ( 'NONE', *, *, #3551, .T. ) ;
#3897 = COLOUR_RGB ( '',0.8980392156862745400, 0.9215686274509803400, 0.9294117647058823800 ) ;
#3898 = VECTOR ( 'NONE', #706, 1000.000000000000000 ) ;
#3899 = MECHANICAL_DESIGN_GEOMETRIC_PRESENTATION_REPRESENTATION (  '', ( #2505 ), #3349 ) ;
#3900 = VERTEX_POINT ( 'NONE', #1048 ) ;
#3901 = ORIENTED_EDGE ( 'NONE', *, *, #1840, .F. ) ;
#3902 = FACE_OUTER_BOUND ( 'NONE', #3286, .T. ) ;
#3903 = SURFACE_STYLE_USAGE ( .BOTH. , #1189 ) ;
#3904 = ORIENTED_EDGE ( 'NONE', *, *, #2599, .T. ) ;
#3905 = LINE ( 'NONE', #1233, #354 ) ;
#3906 = STYLED_ITEM ( 'NONE', ( #4116 ), #980 ) ;
#3907 = CARTESIAN_POINT ( 'NONE',  ( 0.0000000000000000000, 3.999870000000000900, 0.0000000000000000000 ) ) ;
#3908 = CLOSED_SHELL ( 'NONE', ( #638, #2657, #2188, #1232, #3869, #2558, #4205, #3241, #327, #3287, #961, #1579, #1899, #4265, #2206, #1283, #4267, #3262, #301 ) ) ;
#3909 = ADVANCED_FACE ( 'NONE', ( #3541 ), #107, .T. ) ;
#3910 = DIRECTION ( 'NONE',  ( 7.938847109617143800E-005, 0.0000000000000000000, -0.9999999968487353100 ) ) ;
#3911 = CIRCLE ( 'NONE', #1821, 0.07499999999999999700 ) ;
#3912 = FACE_OUTER_BOUND ( 'NONE', #974, .T. ) ;
#3913 = PRESENTATION_STYLE_ASSIGNMENT (( #1251 ) ) ;
#3914 = EDGE_CURVE ( 'NONE', #1733, #3829, #497, .T. ) ;
#3915 = SURFACE_SIDE_STYLE ('',( #1004 ) ) ;
#3916 = DIRECTION ( 'NONE',  ( 0.3725077383644747100, 0.0000000000000000000, 0.9280290862136725300 ) ) ;
#3917 = VERTEX_POINT ( 'NONE', #2818 ) ;
#3918 = SURFACE_STYLE_FILL_AREA ( #2483 ) ;
#3919 = CARTESIAN_POINT ( 'NONE',  ( 1.000800000000000100, 1.984935000000000600, -2.899999999999999900 ) ) ;
#3920 = EDGE_CURVE ( 'NONE', #1256, #1985, #1115, .T. ) ;
#3921 = CARTESIAN_POINT ( 'NONE',  ( 1.866638775377903200, 3.949990000000000600, -1.329939999999992400 ) ) ;
#3922 = ADVANCED_FACE ( 'NONE', ( #2776 ), #473, .F. ) ;
#3923 = EDGE_LOOP ( 'NONE', ( #2343, #4012, #1569, #1061 ) ) ;
#3924 = LINE ( 'NONE', #3735, #609 ) ;
#3925 = ADVANCED_FACE ( 'NONE', ( #4264 ), #3802, .T. ) ;
#3926 = VERTEX_POINT ( 'NONE', #806 ) ;
#3927 = CARTESIAN_POINT ( 'NONE',  ( 1.439624369630277100, 3.949990000000000600, -1.329939999999992600 ) ) ;
#3928 =( LENGTH_UNIT ( ) NAMED_UNIT ( * ) SI_UNIT ( .MILLI., .METRE. ) );
#3929 = ORIENTED_EDGE ( 'NONE', *, *, #4191, .F. ) ;
#3930 = VECTOR ( 'NONE', #1533, 1000.000000000000000 ) ;
#3931 = DIRECTION ( 'NONE',  ( 0.0000000000000000000, 1.000000000000000000, 0.0000000000000000000 ) ) ;
#3932 = AXIS2_PLACEMENT_3D ( 'NONE', #1327, #367, #1629 ) ;
#3933 = PRESENTATION_LAYER_ASSIGNMENT (  '', '', ( #3040 ) ) ;
#3934 = CARTESIAN_POINT ( 'NONE',  ( 1.997677999066031200, 3.949990000000000600, -1.571878146101223000 ) ) ;
#3935 = CARTESIAN_POINT ( 'NONE',  ( 2.599200000000000600, 2.049815000000000600, -2.899999999999999900 ) ) ;
#3936 = LINE ( 'NONE', #3791, #977 ) ;
#3937 = ORIENTED_EDGE ( 'NONE', *, *, #3333, .T. ) ;
#3938 = UNCERTAINTY_MEASURE_WITH_UNIT (LENGTH_MEASURE( 1.000000000000000100E-005 ), #81, 'distance_accuracy_value', 'NONE');
#3939 = LINE ( 'NONE', #1142, #2967 ) ;
#3940 = EDGE_CURVE ( 'NONE', #3836, #2715, #1318, .T. ) ;
#3941 = EDGE_LOOP ( 'NONE', ( #4128, #1374, #832, #439 ) ) ;
#3942 = VECTOR ( 'NONE', #1481, 1000.000000000000100 ) ;
#3943 = ADVANCED_FACE ( 'NONE', ( #844 ), #2523, .F. ) ;
#3944 = CARTESIAN_POINT ( 'NONE',  ( 3.599999999999999600, 3.999870000000000900, 0.0000000000000000000 ) ) ;
#3945 = EDGE_CURVE ( 'NONE', #3798, #1002, #2768, .T. ) ;
#3946 = ORIENTED_EDGE ( 'NONE', *, *, #3458, .T. ) ;
#3947 = VECTOR ( 'NONE', #463, 1000.000000000000000 ) ;
#3948 = ORIENTED_EDGE ( 'NONE', *, *, #730, .F. ) ;
#3949 = DIRECTION ( 'NONE',  ( -0.0000000000000000000, -1.000000000000000000, -0.0000000000000000000 ) ) ;
#3950 = FACE_OUTER_BOUND ( 'NONE', #1026, .T. ) ;
#3951 = ADVANCED_FACE ( 'NONE', ( #2131 ), #229, .F. ) ;
#3952 =( NAMED_UNIT ( * ) PLANE_ANGLE_UNIT ( ) SI_UNIT ( $, .RADIAN. ) );
#3953 = EDGE_LOOP ( 'NONE', ( #103, #3085, #381, #3033 ) ) ;
#3954 = AXIS2_PLACEMENT_3D ( 'NONE', #3860, #161, #3533 ) ;
#3955 = AXIS2_PLACEMENT_3D ( 'NONE', #2141, #2455, #3834 ) ;
#3956 = EDGE_LOOP ( 'NONE', ( #280, #3020, #1874, #401 ) ) ;
#3957 = SURFACE_SIDE_STYLE ('',( #3507 ) ) ;
#3958 = PLANE ( 'NONE',  #421 ) ;
#3959 =( NAMED_UNIT ( * ) SI_UNIT ( $, .STERADIAN. ) SOLID_ANGLE_UNIT ( ) );
#3960 = ORIENTED_EDGE ( 'NONE', *, *, #2553, .F. ) ;
#3961 =( GEOMETRIC_REPRESENTATION_CONTEXT ( 3 ) GLOBAL_UNCERTAINTY_ASSIGNED_CONTEXT ( ( #3696 ) ) GLOBAL_UNIT_ASSIGNED_CONTEXT ( ( #1921, #596, #1968 ) ) REPRESENTATION_CONTEXT ( 'NONE', 'WORKASPACE' ) );
#3962 = PRESENTATION_STYLE_ASSIGNMENT (( #1710 ) ) ;
#3963 = PLANE ( 'NONE',  #3031 ) ;
#3964 = ORIENTED_EDGE ( 'NONE', *, *, #3546, .T. ) ;
#3965 = COLOUR_RGB ( '',0.8980392156862745400, 0.9215686274509803400, 0.9294117647058823800 ) ;
#3966 = ADVANCED_FACE ( 'NONE', ( #355 ), #3958, .T. ) ;
#3967 = ORIENTED_EDGE ( 'NONE', *, *, #2549, .F. ) ;
#3968 = PLANE ( 'NONE',  #878 ) ;
#3969 = ORIENTED_EDGE ( 'NONE', *, *, #4060, .F. ) ;
#3970 = CARTESIAN_POINT ( 'NONE',  ( 1.339018118375714400, 3.954990000000000400, -1.329939999999992600 ) ) ;
#3971 = LINE ( 'NONE', #1056, #1339 ) ;
#3972 = CARTESIAN_POINT ( 'NONE',  ( 2.153090385945311000, 3.954990000000000400, -1.375977706713143800 ) ) ;
#3973 = ORIENTED_EDGE ( 'NONE', *, *, #2993, .T. ) ;
#3974 = VECTOR ( 'NONE', #3660, 1000.000000000000000 ) ;
#3975 = AXIS2_PLACEMENT_3D ( 'NONE', #84, #2307, #2659 ) ;
#3976 = ORIENTED_EDGE ( 'NONE', *, *, #1813, .F. ) ;
#3977 = FACE_OUTER_BOUND ( 'NONE', #4214, .T. ) ;
#3978 = CARTESIAN_POINT ( 'NONE',  ( 1.997677999066031200, 3.949990000000000600, -1.571878146101223000 ) ) ;
#3979 = AXIS2_PLACEMENT_3D ( 'NONE', #559, #2857, #535 ) ;
#3980 = FACE_OUTER_BOUND ( 'NONE', #3474, .T. ) ;
#3981 = ORIENTED_EDGE ( 'NONE', *, *, #2238, .F. ) ;
#3982 = PLANE ( 'NONE',  #2999 ) ;
#3983 = VECTOR ( 'NONE', #2148, 1000.000000000000100 ) ;
#3984 = ADVANCED_FACE ( 'NONE', ( #43 ), #920, .F. ) ;
#3985 = DIRECTION ( 'NONE',  ( -0.4443210308329061900, 0.0000000000000000000, 0.8958676361827028200 ) ) ;
#3986 = CARTESIAN_POINT ( 'NONE',  ( 2.266643490804188600, 3.954990000000000400, -1.525164387927532300 ) ) ;
#3987 = FILL_AREA_STYLE ('',( #1248 ) ) ;
#3988 = LINE ( 'NONE', #2033, #4296 ) ;
#3989 = VECTOR ( 'NONE', #2060, 1000.000000000000000 ) ;
#3990 = CARTESIAN_POINT ( 'NONE',  ( 1.564671085141172000, 3.949990000000000600, -1.525826462263052900 ) ) ;
#3991 = UNCERTAINTY_MEASURE_WITH_UNIT (LENGTH_MEASURE( 1.000000000000000100E-005 ), #2465, 'distance_accuracy_value', 'NONE');
#3992 = DIRECTION ( 'NONE',  ( -0.0000000000000000000, -1.000000000000000000, -4.336808689942025600E-015 ) ) ;
#3993 = PLANE ( 'NONE',  #2608 ) ;
#3994 = EDGE_CURVE ( 'NONE', #1884, #2715, #950, .T. ) ;
#3995 = EDGE_LOOP ( 'NONE', ( #2745, #1340, #3015, #31 ) ) ;
#3996 = VECTOR ( 'NONE', #855, 1000.000000000000000 ) ;
#3997 = SURFACE_STYLE_USAGE ( .BOTH. , #930 ) ;
#3998 = ORIENTED_EDGE ( 'NONE', *, *, #1093, .T. ) ;
#3999 = CARTESIAN_POINT ( 'NONE',  ( 1.000800000000000100, 1.984935000000000600, 0.0000000000000000000 ) ) ;
#4000 = LINE ( 'NONE', #3516, #1926 ) ;
#4001 = CARTESIAN_POINT ( 'NONE',  ( 1.358180020911098800, 3.949990000000000600, -1.461305847026832100 ) ) ;
#4002 = EDGE_CURVE ( 'NONE', #2506, #635, #1164, .T. ) ;
#4003 = MECHANICAL_DESIGN_GEOMETRIC_PRESENTATION_REPRESENTATION (  '', ( #3783 ), #2530 ) ;
#4004 = CARTESIAN_POINT ( 'NONE',  ( 1.301042606982605300E-015, -2.125130000000000000, -0.01000000000000000000 ) ) ;
#4005 = ORIENTED_EDGE ( 'NONE', *, *, #2235, .T. ) ;
#4006 = CARTESIAN_POINT ( 'NONE',  ( 1.687980223147760500, 3.949990000000000600, -1.571878146101223200 ) ) ;
#4007 = DIRECTION ( 'NONE',  ( -0.9619530280415483600, 0.0000000000000000000, -0.2732148821746285800 ) ) ;
#4008 = VERTEX_POINT ( 'NONE', #2605 ) ;
#4009 = CARTESIAN_POINT ( 'NONE',  ( 2.599199999999999300, 3.999870000000000900, -2.899999999999999900 ) ) ;
#4010 = LINE ( 'NONE', #2372, #2994 ) ;
#4011 = CARTESIAN_POINT ( 'NONE',  ( 3.524999999999999500, -2.125130000000000000, -2.889999999999999700 ) ) ;
#4012 = ORIENTED_EDGE ( 'NONE', *, *, #2647, .F. ) ;
#4013 =( NAMED_UNIT ( * ) PLANE_ANGLE_UNIT ( ) SI_UNIT ( $, .RADIAN. ) );
#4014 = PRODUCT_CONTEXT ( 'NONE', #2785, 'mechanical' ) ;
#4015 = DIRECTION ( 'NONE',  ( 0.0000000000000000000, 0.0000000000000000000, -1.000000000000000000 ) ) ;
#4016 = PRESENTATION_LAYER_ASSIGNMENT (  '', '', ( #3265 ) ) ;
#4017 = LINE ( 'NONE', #4217, #660 ) ;
#4018 = CARTESIAN_POINT ( 'NONE',  ( 0.0000000000000000000, 0.0000000000000000000, -0.05000000000000000300 ) ) ;
#4019 = ORIENTED_EDGE ( 'NONE', *, *, #2520, .F. ) ;
#4020 = PLANE ( 'NONE',  #1883 ) ;
#4021 = CARTESIAN_POINT ( 'NONE',  ( 3.599999999999999600, -2.300129999999999800, -0.01000000000000000000 ) ) ;
#4022 = EDGE_CURVE ( 'NONE', #3107, #1266, #2597, .T. ) ;
#4023 = EDGE_LOOP ( 'NONE', ( #1103, #2958, #3579, #678 ) ) ;
#4024 = SURFACE_STYLE_USAGE ( .BOTH. , #3372 ) ;
#4025 = CARTESIAN_POINT ( 'NONE',  ( 1.700266115699353000, 3.954990000000000400, -1.329939999999992400 ) ) ;
#4026 = ORIENTED_EDGE ( 'NONE', *, *, #2359, .T. ) ;
#4027 = EDGE_CURVE ( 'NONE', #2991, #3089, #3423, .T. ) ;
#4028 = SURFACE_SIDE_STYLE ('',( #4283 ) ) ;
#4029 = DIRECTION ( 'NONE',  ( 0.2746918797667256000, 0.0000000000000000000, -0.9615323037684292400 ) ) ;
#4030 = CARTESIAN_POINT ( 'NONE',  ( 1.674900576837581800, 3.954990000000000400, -1.525826462263052900 ) ) ;
#4031 = ORIENTED_EDGE ( 'NONE', *, *, #1997, .T. ) ;
#4032 = VECTOR ( 'NONE', #3284, 1000.000000000000100 ) ;
#4033 = DIRECTION ( 'NONE',  ( 1.000000000000000000, 0.0000000000000000000, -0.0000000000000000000 ) ) ;
#4034 = CARTESIAN_POINT ( 'NONE',  ( 2.156572397128510500E-016, 1.984935000000000600, 0.0000000000000000000 ) ) ;
#4035 = EDGE_CURVE ( 'NONE', #2838, #1011, #4259, .T. ) ;
#4036 = ORIENTED_EDGE ( 'NONE', *, *, #4002, .T. ) ;
#4037 = LINE ( 'NONE', #4234, #1406 ) ;
#4038 = FILL_AREA_STYLE ('',( #1690 ) ) ;
#4039 = FACE_OUTER_BOUND ( 'NONE', #3773, .T. ) ;
#4040 = ORIENTED_EDGE ( 'NONE', *, *, #916, .T. ) ;
#4041 = VECTOR ( 'NONE', #1892, 1000.000000000000000 ) ;
#4042 = DIRECTION ( 'NONE',  ( 0.0000000000000000000, -1.000000000000000000, -0.0000000000000000000 ) ) ;
#4043 = CARTESIAN_POINT ( 'NONE',  ( 1.318256938696120700, 3.954990000000000400, -1.571878146101223500 ) ) ;
#4044 = LINE ( 'NONE', #2170, #3996 ) ;
#4045 = FILL_AREA_STYLE_COLOUR ( '', #594 ) ;
#4046 = ORIENTED_EDGE ( 'NONE', *, *, #3720, .T. ) ;
#4047 =( LENGTH_UNIT ( ) NAMED_UNIT ( * ) SI_UNIT ( .MILLI., .METRE. ) );
#4048 =( NAMED_UNIT ( * ) PLANE_ANGLE_UNIT ( ) SI_UNIT ( $, .RADIAN. ) );
#4049 = ORIENTED_EDGE ( 'NONE', *, *, #3141, .F. ) ;
#4050 = LINE ( 'NONE', #2620, #3687 ) ;
#4051 = ORIENTED_EDGE ( 'NONE', *, *, #1626, .F. ) ;
#4052 = FACE_OUTER_BOUND ( 'NONE', #3743, .T. ) ;
#4053 = EDGE_CURVE ( 'NONE', #2858, #92, #1365, .T. ) ;
#4054 = ORIENTED_EDGE ( 'NONE', *, *, #3839, .F. ) ;
#4055 = VECTOR ( 'NONE', #3633, 1000.000000000000000 ) ;
#4056 = CARTESIAN_POINT ( 'NONE',  ( 1.538816346715014400, 3.949990000000000600, -1.436099941449988000 ) ) ;
#4057 = DIRECTION ( 'NONE',  ( 0.0000000000000000000, 0.0000000000000000000, 1.000000000000000000 ) ) ;
#4058 = VERTEX_POINT ( 'NONE', #3927 ) ;
#4059 = LINE ( 'NONE', #3816, #1986 ) ;
#4060 = EDGE_CURVE ( 'NONE', #3127, #395, #588, .T. ) ;
#4061 = STYLED_ITEM ( 'NONE', ( #2733 ), #3328 ) ;
#4062 = LINE ( 'NONE', #1431, #2394 ) ;
#4063 = CARTESIAN_POINT ( 'NONE',  ( 0.0000000000000000000, 0.0000000000000000000, -2.899999999999999900 ) ) ;
#4064 = CARTESIAN_POINT ( 'NONE',  ( 1.000800000000000400, 0.04988000000000000100, -0.05000000000000012800 ) ) ;
#4065 = DIRECTION ( 'NONE',  ( 0.0000000000000000000, -1.000000000000000000, -0.0000000000000000000 ) ) ;
#4066 = ORIENTED_EDGE ( 'NONE', *, *, #1260, .F. ) ;
#4067 = PRESENTATION_LAYER_ASSIGNMENT (  '', '', ( #1052 ) ) ;
#4068 = DIRECTION ( 'NONE',  ( 0.7145695586381818300, 0.0000000000000000000, -0.6995643972270415600 ) ) ;
#4069 = VECTOR ( 'NONE', #2863, 1000.000000000000000 ) ;
#4070 = ORIENTED_EDGE ( 'NONE', *, *, #1492, .F. ) ;
#4071 = PLANE ( 'NONE',  #3642 ) ;
#4072 = PRESENTATION_LAYER_ASSIGNMENT (  '', '', ( #3158 ) ) ;
#4073 =( LENGTH_UNIT ( ) NAMED_UNIT ( * ) SI_UNIT ( .MILLI., .METRE. ) );
#4074 = CARTESIAN_POINT ( 'NONE',  ( 1.301042606982605300E-015, -2.125130000000000000, -2.889999999999999700 ) ) ;
#4075 = ORIENTED_EDGE ( 'NONE', *, *, #2675, .F. ) ;
#4076 = LINE ( 'NONE', #2700, #1549 ) ;
#4077 = DIRECTION ( 'NONE',  ( -0.0000000000000000000, 1.000000000000000000, -0.0000000000000000000 ) ) ;
#4078 = EDGE_CURVE ( 'NONE', #558, #3805, #289, .T. ) ;
#4079 = CARTESIAN_POINT ( 'NONE',  ( 3.524999999999999500, -2.200129999999999700, -2.889999999999999200 ) ) ;
#4080 = CARTESIAN_POINT ( 'NONE',  ( 1.657201858388930100, 3.954990000000000400, -1.329939999999992400 ) ) ;
#4081 = EDGE_LOOP ( 'NONE', ( #2300, #4102, #3698, #135 ) ) ;
#4082 = FACE_OUTER_BOUND ( 'NONE', #2602, .T. ) ;
#4083 = DIRECTION ( 'NONE',  ( 0.0000000000000000000, -1.000000000000000000, 0.0000000000000000000 ) ) ;
#4084 = EDGE_CURVE ( 'NONE', #2535, #2977, #2274, .T. ) ;
#4085 = VERTEX_POINT ( 'NONE', #3986 ) ;
#4086 = DIRECTION ( 'NONE',  ( 0.0000000000000000000, 0.0000000000000000000, -1.000000000000000000 ) ) ;
#4087 = STYLED_ITEM ( 'NONE', ( #3120 ), #2911 ) ;
#4088 =( NAMED_UNIT ( * ) PLANE_ANGLE_UNIT ( ) SI_UNIT ( $, .RADIAN. ) );
#4089 = VECTOR ( 'NONE', #3302, 1000.000000000000100 ) ;
#4090 = DIRECTION ( 'NONE',  ( 0.2729786930695291500, 0.0000000000000000000, -0.9620200793798701100 ) ) ;
#4091 = EDGE_LOOP ( 'NONE', ( #4051, #1400, #2942, #3298, #475, #830, #4, #957, #3726, #114, #3617, #1588, #2334, #1943, #2665, #1156, #3243, #685, #2763, #1244, #3472, #1476, #156 ) ) ;
#4092 = AXIS2_PLACEMENT_3D ( 'NONE', #3046, #3077, #1045 ) ;
#4093 =( GEOMETRIC_REPRESENTATION_CONTEXT ( 3 ) GLOBAL_UNCERTAINTY_ASSIGNED_CONTEXT ( ( #3553 ) ) GLOBAL_UNIT_ASSIGNED_CONTEXT ( ( #1088, #4094, #741 ) ) REPRESENTATION_CONTEXT ( 'NONE', 'WORKASPACE' ) );
#4094 =( NAMED_UNIT ( * ) PLANE_ANGLE_UNIT ( ) SI_UNIT ( $, .RADIAN. ) );
#4095 = LINE ( 'NONE', #292, #3185 ) ;
#4096 = ORIENTED_EDGE ( 'NONE', *, *, #3311, .T. ) ;
#4097 = DIRECTION ( 'NONE',  ( 0.0000000000000000000, -1.000000000000000000, -0.0000000000000000000 ) ) ;
#4098 = DIRECTION ( 'NONE',  ( -0.0000000000000000000, -0.0000000000000000000, 1.000000000000000000 ) ) ;
#4099 = LINE ( 'NONE', #3820, #2698 ) ;
#4100 = AXIS2_PLACEMENT_3D ( 'NONE', #1969, #11, #350 ) ;
#4101 = STYLED_ITEM ( 'NONE', ( #929 ), #1853 ) ;
#4102 = ORIENTED_EDGE ( 'NONE', *, *, #3691, .F. ) ;
#4103 = LINE ( 'NONE', #2104, #1768 ) ;
#4104 = ORIENTED_EDGE ( 'NONE', *, *, #1997, .F. ) ;
#4105 = DIRECTION ( 'NONE',  ( 1.495451272393799500E-016, 0.0000000000000000000, 1.000000000000000000 ) ) ;
#4106 = CARTESIAN_POINT ( 'NONE',  ( 2.401786734180402700, 3.954990000000000400, -1.525159129200319500 ) ) ;
#4107 = ORIENTED_EDGE ( 'NONE', *, *, #3201, .T. ) ;
#4108 = VECTOR ( 'NONE', #4144, 1000.000000000000000 ) ;
#4109 = CARTESIAN_POINT ( 'NONE',  ( 1.000800000000000100, 2.014935000000000400, -2.899999999999999900 ) ) ;
#4110 = ORIENTED_EDGE ( 'NONE', *, *, #3920, .T. ) ;
#4111 = CARTESIAN_POINT ( 'NONE',  ( 2.069127590038608600, 3.954990000000000400, -1.480817913321492500 ) ) ;
#4112 = PRESENTATION_STYLE_ASSIGNMENT (( #456 ) ) ;
#4113 = EDGE_CURVE ( 'NONE', #884, #2003, #792, .T. ) ;
#4114 =( NAMED_UNIT ( * ) SI_UNIT ( $, .STERADIAN. ) SOLID_ANGLE_UNIT ( ) );
#4115 = ORIENTED_EDGE ( 'NONE', *, *, #623, .T. ) ;
#4116 = PRESENTATION_STYLE_ASSIGNMENT (( #3903 ) ) ;
#4117 = COLOUR_RGB ( '',0.8980392156862745400, 0.9215686274509803400, 0.9294117647058823800 ) ;
#4118 = PRESENTATION_LAYER_ASSIGNMENT (  '', '', ( #2192 ) ) ;
#4119 = AXIS2_PLACEMENT_3D ( 'NONE', #3878, #3473, #1513 ) ;
#4120 = CARTESIAN_POINT ( 'NONE',  ( 1.301042606982605300E-015, 0.0000000000000000000, 0.0000000000000000000 ) ) ;
#4121 = PLANE ( 'NONE',  #2588 ) ;
#4122 = CARTESIAN_POINT ( 'NONE',  ( 1.249368839762447800, 3.949990000000000600, -1.571878146101223500 ) ) ;
#4123 = LINE ( 'NONE', #2144, #3162 ) ;
#4124 = VECTOR ( 'NONE', #3219, 1000.000000000000000 ) ;
#4125 = ORIENTED_EDGE ( 'NONE', *, *, #3715, .T. ) ;
#4126 = MECHANICAL_DESIGN_GEOMETRIC_PRESENTATION_REPRESENTATION (  '', ( #2512 ), #3594 ) ;
#4127 = CARTESIAN_POINT ( 'NONE',  ( 2.172954087276028000, 3.954990000000000400, -1.480817913321492500 ) ) ;
#4128 = ORIENTED_EDGE ( 'NONE', *, *, #1707, .T. ) ;
#4129 = CARTESIAN_POINT ( 'NONE',  ( 2.599200000000000600, 1.984935000000000600, -2.899999999999999900 ) ) ;
#4130 = VERTEX_POINT ( 'NONE', #1906 ) ;
#4131 = VECTOR ( 'NONE', #3418, 1000.000000000000100 ) ;
#4132 = DIRECTION ( 'NONE',  ( -0.0000000000000000000, 1.000000000000000000, -0.0000000000000000000 ) ) ;
#4133 = ORIENTED_EDGE ( 'NONE', *, *, #272, .F. ) ;
#4134 = SURFACE_SIDE_STYLE ('',( #851 ) ) ;
#4135 = EDGE_CURVE ( 'NONE', #1615, #2027, #492, .T. ) ;
#4136 = PLANE ( 'NONE',  #222 ) ;
#4137 = VECTOR ( 'NONE', #4065, 1000.000000000000000 ) ;
#4138 = LINE ( 'NONE', #810, #679 ) ;
#4139 = CARTESIAN_POINT ( 'NONE',  ( 1.000800000000000800, -2.235651244454480100E-017, 0.0000000000000000000 ) ) ;
#4140 = EDGE_CURVE ( 'NONE', #2197, #2645, #4156, .T. ) ;
#4141 = DIRECTION ( 'NONE',  ( 1.000000000000000000, 0.0000000000000000000, 0.0000000000000000000 ) ) ;
#4142 = SURFACE_STYLE_FILL_AREA ( #3318 ) ;
#4143 =( LENGTH_UNIT ( ) NAMED_UNIT ( * ) SI_UNIT ( .MILLI., .METRE. ) );
#4144 = DIRECTION ( 'NONE',  ( 0.0000000000000000000, -1.000000000000000000, -0.0000000000000000000 ) ) ;
#4145 = DIRECTION ( 'NONE',  ( 1.000000000000000000, 0.0000000000000000000, 0.0000000000000000000 ) ) ;
#4146 =( LENGTH_UNIT ( ) NAMED_UNIT ( * ) SI_UNIT ( .MILLI., .METRE. ) );
#4147 = PRESENTATION_LAYER_ASSIGNMENT (  '', '', ( #3381 ) ) ;
#4148 = ORIENTED_EDGE ( 'NONE', *, *, #465, .T. ) ;
#4149 = ORIENTED_EDGE ( 'NONE', *, *, #3945, .F. ) ;
#4150 = ORIENTED_EDGE ( 'NONE', *, *, #3625, .F. ) ;
#4151 = STYLED_ITEM ( 'NONE', ( #2109 ), #2264 ) ;
#4152 = CARTESIAN_POINT ( 'NONE',  ( 0.8500000000000013100, -2.300129999999999800, -2.889999999999999700 ) ) ;
#4153 = PRODUCT_DEFINITION_CONTEXT ( 'detailed design', #3542, 'design' ) ;
#4154 = ORIENTED_EDGE ( 'NONE', *, *, #2159, .F. ) ;
#4155 = COLOUR_RGB ( '',0.8980392156862745400, 0.9215686274509803400, 0.9294117647058823800 ) ;
#4156 = LINE ( 'NONE', #1275, #3417 ) ;
#4157 = FILL_AREA_STYLE_COLOUR ( '', #1113 ) ;
#4158 = EDGE_CURVE ( 'NONE', #2852, #3688, #2708, .T. ) ;
#4159 = PLANE ( 'NONE',  #4119 ) ;
#4160 = ORIENTED_EDGE ( 'NONE', *, *, #3022, .F. ) ;
#4161 = PRESENTATION_STYLE_ASSIGNMENT (( #3093 ) ) ;
#4162 = CARTESIAN_POINT ( 'NONE',  ( 0.0000000000000000000, 0.0000000000000000000, 0.0000000000000000000 ) ) ;
#4163 =( NAMED_UNIT ( * ) SI_UNIT ( $, .STERADIAN. ) SOLID_ANGLE_UNIT ( ) );
#4164 = SURFACE_STYLE_FILL_AREA ( #91 ) ;
#4165 = EDGE_CURVE ( 'NONE', #1035, #4196, #1484, .T. ) ;
#4166 = SURFACE_STYLE_FILL_AREA ( #1334 ) ;
#4167 = DIRECTION ( 'NONE',  ( 0.3829140317376941700, 0.0000000000000000000, 0.9237839814038690800 ) ) ;
#4168 = AXIS2_PLACEMENT_3D ( 'NONE', #2211, #4199, #2878 ) ;
#4169 = FILL_AREA_STYLE_COLOUR ( '', #4155 ) ;
#4170 = CARTESIAN_POINT ( 'NONE',  ( 0.0000000000000000000, 3.999870000000000900, -2.899999999999999900 ) ) ;
#4171 = EDGE_LOOP ( 'NONE', ( #2266, #3346, #204, #964 ) ) ;
#4172 = CARTESIAN_POINT ( 'NONE',  ( 2.069127590038608600, 3.949990000000000600, -1.480817913321492500 ) ) ;
#4173 = ORIENTED_EDGE ( 'NONE', *, *, #4329, .F. ) ;
#4174 = LINE ( 'NONE', #1332, #915 ) ;
#4175 = AXIS2_PLACEMENT_3D ( 'NONE', #2955, #322, #3281 ) ;
#4176 = DIRECTION ( 'NONE',  ( 0.0000000000000000000, 0.0000000000000000000, -1.000000000000000000 ) ) ;
#4177 = DIRECTION ( 'NONE',  ( 1.000000000000000000, 0.0000000000000000000, 0.0000000000000000000 ) ) ;
#4178 = VERTEX_POINT ( 'NONE', #3970 ) ;
#4179 = SURFACE_STYLE_FILL_AREA ( #2933 ) ;
#4180 = ADVANCED_FACE ( 'NONE', ( #1055 ), #3293, .T. ) ;
#4181 = ORIENTED_EDGE ( 'NONE', *, *, #2353, .F. ) ;
#4182 =( NAMED_UNIT ( * ) SI_UNIT ( $, .STERADIAN. ) SOLID_ANGLE_UNIT ( ) );
#4183 = CARTESIAN_POINT ( 'NONE',  ( 1.248636143970641300, 3.954990000000000400, -1.329939999999992600 ) ) ;
#4184 = FILL_AREA_STYLE ('',( #1503 ) ) ;
#4185 = EDGE_LOOP ( 'NONE', ( #3582, #2829, #3896, #4323 ) ) ;
#4186 = LINE ( 'NONE', #2413, #4241 ) ;
#4187 = DIRECTION ( 'NONE',  ( 1.000000000000000000, 0.0000000000000000000, 0.0000000000000000000 ) ) ;
#4188 =( NAMED_UNIT ( * ) SI_UNIT ( $, .STERADIAN. ) SOLID_ANGLE_UNIT ( ) );
#4189 = SURFACE_SIDE_STYLE ('',( #3180 ) ) ;
#4190 = VECTOR ( 'NONE', #3651, 1000.000000000000000 ) ;
#4191 = EDGE_CURVE ( 'NONE', #1392, #3549, #2175, .T. ) ;
#4192 = STYLED_ITEM ( 'NONE', ( #854 ), #3531 ) ;
#4193 = UNCERTAINTY_MEASURE_WITH_UNIT (LENGTH_MEASURE( 1.000000000000000100E-005 ), #3809, 'distance_accuracy_value', 'NONE');
#4194 = FILL_AREA_STYLE_COLOUR ( '', #2122 ) ;
#4195 = CARTESIAN_POINT ( 'NONE',  ( 1.655419407344723500, 3.954990000000000400, -1.480826005341529900 ) ) ;
#4196 = VERTEX_POINT ( 'NONE', #4001 ) ;
#4197 = PRESENTATION_STYLE_ASSIGNMENT (( #3806 ) ) ;
#4198 = VERTEX_POINT ( 'NONE', #1649 ) ;
#4199 = DIRECTION ( 'NONE',  ( 0.0000000000000000000, 0.0000000000000000000, -1.000000000000000000 ) ) ;
#4200 = AXIS2_PLACEMENT_3D ( 'NONE', #1118, #3489, #3471 ) ;
#4201 = ORIENTED_EDGE ( 'NONE', *, *, #684, .T. ) ;
#4202 = FACE_OUTER_BOUND ( 'NONE', #3385, .T. ) ;
#4203 = CARTESIAN_POINT ( 'NONE',  ( 1.179840000000001300, 3.954990000000000400, -1.329939999999999900 ) ) ;
#4204 = DIRECTION ( 'NONE',  ( 0.0000000000000000000, -1.000000000000000000, 0.0000000000000000000 ) ) ;
#4205 = ADVANCED_FACE ( 'NONE', ( #3902 ), #1397, .F. ) ;
#4206 =( NAMED_UNIT ( * ) PLANE_ANGLE_UNIT ( ) SI_UNIT ( $, .RADIAN. ) );
#4207 = VERTEX_POINT ( 'NONE', #1059 ) ;
#4208 = LINE ( 'NONE', #2068, #646 ) ;
#4209 = EDGE_LOOP ( 'NONE', ( #4036, #1698, #1999, #263 ) ) ;
#4210 = FACE_OUTER_BOUND ( 'NONE', #4023, .T. ) ;
#4211 = DIRECTION ( 'NONE',  ( -1.000000000000000000, 0.0000000000000000000, 0.0000000000000000000 ) ) ;
#4212 = EDGE_CURVE ( 'NONE', #2585, #2506, #839, .T. ) ;
#4213 = CARTESIAN_POINT ( 'NONE',  ( 1.439624369630277100, 3.954990000000000400, -1.329939999999992600 ) ) ;
#4214 = EDGE_LOOP ( 'NONE', ( #3755, #3035, #2042, #4160, #1418, #719 ) ) ;
#4215 = LINE ( 'NONE', #39, #298 ) ;
#4216 = PRESENTATION_STYLE_ASSIGNMENT (( #2966 ) ) ;
#4217 = CARTESIAN_POINT ( 'NONE',  ( 1.762111214983447000, 3.954990000000000400, -1.545331172176685800 ) ) ;
#4218 = EDGE_CURVE ( 'NONE', #2535, #2440, #1831, .T. ) ;
#4219 = AXIS2_PLACEMENT_3D ( 'NONE', #1591, #1604, #2948 ) ;
#4220 = EDGE_LOOP ( 'NONE', ( #3524, #2136, #3171, #2720 ) ) ;
#4221 = ORIENTED_EDGE ( 'NONE', *, *, #1005, .T. ) ;
#4222 = AXIS2_PLACEMENT_3D ( 'NONE', #2905, #1175, #877 ) ;
#4223 = ADVANCED_FACE ( 'NONE', ( #1681 ), #5, .F. ) ;
#4224 = CARTESIAN_POINT ( 'NONE',  ( 2.599200000000000600, 1.950055000000000500, -2.849999999999999600 ) ) ;
#4225 = CARTESIAN_POINT ( 'NONE',  ( 1.564671085141172000, 3.954990000000000400, -1.525826462263052900 ) ) ;
#4226 = CARTESIAN_POINT ( 'NONE',  ( 0.8500000000000013100, -2.200129999999999700, -0.01000000000000000000 ) ) ;
#4227 = ORIENTED_EDGE ( 'NONE', *, *, #4060, .T. ) ;
#4228 =( LENGTH_UNIT ( ) NAMED_UNIT ( * ) SI_UNIT ( .MILLI., .METRE. ) );
#4229 = DIRECTION ( 'NONE',  ( -0.0000000000000000000, -0.0000000000000000000, 1.000000000000000000 ) ) ;
#4230 = MECHANICAL_DESIGN_GEOMETRIC_PRESENTATION_REPRESENTATION (  '', ( #4101 ), #1965 ) ;
#4231 = DIRECTION ( 'NONE',  ( 0.0000000000000000000, 0.0000000000000000000, 1.000000000000000000 ) ) ;
#4232 = ORIENTED_EDGE ( 'NONE', *, *, #1376, .T. ) ;
#4233 = VECTOR ( 'NONE', #2943, 1000.000000000000000 ) ;
#4234 = CARTESIAN_POINT ( 'NONE',  ( 1.928789900132378500, 3.954990000000000400, -1.546368421967922300 ) ) ;
#4235 = COLOUR_RGB ( '',0.8980392156862745400, 0.9215686274509803400, 0.9294117647058823800 ) ;
#4236 = ORIENTED_EDGE ( 'NONE', *, *, #1913, .T. ) ;
#4237 = EDGE_CURVE ( 'NONE', #2797, #3501, #2985, .T. ) ;
#4238 = DIRECTION ( 'NONE',  ( 1.000000000000000000, 0.0000000000000000000, 0.0000000000000000000 ) ) ;
#4239 = ORIENTED_EDGE ( 'NONE', *, *, #709, .T. ) ;
#4240 = CARTESIAN_POINT ( 'NONE',  ( 1.471124017575860400, 3.954990000000000400, -1.571878146101223200 ) ) ;
#4241 = VECTOR ( 'NONE', #1494, 1000.000000000000000 ) ;
#4242 = EDGE_CURVE ( 'NONE', #787, #1797, #1259, .T. ) ;
#4243 = DIRECTION ( 'NONE',  ( -1.000000000000000000, 2.713218649863624200E-016, 0.0000000000000000000 ) ) ;
#4244 = FILL_AREA_STYLE_COLOUR ( '', #1354 ) ;
#4245 = ADVANCED_FACE ( 'NONE', ( #4052 ), #2405, .F. ) ;
#4246 = CARTESIAN_POINT ( 'NONE',  ( 2.026825454045993800, 3.954990000000000400, -1.571878146101223000 ) ) ;
#4247 = EDGE_LOOP ( 'NONE', ( #835, #2259, #1217, #645 ) ) ;
#4248 = FACE_OUTER_BOUND ( 'NONE', #2525, .T. ) ;
#4249 = ORIENTED_EDGE ( 'NONE', *, *, #3224, .T. ) ;
#4250 = UNCERTAINTY_MEASURE_WITH_UNIT (LENGTH_MEASURE( 1.000000000000000100E-005 ), #1289, 'distance_accuracy_value', 'NONE');
#4251 = ORIENTED_EDGE ( 'NONE', *, *, #3746, .F. ) ;
#4252 = SURFACE_STYLE_FILL_AREA ( #1319 ) ;
#4253 = ORIENTED_EDGE ( 'NONE', *, *, #2296, .F. ) ;
#4254 = CARTESIAN_POINT ( 'NONE',  ( 2.039203301366334700, 3.954990000000000400, -1.375977706713143800 ) ) ;
#4255 = SURFACE_SIDE_STYLE ('',( #3268 ) ) ;
#4256 = VERTEX_POINT ( 'NONE', #419 ) ;
#4257 = DIRECTION ( 'NONE',  ( -0.7059037656364498500, 0.0000000000000000000, 0.7083077534943973400 ) ) ;
#4258 = AXIS2_PLACEMENT_3D ( 'NONE', #2481, #1132, #3488 ) ;
#4259 = LINE ( 'NONE', #3234, #2593 ) ;
#4260 = CARTESIAN_POINT ( 'NONE',  ( 1.000800000000000400, 2.049815000000001100, -2.899999999999999900 ) ) ;
#4261 = ORIENTED_EDGE ( 'NONE', *, *, #2289, .T. ) ;
#4262 =( LENGTH_UNIT ( ) NAMED_UNIT ( * ) SI_UNIT ( .MILLI., .METRE. ) );
#4263 = LINE ( 'NONE', #4254, #3366 ) ;
#4264 = FACE_OUTER_BOUND ( 'NONE', #670, .T. ) ;
#4265 = ADVANCED_FACE ( 'NONE', ( #3950 ), #446, .F. ) ;
#4266 = LINE ( 'NONE', #4030, #2718 ) ;
#4267 = ADVANCED_FACE ( 'NONE', ( #691 ), #1735, .F. ) ;
#4268 = UNCERTAINTY_MEASURE_WITH_UNIT (LENGTH_MEASURE( 1.000000000000000100E-005 ), #3083, 'distance_accuracy_value', 'NONE');
#4269 = LINE ( 'NONE', #3990, #2670 ) ;
#4270 = EDGE_CURVE ( 'NONE', #1660, #2493, #2072, .T. ) ;
#4271 = DIRECTION ( 'NONE',  ( 1.000000000000000000, 0.0000000000000000000, -0.0000000000000000000 ) ) ;
#4272 = PLANE ( 'NONE',  #3202 ) ;
#4273 = UNCERTAINTY_MEASURE_WITH_UNIT (LENGTH_MEASURE( 1.000000000000000100E-005 ), #3409, 'distance_accuracy_value', 'NONE');
#4274 =( NAMED_UNIT ( * ) PLANE_ANGLE_UNIT ( ) SI_UNIT ( $, .RADIAN. ) );
#4275 = ORIENTED_EDGE ( 'NONE', *, *, #1890, .F. ) ;
#4276 = LINE ( 'NONE', #486, #2350 ) ;
#4277 = CARTESIAN_POINT ( 'NONE',  ( 2.749999999999999600, -2.300129999999999800, -2.889999999999999700 ) ) ;
#4278 = EDGE_CURVE ( 'NONE', #2474, #1457, #1213, .T. ) ;
#4279 = AXIS2_PLACEMENT_3D ( 'NONE', #4303, #2237, #2935 ) ;
#4280 = CARTESIAN_POINT ( 'NONE',  ( 0.0000000000000000000, 0.0000000000000000000, 0.0000000000000000000 ) ) ;
#4281 = EDGE_LOOP ( 'NONE', ( #226, #3174, #512, #231 ) ) ;
#4282 = ORIENTED_EDGE ( 'NONE', *, *, #1730, .T. ) ;
#4283 = SURFACE_STYLE_FILL_AREA ( #3009 ) ;
#4284 = MECHANICAL_DESIGN_GEOMETRIC_PRESENTATION_REPRESENTATION (  '', ( #1052 ), #1272 ) ;
#4285 = PLANE ( 'NONE',  #1347 ) ;
#4286 = CARTESIAN_POINT ( 'NONE',  ( 1.712112097025641400, 3.954990000000000400, -1.571878146101223200 ) ) ;
#4287 = CARTESIAN_POINT ( 'NONE',  ( 0.0000000000000000000, 3.999870000000000900, 0.0000000000000000000 ) ) ;
#4288 = EDGE_LOOP ( 'NONE', ( #3778, #653, #2096, #341 ) ) ;
#4289 = VECTOR ( 'NONE', #310, 1000.000000000000000 ) ;
#4290 = PLANE ( 'NONE',  #3537 ) ;
#4291 = DIRECTION ( 'NONE',  ( 1.000000000000000000, 0.0000000000000000000, 0.0000000000000000000 ) ) ;
#4292 = FILL_AREA_STYLE ('',( #903 ) ) ;
#4293 = PRESENTATION_STYLE_ASSIGNMENT (( #1741 ) ) ;
#4294 = ORIENTED_EDGE ( 'NONE', *, *, #3275, .T. ) ;
#4295 = LINE ( 'NONE', #3097, #987 ) ;
#4296 = VECTOR ( 'NONE', #990, 1000.000000000000000 ) ;
#4297 = EDGE_CURVE ( 'NONE', #3606, #662, #943, .T. ) ;
#4298 = CARTESIAN_POINT ( 'NONE',  ( 3.600000000000000100, 1.984935000000000600, -2.899999999999999900 ) ) ;
#4299 = LINE ( 'NONE', #234, #2533 ) ;
#4300 = VECTOR ( 'NONE', #3155, 1000.000000000000000 ) ;
#4301 = CARTESIAN_POINT ( 'NONE',  ( 2.749999999999999600, -2.200129999999999700, -0.01000000000000000000 ) ) ;
#4302 = DIRECTION ( 'NONE',  ( 1.000000000000000000, 0.0000000000000000000, 0.0000000000000000000 ) ) ;
#4303 = CARTESIAN_POINT ( 'NONE',  ( 0.0000000000000000000, 3.999870000000000900, 0.0000000000000000000 ) ) ;
#4304 = EDGE_CURVE ( 'NONE', #580, #788, #2025, .T. ) ;
#4305 = MECHANICAL_DESIGN_GEOMETRIC_PRESENTATION_REPRESENTATION (  '', ( #4087 ), #3701 ) ;
#4306 = ORIENTED_EDGE ( 'NONE', *, *, #3399, .F. ) ;
#4307 = DIRECTION ( 'NONE',  ( 0.0000000000000000000, -1.000000000000000000, 0.0000000000000000000 ) ) ;
#4308 = CARTESIAN_POINT ( 'NONE',  ( 1.000800000000000100, 2.014935000000000400, -2.899999999999999900 ) ) ;
#4309 = EDGE_LOOP ( 'NONE', ( #2611, #311, #2106, #927, #689, #4005, #1566, #2414, #2792, #1405, #3529 ) ) ;
#4310 = CARTESIAN_POINT ( 'NONE',  ( 2.160178995160317400, 3.949990000000000600, -1.436099941449500800 ) ) ;
#4311 = VECTOR ( 'NONE', #3451, 1000.000000000000000 ) ;
#4312 = EDGE_LOOP ( 'NONE', ( #2630, #1917, #3976, #2669 ) ) ;
#4313 = LINE ( 'NONE', #1962, #3414 ) ;
#4314 = AXIS2_PLACEMENT_3D ( 'NONE', #3792, #3461, #2116 ) ;
#4315 =( LENGTH_UNIT ( ) NAMED_UNIT ( * ) SI_UNIT ( .MILLI., .METRE. ) );
#4316 = ORIENTED_EDGE ( 'NONE', *, *, #3103, .T. ) ;
#4317 = FACE_OUTER_BOUND ( 'NONE', #1543, .T. ) ;
#4318 = FILL_AREA_STYLE ('',( #3290 ) ) ;
#4319 = SURFACE_SIDE_STYLE ('',( #2650 ) ) ;
#4320 = CARTESIAN_POINT ( 'NONE',  ( 2.401786734180402700, 3.954990000000000400, -1.525159129200319500 ) ) ;
#4321 = DIRECTION ( 'NONE',  ( -1.000000000000000000, 0.0000000000000000000, -0.0000000000000000000 ) ) ;
#4322 = MECHANICAL_DESIGN_GEOMETRIC_PRESENTATION_REPRESENTATION (  '', ( #2688 ), #2542 ) ;
#4323 = ORIENTED_EDGE ( 'NONE', *, *, #3611, .T. ) ;
#4324 = CARTESIAN_POINT ( 'NONE',  ( -0.09999999999999870100, 3.899870000000000800, -0.01000000000000000000 ) ) ;
#4325 = FILL_AREA_STYLE_COLOUR ( '', #2580 ) ;
#4326 = ORIENTED_EDGE ( 'NONE', *, *, #1595, .T. ) ;
#4327 = CARTESIAN_POINT ( 'NONE',  ( 0.0000000000000000000, 0.0000000000000000000, 0.0000000000000000000 ) ) ;
#4328 = VECTOR ( 'NONE', #2594, 1000.000000000000000 ) ;
#4329 = EDGE_CURVE ( 'NONE', #2404, #2497, #3410, .T. ) ;
#4330 = UNCERTAINTY_MEASURE_WITH_UNIT (LENGTH_MEASURE( 1.000000000000000100E-005 ), #3043, 'distance_accuracy_value', 'NONE');
#4331 = VECTOR ( 'NONE', #1570, 1000.000000000000000 ) ;
#4332 = VERTEX_POINT ( 'NONE', #2767 ) ;
ENDSEC;
END-ISO-10303-21;
