ISO-10303-21;
HEADER;
/* Generated by software containing ST-Developer
 * from STEP Tools, Inc. (www.steptools.com) 
 */

FILE_DESCRIPTION(
/* description */ (''),
/* implementation_level */ '2;1');

FILE_NAME(
/* name */ 'PG-TSDSON-8-44_Z8B00251735_V01_3D.stp',
/* time_stamp */ '2024-05-08T15:19:00+05:30',
/* author */ ('sivamani'),
/* organization */ (''),
/* preprocessor_version */ 'ST-DEVELOPER v19.2',
/* originating_system */ 'AutoCAD Mechanical',
/* authorisation */ '');

FILE_SCHEMA (('AUTOMOTIVE_DESIGN { 1 0 10303 214 3 1 1 }'));
ENDSEC;

DATA;
#10=MECHANICAL_DESIGN_GEOMETRIC_PRESENTATION_REPRESENTATION('',(#93,#94,
#95,#96,#97,#98,#99,#100,#101,#102,#103,#104,#105,#106,#107,#108,#109,#110,
#111),#7649);
#11=PRESENTATION_LAYER_ASSIGNMENT('4','3D_Pin1',(#112));
#12=PRESENTATION_LAYER_ASSIGNMENT('6','3D_Side metal',(#113,#114));
#13=PRESENTATION_LAYER_ASSIGNMENT('2','3D_Mold',(#115));
#14=PRESENTATION_LAYER_ASSIGNMENT('3','3D_Pins',(#116,#117,#118));
#15=PRESENTATION_LAYER_ASSIGNMENT('5','3D_Logo',(#119,#120,#121,#122,#123,
#124,#125,#126,#127,#128,#129,#130));
#16=SHAPE_REPRESENTATION_RELATIONSHIP('SRR','None',#7655,#17);
#17=ADVANCED_BREP_SHAPE_REPRESENTATION('',(#112,#113,#114,#115,#116,#117,
#118,#119,#120,#121,#122,#123,#124,#125,#126,#127,#128,#129,#130),#7648);
#18=B_SPLINE_SURFACE_WITH_KNOTS('',3,1,((#6800,#6801),(#6802,#6803),(#6804,
#6805),(#6806,#6807),(#6808,#6809),(#6810,#6811),(#6812,#6813),(#6814,#6815)),
 .UNSPECIFIED.,.F.,.F.,.F.,(4,1,1,1,1,4),(2,2),(0.,0.238492064277943,0.368977397690374,
0.578374399431193,0.688779542936559,1.),(0.,0.0012),.UNSPECIFIED.);
#19=B_SPLINE_SURFACE_WITH_KNOTS('',3,1,((#6820,#6821),(#6822,#6823),(#6824,
#6825),(#6826,#6827),(#6828,#6829),(#6830,#6831),(#6832,#6833)),
 .UNSPECIFIED.,.F.,.F.,.F.,(4,1,1,1,4),(2,2),(0.,0.323661569868115,0.449302283734542,
0.628960210578371,1.),(0.,0.0012),.UNSPECIFIED.);
#20=B_SPLINE_SURFACE_WITH_KNOTS('',3,1,((#6836,#6837),(#6838,#6839),(#6840,
#6841),(#6842,#6843),(#6844,#6845),(#6846,#6847),(#6848,#6849)),
 .UNSPECIFIED.,.F.,.F.,.F.,(4,1,1,1,4),(2,2),(0.,0.4114422538586,0.58192882146562,
0.697770338470743,1.),(0.,0.0012),.UNSPECIFIED.);
#21=B_SPLINE_SURFACE_WITH_KNOTS('',3,1,((#6854,#6855),(#6856,#6857),(#6858,
#6859),(#6860,#6861),(#6862,#6863),(#6864,#6865)),.UNSPECIFIED.,.F.,.F.,
 .F.,(4,1,1,4),(2,2),(0.,0.417929766010006,0.606869793132249,1.),(0.,0.00119999999999997),
 .UNSPECIFIED.);
#22=B_SPLINE_SURFACE_WITH_KNOTS('',3,1,((#6968,#6969),(#6970,#6971),(#6972,
#6973),(#6974,#6975),(#6976,#6977),(#6978,#6979)),.UNSPECIFIED.,.F.,.F.,
 .F.,(4,1,1,4),(2,2),(0.,0.30644689092663,0.597997828653946,1.),(0.,0.00119999999999997),
 .UNSPECIFIED.);
#23=B_SPLINE_SURFACE_WITH_KNOTS('',3,1,((#6988,#6989),(#6990,#6991),(#6992,
#6993),(#6994,#6995),(#6996,#6997),(#6998,#6999),(#7000,#7001),(#7002,#7003)),
 .UNSPECIFIED.,.F.,.F.,.F.,(4,1,1,1,1,4),(2,2),(0.,0.274090784803239,0.429697953696411,
0.575173691496436,0.702680312602857,1.),(0.,0.00119999999999997),
 .UNSPECIFIED.);
#24=B_SPLINE_SURFACE_WITH_KNOTS('',3,1,((#7007,#7008),(#7009,#7010),(#7011,
#7012),(#7013,#7014),(#7015,#7016),(#7017,#7018),(#7019,#7020)),
 .UNSPECIFIED.,.F.,.F.,.F.,(4,1,1,1,4),(2,2),(0.,0.404258057905286,0.571167182336758,
0.715083476048574,1.),(0.,0.0012),.UNSPECIFIED.);
#25=B_SPLINE_SURFACE_WITH_KNOTS('',3,1,((#7025,#7026),(#7027,#7028),(#7029,
#7030),(#7031,#7032),(#7033,#7034),(#7035,#7036)),.UNSPECIFIED.,.F.,.F.,
 .F.,(4,1,1,4),(2,2),(0.,0.324339629177968,0.571874357685934,1.),(0.,0.0012),
 .UNSPECIFIED.);
#26=B_SPLINE_SURFACE_WITH_KNOTS('',3,1,((#7044,#7045),(#7046,#7047),(#7048,
#7049),(#7050,#7051)),.UNSPECIFIED.,.F.,.F.,.F.,(4,4),(2,2),(0.,1.),(0.,
0.0012),.UNSPECIFIED.);
#27=B_SPLINE_SURFACE_WITH_KNOTS('',3,1,((#7132,#7133),(#7134,#7135),(#7136,
#7137),(#7138,#7139)),.UNSPECIFIED.,.F.,.F.,.F.,(4,4),(2,2),(0.,1.),(0.,
0.0012),.UNSPECIFIED.);
#28=B_SPLINE_SURFACE_WITH_KNOTS('',3,1,((#7156,#7157),(#7158,#7159),(#7160,
#7161),(#7162,#7163),(#7164,#7165)),.UNSPECIFIED.,.F.,.F.,.F.,(4,1,4),(2,
2),(0.,0.506378716137781,1.),(0.,0.0012),.UNSPECIFIED.);
#29=B_SPLINE_SURFACE_WITH_KNOTS('',3,1,((#7212,#7213),(#7214,#7215),(#7216,
#7217),(#7218,#7219)),.UNSPECIFIED.,.F.,.F.,.F.,(4,4),(2,2),(0.,1.),(0.,
0.0012),.UNSPECIFIED.);
#30=B_SPLINE_SURFACE_WITH_KNOTS('',3,1,((#7248,#7249),(#7250,#7251),(#7252,
#7253),(#7254,#7255),(#7256,#7257)),.UNSPECIFIED.,.F.,.F.,.F.,(4,1,4),(2,
2),(0.,0.506378716137783,1.),(0.,0.0012),.UNSPECIFIED.);
#31=B_SPLINE_SURFACE_WITH_KNOTS('',3,1,((#7304,#7305),(#7306,#7307),(#7308,
#7309),(#7310,#7311)),.UNSPECIFIED.,.F.,.F.,.F.,(4,4),(2,2),(0.,1.),(0.,
0.0012),.UNSPECIFIED.);
#32=B_SPLINE_SURFACE_WITH_KNOTS('',3,1,((#7340,#7341),(#7342,#7343),(#7344,
#7345),(#7346,#7347),(#7348,#7349)),.UNSPECIFIED.,.F.,.F.,.F.,(4,1,4),(2,
2),(0.,0.506378716137783,1.),(0.,0.0012),.UNSPECIFIED.);
#33=B_SPLINE_SURFACE_WITH_KNOTS('',3,1,((#7396,#7397),(#7398,#7399),(#7400,
#7401),(#7402,#7403)),.UNSPECIFIED.,.F.,.F.,.F.,(4,4),(2,2),(0.,1.),(0.,
0.0012),.UNSPECIFIED.);
#34=B_SPLINE_SURFACE_WITH_KNOTS('',3,1,((#7432,#7433),(#7434,#7435),(#7436,
#7437),(#7438,#7439),(#7440,#7441),(#7442,#7443),(#7444,#7445)),
 .UNSPECIFIED.,.F.,.F.,.F.,(4,1,1,1,4),(2,2),(0.,0.390329246316858,0.550384338223567,
0.780558956052082,1.),(0.,0.0012),.UNSPECIFIED.);
#35=B_SPLINE_SURFACE_WITH_KNOTS('',3,1,((#7472,#7473),(#7474,#7475),(#7476,
#7477),(#7478,#7479),(#7480,#7481),(#7482,#7483),(#7484,#7485),(#7486,#7487),
(#7488,#7489)),.UNSPECIFIED.,.F.,.F.,.F.,(4,1,1,1,1,1,4),(2,2),(0.,0.201990027135383,
0.384776357082897,0.474544531905528,0.593900509923871,0.770955307441904,
1.),(0.,0.0012),.UNSPECIFIED.);
#36=B_SPLINE_CURVE_WITH_KNOTS('',3,(#6345,#6346,#6347,#6348,#6349,#6350,
#6351),.UNSPECIFIED.,.F.,.F.,(4,3,4),(0.,1.41157582703023E-5,2.00489029125859E-5),
 .UNSPECIFIED.);
#37=B_SPLINE_CURVE_WITH_KNOTS('',3,(#6363,#6364,#6365,#6366,#6367,#6368,
#6369),.UNSPECIFIED.,.F.,.F.,(4,3,4),(0.,1.41157582702992E-5,2.00489029125856E-5),
 .UNSPECIFIED.);
#38=B_SPLINE_CURVE_WITH_KNOTS('',3,(#6413,#6414,#6415,#6416,#6417,#6418,
#6419),.UNSPECIFIED.,.F.,.F.,(4,3,4),(0.,1.41157582702966E-5,2.00489029125859E-5),
 .UNSPECIFIED.);
#39=B_SPLINE_CURVE_WITH_KNOTS('',3,(#6431,#6432,#6433,#6434,#6435,#6436,
#6437),.UNSPECIFIED.,.F.,.F.,(4,3,4),(2.71050543121376E-20,1.41157582702963E-5,
2.00489029125856E-5),.UNSPECIFIED.);
#40=B_SPLINE_CURVE_WITH_KNOTS('',3,(#6469,#6470,#6471,#6472,#6473,#6474,
#6475),.UNSPECIFIED.,.F.,.F.,(4,3,4),(2.71050543121376E-20,1.41157582702968E-5,
2.00489029125859E-5),.UNSPECIFIED.);
#41=B_SPLINE_CURVE_WITH_KNOTS('',3,(#6487,#6488,#6489,#6490,#6491,#6492,
#6493),.UNSPECIFIED.,.F.,.F.,(4,3,4),(1.09263967073042E-19,1.41157582703027E-5,
2.00489029125856E-5),.UNSPECIFIED.);
#42=B_SPLINE_CURVE_WITH_KNOTS('',3,(#6525,#6526,#6527,#6528,#6529,#6530,
#6531),.UNSPECIFIED.,.F.,.F.,(4,3,4),(1.09263967073042E-19,1.41157582702969E-5,
2.00489029125859E-5),.UNSPECIFIED.);
#43=B_SPLINE_CURVE_WITH_KNOTS('',3,(#6543,#6544,#6545,#6546,#6547,#6548,
#6549),.UNSPECIFIED.,.F.,.F.,(4,3,4),(2.17263538186249E-19,1.41157582703036E-5,
2.00489029125859E-5),.UNSPECIFIED.);
#44=B_SPLINE_CURVE_WITH_KNOTS('',3,(#6721,#6722,#6723,#6724,#6725,#6726,
#6727,#6728),.UNSPECIFIED.,.F.,.F.,(4,1,1,1,1,4),(0.,0.238492064277943,
0.368977397690374,0.578374399431193,0.688779542936559,1.),.UNSPECIFIED.);
#45=B_SPLINE_CURVE_WITH_KNOTS('',3,(#6732,#6733,#6734,#6735,#6736,#6737,
#6738),.UNSPECIFIED.,.F.,.F.,(4,1,1,1,4),(0.,0.323661569868115,0.449302283734542,
0.628960210578371,1.),.UNSPECIFIED.);
#46=B_SPLINE_CURVE_WITH_KNOTS('',3,(#6744,#6745,#6746,#6747,#6748,#6749,
#6750),.UNSPECIFIED.,.F.,.F.,(4,1,1,1,4),(0.,0.4114422538586,0.58192882146562,
0.697770338470743,1.),.UNSPECIFIED.);
#47=B_SPLINE_CURVE_WITH_KNOTS('',3,(#6753,#6754,#6755,#6756,#6757,#6758),
 .UNSPECIFIED.,.F.,.F.,(4,1,1,4),(0.,0.417929766010006,0.606869793132249,
1.),.UNSPECIFIED.);
#48=B_SPLINE_CURVE_WITH_KNOTS('',3,(#6762,#6763,#6764,#6765,#6766,#6767,
#6768,#6769),.UNSPECIFIED.,.F.,.F.,(4,1,1,1,1,4),(0.,0.238492064277943,
0.368977397690374,0.578374399431193,0.688779542936559,1.),.UNSPECIFIED.);
#49=B_SPLINE_CURVE_WITH_KNOTS('',3,(#6773,#6774,#6775,#6776,#6777,#6778,
#6779),.UNSPECIFIED.,.F.,.F.,(4,1,1,1,4),(0.,0.323661569868115,0.449302283734542,
0.628960210578371,1.),.UNSPECIFIED.);
#50=B_SPLINE_CURVE_WITH_KNOTS('',3,(#6783,#6784,#6785,#6786,#6787,#6788,
#6789),.UNSPECIFIED.,.F.,.F.,(4,1,1,1,4),(0.,0.4114422538586,0.58192882146562,
0.697770338470743,1.),.UNSPECIFIED.);
#51=B_SPLINE_CURVE_WITH_KNOTS('',3,(#6793,#6794,#6795,#6796,#6797,#6798),
 .UNSPECIFIED.,.F.,.F.,(4,1,1,4),(0.,0.417929766010006,0.606869793132249,
1.),.UNSPECIFIED.);
#52=B_SPLINE_CURVE_WITH_KNOTS('',3,(#6871,#6872,#6873,#6874,#6875,#6876),
 .UNSPECIFIED.,.F.,.F.,(4,1,1,4),(0.,0.30644689092663,0.597997828653946,
1.),.UNSPECIFIED.);
#53=B_SPLINE_CURVE_WITH_KNOTS('',3,(#6884,#6885,#6886,#6887,#6888,#6889,
#6890,#6891),.UNSPECIFIED.,.F.,.F.,(4,1,1,1,1,4),(0.,0.274090784803239,
0.429697953696411,0.575173691496436,0.702680312602857,1.),.UNSPECIFIED.);
#54=B_SPLINE_CURVE_WITH_KNOTS('',3,(#6895,#6896,#6897,#6898,#6899,#6900,
#6901),.UNSPECIFIED.,.F.,.F.,(4,1,1,1,4),(0.,0.404258057905286,0.571167182336758,
0.715083476048574,1.),.UNSPECIFIED.);
#55=B_SPLINE_CURVE_WITH_KNOTS('',3,(#6907,#6908,#6909,#6910,#6911,#6912),
 .UNSPECIFIED.,.F.,.F.,(4,1,1,4),(0.,0.324339629177968,0.571874357685934,
1.),.UNSPECIFIED.);
#56=B_SPLINE_CURVE_WITH_KNOTS('',3,(#6921,#6922,#6923,#6924,#6925,#6926),
 .UNSPECIFIED.,.F.,.F.,(4,1,1,4),(0.,0.30644689092663,0.597997828653946,
1.),.UNSPECIFIED.);
#57=B_SPLINE_CURVE_WITH_KNOTS('',3,(#6932,#6933,#6934,#6935,#6936,#6937,
#6938),.UNSPECIFIED.,.F.,.F.,(4,1,1,1,4),(0.,0.404258057905286,0.571167182336758,
0.715083476048574,1.),.UNSPECIFIED.);
#58=B_SPLINE_CURVE_WITH_KNOTS('',3,(#6942,#6943,#6944,#6945,#6946,#6947,
#6948,#6949),.UNSPECIFIED.,.F.,.F.,(4,1,1,1,1,4),(0.,0.274090784803239,
0.429697953696411,0.575173691496436,0.702680312602857,1.),.UNSPECIFIED.);
#59=B_SPLINE_CURVE_WITH_KNOTS('',3,(#6959,#6960,#6961,#6962,#6963,#6964),
 .UNSPECIFIED.,.F.,.F.,(4,1,1,4),(0.,0.324339629177968,0.571874357685934,
1.),.UNSPECIFIED.);
#60=B_SPLINE_CURVE_WITH_KNOTS('',3,(#7054,#7055,#7056,#7057),
 .UNSPECIFIED.,.F.,.F.,(4,4),(0.,1.),.UNSPECIFIED.);
#61=B_SPLINE_CURVE_WITH_KNOTS('',3,(#7061,#7062,#7063,#7064),
 .UNSPECIFIED.,.F.,.F.,(4,4),(0.,1.),.UNSPECIFIED.);
#62=B_SPLINE_CURVE_WITH_KNOTS('',3,(#7141,#7142,#7143,#7144),
 .UNSPECIFIED.,.F.,.F.,(4,4),(0.,1.),.UNSPECIFIED.);
#63=B_SPLINE_CURVE_WITH_KNOTS('',3,(#7147,#7148,#7149,#7150),
 .UNSPECIFIED.,.F.,.F.,(4,4),(0.,1.),.UNSPECIFIED.);
#64=B_SPLINE_CURVE_WITH_KNOTS('',3,(#7168,#7169,#7170,#7171,#7172),
 .UNSPECIFIED.,.F.,.F.,(4,1,4),(0.,0.506378716137781,1.),.UNSPECIFIED.);
#65=B_SPLINE_CURVE_WITH_KNOTS('',3,(#7176,#7177,#7178,#7179,#7180),
 .UNSPECIFIED.,.F.,.F.,(4,1,4),(0.,0.506378716137781,1.),.UNSPECIFIED.);
#66=B_SPLINE_CURVE_WITH_KNOTS('',3,(#7221,#7222,#7223,#7224),
 .UNSPECIFIED.,.F.,.F.,(4,4),(0.,1.),.UNSPECIFIED.);
#67=B_SPLINE_CURVE_WITH_KNOTS('',3,(#7227,#7228,#7229,#7230),
 .UNSPECIFIED.,.F.,.F.,(4,4),(0.,1.),.UNSPECIFIED.);
#68=B_SPLINE_CURVE_WITH_KNOTS('',3,(#7260,#7261,#7262,#7263,#7264),
 .UNSPECIFIED.,.F.,.F.,(4,1,4),(0.,0.506378716137783,1.),.UNSPECIFIED.);
#69=B_SPLINE_CURVE_WITH_KNOTS('',3,(#7268,#7269,#7270,#7271,#7272),
 .UNSPECIFIED.,.F.,.F.,(4,1,4),(0.,0.506378716137783,1.),.UNSPECIFIED.);
#70=B_SPLINE_CURVE_WITH_KNOTS('',3,(#7313,#7314,#7315,#7316),
 .UNSPECIFIED.,.F.,.F.,(4,4),(0.,1.),.UNSPECIFIED.);
#71=B_SPLINE_CURVE_WITH_KNOTS('',3,(#7319,#7320,#7321,#7322),
 .UNSPECIFIED.,.F.,.F.,(4,4),(0.,1.),.UNSPECIFIED.);
#72=B_SPLINE_CURVE_WITH_KNOTS('',3,(#7352,#7353,#7354,#7355,#7356),
 .UNSPECIFIED.,.F.,.F.,(4,1,4),(0.,0.506378716137783,1.),.UNSPECIFIED.);
#73=B_SPLINE_CURVE_WITH_KNOTS('',3,(#7360,#7361,#7362,#7363,#7364),
 .UNSPECIFIED.,.F.,.F.,(4,1,4),(0.,0.506378716137783,1.),.UNSPECIFIED.);
#74=B_SPLINE_CURVE_WITH_KNOTS('',3,(#7405,#7406,#7407,#7408),
 .UNSPECIFIED.,.F.,.F.,(4,4),(0.,1.),.UNSPECIFIED.);
#75=B_SPLINE_CURVE_WITH_KNOTS('',3,(#7411,#7412,#7413,#7414),
 .UNSPECIFIED.,.F.,.F.,(4,4),(0.,1.),.UNSPECIFIED.);
#76=B_SPLINE_CURVE_WITH_KNOTS('',3,(#7448,#7449,#7450,#7451,#7452,#7453,
#7454),.UNSPECIFIED.,.F.,.F.,(4,1,1,1,4),(0.,0.390329246316858,0.550384338223567,
0.780558956052082,1.),.UNSPECIFIED.);
#77=B_SPLINE_CURVE_WITH_KNOTS('',3,(#7458,#7459,#7460,#7461,#7462,#7463,
#7464),.UNSPECIFIED.,.F.,.F.,(4,1,1,1,4),(0.,0.390329246316858,0.550384338223567,
0.780558956052082,1.),.UNSPECIFIED.);
#78=B_SPLINE_CURVE_WITH_KNOTS('',3,(#7491,#7492,#7493,#7494,#7495,#7496,
#7497,#7498,#7499),.UNSPECIFIED.,.F.,.F.,(4,1,1,1,1,1,4),(0.,0.201990027135383,
0.384776357082897,0.474544531905528,0.593900509923871,0.770955307441904,
1.),.UNSPECIFIED.);
#79=B_SPLINE_CURVE_WITH_KNOTS('',3,(#7502,#7503,#7504,#7505,#7506,#7507,
#7508,#7509,#7510),.UNSPECIFIED.,.F.,.F.,(4,1,1,1,1,1,4),(0.,0.201990027135383,
0.384776357082897,0.474544531905528,0.593900509923871,0.770955307441904,
1.),.UNSPECIFIED.);
#80=ELLIPSE('',#4555,0.132114715983312,0.0819008021377049);
#81=ELLIPSE('',#4557,0.132114797050892,0.0819008329131946);
#82=ELLIPSE('',#4571,0.132114697499599,0.0819007951836535);
#83=ELLIPSE('',#4573,0.132114719498612,0.0819008035220641);
#84=ELLIPSE('',#4575,0.132114780787204,0.0819008267635841);
#85=ELLIPSE('',#4577,0.132114794235602,0.0819008318414778);
#86=ELLIPSE('',#4579,0.132114750610376,0.0819008153144517);
#87=ELLIPSE('',#4581,0.132114784707397,0.0819008282738298);
#88=FACE_BOUND('',#595,.T.);
#89=FACE_BOUND('',#706,.T.);
#90=FACE_BOUND('',#708,.T.);
#91=FACE_BOUND('',#718,.T.);
#92=FACE_BOUND('',#720,.T.);
#93=STYLED_ITEM('',(#7664),#112);
#94=STYLED_ITEM('',(#7665),#113);
#95=STYLED_ITEM('',(#7665),#114);
#96=STYLED_ITEM('',(#7666),#115);
#97=STYLED_ITEM('',(#7667),#116);
#98=STYLED_ITEM('',(#7667),#117);
#99=STYLED_ITEM('',(#7667),#118);
#100=STYLED_ITEM('',(#7664),#119);
#101=STYLED_ITEM('',(#7664),#120);
#102=STYLED_ITEM('',(#7664),#121);
#103=STYLED_ITEM('',(#7664),#122);
#104=STYLED_ITEM('',(#7664),#123);
#105=STYLED_ITEM('',(#7664),#124);
#106=STYLED_ITEM('',(#7664),#125);
#107=STYLED_ITEM('',(#7664),#126);
#108=STYLED_ITEM('',(#7664),#127);
#109=STYLED_ITEM('',(#7664),#128);
#110=STYLED_ITEM('',(#7664),#129);
#111=STYLED_ITEM('',(#7664),#130);
#112=MANIFOLD_SOLID_BREP('BD2',#4495);
#113=MANIFOLD_SOLID_BREP('BD3',#4496);
#114=MANIFOLD_SOLID_BREP('BD4',#4497);
#115=MANIFOLD_SOLID_BREP('BD5',#4498);
#116=MANIFOLD_SOLID_BREP('BD6',#4499);
#117=MANIFOLD_SOLID_BREP('BD7',#4500);
#118=MANIFOLD_SOLID_BREP('BD8',#4501);
#119=MANIFOLD_SOLID_BREP('BD9',#4502);
#120=MANIFOLD_SOLID_BREP('BDA',#4503);
#121=MANIFOLD_SOLID_BREP('BDB',#4504);
#122=MANIFOLD_SOLID_BREP('BDC',#4505);
#123=MANIFOLD_SOLID_BREP('BDD',#4506);
#124=MANIFOLD_SOLID_BREP('BDE',#4507);
#125=MANIFOLD_SOLID_BREP('BDF',#4508);
#126=MANIFOLD_SOLID_BREP('BE0',#4509);
#127=MANIFOLD_SOLID_BREP('BE1',#4510);
#128=MANIFOLD_SOLID_BREP('BE2',#4511);
#129=MANIFOLD_SOLID_BREP('BE3',#4512);
#130=MANIFOLD_SOLID_BREP('BE4',#4513);
#131=PLANE('',#4518);
#132=PLANE('',#4519);
#133=PLANE('',#4520);
#134=PLANE('',#4521);
#135=PLANE('',#4522);
#136=PLANE('',#4523);
#137=PLANE('',#4524);
#138=PLANE('',#4525);
#139=PLANE('',#4526);
#140=PLANE('',#4527);
#141=PLANE('',#4528);
#142=PLANE('',#4529);
#143=PLANE('',#4530);
#144=PLANE('',#4531);
#145=PLANE('',#4535);
#146=PLANE('',#4536);
#147=PLANE('',#4537);
#148=PLANE('',#4538);
#149=PLANE('',#4539);
#150=PLANE('',#4540);
#151=PLANE('',#4543);
#152=PLANE('',#4544);
#153=PLANE('',#4547);
#154=PLANE('',#4548);
#155=PLANE('',#4549);
#156=PLANE('',#4550);
#157=PLANE('',#4551);
#158=PLANE('',#4558);
#159=PLANE('',#4560);
#160=PLANE('',#4561);
#161=PLANE('',#4563);
#162=PLANE('',#4582);
#163=PLANE('',#4583);
#164=PLANE('',#4585);
#165=PLANE('',#4587);
#166=PLANE('',#4588);
#167=PLANE('',#4590);
#168=PLANE('',#4592);
#169=PLANE('',#4593);
#170=PLANE('',#4595);
#171=PLANE('',#4597);
#172=PLANE('',#4598);
#173=PLANE('',#4600);
#174=PLANE('',#4602);
#175=PLANE('',#4604);
#176=PLANE('',#4606);
#177=PLANE('',#4608);
#178=PLANE('',#4610);
#179=PLANE('',#4612);
#180=PLANE('',#4614);
#181=PLANE('',#4615);
#182=PLANE('',#4616);
#183=PLANE('',#4617);
#184=PLANE('',#4628);
#185=PLANE('',#4632);
#186=PLANE('',#4635);
#187=PLANE('',#4637);
#188=PLANE('',#4638);
#189=PLANE('',#4639);
#190=PLANE('',#4641);
#191=PLANE('',#4642);
#192=PLANE('',#4643);
#193=PLANE('',#4647);
#194=PLANE('',#4650);
#195=PLANE('',#4652);
#196=PLANE('',#4653);
#197=PLANE('',#4657);
#198=PLANE('',#4660);
#199=PLANE('',#4662);
#200=PLANE('',#4663);
#201=PLANE('',#4667);
#202=PLANE('',#4670);
#203=PLANE('',#4672);
#204=PLANE('',#4673);
#205=PLANE('',#4674);
#206=PLANE('',#4676);
#207=PLANE('',#4679);
#208=PLANE('',#4680);
#209=PLANE('',#4682);
#210=PLANE('',#4683);
#211=PLANE('',#4685);
#212=PLANE('',#4686);
#213=PLANE('',#4688);
#214=PLANE('',#4689);
#215=PLANE('',#4691);
#216=PLANE('',#4692);
#217=PLANE('',#4694);
#218=PLANE('',#4695);
#219=PLANE('',#4697);
#220=PLANE('',#4698);
#221=PLANE('',#4700);
#222=PLANE('',#4701);
#223=PLANE('',#4703);
#224=PLANE('',#4704);
#225=PLANE('',#4705);
#226=PLANE('',#4706);
#227=PLANE('',#4708);
#228=PLANE('',#4710);
#229=PLANE('',#4713);
#230=PLANE('',#4714);
#231=PLANE('',#4715);
#232=PLANE('',#4716);
#233=PLANE('',#4717);
#234=PLANE('',#4718);
#235=PLANE('',#4719);
#236=PLANE('',#4720);
#237=PLANE('',#4721);
#238=PLANE('',#4722);
#239=PLANE('',#4723);
#240=PLANE('',#4724);
#241=PLANE('',#4725);
#242=PLANE('',#4726);
#243=PLANE('',#4727);
#244=PLANE('',#4728);
#245=PLANE('',#4729);
#246=PLANE('',#4730);
#247=PLANE('',#4731);
#248=PLANE('',#4732);
#249=PLANE('',#4733);
#250=PLANE('',#4734);
#251=PLANE('',#4735);
#252=PLANE('',#4736);
#253=PLANE('',#4737);
#254=PLANE('',#4738);
#255=PLANE('',#4739);
#256=PLANE('',#4740);
#257=PLANE('',#4741);
#258=PLANE('',#4742);
#259=PLANE('',#4743);
#260=PLANE('',#4744);
#261=PLANE('',#4745);
#262=PLANE('',#4746);
#263=PLANE('',#4747);
#264=PLANE('',#4748);
#265=PLANE('',#4749);
#266=PLANE('',#4750);
#267=PLANE('',#4751);
#268=PLANE('',#4752);
#269=PLANE('',#4753);
#270=PLANE('',#4754);
#271=PLANE('',#4755);
#272=PLANE('',#4756);
#273=PLANE('',#4757);
#274=PLANE('',#4758);
#275=PLANE('',#4759);
#276=PLANE('',#4760);
#277=PLANE('',#4761);
#278=PLANE('',#4762);
#279=PLANE('',#4763);
#280=PLANE('',#4764);
#281=PLANE('',#4765);
#282=PLANE('',#4766);
#283=PLANE('',#4767);
#284=PLANE('',#4768);
#285=PLANE('',#4769);
#286=PLANE('',#4770);
#287=PLANE('',#4771);
#288=PLANE('',#4772);
#289=PLANE('',#4773);
#290=PLANE('',#4774);
#291=PLANE('',#4775);
#292=PLANE('',#4776);
#293=PLANE('',#4780);
#294=PLANE('',#4781);
#295=PLANE('',#4782);
#296=PLANE('',#4786);
#297=PLANE('',#4787);
#298=PLANE('',#4788);
#299=PLANE('',#4792);
#300=PLANE('',#4793);
#301=PLANE('',#4797);
#302=PLANE('',#4798);
#303=PLANE('',#4799);
#304=PLANE('',#4800);
#305=PLANE('',#4801);
#306=PLANE('',#4802);
#307=PLANE('',#4803);
#308=PLANE('',#4804);
#309=PLANE('',#4805);
#310=PLANE('',#4806);
#311=PLANE('',#4807);
#312=PLANE('',#4808);
#313=PLANE('',#4809);
#314=PLANE('',#4810);
#315=PLANE('',#4811);
#316=PLANE('',#4812);
#317=PLANE('',#4813);
#318=PLANE('',#4814);
#319=PLANE('',#4815);
#320=PLANE('',#4816);
#321=FACE_OUTER_BOUND('',#569,.T.);
#322=FACE_OUTER_BOUND('',#570,.T.);
#323=FACE_OUTER_BOUND('',#571,.T.);
#324=FACE_OUTER_BOUND('',#572,.T.);
#325=FACE_OUTER_BOUND('',#573,.T.);
#326=FACE_OUTER_BOUND('',#574,.T.);
#327=FACE_OUTER_BOUND('',#575,.T.);
#328=FACE_OUTER_BOUND('',#576,.T.);
#329=FACE_OUTER_BOUND('',#577,.T.);
#330=FACE_OUTER_BOUND('',#578,.T.);
#331=FACE_OUTER_BOUND('',#579,.T.);
#332=FACE_OUTER_BOUND('',#580,.T.);
#333=FACE_OUTER_BOUND('',#581,.T.);
#334=FACE_OUTER_BOUND('',#582,.T.);
#335=FACE_OUTER_BOUND('',#583,.T.);
#336=FACE_OUTER_BOUND('',#584,.T.);
#337=FACE_OUTER_BOUND('',#585,.T.);
#338=FACE_OUTER_BOUND('',#586,.T.);
#339=FACE_OUTER_BOUND('',#587,.T.);
#340=FACE_OUTER_BOUND('',#588,.T.);
#341=FACE_OUTER_BOUND('',#589,.T.);
#342=FACE_OUTER_BOUND('',#590,.T.);
#343=FACE_OUTER_BOUND('',#591,.T.);
#344=FACE_OUTER_BOUND('',#592,.T.);
#345=FACE_OUTER_BOUND('',#593,.T.);
#346=FACE_OUTER_BOUND('',#594,.T.);
#347=FACE_OUTER_BOUND('',#596,.T.);
#348=FACE_OUTER_BOUND('',#597,.T.);
#349=FACE_OUTER_BOUND('',#598,.T.);
#350=FACE_OUTER_BOUND('',#599,.T.);
#351=FACE_OUTER_BOUND('',#600,.T.);
#352=FACE_OUTER_BOUND('',#601,.T.);
#353=FACE_OUTER_BOUND('',#602,.T.);
#354=FACE_OUTER_BOUND('',#603,.T.);
#355=FACE_OUTER_BOUND('',#604,.T.);
#356=FACE_OUTER_BOUND('',#605,.T.);
#357=FACE_OUTER_BOUND('',#606,.T.);
#358=FACE_OUTER_BOUND('',#607,.T.);
#359=FACE_OUTER_BOUND('',#608,.T.);
#360=FACE_OUTER_BOUND('',#609,.T.);
#361=FACE_OUTER_BOUND('',#610,.T.);
#362=FACE_OUTER_BOUND('',#611,.T.);
#363=FACE_OUTER_BOUND('',#612,.T.);
#364=FACE_OUTER_BOUND('',#613,.T.);
#365=FACE_OUTER_BOUND('',#614,.T.);
#366=FACE_OUTER_BOUND('',#615,.T.);
#367=FACE_OUTER_BOUND('',#616,.T.);
#368=FACE_OUTER_BOUND('',#617,.T.);
#369=FACE_OUTER_BOUND('',#618,.T.);
#370=FACE_OUTER_BOUND('',#619,.T.);
#371=FACE_OUTER_BOUND('',#620,.T.);
#372=FACE_OUTER_BOUND('',#621,.T.);
#373=FACE_OUTER_BOUND('',#622,.T.);
#374=FACE_OUTER_BOUND('',#623,.T.);
#375=FACE_OUTER_BOUND('',#624,.T.);
#376=FACE_OUTER_BOUND('',#625,.T.);
#377=FACE_OUTER_BOUND('',#626,.T.);
#378=FACE_OUTER_BOUND('',#627,.T.);
#379=FACE_OUTER_BOUND('',#628,.T.);
#380=FACE_OUTER_BOUND('',#629,.T.);
#381=FACE_OUTER_BOUND('',#630,.T.);
#382=FACE_OUTER_BOUND('',#631,.T.);
#383=FACE_OUTER_BOUND('',#632,.T.);
#384=FACE_OUTER_BOUND('',#633,.T.);
#385=FACE_OUTER_BOUND('',#634,.T.);
#386=FACE_OUTER_BOUND('',#635,.T.);
#387=FACE_OUTER_BOUND('',#636,.T.);
#388=FACE_OUTER_BOUND('',#637,.T.);
#389=FACE_OUTER_BOUND('',#638,.T.);
#390=FACE_OUTER_BOUND('',#639,.T.);
#391=FACE_OUTER_BOUND('',#640,.T.);
#392=FACE_OUTER_BOUND('',#641,.T.);
#393=FACE_OUTER_BOUND('',#642,.T.);
#394=FACE_OUTER_BOUND('',#643,.T.);
#395=FACE_OUTER_BOUND('',#644,.T.);
#396=FACE_OUTER_BOUND('',#645,.T.);
#397=FACE_OUTER_BOUND('',#646,.T.);
#398=FACE_OUTER_BOUND('',#647,.T.);
#399=FACE_OUTER_BOUND('',#648,.T.);
#400=FACE_OUTER_BOUND('',#649,.T.);
#401=FACE_OUTER_BOUND('',#650,.T.);
#402=FACE_OUTER_BOUND('',#651,.T.);
#403=FACE_OUTER_BOUND('',#652,.T.);
#404=FACE_OUTER_BOUND('',#653,.T.);
#405=FACE_OUTER_BOUND('',#654,.T.);
#406=FACE_OUTER_BOUND('',#655,.T.);
#407=FACE_OUTER_BOUND('',#656,.T.);
#408=FACE_OUTER_BOUND('',#657,.T.);
#409=FACE_OUTER_BOUND('',#658,.T.);
#410=FACE_OUTER_BOUND('',#659,.T.);
#411=FACE_OUTER_BOUND('',#660,.T.);
#412=FACE_OUTER_BOUND('',#661,.T.);
#413=FACE_OUTER_BOUND('',#662,.T.);
#414=FACE_OUTER_BOUND('',#663,.T.);
#415=FACE_OUTER_BOUND('',#664,.T.);
#416=FACE_OUTER_BOUND('',#665,.T.);
#417=FACE_OUTER_BOUND('',#666,.T.);
#418=FACE_OUTER_BOUND('',#667,.T.);
#419=FACE_OUTER_BOUND('',#668,.T.);
#420=FACE_OUTER_BOUND('',#669,.T.);
#421=FACE_OUTER_BOUND('',#670,.T.);
#422=FACE_OUTER_BOUND('',#671,.T.);
#423=FACE_OUTER_BOUND('',#672,.T.);
#424=FACE_OUTER_BOUND('',#673,.T.);
#425=FACE_OUTER_BOUND('',#674,.T.);
#426=FACE_OUTER_BOUND('',#675,.T.);
#427=FACE_OUTER_BOUND('',#676,.T.);
#428=FACE_OUTER_BOUND('',#677,.T.);
#429=FACE_OUTER_BOUND('',#678,.T.);
#430=FACE_OUTER_BOUND('',#679,.T.);
#431=FACE_OUTER_BOUND('',#680,.T.);
#432=FACE_OUTER_BOUND('',#681,.T.);
#433=FACE_OUTER_BOUND('',#682,.T.);
#434=FACE_OUTER_BOUND('',#683,.T.);
#435=FACE_OUTER_BOUND('',#684,.T.);
#436=FACE_OUTER_BOUND('',#685,.T.);
#437=FACE_OUTER_BOUND('',#686,.T.);
#438=FACE_OUTER_BOUND('',#687,.T.);
#439=FACE_OUTER_BOUND('',#688,.T.);
#440=FACE_OUTER_BOUND('',#689,.T.);
#441=FACE_OUTER_BOUND('',#690,.T.);
#442=FACE_OUTER_BOUND('',#691,.T.);
#443=FACE_OUTER_BOUND('',#692,.T.);
#444=FACE_OUTER_BOUND('',#693,.T.);
#445=FACE_OUTER_BOUND('',#694,.T.);
#446=FACE_OUTER_BOUND('',#695,.T.);
#447=FACE_OUTER_BOUND('',#696,.T.);
#448=FACE_OUTER_BOUND('',#697,.T.);
#449=FACE_OUTER_BOUND('',#698,.T.);
#450=FACE_OUTER_BOUND('',#699,.T.);
#451=FACE_OUTER_BOUND('',#700,.T.);
#452=FACE_OUTER_BOUND('',#701,.T.);
#453=FACE_OUTER_BOUND('',#702,.T.);
#454=FACE_OUTER_BOUND('',#703,.T.);
#455=FACE_OUTER_BOUND('',#704,.T.);
#456=FACE_OUTER_BOUND('',#705,.T.);
#457=FACE_OUTER_BOUND('',#707,.T.);
#458=FACE_OUTER_BOUND('',#709,.T.);
#459=FACE_OUTER_BOUND('',#710,.T.);
#460=FACE_OUTER_BOUND('',#711,.T.);
#461=FACE_OUTER_BOUND('',#712,.T.);
#462=FACE_OUTER_BOUND('',#713,.T.);
#463=FACE_OUTER_BOUND('',#714,.T.);
#464=FACE_OUTER_BOUND('',#715,.T.);
#465=FACE_OUTER_BOUND('',#716,.T.);
#466=FACE_OUTER_BOUND('',#717,.T.);
#467=FACE_OUTER_BOUND('',#719,.T.);
#468=FACE_OUTER_BOUND('',#721,.T.);
#469=FACE_OUTER_BOUND('',#722,.T.);
#470=FACE_OUTER_BOUND('',#723,.T.);
#471=FACE_OUTER_BOUND('',#724,.T.);
#472=FACE_OUTER_BOUND('',#725,.T.);
#473=FACE_OUTER_BOUND('',#726,.T.);
#474=FACE_OUTER_BOUND('',#727,.T.);
#475=FACE_OUTER_BOUND('',#728,.T.);
#476=FACE_OUTER_BOUND('',#729,.T.);
#477=FACE_OUTER_BOUND('',#730,.T.);
#478=FACE_OUTER_BOUND('',#731,.T.);
#479=FACE_OUTER_BOUND('',#732,.T.);
#480=FACE_OUTER_BOUND('',#733,.T.);
#481=FACE_OUTER_BOUND('',#734,.T.);
#482=FACE_OUTER_BOUND('',#735,.T.);
#483=FACE_OUTER_BOUND('',#736,.T.);
#484=FACE_OUTER_BOUND('',#737,.T.);
#485=FACE_OUTER_BOUND('',#738,.T.);
#486=FACE_OUTER_BOUND('',#739,.T.);
#487=FACE_OUTER_BOUND('',#740,.T.);
#488=FACE_OUTER_BOUND('',#741,.T.);
#489=FACE_OUTER_BOUND('',#742,.T.);
#490=FACE_OUTER_BOUND('',#743,.T.);
#491=FACE_OUTER_BOUND('',#744,.T.);
#492=FACE_OUTER_BOUND('',#745,.T.);
#493=FACE_OUTER_BOUND('',#746,.T.);
#494=FACE_OUTER_BOUND('',#747,.T.);
#495=FACE_OUTER_BOUND('',#748,.T.);
#496=FACE_OUTER_BOUND('',#749,.T.);
#497=FACE_OUTER_BOUND('',#750,.T.);
#498=FACE_OUTER_BOUND('',#751,.T.);
#499=FACE_OUTER_BOUND('',#752,.T.);
#500=FACE_OUTER_BOUND('',#753,.T.);
#501=FACE_OUTER_BOUND('',#754,.T.);
#502=FACE_OUTER_BOUND('',#755,.T.);
#503=FACE_OUTER_BOUND('',#756,.T.);
#504=FACE_OUTER_BOUND('',#757,.T.);
#505=FACE_OUTER_BOUND('',#758,.T.);
#506=FACE_OUTER_BOUND('',#759,.T.);
#507=FACE_OUTER_BOUND('',#760,.T.);
#508=FACE_OUTER_BOUND('',#761,.T.);
#509=FACE_OUTER_BOUND('',#762,.T.);
#510=FACE_OUTER_BOUND('',#763,.T.);
#511=FACE_OUTER_BOUND('',#764,.T.);
#512=FACE_OUTER_BOUND('',#765,.T.);
#513=FACE_OUTER_BOUND('',#766,.T.);
#514=FACE_OUTER_BOUND('',#767,.T.);
#515=FACE_OUTER_BOUND('',#768,.T.);
#516=FACE_OUTER_BOUND('',#769,.T.);
#517=FACE_OUTER_BOUND('',#770,.T.);
#518=FACE_OUTER_BOUND('',#771,.T.);
#519=FACE_OUTER_BOUND('',#772,.T.);
#520=FACE_OUTER_BOUND('',#773,.T.);
#521=FACE_OUTER_BOUND('',#774,.T.);
#522=FACE_OUTER_BOUND('',#775,.T.);
#523=FACE_OUTER_BOUND('',#776,.T.);
#524=FACE_OUTER_BOUND('',#777,.T.);
#525=FACE_OUTER_BOUND('',#778,.T.);
#526=FACE_OUTER_BOUND('',#779,.T.);
#527=FACE_OUTER_BOUND('',#780,.T.);
#528=FACE_OUTER_BOUND('',#781,.T.);
#529=FACE_OUTER_BOUND('',#782,.T.);
#530=FACE_OUTER_BOUND('',#783,.T.);
#531=FACE_OUTER_BOUND('',#784,.T.);
#532=FACE_OUTER_BOUND('',#785,.T.);
#533=FACE_OUTER_BOUND('',#786,.T.);
#534=FACE_OUTER_BOUND('',#787,.T.);
#535=FACE_OUTER_BOUND('',#788,.T.);
#536=FACE_OUTER_BOUND('',#789,.T.);
#537=FACE_OUTER_BOUND('',#790,.T.);
#538=FACE_OUTER_BOUND('',#791,.T.);
#539=FACE_OUTER_BOUND('',#792,.T.);
#540=FACE_OUTER_BOUND('',#793,.T.);
#541=FACE_OUTER_BOUND('',#794,.T.);
#542=FACE_OUTER_BOUND('',#795,.T.);
#543=FACE_OUTER_BOUND('',#796,.T.);
#544=FACE_OUTER_BOUND('',#797,.T.);
#545=FACE_OUTER_BOUND('',#798,.T.);
#546=FACE_OUTER_BOUND('',#799,.T.);
#547=FACE_OUTER_BOUND('',#800,.T.);
#548=FACE_OUTER_BOUND('',#801,.T.);
#549=FACE_OUTER_BOUND('',#802,.T.);
#550=FACE_OUTER_BOUND('',#803,.T.);
#551=FACE_OUTER_BOUND('',#804,.T.);
#552=FACE_OUTER_BOUND('',#805,.T.);
#553=FACE_OUTER_BOUND('',#806,.T.);
#554=FACE_OUTER_BOUND('',#807,.T.);
#555=FACE_OUTER_BOUND('',#808,.T.);
#556=FACE_OUTER_BOUND('',#809,.T.);
#557=FACE_OUTER_BOUND('',#810,.T.);
#558=FACE_OUTER_BOUND('',#811,.T.);
#559=FACE_OUTER_BOUND('',#812,.T.);
#560=FACE_OUTER_BOUND('',#813,.T.);
#561=FACE_OUTER_BOUND('',#814,.T.);
#562=FACE_OUTER_BOUND('',#815,.T.);
#563=FACE_OUTER_BOUND('',#816,.T.);
#564=FACE_OUTER_BOUND('',#817,.T.);
#565=FACE_OUTER_BOUND('',#818,.T.);
#566=FACE_OUTER_BOUND('',#819,.T.);
#567=FACE_OUTER_BOUND('',#820,.T.);
#568=FACE_OUTER_BOUND('',#821,.T.);
#569=EDGE_LOOP('',(#2953,#2954,#2955,#2956));
#570=EDGE_LOOP('',(#2957));
#571=EDGE_LOOP('',(#2958));
#572=EDGE_LOOP('',(#2959,#2960,#2961,#2962));
#573=EDGE_LOOP('',(#2963,#2964,#2965,#2966));
#574=EDGE_LOOP('',(#2967,#2968,#2969,#2970));
#575=EDGE_LOOP('',(#2971,#2972,#2973,#2974));
#576=EDGE_LOOP('',(#2975,#2976,#2977,#2978));
#577=EDGE_LOOP('',(#2979,#2980,#2981,#2982));
#578=EDGE_LOOP('',(#2983,#2984,#2985,#2986));
#579=EDGE_LOOP('',(#2987,#2988,#2989,#2990));
#580=EDGE_LOOP('',(#2991,#2992,#2993,#2994));
#581=EDGE_LOOP('',(#2995,#2996,#2997,#2998));
#582=EDGE_LOOP('',(#2999,#3000,#3001,#3002));
#583=EDGE_LOOP('',(#3003,#3004,#3005,#3006));
#584=EDGE_LOOP('',(#3007,#3008,#3009,#3010));
#585=EDGE_LOOP('',(#3011,#3012,#3013,#3014));
#586=EDGE_LOOP('',(#3015,#3016,#3017,#3018));
#587=EDGE_LOOP('',(#3019,#3020,#3021,#3022));
#588=EDGE_LOOP('',(#3023,#3024,#3025,#3026,#3027,#3028,#3029,#3030,#3031,
#3032,#3033,#3034,#3035,#3036,#3037,#3038));
#589=EDGE_LOOP('',(#3039,#3040,#3041,#3042));
#590=EDGE_LOOP('',(#3043,#3044,#3045,#3046,#3047,#3048));
#591=EDGE_LOOP('',(#3049,#3050,#3051,#3052,#3053,#3054,#3055,#3056,#3057,
#3058,#3059,#3060,#3061,#3062,#3063,#3064,#3065,#3066,#3067,#3068));
#592=EDGE_LOOP('',(#3069,#3070,#3071,#3072,#3073,#3074));
#593=EDGE_LOOP('',(#3075,#3076,#3077,#3078,#3079,#3080,#3081,#3082,#3083,
#3084,#3085,#3086,#3087,#3088,#3089,#3090,#3091,#3092,#3093,#3094));
#594=EDGE_LOOP('',(#3095,#3096,#3097,#3098));
#595=EDGE_LOOP('',(#3099));
#596=EDGE_LOOP('',(#3100,#3101,#3102,#3103));
#597=EDGE_LOOP('',(#3104));
#598=EDGE_LOOP('',(#3105,#3106,#3107,#3108,#3109,#3110));
#599=EDGE_LOOP('',(#3111,#3112,#3113,#3114));
#600=EDGE_LOOP('',(#3115,#3116,#3117,#3118));
#601=EDGE_LOOP('',(#3119,#3120,#3121,#3122,#3123));
#602=EDGE_LOOP('',(#3124,#3125,#3126,#3127));
#603=EDGE_LOOP('',(#3128,#3129,#3130,#3131,#3132));
#604=EDGE_LOOP('',(#3133,#3134,#3135,#3136,#3137,#3138,#3139,#3140,#3141,
#3142,#3143,#3144,#3145,#3146,#3147,#3148,#3149,#3150));
#605=EDGE_LOOP('',(#3151,#3152,#3153,#3154));
#606=EDGE_LOOP('',(#3155,#3156,#3157,#3158));
#607=EDGE_LOOP('',(#3159,#3160,#3161,#3162));
#608=EDGE_LOOP('',(#3163,#3164,#3165,#3166));
#609=EDGE_LOOP('',(#3167,#3168,#3169,#3170));
#610=EDGE_LOOP('',(#3171,#3172,#3173,#3174));
#611=EDGE_LOOP('',(#3175,#3176,#3177,#3178));
#612=EDGE_LOOP('',(#3179,#3180,#3181,#3182,#3183));
#613=EDGE_LOOP('',(#3184,#3185,#3186,#3187,#3188));
#614=EDGE_LOOP('',(#3189,#3190,#3191,#3192));
#615=EDGE_LOOP('',(#3193,#3194,#3195,#3196,#3197));
#616=EDGE_LOOP('',(#3198,#3199,#3200,#3201,#3202));
#617=EDGE_LOOP('',(#3203,#3204,#3205,#3206));
#618=EDGE_LOOP('',(#3207,#3208,#3209,#3210,#3211));
#619=EDGE_LOOP('',(#3212,#3213,#3214,#3215,#3216));
#620=EDGE_LOOP('',(#3217,#3218,#3219,#3220,#3221,#3222,#3223,#3224,#3225,
#3226,#3227,#3228,#3229,#3230,#3231,#3232));
#621=EDGE_LOOP('',(#3233,#3234,#3235,#3236,#3237));
#622=EDGE_LOOP('',(#3238,#3239,#3240,#3241,#3242));
#623=EDGE_LOOP('',(#3243,#3244,#3245,#3246,#3247));
#624=EDGE_LOOP('',(#3248,#3249,#3250,#3251,#3252));
#625=EDGE_LOOP('',(#3253,#3254,#3255,#3256,#3257));
#626=EDGE_LOOP('',(#3258,#3259,#3260,#3261,#3262));
#627=EDGE_LOOP('',(#3263,#3264,#3265,#3266,#3267));
#628=EDGE_LOOP('',(#3268,#3269,#3270,#3271,#3272));
#629=EDGE_LOOP('',(#3273,#3274,#3275,#3276));
#630=EDGE_LOOP('',(#3277,#3278,#3279,#3280));
#631=EDGE_LOOP('',(#3281,#3282,#3283,#3284));
#632=EDGE_LOOP('',(#3285,#3286,#3287,#3288));
#633=EDGE_LOOP('',(#3289,#3290,#3291,#3292));
#634=EDGE_LOOP('',(#3293,#3294,#3295,#3296));
#635=EDGE_LOOP('',(#3297,#3298,#3299,#3300));
#636=EDGE_LOOP('',(#3301,#3302,#3303,#3304));
#637=EDGE_LOOP('',(#3305,#3306,#3307,#3308));
#638=EDGE_LOOP('',(#3309,#3310,#3311,#3312,#3313,#3314));
#639=EDGE_LOOP('',(#3315,#3316,#3317,#3318,#3319,#3320));
#640=EDGE_LOOP('',(#3321,#3322,#3323,#3324,#3325));
#641=EDGE_LOOP('',(#3326,#3327,#3328,#3329,#3330,#3331));
#642=EDGE_LOOP('',(#3332,#3333,#3334,#3335,#3336));
#643=EDGE_LOOP('',(#3337,#3338,#3339,#3340,#3341,#3342));
#644=EDGE_LOOP('',(#3343,#3344,#3345,#3346));
#645=EDGE_LOOP('',(#3347,#3348,#3349,#3350));
#646=EDGE_LOOP('',(#3351,#3352,#3353,#3354));
#647=EDGE_LOOP('',(#3355,#3356,#3357,#3358,#3359,#3360));
#648=EDGE_LOOP('',(#3361,#3362,#3363,#3364));
#649=EDGE_LOOP('',(#3365,#3366,#3367,#3368));
#650=EDGE_LOOP('',(#3369,#3370,#3371,#3372,#3373,#3374));
#651=EDGE_LOOP('',(#3375,#3376,#3377,#3378,#3379,#3380));
#652=EDGE_LOOP('',(#3381,#3382,#3383,#3384));
#653=EDGE_LOOP('',(#3385,#3386,#3387,#3388));
#654=EDGE_LOOP('',(#3389,#3390,#3391,#3392,#3393,#3394));
#655=EDGE_LOOP('',(#3395,#3396,#3397,#3398));
#656=EDGE_LOOP('',(#3399,#3400,#3401,#3402));
#657=EDGE_LOOP('',(#3403,#3404,#3405,#3406));
#658=EDGE_LOOP('',(#3407,#3408,#3409,#3410,#3411,#3412));
#659=EDGE_LOOP('',(#3413,#3414,#3415,#3416));
#660=EDGE_LOOP('',(#3417,#3418,#3419,#3420,#3421,#3422));
#661=EDGE_LOOP('',(#3423,#3424,#3425,#3426));
#662=EDGE_LOOP('',(#3427,#3428,#3429,#3430));
#663=EDGE_LOOP('',(#3431,#3432,#3433,#3434));
#664=EDGE_LOOP('',(#3435,#3436,#3437,#3438,#3439,#3440));
#665=EDGE_LOOP('',(#3441,#3442,#3443,#3444));
#666=EDGE_LOOP('',(#3445,#3446,#3447,#3448,#3449,#3450));
#667=EDGE_LOOP('',(#3451,#3452,#3453,#3454));
#668=EDGE_LOOP('',(#3455,#3456,#3457,#3458));
#669=EDGE_LOOP('',(#3459,#3460,#3461,#3462));
#670=EDGE_LOOP('',(#3463,#3464,#3465,#3466,#3467,#3468));
#671=EDGE_LOOP('',(#3469,#3470,#3471,#3472,#3473,#3474,#3475,#3476,#3477,
#3478,#3479,#3480));
#672=EDGE_LOOP('',(#3481,#3482,#3483,#3484,#3485,#3486,#3487,#3488,#3489,
#3490,#3491,#3492,#3493,#3494,#3495,#3496,#3497,#3498));
#673=EDGE_LOOP('',(#3499,#3500,#3501,#3502));
#674=EDGE_LOOP('',(#3503,#3504,#3505,#3506,#3507,#3508));
#675=EDGE_LOOP('',(#3509,#3510,#3511,#3512));
#676=EDGE_LOOP('',(#3513,#3514,#3515,#3516,#3517,#3518));
#677=EDGE_LOOP('',(#3519,#3520,#3521,#3522,#3523,#3524));
#678=EDGE_LOOP('',(#3525,#3526,#3527,#3528));
#679=EDGE_LOOP('',(#3529,#3530,#3531,#3532,#3533,#3534));
#680=EDGE_LOOP('',(#3535,#3536,#3537,#3538));
#681=EDGE_LOOP('',(#3539,#3540,#3541,#3542,#3543,#3544));
#682=EDGE_LOOP('',(#3545,#3546,#3547,#3548));
#683=EDGE_LOOP('',(#3549,#3550,#3551,#3552,#3553,#3554));
#684=EDGE_LOOP('',(#3555,#3556,#3557,#3558));
#685=EDGE_LOOP('',(#3559,#3560,#3561,#3562,#3563,#3564));
#686=EDGE_LOOP('',(#3565,#3566,#3567,#3568));
#687=EDGE_LOOP('',(#3569,#3570,#3571,#3572,#3573,#3574));
#688=EDGE_LOOP('',(#3575,#3576,#3577,#3578));
#689=EDGE_LOOP('',(#3579,#3580,#3581,#3582,#3583,#3584));
#690=EDGE_LOOP('',(#3585,#3586,#3587,#3588));
#691=EDGE_LOOP('',(#3589,#3590,#3591,#3592,#3593,#3594));
#692=EDGE_LOOP('',(#3595,#3596,#3597,#3598));
#693=EDGE_LOOP('',(#3599,#3600,#3601,#3602,#3603,#3604));
#694=EDGE_LOOP('',(#3605,#3606,#3607,#3608));
#695=EDGE_LOOP('',(#3609,#3610,#3611,#3612,#3613,#3614,#3615,#3616,#3617,
#3618,#3619,#3620,#3621,#3622,#3623,#3624));
#696=EDGE_LOOP('',(#3625,#3626,#3627,#3628,#3629,#3630,#3631,#3632,#3633,
#3634,#3635,#3636,#3637,#3638,#3639,#3640));
#697=EDGE_LOOP('',(#3641,#3642,#3643,#3644));
#698=EDGE_LOOP('',(#3645,#3646,#3647,#3648));
#699=EDGE_LOOP('',(#3649,#3650,#3651,#3652));
#700=EDGE_LOOP('',(#3653,#3654,#3655,#3656));
#701=EDGE_LOOP('',(#3657,#3658,#3659,#3660));
#702=EDGE_LOOP('',(#3661,#3662,#3663,#3664));
#703=EDGE_LOOP('',(#3665,#3666,#3667,#3668));
#704=EDGE_LOOP('',(#3669,#3670,#3671,#3672));
#705=EDGE_LOOP('',(#3673,#3674,#3675,#3676));
#706=EDGE_LOOP('',(#3677,#3678,#3679,#3680));
#707=EDGE_LOOP('',(#3681,#3682,#3683,#3684));
#708=EDGE_LOOP('',(#3685,#3686,#3687,#3688));
#709=EDGE_LOOP('',(#3689,#3690,#3691,#3692));
#710=EDGE_LOOP('',(#3693,#3694,#3695,#3696));
#711=EDGE_LOOP('',(#3697,#3698,#3699,#3700));
#712=EDGE_LOOP('',(#3701,#3702,#3703,#3704));
#713=EDGE_LOOP('',(#3705,#3706,#3707,#3708));
#714=EDGE_LOOP('',(#3709,#3710,#3711,#3712));
#715=EDGE_LOOP('',(#3713,#3714,#3715,#3716));
#716=EDGE_LOOP('',(#3717,#3718,#3719,#3720));
#717=EDGE_LOOP('',(#3721,#3722,#3723,#3724,#3725,#3726,#3727,#3728,#3729));
#718=EDGE_LOOP('',(#3730,#3731,#3732,#3733));
#719=EDGE_LOOP('',(#3734,#3735,#3736,#3737,#3738,#3739,#3740,#3741,#3742));
#720=EDGE_LOOP('',(#3743,#3744,#3745,#3746));
#721=EDGE_LOOP('',(#3747,#3748,#3749,#3750));
#722=EDGE_LOOP('',(#3751,#3752,#3753,#3754));
#723=EDGE_LOOP('',(#3755,#3756,#3757,#3758));
#724=EDGE_LOOP('',(#3759,#3760,#3761,#3762));
#725=EDGE_LOOP('',(#3763,#3764,#3765,#3766));
#726=EDGE_LOOP('',(#3767,#3768,#3769,#3770));
#727=EDGE_LOOP('',(#3771,#3772,#3773,#3774));
#728=EDGE_LOOP('',(#3775,#3776,#3777,#3778));
#729=EDGE_LOOP('',(#3779,#3780,#3781,#3782));
#730=EDGE_LOOP('',(#3783,#3784,#3785,#3786));
#731=EDGE_LOOP('',(#3787,#3788,#3789,#3790));
#732=EDGE_LOOP('',(#3791,#3792,#3793,#3794));
#733=EDGE_LOOP('',(#3795,#3796,#3797,#3798));
#734=EDGE_LOOP('',(#3799,#3800,#3801,#3802));
#735=EDGE_LOOP('',(#3803,#3804,#3805,#3806));
#736=EDGE_LOOP('',(#3807,#3808,#3809,#3810));
#737=EDGE_LOOP('',(#3811,#3812,#3813,#3814));
#738=EDGE_LOOP('',(#3815,#3816,#3817,#3818));
#739=EDGE_LOOP('',(#3819,#3820,#3821,#3822));
#740=EDGE_LOOP('',(#3823,#3824,#3825,#3826));
#741=EDGE_LOOP('',(#3827,#3828,#3829,#3830));
#742=EDGE_LOOP('',(#3831,#3832,#3833,#3834));
#743=EDGE_LOOP('',(#3835,#3836,#3837,#3838));
#744=EDGE_LOOP('',(#3839,#3840,#3841,#3842));
#745=EDGE_LOOP('',(#3843,#3844,#3845,#3846));
#746=EDGE_LOOP('',(#3847,#3848,#3849,#3850));
#747=EDGE_LOOP('',(#3851,#3852,#3853,#3854));
#748=EDGE_LOOP('',(#3855,#3856,#3857,#3858,#3859,#3860,#3861,#3862,#3863,
#3864,#3865,#3866,#3867,#3868));
#749=EDGE_LOOP('',(#3869,#3870,#3871,#3872,#3873,#3874,#3875,#3876,#3877,
#3878,#3879,#3880,#3881,#3882));
#750=EDGE_LOOP('',(#3883,#3884,#3885,#3886));
#751=EDGE_LOOP('',(#3887,#3888,#3889,#3890));
#752=EDGE_LOOP('',(#3891,#3892,#3893,#3894));
#753=EDGE_LOOP('',(#3895,#3896,#3897,#3898));
#754=EDGE_LOOP('',(#3899,#3900,#3901,#3902));
#755=EDGE_LOOP('',(#3903,#3904,#3905,#3906));
#756=EDGE_LOOP('',(#3907,#3908,#3909,#3910));
#757=EDGE_LOOP('',(#3911,#3912,#3913,#3914));
#758=EDGE_LOOP('',(#3915,#3916,#3917,#3918));
#759=EDGE_LOOP('',(#3919,#3920,#3921,#3922));
#760=EDGE_LOOP('',(#3923,#3924,#3925,#3926,#3927,#3928,#3929,#3930,#3931,
#3932));
#761=EDGE_LOOP('',(#3933,#3934,#3935,#3936,#3937,#3938,#3939,#3940,#3941,
#3942));
#762=EDGE_LOOP('',(#3943,#3944,#3945,#3946));
#763=EDGE_LOOP('',(#3947,#3948,#3949,#3950));
#764=EDGE_LOOP('',(#3951,#3952,#3953,#3954));
#765=EDGE_LOOP('',(#3955,#3956,#3957,#3958));
#766=EDGE_LOOP('',(#3959,#3960,#3961,#3962));
#767=EDGE_LOOP('',(#3963,#3964,#3965,#3966));
#768=EDGE_LOOP('',(#3967,#3968,#3969,#3970));
#769=EDGE_LOOP('',(#3971,#3972,#3973,#3974));
#770=EDGE_LOOP('',(#3975,#3976,#3977,#3978));
#771=EDGE_LOOP('',(#3979,#3980,#3981,#3982));
#772=EDGE_LOOP('',(#3983,#3984,#3985,#3986,#3987,#3988,#3989,#3990,#3991,
#3992));
#773=EDGE_LOOP('',(#3993,#3994,#3995,#3996,#3997,#3998,#3999,#4000,#4001,
#4002));
#774=EDGE_LOOP('',(#4003,#4004,#4005,#4006));
#775=EDGE_LOOP('',(#4007,#4008,#4009,#4010));
#776=EDGE_LOOP('',(#4011,#4012,#4013,#4014));
#777=EDGE_LOOP('',(#4015,#4016,#4017,#4018));
#778=EDGE_LOOP('',(#4019,#4020,#4021,#4022));
#779=EDGE_LOOP('',(#4023,#4024,#4025,#4026));
#780=EDGE_LOOP('',(#4027,#4028,#4029,#4030));
#781=EDGE_LOOP('',(#4031,#4032,#4033,#4034));
#782=EDGE_LOOP('',(#4035,#4036,#4037,#4038));
#783=EDGE_LOOP('',(#4039,#4040,#4041,#4042));
#784=EDGE_LOOP('',(#4043,#4044,#4045,#4046,#4047,#4048,#4049,#4050,#4051,
#4052));
#785=EDGE_LOOP('',(#4053,#4054,#4055,#4056,#4057,#4058,#4059,#4060,#4061,
#4062));
#786=EDGE_LOOP('',(#4063,#4064,#4065,#4066));
#787=EDGE_LOOP('',(#4067,#4068,#4069,#4070));
#788=EDGE_LOOP('',(#4071,#4072,#4073,#4074));
#789=EDGE_LOOP('',(#4075,#4076,#4077,#4078));
#790=EDGE_LOOP('',(#4079,#4080,#4081,#4082));
#791=EDGE_LOOP('',(#4083,#4084,#4085,#4086));
#792=EDGE_LOOP('',(#4087,#4088,#4089,#4090));
#793=EDGE_LOOP('',(#4091,#4092,#4093,#4094));
#794=EDGE_LOOP('',(#4095,#4096,#4097,#4098));
#795=EDGE_LOOP('',(#4099,#4100,#4101,#4102));
#796=EDGE_LOOP('',(#4103,#4104,#4105,#4106,#4107,#4108,#4109,#4110,#4111,
#4112));
#797=EDGE_LOOP('',(#4113,#4114,#4115,#4116,#4117,#4118,#4119,#4120,#4121,
#4122));
#798=EDGE_LOOP('',(#4123,#4124,#4125,#4126));
#799=EDGE_LOOP('',(#4127));
#800=EDGE_LOOP('',(#4128));
#801=EDGE_LOOP('',(#4129,#4130,#4131,#4132));
#802=EDGE_LOOP('',(#4133));
#803=EDGE_LOOP('',(#4134));
#804=EDGE_LOOP('',(#4135,#4136,#4137,#4138));
#805=EDGE_LOOP('',(#4139,#4140,#4141,#4142));
#806=EDGE_LOOP('',(#4143,#4144,#4145,#4146));
#807=EDGE_LOOP('',(#4147,#4148,#4149,#4150));
#808=EDGE_LOOP('',(#4151,#4152,#4153,#4154));
#809=EDGE_LOOP('',(#4155,#4156,#4157,#4158));
#810=EDGE_LOOP('',(#4159,#4160,#4161,#4162));
#811=EDGE_LOOP('',(#4163,#4164,#4165,#4166));
#812=EDGE_LOOP('',(#4167,#4168,#4169,#4170));
#813=EDGE_LOOP('',(#4171,#4172,#4173,#4174));
#814=EDGE_LOOP('',(#4175,#4176,#4177,#4178));
#815=EDGE_LOOP('',(#4179,#4180,#4181,#4182));
#816=EDGE_LOOP('',(#4183,#4184,#4185,#4186));
#817=EDGE_LOOP('',(#4187,#4188,#4189,#4190));
#818=EDGE_LOOP('',(#4191,#4192,#4193,#4194));
#819=EDGE_LOOP('',(#4195,#4196,#4197,#4198));
#820=EDGE_LOOP('',(#4199,#4200,#4201,#4202));
#821=EDGE_LOOP('',(#4203,#4204,#4205,#4206));
#822=LINE('',#5939,#1333);
#823=LINE('',#5946,#1334);
#824=LINE('',#5948,#1335);
#825=LINE('',#5950,#1336);
#826=LINE('',#5951,#1337);
#827=LINE('',#5954,#1338);
#828=LINE('',#5956,#1339);
#829=LINE('',#5957,#1340);
#830=LINE('',#5960,#1341);
#831=LINE('',#5962,#1342);
#832=LINE('',#5963,#1343);
#833=LINE('',#5965,#1344);
#834=LINE('',#5966,#1345);
#835=LINE('',#5972,#1346);
#836=LINE('',#5974,#1347);
#837=LINE('',#5976,#1348);
#838=LINE('',#5977,#1349);
#839=LINE('',#5980,#1350);
#840=LINE('',#5982,#1351);
#841=LINE('',#5983,#1352);
#842=LINE('',#5986,#1353);
#843=LINE('',#5988,#1354);
#844=LINE('',#5989,#1355);
#845=LINE('',#5991,#1356);
#846=LINE('',#5992,#1357);
#847=LINE('',#5999,#1358);
#848=LINE('',#6004,#1359);
#849=LINE('',#6006,#1360);
#850=LINE('',#6008,#1361);
#851=LINE('',#6009,#1362);
#852=LINE('',#6013,#1363);
#853=LINE('',#6015,#1364);
#854=LINE('',#6017,#1365);
#855=LINE('',#6018,#1366);
#856=LINE('',#6022,#1367);
#857=LINE('',#6024,#1368);
#858=LINE('',#6026,#1369);
#859=LINE('',#6027,#1370);
#860=LINE('',#6031,#1371);
#861=LINE('',#6033,#1372);
#862=LINE('',#6035,#1373);
#863=LINE('',#6037,#1374);
#864=LINE('',#6039,#1375);
#865=LINE('',#6041,#1376);
#866=LINE('',#6043,#1377);
#867=LINE('',#6045,#1378);
#868=LINE('',#6047,#1379);
#869=LINE('',#6049,#1380);
#870=LINE('',#6051,#1381);
#871=LINE('',#6053,#1382);
#872=LINE('',#6055,#1383);
#873=LINE('',#6057,#1384);
#874=LINE('',#6059,#1385);
#875=LINE('',#6060,#1386);
#876=LINE('',#6064,#1387);
#877=LINE('',#6066,#1388);
#878=LINE('',#6068,#1389);
#879=LINE('',#6069,#1390);
#880=LINE('',#6074,#1391);
#881=LINE('',#6076,#1392);
#882=LINE('',#6078,#1393);
#883=LINE('',#6082,#1394);
#884=LINE('',#6084,#1395);
#885=LINE('',#6086,#1396);
#886=LINE('',#6088,#1397);
#887=LINE('',#6090,#1398);
#888=LINE('',#6092,#1399);
#889=LINE('',#6094,#1400);
#890=LINE('',#6096,#1401);
#891=LINE('',#6098,#1402);
#892=LINE('',#6100,#1403);
#893=LINE('',#6102,#1404);
#894=LINE('',#6104,#1405);
#895=LINE('',#6106,#1406);
#896=LINE('',#6108,#1407);
#897=LINE('',#6110,#1408);
#898=LINE('',#6112,#1409);
#899=LINE('',#6114,#1410);
#900=LINE('',#6116,#1411);
#901=LINE('',#6117,#1412);
#902=LINE('',#6123,#1413);
#903=LINE('',#6124,#1414);
#904=LINE('',#6127,#1415);
#905=LINE('',#6129,#1416);
#906=LINE('',#6131,#1417);
#907=LINE('',#6133,#1418);
#908=LINE('',#6135,#1419);
#909=LINE('',#6137,#1420);
#910=LINE('',#6139,#1421);
#911=LINE('',#6141,#1422);
#912=LINE('',#6143,#1423);
#913=LINE('',#6145,#1424);
#914=LINE('',#6147,#1425);
#915=LINE('',#6149,#1426);
#916=LINE('',#6151,#1427);
#917=LINE('',#6153,#1428);
#918=LINE('',#6155,#1429);
#919=LINE('',#6157,#1430);
#920=LINE('',#6158,#1431);
#921=LINE('',#6159,#1432);
#922=LINE('',#6164,#1433);
#923=LINE('',#6166,#1434);
#924=LINE('',#6168,#1435);
#925=LINE('',#6169,#1436);
#926=LINE('',#6175,#1437);
#927=LINE('',#6177,#1438);
#928=LINE('',#6179,#1439);
#929=LINE('',#6184,#1440);
#930=LINE('',#6187,#1441);
#931=LINE('',#6191,#1442);
#932=LINE('',#6193,#1443);
#933=LINE('',#6200,#1444);
#934=LINE('',#6202,#1445);
#935=LINE('',#6204,#1446);
#936=LINE('',#6209,#1447);
#937=LINE('',#6211,#1448);
#938=LINE('',#6213,#1449);
#939=LINE('',#6218,#1450);
#940=LINE('',#6220,#1451);
#941=LINE('',#6222,#1452);
#942=LINE('',#6227,#1453);
#943=LINE('',#6230,#1454);
#944=LINE('',#6235,#1455);
#945=LINE('',#6238,#1456);
#946=LINE('',#6243,#1457);
#947=LINE('',#6246,#1458);
#948=LINE('',#6249,#1459);
#949=LINE('',#6250,#1460);
#950=LINE('',#6255,#1461);
#951=LINE('',#6257,#1462);
#952=LINE('',#6262,#1463);
#953=LINE('',#6264,#1464);
#954=LINE('',#6271,#1465);
#955=LINE('',#6273,#1466);
#956=LINE('',#6274,#1467);
#957=LINE('',#6276,#1468);
#958=LINE('',#6278,#1469);
#959=LINE('',#6279,#1470);
#960=LINE('',#6281,#1471);
#961=LINE('',#6283,#1472);
#962=LINE('',#6284,#1473);
#963=LINE('',#6286,#1474);
#964=LINE('',#6288,#1475);
#965=LINE('',#6289,#1476);
#966=LINE('',#6292,#1477);
#967=LINE('',#6295,#1478);
#968=LINE('',#6298,#1479);
#969=LINE('',#6301,#1480);
#970=LINE('',#6304,#1481);
#971=LINE('',#6307,#1482);
#972=LINE('',#6310,#1483);
#973=LINE('',#6313,#1484);
#974=LINE('',#6331,#1485);
#975=LINE('',#6335,#1486);
#976=LINE('',#6337,#1487);
#977=LINE('',#6339,#1488);
#978=LINE('',#6340,#1489);
#979=LINE('',#6344,#1490);
#980=LINE('',#6356,#1491);
#981=LINE('',#6357,#1492);
#982=LINE('',#6358,#1493);
#983=LINE('',#6362,#1494);
#984=LINE('',#6374,#1495);
#985=LINE('',#6377,#1496);
#986=LINE('',#6379,#1497);
#987=LINE('',#6380,#1498);
#988=LINE('',#6382,#1499);
#989=LINE('',#6383,#1500);
#990=LINE('',#6385,#1501);
#991=LINE('',#6388,#1502);
#992=LINE('',#6393,#1503);
#993=LINE('',#6395,#1504);
#994=LINE('',#6397,#1505);
#995=LINE('',#6398,#1506);
#996=LINE('',#6402,#1507);
#997=LINE('',#6406,#1508);
#998=LINE('',#6407,#1509);
#999=LINE('',#6408,#1510);
#1000=LINE('',#6412,#1511);
#1001=LINE('',#6424,#1512);
#1002=LINE('',#6425,#1513);
#1003=LINE('',#6426,#1514);
#1004=LINE('',#6430,#1515);
#1005=LINE('',#6442,#1516);
#1006=LINE('',#6445,#1517);
#1007=LINE('',#6447,#1518);
#1008=LINE('',#6448,#1519);
#1009=LINE('',#6451,#1520);
#1010=LINE('',#6453,#1521);
#1011=LINE('',#6454,#1522);
#1012=LINE('',#6458,#1523);
#1013=LINE('',#6462,#1524);
#1014=LINE('',#6463,#1525);
#1015=LINE('',#6464,#1526);
#1016=LINE('',#6468,#1527);
#1017=LINE('',#6480,#1528);
#1018=LINE('',#6481,#1529);
#1019=LINE('',#6482,#1530);
#1020=LINE('',#6486,#1531);
#1021=LINE('',#6498,#1532);
#1022=LINE('',#6501,#1533);
#1023=LINE('',#6503,#1534);
#1024=LINE('',#6504,#1535);
#1025=LINE('',#6507,#1536);
#1026=LINE('',#6509,#1537);
#1027=LINE('',#6510,#1538);
#1028=LINE('',#6514,#1539);
#1029=LINE('',#6518,#1540);
#1030=LINE('',#6519,#1541);
#1031=LINE('',#6520,#1542);
#1032=LINE('',#6524,#1543);
#1033=LINE('',#6536,#1544);
#1034=LINE('',#6537,#1545);
#1035=LINE('',#6538,#1546);
#1036=LINE('',#6542,#1547);
#1037=LINE('',#6554,#1548);
#1038=LINE('',#6556,#1549);
#1039=LINE('',#6557,#1550);
#1040=LINE('',#6559,#1551);
#1041=LINE('',#6560,#1552);
#1042=LINE('',#6561,#1553);
#1043=LINE('',#6564,#1554);
#1044=LINE('',#6567,#1555);
#1045=LINE('',#6570,#1556);
#1046=LINE('',#6575,#1557);
#1047=LINE('',#6579,#1558);
#1048=LINE('',#6581,#1559);
#1049=LINE('',#6583,#1560);
#1050=LINE('',#6584,#1561);
#1051=LINE('',#6587,#1562);
#1052=LINE('',#6589,#1563);
#1053=LINE('',#6590,#1564);
#1054=LINE('',#6594,#1565);
#1055=LINE('',#6598,#1566);
#1056=LINE('',#6599,#1567);
#1057=LINE('',#6600,#1568);
#1058=LINE('',#6604,#1569);
#1059=LINE('',#6605,#1570);
#1060=LINE('',#6606,#1571);
#1061=LINE('',#6610,#1572);
#1062=LINE('',#6613,#1573);
#1063=LINE('',#6615,#1574);
#1064=LINE('',#6616,#1575);
#1065=LINE('',#6619,#1576);
#1066=LINE('',#6621,#1577);
#1067=LINE('',#6622,#1578);
#1068=LINE('',#6626,#1579);
#1069=LINE('',#6630,#1580);
#1070=LINE('',#6631,#1581);
#1071=LINE('',#6632,#1582);
#1072=LINE('',#6636,#1583);
#1073=LINE('',#6637,#1584);
#1074=LINE('',#6638,#1585);
#1075=LINE('',#6642,#1586);
#1076=LINE('',#6645,#1587);
#1077=LINE('',#6647,#1588);
#1078=LINE('',#6648,#1589);
#1079=LINE('',#6651,#1590);
#1080=LINE('',#6653,#1591);
#1081=LINE('',#6654,#1592);
#1082=LINE('',#6658,#1593);
#1083=LINE('',#6662,#1594);
#1084=LINE('',#6663,#1595);
#1085=LINE('',#6664,#1596);
#1086=LINE('',#6668,#1597);
#1087=LINE('',#6669,#1598);
#1088=LINE('',#6670,#1599);
#1089=LINE('',#6674,#1600);
#1090=LINE('',#6677,#1601);
#1091=LINE('',#6679,#1602);
#1092=LINE('',#6680,#1603);
#1093=LINE('',#6683,#1604);
#1094=LINE('',#6685,#1605);
#1095=LINE('',#6686,#1606);
#1096=LINE('',#6690,#1607);
#1097=LINE('',#6694,#1608);
#1098=LINE('',#6695,#1609);
#1099=LINE('',#6696,#1610);
#1100=LINE('',#6698,#1611);
#1101=LINE('',#6699,#1612);
#1102=LINE('',#6701,#1613);
#1103=LINE('',#6702,#1614);
#1104=LINE('',#6703,#1615);
#1105=LINE('',#6704,#1616);
#1106=LINE('',#6707,#1617);
#1107=LINE('',#6710,#1618);
#1108=LINE('',#6713,#1619);
#1109=LINE('',#6716,#1620);
#1110=LINE('',#6730,#1621);
#1111=LINE('',#6739,#1622);
#1112=LINE('',#6742,#1623);
#1113=LINE('',#6752,#1624);
#1114=LINE('',#6771,#1625);
#1115=LINE('',#6780,#1626);
#1116=LINE('',#6791,#1627);
#1117=LINE('',#6799,#1628);
#1118=LINE('',#6816,#1629);
#1119=LINE('',#6817,#1630);
#1120=LINE('',#6819,#1631);
#1121=LINE('',#6834,#1632);
#1122=LINE('',#6850,#1633);
#1123=LINE('',#6851,#1634);
#1124=LINE('',#6853,#1635);
#1125=LINE('',#6866,#1636);
#1126=LINE('',#6878,#1637);
#1127=LINE('',#6880,#1638);
#1128=LINE('',#6882,#1639);
#1129=LINE('',#6893,#1640);
#1130=LINE('',#6903,#1641);
#1131=LINE('',#6904,#1642);
#1132=LINE('',#6914,#1643);
#1133=LINE('',#6916,#1644);
#1134=LINE('',#6917,#1645);
#1135=LINE('',#6928,#1646);
#1136=LINE('',#6930,#1647);
#1137=LINE('',#6940,#1648);
#1138=LINE('',#6951,#1649);
#1139=LINE('',#6953,#1650);
#1140=LINE('',#6954,#1651);
#1141=LINE('',#6957,#1652);
#1142=LINE('',#6966,#1653);
#1143=LINE('',#6967,#1654);
#1144=LINE('',#6980,#1655);
#1145=LINE('',#6981,#1656);
#1146=LINE('',#6983,#1657);
#1147=LINE('',#6985,#1658);
#1148=LINE('',#6987,#1659);
#1149=LINE('',#7004,#1660);
#1150=LINE('',#7006,#1661);
#1151=LINE('',#7021,#1662);
#1152=LINE('',#7023,#1663);
#1153=LINE('',#7037,#1664);
#1154=LINE('',#7038,#1665);
#1155=LINE('',#7040,#1666);
#1156=LINE('',#7042,#1667);
#1157=LINE('',#7059,#1668);
#1158=LINE('',#7065,#1669);
#1159=LINE('',#7068,#1670);
#1160=LINE('',#7070,#1671);
#1161=LINE('',#7071,#1672);
#1162=LINE('',#7074,#1673);
#1163=LINE('',#7076,#1674);
#1164=LINE('',#7077,#1675);
#1165=LINE('',#7080,#1676);
#1166=LINE('',#7082,#1677);
#1167=LINE('',#7083,#1678);
#1168=LINE('',#7086,#1679);
#1169=LINE('',#7088,#1680);
#1170=LINE('',#7089,#1681);
#1171=LINE('',#7092,#1682);
#1172=LINE('',#7094,#1683);
#1173=LINE('',#7095,#1684);
#1174=LINE('',#7098,#1685);
#1175=LINE('',#7100,#1686);
#1176=LINE('',#7101,#1687);
#1177=LINE('',#7104,#1688);
#1178=LINE('',#7106,#1689);
#1179=LINE('',#7107,#1690);
#1180=LINE('',#7110,#1691);
#1181=LINE('',#7112,#1692);
#1182=LINE('',#7113,#1693);
#1183=LINE('',#7116,#1694);
#1184=LINE('',#7118,#1695);
#1185=LINE('',#7119,#1696);
#1186=LINE('',#7122,#1697);
#1187=LINE('',#7124,#1698);
#1188=LINE('',#7125,#1699);
#1189=LINE('',#7128,#1700);
#1190=LINE('',#7130,#1701);
#1191=LINE('',#7131,#1702);
#1192=LINE('',#7146,#1703);
#1193=LINE('',#7152,#1704);
#1194=LINE('',#7153,#1705);
#1195=LINE('',#7174,#1706);
#1196=LINE('',#7181,#1707);
#1197=LINE('',#7184,#1708);
#1198=LINE('',#7186,#1709);
#1199=LINE('',#7187,#1710);
#1200=LINE('',#7190,#1711);
#1201=LINE('',#7192,#1712);
#1202=LINE('',#7193,#1713);
#1203=LINE('',#7196,#1714);
#1204=LINE('',#7198,#1715);
#1205=LINE('',#7199,#1716);
#1206=LINE('',#7202,#1717);
#1207=LINE('',#7204,#1718);
#1208=LINE('',#7205,#1719);
#1209=LINE('',#7208,#1720);
#1210=LINE('',#7210,#1721);
#1211=LINE('',#7211,#1722);
#1212=LINE('',#7226,#1723);
#1213=LINE('',#7233,#1724);
#1214=LINE('',#7235,#1725);
#1215=LINE('',#7236,#1726);
#1216=LINE('',#7239,#1727);
#1217=LINE('',#7241,#1728);
#1218=LINE('',#7242,#1729);
#1219=LINE('',#7244,#1730);
#1220=LINE('',#7245,#1731);
#1221=LINE('',#7266,#1732);
#1222=LINE('',#7273,#1733);
#1223=LINE('',#7276,#1734);
#1224=LINE('',#7278,#1735);
#1225=LINE('',#7279,#1736);
#1226=LINE('',#7282,#1737);
#1227=LINE('',#7284,#1738);
#1228=LINE('',#7285,#1739);
#1229=LINE('',#7288,#1740);
#1230=LINE('',#7290,#1741);
#1231=LINE('',#7291,#1742);
#1232=LINE('',#7294,#1743);
#1233=LINE('',#7296,#1744);
#1234=LINE('',#7297,#1745);
#1235=LINE('',#7300,#1746);
#1236=LINE('',#7302,#1747);
#1237=LINE('',#7303,#1748);
#1238=LINE('',#7318,#1749);
#1239=LINE('',#7325,#1750);
#1240=LINE('',#7327,#1751);
#1241=LINE('',#7328,#1752);
#1242=LINE('',#7331,#1753);
#1243=LINE('',#7333,#1754);
#1244=LINE('',#7334,#1755);
#1245=LINE('',#7336,#1756);
#1246=LINE('',#7337,#1757);
#1247=LINE('',#7358,#1758);
#1248=LINE('',#7365,#1759);
#1249=LINE('',#7368,#1760);
#1250=LINE('',#7370,#1761);
#1251=LINE('',#7371,#1762);
#1252=LINE('',#7374,#1763);
#1253=LINE('',#7376,#1764);
#1254=LINE('',#7377,#1765);
#1255=LINE('',#7380,#1766);
#1256=LINE('',#7382,#1767);
#1257=LINE('',#7383,#1768);
#1258=LINE('',#7386,#1769);
#1259=LINE('',#7388,#1770);
#1260=LINE('',#7389,#1771);
#1261=LINE('',#7392,#1772);
#1262=LINE('',#7394,#1773);
#1263=LINE('',#7395,#1774);
#1264=LINE('',#7410,#1775);
#1265=LINE('',#7417,#1776);
#1266=LINE('',#7419,#1777);
#1267=LINE('',#7420,#1778);
#1268=LINE('',#7423,#1779);
#1269=LINE('',#7425,#1780);
#1270=LINE('',#7426,#1781);
#1271=LINE('',#7428,#1782);
#1272=LINE('',#7429,#1783);
#1273=LINE('',#7456,#1784);
#1274=LINE('',#7465,#1785);
#1275=LINE('',#7468,#1786);
#1276=LINE('',#7470,#1787);
#1277=LINE('',#7471,#1788);
#1278=LINE('',#7501,#1789);
#1279=LINE('',#7513,#1790);
#1280=LINE('',#7515,#1791);
#1281=LINE('',#7516,#1792);
#1282=LINE('',#7521,#1793);
#1283=LINE('',#7525,#1794);
#1284=LINE('',#7527,#1795);
#1285=LINE('',#7528,#1796);
#1286=LINE('',#7531,#1797);
#1287=LINE('',#7533,#1798);
#1288=LINE('',#7534,#1799);
#1289=LINE('',#7537,#1800);
#1290=LINE('',#7539,#1801);
#1291=LINE('',#7540,#1802);
#1292=LINE('',#7545,#1803);
#1293=LINE('',#7548,#1804);
#1294=LINE('',#7549,#1805);
#1295=LINE('',#7556,#1806);
#1296=LINE('',#7564,#1807);
#1297=LINE('',#7571,#1808);
#1298=LINE('',#7573,#1809);
#1299=LINE('',#7575,#1810);
#1300=LINE('',#7576,#1811);
#1301=LINE('',#7579,#1812);
#1302=LINE('',#7581,#1813);
#1303=LINE('',#7582,#1814);
#1304=LINE('',#7585,#1815);
#1305=LINE('',#7587,#1816);
#1306=LINE('',#7588,#1817);
#1307=LINE('',#7590,#1818);
#1308=LINE('',#7591,#1819);
#1309=LINE('',#7597,#1820);
#1310=LINE('',#7599,#1821);
#1311=LINE('',#7601,#1822);
#1312=LINE('',#7602,#1823);
#1313=LINE('',#7605,#1824);
#1314=LINE('',#7607,#1825);
#1315=LINE('',#7608,#1826);
#1316=LINE('',#7611,#1827);
#1317=LINE('',#7613,#1828);
#1318=LINE('',#7614,#1829);
#1319=LINE('',#7616,#1830);
#1320=LINE('',#7617,#1831);
#1321=LINE('',#7623,#1832);
#1322=LINE('',#7625,#1833);
#1323=LINE('',#7627,#1834);
#1324=LINE('',#7628,#1835);
#1325=LINE('',#7631,#1836);
#1326=LINE('',#7633,#1837);
#1327=LINE('',#7634,#1838);
#1328=LINE('',#7637,#1839);
#1329=LINE('',#7639,#1840);
#1330=LINE('',#7640,#1841);
#1331=LINE('',#7642,#1842);
#1332=LINE('',#7643,#1843);
#1333=VECTOR('',#4823,0.15);
#1334=VECTOR('',#4832,1000.);
#1335=VECTOR('',#4833,1000.);
#1336=VECTOR('',#4834,1000.);
#1337=VECTOR('',#4835,1000.);
#1338=VECTOR('',#4838,1000.);
#1339=VECTOR('',#4839,1000.);
#1340=VECTOR('',#4840,1000.);
#1341=VECTOR('',#4843,1000.);
#1342=VECTOR('',#4844,1000.);
#1343=VECTOR('',#4845,1000.);
#1344=VECTOR('',#4848,1000.);
#1345=VECTOR('',#4849,1000.);
#1346=VECTOR('',#4856,1000.);
#1347=VECTOR('',#4857,1000.);
#1348=VECTOR('',#4858,1000.);
#1349=VECTOR('',#4859,1000.);
#1350=VECTOR('',#4862,1000.);
#1351=VECTOR('',#4863,1000.);
#1352=VECTOR('',#4864,1000.);
#1353=VECTOR('',#4867,1000.);
#1354=VECTOR('',#4868,1000.);
#1355=VECTOR('',#4869,1000.);
#1356=VECTOR('',#4872,1000.);
#1357=VECTOR('',#4873,1000.);
#1358=VECTOR('',#4882,0.15);
#1359=VECTOR('',#4887,1000.);
#1360=VECTOR('',#4888,1000.);
#1361=VECTOR('',#4889,1000.);
#1362=VECTOR('',#4890,1000.);
#1363=VECTOR('',#4893,1000.);
#1364=VECTOR('',#4894,1000.);
#1365=VECTOR('',#4895,1000.);
#1366=VECTOR('',#4896,1000.);
#1367=VECTOR('',#4899,1000.);
#1368=VECTOR('',#4900,1000.);
#1369=VECTOR('',#4901,1000.);
#1370=VECTOR('',#4902,1000.);
#1371=VECTOR('',#4905,1000.);
#1372=VECTOR('',#4906,1000.);
#1373=VECTOR('',#4907,1000.);
#1374=VECTOR('',#4908,1000.);
#1375=VECTOR('',#4909,1000.);
#1376=VECTOR('',#4910,1000.);
#1377=VECTOR('',#4911,1000.);
#1378=VECTOR('',#4912,1000.);
#1379=VECTOR('',#4913,1000.);
#1380=VECTOR('',#4914,1000.);
#1381=VECTOR('',#4915,1000.);
#1382=VECTOR('',#4916,1000.);
#1383=VECTOR('',#4917,1000.);
#1384=VECTOR('',#4918,1000.);
#1385=VECTOR('',#4919,1000.);
#1386=VECTOR('',#4920,1000.);
#1387=VECTOR('',#4923,1000.);
#1388=VECTOR('',#4924,1000.);
#1389=VECTOR('',#4925,1000.);
#1390=VECTOR('',#4926,1000.);
#1391=VECTOR('',#4931,1000.);
#1392=VECTOR('',#4932,1000.);
#1393=VECTOR('',#4933,1000.);
#1394=VECTOR('',#4938,1000.);
#1395=VECTOR('',#4939,1000.);
#1396=VECTOR('',#4940,1000.);
#1397=VECTOR('',#4941,1000.);
#1398=VECTOR('',#4942,1000.);
#1399=VECTOR('',#4943,1000.);
#1400=VECTOR('',#4944,1000.);
#1401=VECTOR('',#4945,1000.);
#1402=VECTOR('',#4946,1000.);
#1403=VECTOR('',#4947,1000.);
#1404=VECTOR('',#4948,1000.);
#1405=VECTOR('',#4949,1000.);
#1406=VECTOR('',#4950,1000.);
#1407=VECTOR('',#4951,1000.);
#1408=VECTOR('',#4952,1000.);
#1409=VECTOR('',#4953,1000.);
#1410=VECTOR('',#4954,1000.);
#1411=VECTOR('',#4955,1000.);
#1412=VECTOR('',#4956,1000.);
#1413=VECTOR('',#4963,1000.);
#1414=VECTOR('',#4964,1000.);
#1415=VECTOR('',#4967,1000.);
#1416=VECTOR('',#4968,1000.);
#1417=VECTOR('',#4969,1000.);
#1418=VECTOR('',#4970,1000.);
#1419=VECTOR('',#4971,1000.);
#1420=VECTOR('',#4972,1000.);
#1421=VECTOR('',#4973,1000.);
#1422=VECTOR('',#4974,1000.);
#1423=VECTOR('',#4975,1000.);
#1424=VECTOR('',#4976,1000.);
#1425=VECTOR('',#4977,1000.);
#1426=VECTOR('',#4978,1000.);
#1427=VECTOR('',#4979,1000.);
#1428=VECTOR('',#4980,1000.);
#1429=VECTOR('',#4981,1000.);
#1430=VECTOR('',#4982,1000.);
#1431=VECTOR('',#4983,1000.);
#1432=VECTOR('',#4984,1000.);
#1433=VECTOR('',#4989,1000.);
#1434=VECTOR('',#4990,1000.);
#1435=VECTOR('',#4991,1000.);
#1436=VECTOR('',#4992,1000.);
#1437=VECTOR('',#4999,1000.);
#1438=VECTOR('',#5000,1000.);
#1439=VECTOR('',#5001,1000.);
#1440=VECTOR('',#5008,1000.);
#1441=VECTOR('',#5011,1000.);
#1442=VECTOR('',#5018,1000.);
#1443=VECTOR('',#5021,1000.);
#1444=VECTOR('',#5030,1000.);
#1445=VECTOR('',#5031,1000.);
#1446=VECTOR('',#5032,1000.);
#1447=VECTOR('',#5037,1000.);
#1448=VECTOR('',#5038,1000.);
#1449=VECTOR('',#5039,1000.);
#1450=VECTOR('',#5044,1000.);
#1451=VECTOR('',#5045,1000.);
#1452=VECTOR('',#5046,1000.);
#1453=VECTOR('',#5053,1000.);
#1454=VECTOR('',#5056,1000.);
#1455=VECTOR('',#5063,1000.);
#1456=VECTOR('',#5066,1000.);
#1457=VECTOR('',#5073,1000.);
#1458=VECTOR('',#5076,1000.);
#1459=VECTOR('',#5081,1000.);
#1460=VECTOR('',#5082,1000.);
#1461=VECTOR('',#5091,1000.);
#1462=VECTOR('',#5094,1000.);
#1463=VECTOR('',#5103,1000.);
#1464=VECTOR('',#5106,1000.);
#1465=VECTOR('',#5117,1000.);
#1466=VECTOR('',#5118,1000.);
#1467=VECTOR('',#5119,1000.);
#1468=VECTOR('',#5120,1000.);
#1469=VECTOR('',#5121,1000.);
#1470=VECTOR('',#5122,1000.);
#1471=VECTOR('',#5123,1000.);
#1472=VECTOR('',#5124,1000.);
#1473=VECTOR('',#5125,1000.);
#1474=VECTOR('',#5126,1000.);
#1475=VECTOR('',#5127,1000.);
#1476=VECTOR('',#5128,1000.);
#1477=VECTOR('',#5133,1000.);
#1478=VECTOR('',#5138,1000.);
#1479=VECTOR('',#5143,1000.);
#1480=VECTOR('',#5148,1000.);
#1481=VECTOR('',#5153,1000.);
#1482=VECTOR('',#5158,1000.);
#1483=VECTOR('',#5163,1000.);
#1484=VECTOR('',#5168,1000.);
#1485=VECTOR('',#5199,1000.);
#1486=VECTOR('',#5202,1000.);
#1487=VECTOR('',#5203,1000.);
#1488=VECTOR('',#5204,1000.);
#1489=VECTOR('',#5205,1000.);
#1490=VECTOR('',#5208,1000.);
#1491=VECTOR('',#5213,1000.);
#1492=VECTOR('',#5214,1000.);
#1493=VECTOR('',#5215,1000.);
#1494=VECTOR('',#5218,1000.);
#1495=VECTOR('',#5223,1000.);
#1496=VECTOR('',#5226,1000.);
#1497=VECTOR('',#5227,1000.);
#1498=VECTOR('',#5228,1000.);
#1499=VECTOR('',#5231,1000.);
#1500=VECTOR('',#5232,1000.);
#1501=VECTOR('',#5235,1000.);
#1502=VECTOR('',#5240,1000.);
#1503=VECTOR('',#5245,1000.);
#1504=VECTOR('',#5246,1000.);
#1505=VECTOR('',#5247,1000.);
#1506=VECTOR('',#5248,1000.);
#1507=VECTOR('',#5251,1000.);
#1508=VECTOR('',#5254,1000.);
#1509=VECTOR('',#5255,1000.);
#1510=VECTOR('',#5256,1000.);
#1511=VECTOR('',#5259,1000.);
#1512=VECTOR('',#5264,1000.);
#1513=VECTOR('',#5265,1000.);
#1514=VECTOR('',#5266,1000.);
#1515=VECTOR('',#5269,1000.);
#1516=VECTOR('',#5274,1000.);
#1517=VECTOR('',#5277,1000.);
#1518=VECTOR('',#5278,1000.);
#1519=VECTOR('',#5279,1000.);
#1520=VECTOR('',#5282,1000.);
#1521=VECTOR('',#5283,1000.);
#1522=VECTOR('',#5284,1000.);
#1523=VECTOR('',#5287,1000.);
#1524=VECTOR('',#5290,1000.);
#1525=VECTOR('',#5291,1000.);
#1526=VECTOR('',#5292,1000.);
#1527=VECTOR('',#5295,1000.);
#1528=VECTOR('',#5300,1000.);
#1529=VECTOR('',#5301,1000.);
#1530=VECTOR('',#5302,1000.);
#1531=VECTOR('',#5305,1000.);
#1532=VECTOR('',#5310,1000.);
#1533=VECTOR('',#5313,1000.);
#1534=VECTOR('',#5314,1000.);
#1535=VECTOR('',#5315,1000.);
#1536=VECTOR('',#5318,1000.);
#1537=VECTOR('',#5319,1000.);
#1538=VECTOR('',#5320,1000.);
#1539=VECTOR('',#5323,1000.);
#1540=VECTOR('',#5326,1000.);
#1541=VECTOR('',#5327,1000.);
#1542=VECTOR('',#5328,1000.);
#1543=VECTOR('',#5331,1000.);
#1544=VECTOR('',#5336,1000.);
#1545=VECTOR('',#5337,1000.);
#1546=VECTOR('',#5338,1000.);
#1547=VECTOR('',#5341,1000.);
#1548=VECTOR('',#5346,1000.);
#1549=VECTOR('',#5349,1000.);
#1550=VECTOR('',#5350,1000.);
#1551=VECTOR('',#5353,1000.);
#1552=VECTOR('',#5354,1000.);
#1553=VECTOR('',#5355,1000.);
#1554=VECTOR('',#5360,1000.);
#1555=VECTOR('',#5365,1000.);
#1556=VECTOR('',#5370,1000.);
#1557=VECTOR('',#5375,1000.);
#1558=VECTOR('',#5378,1000.);
#1559=VECTOR('',#5379,1000.);
#1560=VECTOR('',#5380,1000.);
#1561=VECTOR('',#5381,1000.);
#1562=VECTOR('',#5384,1000.);
#1563=VECTOR('',#5385,1000.);
#1564=VECTOR('',#5386,1000.);
#1565=VECTOR('',#5389,1000.);
#1566=VECTOR('',#5392,1000.);
#1567=VECTOR('',#5393,1000.);
#1568=VECTOR('',#5394,1000.);
#1569=VECTOR('',#5397,1000.);
#1570=VECTOR('',#5398,1000.);
#1571=VECTOR('',#5399,1000.);
#1572=VECTOR('',#5402,1000.);
#1573=VECTOR('',#5405,1000.);
#1574=VECTOR('',#5406,1000.);
#1575=VECTOR('',#5407,1000.);
#1576=VECTOR('',#5410,1000.);
#1577=VECTOR('',#5411,1000.);
#1578=VECTOR('',#5412,1000.);
#1579=VECTOR('',#5415,1000.);
#1580=VECTOR('',#5418,1000.);
#1581=VECTOR('',#5419,1000.);
#1582=VECTOR('',#5420,1000.);
#1583=VECTOR('',#5423,1000.);
#1584=VECTOR('',#5424,1000.);
#1585=VECTOR('',#5425,1000.);
#1586=VECTOR('',#5428,1000.);
#1587=VECTOR('',#5431,1000.);
#1588=VECTOR('',#5432,1000.);
#1589=VECTOR('',#5433,1000.);
#1590=VECTOR('',#5436,1000.);
#1591=VECTOR('',#5437,1000.);
#1592=VECTOR('',#5438,1000.);
#1593=VECTOR('',#5441,1000.);
#1594=VECTOR('',#5444,1000.);
#1595=VECTOR('',#5445,1000.);
#1596=VECTOR('',#5446,1000.);
#1597=VECTOR('',#5449,1000.);
#1598=VECTOR('',#5450,1000.);
#1599=VECTOR('',#5451,1000.);
#1600=VECTOR('',#5454,1000.);
#1601=VECTOR('',#5457,1000.);
#1602=VECTOR('',#5458,1000.);
#1603=VECTOR('',#5459,1000.);
#1604=VECTOR('',#5462,1000.);
#1605=VECTOR('',#5463,1000.);
#1606=VECTOR('',#5464,1000.);
#1607=VECTOR('',#5467,1000.);
#1608=VECTOR('',#5470,1000.);
#1609=VECTOR('',#5471,1000.);
#1610=VECTOR('',#5472,1000.);
#1611=VECTOR('',#5475,1000.);
#1612=VECTOR('',#5476,1000.);
#1613=VECTOR('',#5479,1000.);
#1614=VECTOR('',#5480,1000.);
#1615=VECTOR('',#5481,1000.);
#1616=VECTOR('',#5482,1000.);
#1617=VECTOR('',#5487,1000.);
#1618=VECTOR('',#5492,1000.);
#1619=VECTOR('',#5497,1000.);
#1620=VECTOR('',#5502,1000.);
#1621=VECTOR('',#5507,1000.);
#1622=VECTOR('',#5508,1000.);
#1623=VECTOR('',#5509,1000.);
#1624=VECTOR('',#5510,1000.);
#1625=VECTOR('',#5513,1000.);
#1626=VECTOR('',#5514,1000.);
#1627=VECTOR('',#5515,1000.);
#1628=VECTOR('',#5516,1000.);
#1629=VECTOR('',#5517,1000.);
#1630=VECTOR('',#5518,1000.);
#1631=VECTOR('',#5521,1000.);
#1632=VECTOR('',#5522,1000.);
#1633=VECTOR('',#5525,1000.);
#1634=VECTOR('',#5526,1000.);
#1635=VECTOR('',#5529,1000.);
#1636=VECTOR('',#5530,1000.);
#1637=VECTOR('',#5535,1000.);
#1638=VECTOR('',#5536,1000.);
#1639=VECTOR('',#5537,1000.);
#1640=VECTOR('',#5538,1000.);
#1641=VECTOR('',#5539,1000.);
#1642=VECTOR('',#5540,1000.);
#1643=VECTOR('',#5541,1000.);
#1644=VECTOR('',#5542,1000.);
#1645=VECTOR('',#5543,1000.);
#1646=VECTOR('',#5546,1000.);
#1647=VECTOR('',#5547,1000.);
#1648=VECTOR('',#5548,1000.);
#1649=VECTOR('',#5549,1000.);
#1650=VECTOR('',#5550,1000.);
#1651=VECTOR('',#5551,1000.);
#1652=VECTOR('',#5552,1000.);
#1653=VECTOR('',#5553,1000.);
#1654=VECTOR('',#5554,1000.);
#1655=VECTOR('',#5555,1000.);
#1656=VECTOR('',#5556,1000.);
#1657=VECTOR('',#5559,1000.);
#1658=VECTOR('',#5562,1000.);
#1659=VECTOR('',#5565,1000.);
#1660=VECTOR('',#5566,1000.);
#1661=VECTOR('',#5569,1000.);
#1662=VECTOR('',#5570,1000.);
#1663=VECTOR('',#5573,1000.);
#1664=VECTOR('',#5576,1000.);
#1665=VECTOR('',#5577,1000.);
#1666=VECTOR('',#5580,1000.);
#1667=VECTOR('',#5583,1000.);
#1668=VECTOR('',#5586,1000.);
#1669=VECTOR('',#5587,1000.);
#1670=VECTOR('',#5590,1000.);
#1671=VECTOR('',#5591,1000.);
#1672=VECTOR('',#5592,1000.);
#1673=VECTOR('',#5595,1000.);
#1674=VECTOR('',#5596,1000.);
#1675=VECTOR('',#5597,1000.);
#1676=VECTOR('',#5600,1000.);
#1677=VECTOR('',#5601,1000.);
#1678=VECTOR('',#5602,1000.);
#1679=VECTOR('',#5605,1000.);
#1680=VECTOR('',#5606,1000.);
#1681=VECTOR('',#5607,1000.);
#1682=VECTOR('',#5610,1000.);
#1683=VECTOR('',#5611,1000.);
#1684=VECTOR('',#5612,1000.);
#1685=VECTOR('',#5615,1000.);
#1686=VECTOR('',#5616,1000.);
#1687=VECTOR('',#5617,1000.);
#1688=VECTOR('',#5620,1000.);
#1689=VECTOR('',#5621,1000.);
#1690=VECTOR('',#5622,1000.);
#1691=VECTOR('',#5625,1000.);
#1692=VECTOR('',#5626,1000.);
#1693=VECTOR('',#5627,1000.);
#1694=VECTOR('',#5630,1000.);
#1695=VECTOR('',#5631,1000.);
#1696=VECTOR('',#5632,1000.);
#1697=VECTOR('',#5635,1000.);
#1698=VECTOR('',#5636,1000.);
#1699=VECTOR('',#5637,1000.);
#1700=VECTOR('',#5640,1000.);
#1701=VECTOR('',#5641,1000.);
#1702=VECTOR('',#5642,1000.);
#1703=VECTOR('',#5643,1000.);
#1704=VECTOR('',#5646,1000.);
#1705=VECTOR('',#5647,1000.);
#1706=VECTOR('',#5652,1000.);
#1707=VECTOR('',#5653,1000.);
#1708=VECTOR('',#5656,1000.);
#1709=VECTOR('',#5657,1000.);
#1710=VECTOR('',#5658,1000.);
#1711=VECTOR('',#5661,1000.);
#1712=VECTOR('',#5662,1000.);
#1713=VECTOR('',#5663,1000.);
#1714=VECTOR('',#5666,1000.);
#1715=VECTOR('',#5667,1000.);
#1716=VECTOR('',#5668,1000.);
#1717=VECTOR('',#5671,1000.);
#1718=VECTOR('',#5672,1000.);
#1719=VECTOR('',#5673,1000.);
#1720=VECTOR('',#5676,1000.);
#1721=VECTOR('',#5677,1000.);
#1722=VECTOR('',#5678,1000.);
#1723=VECTOR('',#5679,1000.);
#1724=VECTOR('',#5682,1000.);
#1725=VECTOR('',#5683,1000.);
#1726=VECTOR('',#5684,1000.);
#1727=VECTOR('',#5687,1000.);
#1728=VECTOR('',#5688,1000.);
#1729=VECTOR('',#5689,1000.);
#1730=VECTOR('',#5692,1000.);
#1731=VECTOR('',#5693,1000.);
#1732=VECTOR('',#5698,1000.);
#1733=VECTOR('',#5699,1000.);
#1734=VECTOR('',#5702,1000.);
#1735=VECTOR('',#5703,1000.);
#1736=VECTOR('',#5704,1000.);
#1737=VECTOR('',#5707,1000.);
#1738=VECTOR('',#5708,1000.);
#1739=VECTOR('',#5709,1000.);
#1740=VECTOR('',#5712,1000.);
#1741=VECTOR('',#5713,1000.);
#1742=VECTOR('',#5714,1000.);
#1743=VECTOR('',#5717,1000.);
#1744=VECTOR('',#5718,1000.);
#1745=VECTOR('',#5719,1000.);
#1746=VECTOR('',#5722,1000.);
#1747=VECTOR('',#5723,1000.);
#1748=VECTOR('',#5724,1000.);
#1749=VECTOR('',#5725,1000.);
#1750=VECTOR('',#5728,1000.);
#1751=VECTOR('',#5729,1000.);
#1752=VECTOR('',#5730,1000.);
#1753=VECTOR('',#5733,1000.);
#1754=VECTOR('',#5734,1000.);
#1755=VECTOR('',#5735,1000.);
#1756=VECTOR('',#5738,1000.);
#1757=VECTOR('',#5739,1000.);
#1758=VECTOR('',#5744,1000.);
#1759=VECTOR('',#5745,1000.);
#1760=VECTOR('',#5748,1000.);
#1761=VECTOR('',#5749,1000.);
#1762=VECTOR('',#5750,1000.);
#1763=VECTOR('',#5753,1000.);
#1764=VECTOR('',#5754,1000.);
#1765=VECTOR('',#5755,1000.);
#1766=VECTOR('',#5758,1000.);
#1767=VECTOR('',#5759,1000.);
#1768=VECTOR('',#5760,1000.);
#1769=VECTOR('',#5763,1000.);
#1770=VECTOR('',#5764,1000.);
#1771=VECTOR('',#5765,1000.);
#1772=VECTOR('',#5768,1000.);
#1773=VECTOR('',#5769,1000.);
#1774=VECTOR('',#5770,1000.);
#1775=VECTOR('',#5771,1000.);
#1776=VECTOR('',#5774,1000.);
#1777=VECTOR('',#5775,1000.);
#1778=VECTOR('',#5776,1000.);
#1779=VECTOR('',#5779,1000.);
#1780=VECTOR('',#5780,1000.);
#1781=VECTOR('',#5781,1000.);
#1782=VECTOR('',#5784,1000.);
#1783=VECTOR('',#5785,1000.);
#1784=VECTOR('',#5790,1000.);
#1785=VECTOR('',#5791,1000.);
#1786=VECTOR('',#5794,1000.);
#1787=VECTOR('',#5795,1000.);
#1788=VECTOR('',#5796,1000.);
#1789=VECTOR('',#5797,1000.);
#1790=VECTOR('',#5800,1000.);
#1791=VECTOR('',#5801,1000.);
#1792=VECTOR('',#5802,1000.);
#1793=VECTOR('',#5807,1000.);
#1794=VECTOR('',#5812,1000.);
#1795=VECTOR('',#5813,1000.);
#1796=VECTOR('',#5814,1000.);
#1797=VECTOR('',#5817,1000.);
#1798=VECTOR('',#5818,1000.);
#1799=VECTOR('',#5819,1000.);
#1800=VECTOR('',#5822,1000.);
#1801=VECTOR('',#5823,1000.);
#1802=VECTOR('',#5824,1000.);
#1803=VECTOR('',#5829,1000.);
#1804=VECTOR('',#5834,1000.);
#1805=VECTOR('',#5835,1000.);
#1806=VECTOR('',#5844,0.0372907147887483);
#1807=VECTOR('',#5855,0.076721642472544);
#1808=VECTOR('',#5864,1000.);
#1809=VECTOR('',#5865,1000.);
#1810=VECTOR('',#5866,1000.);
#1811=VECTOR('',#5867,1000.);
#1812=VECTOR('',#5870,1000.);
#1813=VECTOR('',#5871,1000.);
#1814=VECTOR('',#5872,1000.);
#1815=VECTOR('',#5875,1000.);
#1816=VECTOR('',#5876,1000.);
#1817=VECTOR('',#5877,1000.);
#1818=VECTOR('',#5880,1000.);
#1819=VECTOR('',#5881,1000.);
#1820=VECTOR('',#5888,1000.);
#1821=VECTOR('',#5889,1000.);
#1822=VECTOR('',#5890,1000.);
#1823=VECTOR('',#5891,1000.);
#1824=VECTOR('',#5894,1000.);
#1825=VECTOR('',#5895,1000.);
#1826=VECTOR('',#5896,1000.);
#1827=VECTOR('',#5899,1000.);
#1828=VECTOR('',#5900,1000.);
#1829=VECTOR('',#5901,1000.);
#1830=VECTOR('',#5904,1000.);
#1831=VECTOR('',#5905,1000.);
#1832=VECTOR('',#5912,1000.);
#1833=VECTOR('',#5913,1000.);
#1834=VECTOR('',#5914,1000.);
#1835=VECTOR('',#5915,1000.);
#1836=VECTOR('',#5918,1000.);
#1837=VECTOR('',#5919,1000.);
#1838=VECTOR('',#5920,1000.);
#1839=VECTOR('',#5923,1000.);
#1840=VECTOR('',#5924,1000.);
#1841=VECTOR('',#5925,1000.);
#1842=VECTOR('',#5928,1000.);
#1843=VECTOR('',#5929,1000.);
#1844=CIRCLE('',#4516,0.15);
#1845=CIRCLE('',#4517,0.15);
#1846=CIRCLE('',#4533,0.15);
#1847=CIRCLE('',#4534,0.15);
#1848=CIRCLE('',#4541,0.0500000000000001);
#1849=CIRCLE('',#4542,0.0500000000000001);
#1850=CIRCLE('',#4545,0.0500000000000001);
#1851=CIRCLE('',#4546,0.0500000000000001);
#1852=CIRCLE('',#4552,0.0999999999999998);
#1853=CIRCLE('',#4553,0.1);
#1854=CIRCLE('',#4559,0.0500000000000001);
#1855=CIRCLE('',#4562,0.0500000000000001);
#1856=CIRCLE('',#4564,0.0999999999999998);
#1857=CIRCLE('',#4565,0.1);
#1858=CIRCLE('',#4566,0.0999999999999998);
#1859=CIRCLE('',#4567,0.1);
#1860=CIRCLE('',#4568,0.0999999999999998);
#1861=CIRCLE('',#4569,0.1);
#1862=CIRCLE('',#4584,0.0500000000000001);
#1863=CIRCLE('',#4586,0.0500000000000001);
#1864=CIRCLE('',#4589,0.0500000000000001);
#1865=CIRCLE('',#4591,0.0500000000000001);
#1866=CIRCLE('',#4594,0.0500000000000001);
#1867=CIRCLE('',#4596,0.0500000000000001);
#1868=CIRCLE('',#4599,0.0500000000000001);
#1869=CIRCLE('',#4601,0.0500000000000001);
#1870=CIRCLE('',#4603,0.0500000000000001);
#1871=CIRCLE('',#4605,0.0500000000000001);
#1872=CIRCLE('',#4607,0.0500000000000001);
#1873=CIRCLE('',#4609,0.0500000000000001);
#1874=CIRCLE('',#4611,0.0500000000000001);
#1875=CIRCLE('',#4613,0.0500000000000001);
#1876=CIRCLE('',#4629,0.0500000000000001);
#1877=CIRCLE('',#4631,0.1);
#1878=CIRCLE('',#4634,0.0999999999999998);
#1879=CIRCLE('',#4636,0.0500000000000001);
#1880=CIRCLE('',#4644,0.0500000000000001);
#1881=CIRCLE('',#4646,0.1);
#1882=CIRCLE('',#4649,0.0999999999999999);
#1883=CIRCLE('',#4651,0.0500000000000001);
#1884=CIRCLE('',#4654,0.0500000000000001);
#1885=CIRCLE('',#4656,0.1);
#1886=CIRCLE('',#4659,0.0999999999999998);
#1887=CIRCLE('',#4661,0.0500000000000001);
#1888=CIRCLE('',#4664,0.0500000000000001);
#1889=CIRCLE('',#4666,0.1);
#1890=CIRCLE('',#4669,0.0999999999999998);
#1891=CIRCLE('',#4671,0.0500000000000001);
#1892=CIRCLE('',#4681,0.0500000000000001);
#1893=CIRCLE('',#4684,0.0500000000000001);
#1894=CIRCLE('',#4687,0.0500000000000001);
#1895=CIRCLE('',#4690,0.0500000000000001);
#1896=CIRCLE('',#4693,0.0500000000000001);
#1897=CIRCLE('',#4696,0.0500000000000001);
#1898=CIRCLE('',#4699,0.0500000000000001);
#1899=CIRCLE('',#4702,0.0500000000000001);
#1900=CIRCLE('',#4778,0.0308000434091415);
#1901=CIRCLE('',#4779,0.0308000434091415);
#1902=CIRCLE('',#4784,0.0120269504212205);
#1903=CIRCLE('',#4785,0.0120269504212205);
#1904=CIRCLE('',#4790,0.0372907147887483);
#1905=CIRCLE('',#4791,0.0372907147887483);
#1906=CIRCLE('',#4795,0.076721642472544);
#1907=CIRCLE('',#4796,0.076721642472544);
#1908=VERTEX_POINT('',#5936);
#1909=VERTEX_POINT('',#5938);
#1910=VERTEX_POINT('',#5944);
#1911=VERTEX_POINT('',#5945);
#1912=VERTEX_POINT('',#5947);
#1913=VERTEX_POINT('',#5949);
#1914=VERTEX_POINT('',#5953);
#1915=VERTEX_POINT('',#5955);
#1916=VERTEX_POINT('',#5959);
#1917=VERTEX_POINT('',#5961);
#1918=VERTEX_POINT('',#5970);
#1919=VERTEX_POINT('',#5971);
#1920=VERTEX_POINT('',#5973);
#1921=VERTEX_POINT('',#5975);
#1922=VERTEX_POINT('',#5979);
#1923=VERTEX_POINT('',#5981);
#1924=VERTEX_POINT('',#5985);
#1925=VERTEX_POINT('',#5987);
#1926=VERTEX_POINT('',#5996);
#1927=VERTEX_POINT('',#5998);
#1928=VERTEX_POINT('',#6002);
#1929=VERTEX_POINT('',#6003);
#1930=VERTEX_POINT('',#6005);
#1931=VERTEX_POINT('',#6007);
#1932=VERTEX_POINT('',#6011);
#1933=VERTEX_POINT('',#6012);
#1934=VERTEX_POINT('',#6014);
#1935=VERTEX_POINT('',#6016);
#1936=VERTEX_POINT('',#6020);
#1937=VERTEX_POINT('',#6021);
#1938=VERTEX_POINT('',#6023);
#1939=VERTEX_POINT('',#6025);
#1940=VERTEX_POINT('',#6029);
#1941=VERTEX_POINT('',#6030);
#1942=VERTEX_POINT('',#6032);
#1943=VERTEX_POINT('',#6034);
#1944=VERTEX_POINT('',#6036);
#1945=VERTEX_POINT('',#6038);
#1946=VERTEX_POINT('',#6040);
#1947=VERTEX_POINT('',#6042);
#1948=VERTEX_POINT('',#6044);
#1949=VERTEX_POINT('',#6046);
#1950=VERTEX_POINT('',#6048);
#1951=VERTEX_POINT('',#6050);
#1952=VERTEX_POINT('',#6052);
#1953=VERTEX_POINT('',#6054);
#1954=VERTEX_POINT('',#6056);
#1955=VERTEX_POINT('',#6058);
#1956=VERTEX_POINT('',#6062);
#1957=VERTEX_POINT('',#6063);
#1958=VERTEX_POINT('',#6065);
#1959=VERTEX_POINT('',#6067);
#1960=VERTEX_POINT('',#6071);
#1961=VERTEX_POINT('',#6073);
#1962=VERTEX_POINT('',#6075);
#1963=VERTEX_POINT('',#6077);
#1964=VERTEX_POINT('',#6081);
#1965=VERTEX_POINT('',#6083);
#1966=VERTEX_POINT('',#6085);
#1967=VERTEX_POINT('',#6087);
#1968=VERTEX_POINT('',#6089);
#1969=VERTEX_POINT('',#6091);
#1970=VERTEX_POINT('',#6093);
#1971=VERTEX_POINT('',#6095);
#1972=VERTEX_POINT('',#6097);
#1973=VERTEX_POINT('',#6099);
#1974=VERTEX_POINT('',#6101);
#1975=VERTEX_POINT('',#6103);
#1976=VERTEX_POINT('',#6105);
#1977=VERTEX_POINT('',#6107);
#1978=VERTEX_POINT('',#6109);
#1979=VERTEX_POINT('',#6111);
#1980=VERTEX_POINT('',#6113);
#1981=VERTEX_POINT('',#6115);
#1982=VERTEX_POINT('',#6120);
#1983=VERTEX_POINT('',#6122);
#1984=VERTEX_POINT('',#6126);
#1985=VERTEX_POINT('',#6128);
#1986=VERTEX_POINT('',#6130);
#1987=VERTEX_POINT('',#6132);
#1988=VERTEX_POINT('',#6134);
#1989=VERTEX_POINT('',#6136);
#1990=VERTEX_POINT('',#6138);
#1991=VERTEX_POINT('',#6140);
#1992=VERTEX_POINT('',#6142);
#1993=VERTEX_POINT('',#6144);
#1994=VERTEX_POINT('',#6146);
#1995=VERTEX_POINT('',#6148);
#1996=VERTEX_POINT('',#6150);
#1997=VERTEX_POINT('',#6152);
#1998=VERTEX_POINT('',#6154);
#1999=VERTEX_POINT('',#6156);
#2000=VERTEX_POINT('',#6162);
#2001=VERTEX_POINT('',#6163);
#2002=VERTEX_POINT('',#6165);
#2003=VERTEX_POINT('',#6167);
#2004=VERTEX_POINT('',#6172);
#2005=VERTEX_POINT('',#6174);
#2006=VERTEX_POINT('',#6176);
#2007=VERTEX_POINT('',#6178);
#2008=VERTEX_POINT('',#6182);
#2009=VERTEX_POINT('',#6186);
#2010=VERTEX_POINT('',#6197);
#2011=VERTEX_POINT('',#6199);
#2012=VERTEX_POINT('',#6201);
#2013=VERTEX_POINT('',#6203);
#2014=VERTEX_POINT('',#6206);
#2015=VERTEX_POINT('',#6208);
#2016=VERTEX_POINT('',#6210);
#2017=VERTEX_POINT('',#6212);
#2018=VERTEX_POINT('',#6215);
#2019=VERTEX_POINT('',#6217);
#2020=VERTEX_POINT('',#6219);
#2021=VERTEX_POINT('',#6221);
#2022=VERTEX_POINT('',#6225);
#2023=VERTEX_POINT('',#6229);
#2024=VERTEX_POINT('',#6233);
#2025=VERTEX_POINT('',#6237);
#2026=VERTEX_POINT('',#6241);
#2027=VERTEX_POINT('',#6245);
#2028=VERTEX_POINT('',#6270);
#2029=VERTEX_POINT('',#6272);
#2030=VERTEX_POINT('',#6275);
#2031=VERTEX_POINT('',#6277);
#2032=VERTEX_POINT('',#6280);
#2033=VERTEX_POINT('',#6282);
#2034=VERTEX_POINT('',#6285);
#2035=VERTEX_POINT('',#6287);
#2036=VERTEX_POINT('',#6329);
#2037=VERTEX_POINT('',#6330);
#2038=VERTEX_POINT('',#6332);
#2039=VERTEX_POINT('',#6334);
#2040=VERTEX_POINT('',#6336);
#2041=VERTEX_POINT('',#6338);
#2042=VERTEX_POINT('',#6342);
#2043=VERTEX_POINT('',#6343);
#2044=VERTEX_POINT('',#6354);
#2045=VERTEX_POINT('',#6355);
#2046=VERTEX_POINT('',#6360);
#2047=VERTEX_POINT('',#6361);
#2048=VERTEX_POINT('',#6372);
#2049=VERTEX_POINT('',#6373);
#2050=VERTEX_POINT('',#6376);
#2051=VERTEX_POINT('',#6378);
#2052=VERTEX_POINT('',#6391);
#2053=VERTEX_POINT('',#6392);
#2054=VERTEX_POINT('',#6394);
#2055=VERTEX_POINT('',#6396);
#2056=VERTEX_POINT('',#6400);
#2057=VERTEX_POINT('',#6401);
#2058=VERTEX_POINT('',#6403);
#2059=VERTEX_POINT('',#6405);
#2060=VERTEX_POINT('',#6410);
#2061=VERTEX_POINT('',#6411);
#2062=VERTEX_POINT('',#6422);
#2063=VERTEX_POINT('',#6423);
#2064=VERTEX_POINT('',#6428);
#2065=VERTEX_POINT('',#6429);
#2066=VERTEX_POINT('',#6440);
#2067=VERTEX_POINT('',#6441);
#2068=VERTEX_POINT('',#6444);
#2069=VERTEX_POINT('',#6446);
#2070=VERTEX_POINT('',#6450);
#2071=VERTEX_POINT('',#6452);
#2072=VERTEX_POINT('',#6456);
#2073=VERTEX_POINT('',#6457);
#2074=VERTEX_POINT('',#6459);
#2075=VERTEX_POINT('',#6461);
#2076=VERTEX_POINT('',#6466);
#2077=VERTEX_POINT('',#6467);
#2078=VERTEX_POINT('',#6478);
#2079=VERTEX_POINT('',#6479);
#2080=VERTEX_POINT('',#6484);
#2081=VERTEX_POINT('',#6485);
#2082=VERTEX_POINT('',#6496);
#2083=VERTEX_POINT('',#6497);
#2084=VERTEX_POINT('',#6500);
#2085=VERTEX_POINT('',#6502);
#2086=VERTEX_POINT('',#6506);
#2087=VERTEX_POINT('',#6508);
#2088=VERTEX_POINT('',#6512);
#2089=VERTEX_POINT('',#6513);
#2090=VERTEX_POINT('',#6515);
#2091=VERTEX_POINT('',#6517);
#2092=VERTEX_POINT('',#6522);
#2093=VERTEX_POINT('',#6523);
#2094=VERTEX_POINT('',#6534);
#2095=VERTEX_POINT('',#6535);
#2096=VERTEX_POINT('',#6540);
#2097=VERTEX_POINT('',#6541);
#2098=VERTEX_POINT('',#6552);
#2099=VERTEX_POINT('',#6553);
#2100=VERTEX_POINT('',#6573);
#2101=VERTEX_POINT('',#6574);
#2102=VERTEX_POINT('',#6576);
#2103=VERTEX_POINT('',#6578);
#2104=VERTEX_POINT('',#6580);
#2105=VERTEX_POINT('',#6582);
#2106=VERTEX_POINT('',#6586);
#2107=VERTEX_POINT('',#6588);
#2108=VERTEX_POINT('',#6592);
#2109=VERTEX_POINT('',#6593);
#2110=VERTEX_POINT('',#6595);
#2111=VERTEX_POINT('',#6597);
#2112=VERTEX_POINT('',#6602);
#2113=VERTEX_POINT('',#6603);
#2114=VERTEX_POINT('',#6608);
#2115=VERTEX_POINT('',#6609);
#2116=VERTEX_POINT('',#6612);
#2117=VERTEX_POINT('',#6614);
#2118=VERTEX_POINT('',#6618);
#2119=VERTEX_POINT('',#6620);
#2120=VERTEX_POINT('',#6624);
#2121=VERTEX_POINT('',#6625);
#2122=VERTEX_POINT('',#6627);
#2123=VERTEX_POINT('',#6629);
#2124=VERTEX_POINT('',#6634);
#2125=VERTEX_POINT('',#6635);
#2126=VERTEX_POINT('',#6640);
#2127=VERTEX_POINT('',#6641);
#2128=VERTEX_POINT('',#6644);
#2129=VERTEX_POINT('',#6646);
#2130=VERTEX_POINT('',#6650);
#2131=VERTEX_POINT('',#6652);
#2132=VERTEX_POINT('',#6656);
#2133=VERTEX_POINT('',#6657);
#2134=VERTEX_POINT('',#6659);
#2135=VERTEX_POINT('',#6661);
#2136=VERTEX_POINT('',#6666);
#2137=VERTEX_POINT('',#6667);
#2138=VERTEX_POINT('',#6672);
#2139=VERTEX_POINT('',#6673);
#2140=VERTEX_POINT('',#6676);
#2141=VERTEX_POINT('',#6678);
#2142=VERTEX_POINT('',#6682);
#2143=VERTEX_POINT('',#6684);
#2144=VERTEX_POINT('',#6688);
#2145=VERTEX_POINT('',#6689);
#2146=VERTEX_POINT('',#6691);
#2147=VERTEX_POINT('',#6693);
#2148=VERTEX_POINT('',#6719);
#2149=VERTEX_POINT('',#6720);
#2150=VERTEX_POINT('',#6729);
#2151=VERTEX_POINT('',#6731);
#2152=VERTEX_POINT('',#6740);
#2153=VERTEX_POINT('',#6741);
#2154=VERTEX_POINT('',#6743);
#2155=VERTEX_POINT('',#6751);
#2156=VERTEX_POINT('',#6760);
#2157=VERTEX_POINT('',#6761);
#2158=VERTEX_POINT('',#6770);
#2159=VERTEX_POINT('',#6772);
#2160=VERTEX_POINT('',#6781);
#2161=VERTEX_POINT('',#6782);
#2162=VERTEX_POINT('',#6790);
#2163=VERTEX_POINT('',#6792);
#2164=VERTEX_POINT('',#6869);
#2165=VERTEX_POINT('',#6870);
#2166=VERTEX_POINT('',#6877);
#2167=VERTEX_POINT('',#6879);
#2168=VERTEX_POINT('',#6881);
#2169=VERTEX_POINT('',#6883);
#2170=VERTEX_POINT('',#6892);
#2171=VERTEX_POINT('',#6894);
#2172=VERTEX_POINT('',#6902);
#2173=VERTEX_POINT('',#6905);
#2174=VERTEX_POINT('',#6906);
#2175=VERTEX_POINT('',#6913);
#2176=VERTEX_POINT('',#6915);
#2177=VERTEX_POINT('',#6919);
#2178=VERTEX_POINT('',#6920);
#2179=VERTEX_POINT('',#6927);
#2180=VERTEX_POINT('',#6929);
#2181=VERTEX_POINT('',#6931);
#2182=VERTEX_POINT('',#6939);
#2183=VERTEX_POINT('',#6941);
#2184=VERTEX_POINT('',#6950);
#2185=VERTEX_POINT('',#6952);
#2186=VERTEX_POINT('',#6955);
#2187=VERTEX_POINT('',#6956);
#2188=VERTEX_POINT('',#6958);
#2189=VERTEX_POINT('',#6965);
#2190=VERTEX_POINT('',#7052);
#2191=VERTEX_POINT('',#7053);
#2192=VERTEX_POINT('',#7058);
#2193=VERTEX_POINT('',#7060);
#2194=VERTEX_POINT('',#7067);
#2195=VERTEX_POINT('',#7069);
#2196=VERTEX_POINT('',#7073);
#2197=VERTEX_POINT('',#7075);
#2198=VERTEX_POINT('',#7079);
#2199=VERTEX_POINT('',#7081);
#2200=VERTEX_POINT('',#7085);
#2201=VERTEX_POINT('',#7087);
#2202=VERTEX_POINT('',#7091);
#2203=VERTEX_POINT('',#7093);
#2204=VERTEX_POINT('',#7097);
#2205=VERTEX_POINT('',#7099);
#2206=VERTEX_POINT('',#7103);
#2207=VERTEX_POINT('',#7105);
#2208=VERTEX_POINT('',#7109);
#2209=VERTEX_POINT('',#7111);
#2210=VERTEX_POINT('',#7115);
#2211=VERTEX_POINT('',#7117);
#2212=VERTEX_POINT('',#7121);
#2213=VERTEX_POINT('',#7123);
#2214=VERTEX_POINT('',#7127);
#2215=VERTEX_POINT('',#7129);
#2216=VERTEX_POINT('',#7140);
#2217=VERTEX_POINT('',#7145);
#2218=VERTEX_POINT('',#7166);
#2219=VERTEX_POINT('',#7167);
#2220=VERTEX_POINT('',#7173);
#2221=VERTEX_POINT('',#7175);
#2222=VERTEX_POINT('',#7183);
#2223=VERTEX_POINT('',#7185);
#2224=VERTEX_POINT('',#7189);
#2225=VERTEX_POINT('',#7191);
#2226=VERTEX_POINT('',#7195);
#2227=VERTEX_POINT('',#7197);
#2228=VERTEX_POINT('',#7201);
#2229=VERTEX_POINT('',#7203);
#2230=VERTEX_POINT('',#7207);
#2231=VERTEX_POINT('',#7209);
#2232=VERTEX_POINT('',#7220);
#2233=VERTEX_POINT('',#7225);
#2234=VERTEX_POINT('',#7232);
#2235=VERTEX_POINT('',#7234);
#2236=VERTEX_POINT('',#7238);
#2237=VERTEX_POINT('',#7240);
#2238=VERTEX_POINT('',#7258);
#2239=VERTEX_POINT('',#7259);
#2240=VERTEX_POINT('',#7265);
#2241=VERTEX_POINT('',#7267);
#2242=VERTEX_POINT('',#7275);
#2243=VERTEX_POINT('',#7277);
#2244=VERTEX_POINT('',#7281);
#2245=VERTEX_POINT('',#7283);
#2246=VERTEX_POINT('',#7287);
#2247=VERTEX_POINT('',#7289);
#2248=VERTEX_POINT('',#7293);
#2249=VERTEX_POINT('',#7295);
#2250=VERTEX_POINT('',#7299);
#2251=VERTEX_POINT('',#7301);
#2252=VERTEX_POINT('',#7312);
#2253=VERTEX_POINT('',#7317);
#2254=VERTEX_POINT('',#7324);
#2255=VERTEX_POINT('',#7326);
#2256=VERTEX_POINT('',#7330);
#2257=VERTEX_POINT('',#7332);
#2258=VERTEX_POINT('',#7350);
#2259=VERTEX_POINT('',#7351);
#2260=VERTEX_POINT('',#7357);
#2261=VERTEX_POINT('',#7359);
#2262=VERTEX_POINT('',#7367);
#2263=VERTEX_POINT('',#7369);
#2264=VERTEX_POINT('',#7373);
#2265=VERTEX_POINT('',#7375);
#2266=VERTEX_POINT('',#7379);
#2267=VERTEX_POINT('',#7381);
#2268=VERTEX_POINT('',#7385);
#2269=VERTEX_POINT('',#7387);
#2270=VERTEX_POINT('',#7391);
#2271=VERTEX_POINT('',#7393);
#2272=VERTEX_POINT('',#7404);
#2273=VERTEX_POINT('',#7409);
#2274=VERTEX_POINT('',#7416);
#2275=VERTEX_POINT('',#7418);
#2276=VERTEX_POINT('',#7422);
#2277=VERTEX_POINT('',#7424);
#2278=VERTEX_POINT('',#7446);
#2279=VERTEX_POINT('',#7447);
#2280=VERTEX_POINT('',#7455);
#2281=VERTEX_POINT('',#7457);
#2282=VERTEX_POINT('',#7467);
#2283=VERTEX_POINT('',#7469);
#2284=VERTEX_POINT('',#7490);
#2285=VERTEX_POINT('',#7500);
#2286=VERTEX_POINT('',#7512);
#2287=VERTEX_POINT('',#7514);
#2288=VERTEX_POINT('',#7518);
#2289=VERTEX_POINT('',#7520);
#2290=VERTEX_POINT('',#7524);
#2291=VERTEX_POINT('',#7526);
#2292=VERTEX_POINT('',#7530);
#2293=VERTEX_POINT('',#7532);
#2294=VERTEX_POINT('',#7536);
#2295=VERTEX_POINT('',#7538);
#2296=VERTEX_POINT('',#7542);
#2297=VERTEX_POINT('',#7544);
#2298=VERTEX_POINT('',#7553);
#2299=VERTEX_POINT('',#7555);
#2300=VERTEX_POINT('',#7561);
#2301=VERTEX_POINT('',#7563);
#2302=VERTEX_POINT('',#7569);
#2303=VERTEX_POINT('',#7570);
#2304=VERTEX_POINT('',#7572);
#2305=VERTEX_POINT('',#7574);
#2306=VERTEX_POINT('',#7578);
#2307=VERTEX_POINT('',#7580);
#2308=VERTEX_POINT('',#7584);
#2309=VERTEX_POINT('',#7586);
#2310=VERTEX_POINT('',#7595);
#2311=VERTEX_POINT('',#7596);
#2312=VERTEX_POINT('',#7598);
#2313=VERTEX_POINT('',#7600);
#2314=VERTEX_POINT('',#7604);
#2315=VERTEX_POINT('',#7606);
#2316=VERTEX_POINT('',#7610);
#2317=VERTEX_POINT('',#7612);
#2318=VERTEX_POINT('',#7621);
#2319=VERTEX_POINT('',#7622);
#2320=VERTEX_POINT('',#7624);
#2321=VERTEX_POINT('',#7626);
#2322=VERTEX_POINT('',#7630);
#2323=VERTEX_POINT('',#7632);
#2324=VERTEX_POINT('',#7636);
#2325=VERTEX_POINT('',#7638);
#2326=EDGE_CURVE('',#1908,#1908,#1844,.T.);
#2327=EDGE_CURVE('',#1908,#1909,#822,.T.);
#2328=EDGE_CURVE('',#1909,#1909,#1845,.T.);
#2329=EDGE_CURVE('',#1910,#1911,#823,.T.);
#2330=EDGE_CURVE('',#1912,#1911,#824,.T.);
#2331=EDGE_CURVE('',#1913,#1912,#825,.T.);
#2332=EDGE_CURVE('',#1913,#1910,#826,.T.);
#2333=EDGE_CURVE('',#1911,#1914,#827,.T.);
#2334=EDGE_CURVE('',#1915,#1914,#828,.T.);
#2335=EDGE_CURVE('',#1912,#1915,#829,.T.);
#2336=EDGE_CURVE('',#1914,#1916,#830,.T.);
#2337=EDGE_CURVE('',#1917,#1916,#831,.T.);
#2338=EDGE_CURVE('',#1915,#1917,#832,.T.);
#2339=EDGE_CURVE('',#1916,#1910,#833,.T.);
#2340=EDGE_CURVE('',#1917,#1913,#834,.T.);
#2341=EDGE_CURVE('',#1918,#1919,#835,.T.);
#2342=EDGE_CURVE('',#1920,#1919,#836,.T.);
#2343=EDGE_CURVE('',#1921,#1920,#837,.T.);
#2344=EDGE_CURVE('',#1921,#1918,#838,.T.);
#2345=EDGE_CURVE('',#1919,#1922,#839,.T.);
#2346=EDGE_CURVE('',#1923,#1922,#840,.T.);
#2347=EDGE_CURVE('',#1920,#1923,#841,.T.);
#2348=EDGE_CURVE('',#1922,#1924,#842,.T.);
#2349=EDGE_CURVE('',#1925,#1924,#843,.T.);
#2350=EDGE_CURVE('',#1923,#1925,#844,.T.);
#2351=EDGE_CURVE('',#1924,#1918,#845,.T.);
#2352=EDGE_CURVE('',#1925,#1921,#846,.T.);
#2353=EDGE_CURVE('',#1926,#1926,#1846,.T.);
#2354=EDGE_CURVE('',#1926,#1927,#847,.T.);
#2355=EDGE_CURVE('',#1927,#1927,#1847,.T.);
#2356=EDGE_CURVE('',#1928,#1929,#848,.T.);
#2357=EDGE_CURVE('',#1930,#1929,#849,.T.);
#2358=EDGE_CURVE('',#1931,#1930,#850,.T.);
#2359=EDGE_CURVE('',#1928,#1931,#851,.T.);
#2360=EDGE_CURVE('',#1932,#1933,#852,.T.);
#2361=EDGE_CURVE('',#1934,#1933,#853,.T.);
#2362=EDGE_CURVE('',#1935,#1934,#854,.T.);
#2363=EDGE_CURVE('',#1932,#1935,#855,.T.);
#2364=EDGE_CURVE('',#1936,#1937,#856,.T.);
#2365=EDGE_CURVE('',#1938,#1937,#857,.T.);
#2366=EDGE_CURVE('',#1939,#1938,#858,.T.);
#2367=EDGE_CURVE('',#1936,#1939,#859,.T.);
#2368=EDGE_CURVE('',#1940,#1941,#860,.T.);
#2369=EDGE_CURVE('',#1942,#1940,#861,.T.);
#2370=EDGE_CURVE('',#1943,#1942,#862,.T.);
#2371=EDGE_CURVE('',#1944,#1943,#863,.T.);
#2372=EDGE_CURVE('',#1944,#1945,#864,.T.);
#2373=EDGE_CURVE('',#1946,#1945,#865,.T.);
#2374=EDGE_CURVE('',#1947,#1946,#866,.T.);
#2375=EDGE_CURVE('',#1947,#1948,#867,.T.);
#2376=EDGE_CURVE('',#1949,#1948,#868,.T.);
#2377=EDGE_CURVE('',#1950,#1949,#869,.T.);
#2378=EDGE_CURVE('',#1951,#1950,#870,.T.);
#2379=EDGE_CURVE('',#1951,#1952,#871,.T.);
#2380=EDGE_CURVE('',#1953,#1952,#872,.T.);
#2381=EDGE_CURVE('',#1954,#1953,#873,.T.);
#2382=EDGE_CURVE('',#1955,#1954,#874,.T.);
#2383=EDGE_CURVE('',#1955,#1941,#875,.T.);
#2384=EDGE_CURVE('',#1956,#1957,#876,.T.);
#2385=EDGE_CURVE('',#1956,#1958,#877,.T.);
#2386=EDGE_CURVE('',#1959,#1958,#878,.T.);
#2387=EDGE_CURVE('',#1957,#1959,#879,.T.);
#2388=EDGE_CURVE('',#1946,#1960,#1848,.T.);
#2389=EDGE_CURVE('',#1961,#1960,#880,.T.);
#2390=EDGE_CURVE('',#1962,#1961,#881,.T.);
#2391=EDGE_CURVE('',#1962,#1963,#882,.T.);
#2392=EDGE_CURVE('',#1963,#1947,#1849,.T.);
#2393=EDGE_CURVE('',#1960,#1964,#883,.T.);
#2394=EDGE_CURVE('',#1964,#1965,#884,.T.);
#2395=EDGE_CURVE('',#1965,#1966,#885,.T.);
#2396=EDGE_CURVE('',#1966,#1967,#886,.T.);
#2397=EDGE_CURVE('',#1967,#1968,#887,.T.);
#2398=EDGE_CURVE('',#1968,#1969,#888,.T.);
#2399=EDGE_CURVE('',#1969,#1970,#889,.T.);
#2400=EDGE_CURVE('',#1970,#1971,#890,.T.);
#2401=EDGE_CURVE('',#1971,#1972,#891,.T.);
#2402=EDGE_CURVE('',#1972,#1973,#892,.T.);
#2403=EDGE_CURVE('',#1973,#1974,#893,.T.);
#2404=EDGE_CURVE('',#1974,#1975,#894,.T.);
#2405=EDGE_CURVE('',#1975,#1976,#895,.T.);
#2406=EDGE_CURVE('',#1976,#1977,#896,.T.);
#2407=EDGE_CURVE('',#1977,#1978,#897,.T.);
#2408=EDGE_CURVE('',#1978,#1979,#898,.T.);
#2409=EDGE_CURVE('',#1979,#1980,#899,.T.);
#2410=EDGE_CURVE('',#1981,#1980,#900,.T.);
#2411=EDGE_CURVE('',#1961,#1981,#901,.T.);
#2412=EDGE_CURVE('',#1980,#1940,#1850,.T.);
#2413=EDGE_CURVE('',#1941,#1982,#1851,.T.);
#2414=EDGE_CURVE('',#1983,#1982,#902,.T.);
#2415=EDGE_CURVE('',#1981,#1983,#903,.T.);
#2416=EDGE_CURVE('',#1982,#1984,#904,.T.);
#2417=EDGE_CURVE('',#1984,#1985,#905,.T.);
#2418=EDGE_CURVE('',#1986,#1985,#906,.T.);
#2419=EDGE_CURVE('',#1986,#1987,#907,.T.);
#2420=EDGE_CURVE('',#1987,#1988,#908,.T.);
#2421=EDGE_CURVE('',#1988,#1989,#909,.T.);
#2422=EDGE_CURVE('',#1990,#1989,#910,.T.);
#2423=EDGE_CURVE('',#1990,#1991,#911,.T.);
#2424=EDGE_CURVE('',#1991,#1992,#912,.T.);
#2425=EDGE_CURVE('',#1992,#1993,#913,.T.);
#2426=EDGE_CURVE('',#1994,#1993,#914,.T.);
#2427=EDGE_CURVE('',#1994,#1995,#915,.T.);
#2428=EDGE_CURVE('',#1995,#1996,#916,.T.);
#2429=EDGE_CURVE('',#1996,#1997,#917,.T.);
#2430=EDGE_CURVE('',#1998,#1997,#918,.T.);
#2431=EDGE_CURVE('',#1998,#1999,#919,.T.);
#2432=EDGE_CURVE('',#1999,#1963,#920,.T.);
#2433=EDGE_CURVE('',#1983,#1962,#921,.T.);
#2434=EDGE_CURVE('',#2000,#2001,#922,.T.);
#2435=EDGE_CURVE('',#2000,#2002,#923,.T.);
#2436=EDGE_CURVE('',#2003,#2002,#924,.T.);
#2437=EDGE_CURVE('',#2001,#2003,#925,.T.);
#2438=EDGE_CURVE('',#1997,#2004,#1852,.T.);
#2439=EDGE_CURVE('',#2004,#2005,#926,.T.);
#2440=EDGE_CURVE('',#2005,#2006,#927,.T.);
#2441=EDGE_CURVE('',#2006,#2007,#928,.T.);
#2442=EDGE_CURVE('',#2007,#1998,#1853,.T.);
#2443=EDGE_CURVE('',#1996,#2008,#80,.T.);
#2444=EDGE_CURVE('',#2004,#2008,#929,.T.);
#2445=EDGE_CURVE('',#2007,#2009,#930,.T.);
#2446=EDGE_CURVE('',#2009,#1999,#81,.T.);
#2447=EDGE_CURVE('',#1948,#2009,#1854,.T.);
#2448=EDGE_CURVE('',#2006,#1949,#931,.T.);
#2449=EDGE_CURVE('',#2005,#1950,#932,.T.);
#2450=EDGE_CURVE('',#2008,#1951,#1855,.T.);
#2451=EDGE_CURVE('',#1993,#2010,#1856,.T.);
#2452=EDGE_CURVE('',#2010,#2011,#933,.T.);
#2453=EDGE_CURVE('',#2011,#2012,#934,.T.);
#2454=EDGE_CURVE('',#2012,#2013,#935,.T.);
#2455=EDGE_CURVE('',#2013,#1990,#1857,.T.);
#2456=EDGE_CURVE('',#1989,#2014,#1858,.T.);
#2457=EDGE_CURVE('',#2014,#2015,#936,.T.);
#2458=EDGE_CURVE('',#2015,#2016,#937,.T.);
#2459=EDGE_CURVE('',#2016,#2017,#938,.T.);
#2460=EDGE_CURVE('',#2017,#1986,#1859,.T.);
#2461=EDGE_CURVE('',#1985,#2018,#1860,.T.);
#2462=EDGE_CURVE('',#2018,#2019,#939,.T.);
#2463=EDGE_CURVE('',#2019,#2020,#940,.T.);
#2464=EDGE_CURVE('',#2020,#2021,#941,.T.);
#2465=EDGE_CURVE('',#2021,#1994,#1861,.T.);
#2466=EDGE_CURVE('',#1992,#2022,#82,.T.);
#2467=EDGE_CURVE('',#2010,#2022,#942,.T.);
#2468=EDGE_CURVE('',#2021,#2023,#943,.T.);
#2469=EDGE_CURVE('',#2023,#1995,#83,.T.);
#2470=EDGE_CURVE('',#1984,#2024,#84,.T.);
#2471=EDGE_CURVE('',#2018,#2024,#944,.T.);
#2472=EDGE_CURVE('',#2017,#2025,#945,.T.);
#2473=EDGE_CURVE('',#2025,#1987,#85,.T.);
#2474=EDGE_CURVE('',#1988,#2026,#86,.T.);
#2475=EDGE_CURVE('',#2014,#2026,#946,.T.);
#2476=EDGE_CURVE('',#2013,#2027,#947,.T.);
#2477=EDGE_CURVE('',#2027,#1991,#87,.T.);
#2478=EDGE_CURVE('',#2012,#2003,#948,.T.);
#2479=EDGE_CURVE('',#2011,#2001,#949,.T.);
#2480=EDGE_CURVE('',#2022,#2000,#1862,.T.);
#2481=EDGE_CURVE('',#1952,#2023,#1863,.T.);
#2482=EDGE_CURVE('',#2020,#1953,#950,.T.);
#2483=EDGE_CURVE('',#2019,#1954,#951,.T.);
#2484=EDGE_CURVE('',#2024,#1955,#1864,.T.);
#2485=EDGE_CURVE('',#1958,#2025,#1865,.T.);
#2486=EDGE_CURVE('',#2016,#1959,#952,.T.);
#2487=EDGE_CURVE('',#2015,#1957,#953,.T.);
#2488=EDGE_CURVE('',#2026,#1956,#1866,.T.);
#2489=EDGE_CURVE('',#2002,#2027,#1867,.T.);
#2490=EDGE_CURVE('',#1965,#2028,#954,.T.);
#2491=EDGE_CURVE('',#2028,#2029,#955,.T.);
#2492=EDGE_CURVE('',#2029,#1978,#956,.T.);
#2493=EDGE_CURVE('',#1977,#2030,#957,.T.);
#2494=EDGE_CURVE('',#2030,#2031,#958,.T.);
#2495=EDGE_CURVE('',#2031,#1974,#959,.T.);
#2496=EDGE_CURVE('',#1973,#2032,#960,.T.);
#2497=EDGE_CURVE('',#2032,#2033,#961,.T.);
#2498=EDGE_CURVE('',#2033,#1970,#962,.T.);
#2499=EDGE_CURVE('',#1969,#2034,#963,.T.);
#2500=EDGE_CURVE('',#2034,#2035,#964,.T.);
#2501=EDGE_CURVE('',#2035,#1966,#965,.T.);
#2502=EDGE_CURVE('',#1930,#1967,#1868,.T.);
#2503=EDGE_CURVE('',#2035,#1931,#966,.T.);
#2504=EDGE_CURVE('',#1968,#1929,#1869,.T.);
#2505=EDGE_CURVE('',#2034,#1928,#967,.T.);
#2506=EDGE_CURVE('',#1934,#1971,#1870,.T.);
#2507=EDGE_CURVE('',#2033,#1935,#968,.T.);
#2508=EDGE_CURVE('',#1972,#1933,#1871,.T.);
#2509=EDGE_CURVE('',#2032,#1932,#969,.T.);
#2510=EDGE_CURVE('',#1938,#1975,#1872,.T.);
#2511=EDGE_CURVE('',#2031,#1939,#970,.T.);
#2512=EDGE_CURVE('',#1976,#1937,#1873,.T.);
#2513=EDGE_CURVE('',#2030,#1936,#971,.T.);
#2514=EDGE_CURVE('',#1942,#1979,#1874,.T.);
#2515=EDGE_CURVE('',#2029,#1943,#972,.T.);
#2516=EDGE_CURVE('',#1964,#1945,#1875,.T.);
#2517=EDGE_CURVE('',#2028,#1944,#973,.T.);
#2518=EDGE_CURVE('',#2036,#2037,#974,.T.);
#2519=EDGE_CURVE('',#2036,#2038,#1876,.T.);
#2520=EDGE_CURVE('',#2038,#2039,#975,.T.);
#2521=EDGE_CURVE('',#2040,#2039,#976,.T.);
#2522=EDGE_CURVE('',#2040,#2041,#977,.T.);
#2523=EDGE_CURVE('',#2041,#2037,#978,.T.);
#2524=EDGE_CURVE('',#2042,#2043,#979,.T.);
#2525=EDGE_CURVE('',#2042,#2036,#36,.T.);
#2526=EDGE_CURVE('',#2037,#2043,#1877,.T.);
#2527=EDGE_CURVE('',#2044,#2045,#980,.T.);
#2528=EDGE_CURVE('',#2042,#2044,#981,.T.);
#2529=EDGE_CURVE('',#2043,#2045,#982,.T.);
#2530=EDGE_CURVE('',#2046,#2047,#983,.T.);
#2531=EDGE_CURVE('',#2046,#2044,#37,.T.);
#2532=EDGE_CURVE('',#2045,#2047,#1878,.T.);
#2533=EDGE_CURVE('',#2048,#2049,#984,.T.);
#2534=EDGE_CURVE('',#2049,#2046,#1879,.T.);
#2535=EDGE_CURVE('',#2047,#2050,#985,.T.);
#2536=EDGE_CURVE('',#2051,#2050,#986,.T.);
#2537=EDGE_CURVE('',#2048,#2051,#987,.T.);
#2538=EDGE_CURVE('',#2050,#2041,#988,.T.);
#2539=EDGE_CURVE('',#2051,#2040,#989,.T.);
#2540=EDGE_CURVE('',#2048,#2039,#990,.T.);
#2541=EDGE_CURVE('',#2038,#2049,#991,.T.);
#2542=EDGE_CURVE('',#2052,#2053,#992,.T.);
#2543=EDGE_CURVE('',#2054,#2053,#993,.T.);
#2544=EDGE_CURVE('',#2055,#2054,#994,.T.);
#2545=EDGE_CURVE('',#2055,#2052,#995,.T.);
#2546=EDGE_CURVE('',#2056,#2057,#996,.T.);
#2547=EDGE_CURVE('',#2056,#2058,#1880,.T.);
#2548=EDGE_CURVE('',#2058,#2059,#997,.T.);
#2549=EDGE_CURVE('',#2054,#2059,#998,.T.);
#2550=EDGE_CURVE('',#2053,#2057,#999,.T.);
#2551=EDGE_CURVE('',#2060,#2061,#1000,.T.);
#2552=EDGE_CURVE('',#2060,#2056,#38,.T.);
#2553=EDGE_CURVE('',#2057,#2061,#1881,.T.);
#2554=EDGE_CURVE('',#2062,#2063,#1001,.T.);
#2555=EDGE_CURVE('',#2060,#2062,#1002,.T.);
#2556=EDGE_CURVE('',#2061,#2063,#1003,.T.);
#2557=EDGE_CURVE('',#2064,#2065,#1004,.T.);
#2558=EDGE_CURVE('',#2064,#2062,#39,.T.);
#2559=EDGE_CURVE('',#2063,#2065,#1882,.T.);
#2560=EDGE_CURVE('',#2066,#2067,#1005,.T.);
#2561=EDGE_CURVE('',#2067,#2064,#1883,.T.);
#2562=EDGE_CURVE('',#2065,#2068,#1006,.T.);
#2563=EDGE_CURVE('',#2069,#2068,#1007,.T.);
#2564=EDGE_CURVE('',#2066,#2069,#1008,.T.);
#2565=EDGE_CURVE('',#2068,#2070,#1009,.T.);
#2566=EDGE_CURVE('',#2071,#2070,#1010,.T.);
#2567=EDGE_CURVE('',#2069,#2071,#1011,.T.);
#2568=EDGE_CURVE('',#2072,#2073,#1012,.T.);
#2569=EDGE_CURVE('',#2072,#2074,#1884,.T.);
#2570=EDGE_CURVE('',#2074,#2075,#1013,.T.);
#2571=EDGE_CURVE('',#2071,#2075,#1014,.T.);
#2572=EDGE_CURVE('',#2070,#2073,#1015,.T.);
#2573=EDGE_CURVE('',#2076,#2077,#1016,.T.);
#2574=EDGE_CURVE('',#2076,#2072,#40,.T.);
#2575=EDGE_CURVE('',#2073,#2077,#1885,.T.);
#2576=EDGE_CURVE('',#2078,#2079,#1017,.T.);
#2577=EDGE_CURVE('',#2076,#2078,#1018,.T.);
#2578=EDGE_CURVE('',#2077,#2079,#1019,.T.);
#2579=EDGE_CURVE('',#2080,#2081,#1020,.T.);
#2580=EDGE_CURVE('',#2080,#2078,#41,.T.);
#2581=EDGE_CURVE('',#2079,#2081,#1886,.T.);
#2582=EDGE_CURVE('',#2082,#2083,#1021,.T.);
#2583=EDGE_CURVE('',#2083,#2080,#1887,.T.);
#2584=EDGE_CURVE('',#2081,#2084,#1022,.T.);
#2585=EDGE_CURVE('',#2085,#2084,#1023,.T.);
#2586=EDGE_CURVE('',#2082,#2085,#1024,.T.);
#2587=EDGE_CURVE('',#2084,#2086,#1025,.T.);
#2588=EDGE_CURVE('',#2087,#2086,#1026,.T.);
#2589=EDGE_CURVE('',#2085,#2087,#1027,.T.);
#2590=EDGE_CURVE('',#2088,#2089,#1028,.T.);
#2591=EDGE_CURVE('',#2088,#2090,#1888,.T.);
#2592=EDGE_CURVE('',#2090,#2091,#1029,.T.);
#2593=EDGE_CURVE('',#2087,#2091,#1030,.T.);
#2594=EDGE_CURVE('',#2086,#2089,#1031,.T.);
#2595=EDGE_CURVE('',#2092,#2093,#1032,.T.);
#2596=EDGE_CURVE('',#2092,#2088,#42,.T.);
#2597=EDGE_CURVE('',#2089,#2093,#1889,.T.);
#2598=EDGE_CURVE('',#2094,#2095,#1033,.T.);
#2599=EDGE_CURVE('',#2092,#2094,#1034,.T.);
#2600=EDGE_CURVE('',#2093,#2095,#1035,.T.);
#2601=EDGE_CURVE('',#2096,#2097,#1036,.T.);
#2602=EDGE_CURVE('',#2096,#2094,#43,.T.);
#2603=EDGE_CURVE('',#2095,#2097,#1890,.T.);
#2604=EDGE_CURVE('',#2098,#2099,#1037,.T.);
#2605=EDGE_CURVE('',#2099,#2096,#1891,.T.);
#2606=EDGE_CURVE('',#2097,#2052,#1038,.T.);
#2607=EDGE_CURVE('',#2098,#2055,#1039,.T.);
#2608=EDGE_CURVE('',#2098,#2091,#1040,.T.);
#2609=EDGE_CURVE('',#2066,#2059,#1041,.T.);
#2610=EDGE_CURVE('',#2082,#2075,#1042,.T.);
#2611=EDGE_CURVE('',#2058,#2067,#1043,.T.);
#2612=EDGE_CURVE('',#2074,#2083,#1044,.T.);
#2613=EDGE_CURVE('',#2090,#2099,#1045,.T.);
#2614=EDGE_CURVE('',#2100,#2101,#1046,.T.);
#2615=EDGE_CURVE('',#2101,#2102,#1892,.T.);
#2616=EDGE_CURVE('',#2102,#2103,#1047,.T.);
#2617=EDGE_CURVE('',#2103,#2104,#1048,.T.);
#2618=EDGE_CURVE('',#2105,#2104,#1049,.T.);
#2619=EDGE_CURVE('',#2100,#2105,#1050,.T.);
#2620=EDGE_CURVE('',#2104,#2106,#1051,.T.);
#2621=EDGE_CURVE('',#2107,#2106,#1052,.T.);
#2622=EDGE_CURVE('',#2105,#2107,#1053,.T.);
#2623=EDGE_CURVE('',#2108,#2109,#1054,.T.);
#2624=EDGE_CURVE('',#2108,#2110,#1893,.T.);
#2625=EDGE_CURVE('',#2110,#2111,#1055,.T.);
#2626=EDGE_CURVE('',#2107,#2111,#1056,.T.);
#2627=EDGE_CURVE('',#2106,#2109,#1057,.T.);
#2628=EDGE_CURVE('',#2112,#2113,#1058,.T.);
#2629=EDGE_CURVE('',#2112,#2108,#1059,.T.);
#2630=EDGE_CURVE('',#2109,#2113,#1060,.T.);
#2631=EDGE_CURVE('',#2114,#2115,#1061,.T.);
#2632=EDGE_CURVE('',#2115,#2112,#1894,.T.);
#2633=EDGE_CURVE('',#2113,#2116,#1062,.T.);
#2634=EDGE_CURVE('',#2117,#2116,#1063,.T.);
#2635=EDGE_CURVE('',#2114,#2117,#1064,.T.);
#2636=EDGE_CURVE('',#2116,#2118,#1065,.T.);
#2637=EDGE_CURVE('',#2119,#2118,#1066,.T.);
#2638=EDGE_CURVE('',#2117,#2119,#1067,.T.);
#2639=EDGE_CURVE('',#2120,#2121,#1068,.T.);
#2640=EDGE_CURVE('',#2120,#2122,#1895,.T.);
#2641=EDGE_CURVE('',#2122,#2123,#1069,.T.);
#2642=EDGE_CURVE('',#2119,#2123,#1070,.T.);
#2643=EDGE_CURVE('',#2118,#2121,#1071,.T.);
#2644=EDGE_CURVE('',#2124,#2125,#1072,.T.);
#2645=EDGE_CURVE('',#2124,#2120,#1073,.T.);
#2646=EDGE_CURVE('',#2121,#2125,#1074,.T.);
#2647=EDGE_CURVE('',#2126,#2127,#1075,.T.);
#2648=EDGE_CURVE('',#2127,#2124,#1896,.T.);
#2649=EDGE_CURVE('',#2125,#2128,#1076,.T.);
#2650=EDGE_CURVE('',#2129,#2128,#1077,.T.);
#2651=EDGE_CURVE('',#2126,#2129,#1078,.T.);
#2652=EDGE_CURVE('',#2128,#2130,#1079,.T.);
#2653=EDGE_CURVE('',#2131,#2130,#1080,.T.);
#2654=EDGE_CURVE('',#2129,#2131,#1081,.T.);
#2655=EDGE_CURVE('',#2132,#2133,#1082,.T.);
#2656=EDGE_CURVE('',#2132,#2134,#1897,.T.);
#2657=EDGE_CURVE('',#2134,#2135,#1083,.T.);
#2658=EDGE_CURVE('',#2131,#2135,#1084,.T.);
#2659=EDGE_CURVE('',#2130,#2133,#1085,.T.);
#2660=EDGE_CURVE('',#2136,#2137,#1086,.T.);
#2661=EDGE_CURVE('',#2136,#2132,#1087,.T.);
#2662=EDGE_CURVE('',#2133,#2137,#1088,.T.);
#2663=EDGE_CURVE('',#2138,#2139,#1089,.T.);
#2664=EDGE_CURVE('',#2139,#2136,#1898,.T.);
#2665=EDGE_CURVE('',#2137,#2140,#1090,.T.);
#2666=EDGE_CURVE('',#2141,#2140,#1091,.T.);
#2667=EDGE_CURVE('',#2138,#2141,#1092,.T.);
#2668=EDGE_CURVE('',#2140,#2142,#1093,.T.);
#2669=EDGE_CURVE('',#2143,#2142,#1094,.T.);
#2670=EDGE_CURVE('',#2141,#2143,#1095,.T.);
#2671=EDGE_CURVE('',#2144,#2145,#1096,.T.);
#2672=EDGE_CURVE('',#2144,#2146,#1899,.T.);
#2673=EDGE_CURVE('',#2146,#2147,#1097,.T.);
#2674=EDGE_CURVE('',#2143,#2147,#1098,.T.);
#2675=EDGE_CURVE('',#2142,#2145,#1099,.T.);
#2676=EDGE_CURVE('',#2102,#2144,#1100,.T.);
#2677=EDGE_CURVE('',#2145,#2103,#1101,.T.);
#2678=EDGE_CURVE('',#2123,#2126,#1102,.T.);
#2679=EDGE_CURVE('',#2135,#2138,#1103,.T.);
#2680=EDGE_CURVE('',#2147,#2100,#1104,.T.);
#2681=EDGE_CURVE('',#2111,#2114,#1105,.T.);
#2682=EDGE_CURVE('',#2115,#2110,#1106,.T.);
#2683=EDGE_CURVE('',#2101,#2146,#1107,.T.);
#2684=EDGE_CURVE('',#2139,#2134,#1108,.T.);
#2685=EDGE_CURVE('',#2127,#2122,#1109,.T.);
#2686=EDGE_CURVE('',#2148,#2149,#44,.T.);
#2687=EDGE_CURVE('',#2149,#2150,#1110,.T.);
#2688=EDGE_CURVE('',#2150,#2151,#45,.T.);
#2689=EDGE_CURVE('',#2151,#2148,#1111,.T.);
#2690=EDGE_CURVE('',#2152,#2153,#1112,.T.);
#2691=EDGE_CURVE('',#2154,#2152,#46,.T.);
#2692=EDGE_CURVE('',#2155,#2154,#1113,.T.);
#2693=EDGE_CURVE('',#2153,#2155,#47,.T.);
#2694=EDGE_CURVE('',#2156,#2157,#48,.T.);
#2695=EDGE_CURVE('',#2158,#2156,#1114,.T.);
#2696=EDGE_CURVE('',#2159,#2158,#49,.T.);
#2697=EDGE_CURVE('',#2157,#2159,#1115,.T.);
#2698=EDGE_CURVE('',#2160,#2161,#50,.T.);
#2699=EDGE_CURVE('',#2161,#2162,#1116,.T.);
#2700=EDGE_CURVE('',#2162,#2163,#51,.T.);
#2701=EDGE_CURVE('',#2163,#2160,#1117,.T.);
#2702=EDGE_CURVE('',#2149,#2157,#1118,.T.);
#2703=EDGE_CURVE('',#2148,#2156,#1119,.T.);
#2704=EDGE_CURVE('',#2150,#2159,#1120,.T.);
#2705=EDGE_CURVE('',#2151,#2158,#1121,.T.);
#2706=EDGE_CURVE('',#2154,#2160,#1122,.T.);
#2707=EDGE_CURVE('',#2152,#2161,#1123,.T.);
#2708=EDGE_CURVE('',#2153,#2162,#1124,.T.);
#2709=EDGE_CURVE('',#2155,#2163,#1125,.T.);
#2710=EDGE_CURVE('',#2164,#2165,#52,.T.);
#2711=EDGE_CURVE('',#2165,#2166,#1126,.T.);
#2712=EDGE_CURVE('',#2166,#2167,#1127,.T.);
#2713=EDGE_CURVE('',#2167,#2168,#1128,.T.);
#2714=EDGE_CURVE('',#2168,#2169,#53,.T.);
#2715=EDGE_CURVE('',#2169,#2170,#1129,.T.);
#2716=EDGE_CURVE('',#2170,#2171,#54,.T.);
#2717=EDGE_CURVE('',#2171,#2172,#1130,.T.);
#2718=EDGE_CURVE('',#2172,#2164,#1131,.T.);
#2719=EDGE_CURVE('',#2173,#2174,#55,.T.);
#2720=EDGE_CURVE('',#2175,#2173,#1132,.T.);
#2721=EDGE_CURVE('',#2176,#2175,#1133,.T.);
#2722=EDGE_CURVE('',#2174,#2176,#1134,.T.);
#2723=EDGE_CURVE('',#2177,#2178,#56,.T.);
#2724=EDGE_CURVE('',#2179,#2177,#1135,.T.);
#2725=EDGE_CURVE('',#2180,#2179,#1136,.T.);
#2726=EDGE_CURVE('',#2181,#2180,#57,.T.);
#2727=EDGE_CURVE('',#2182,#2181,#1137,.T.);
#2728=EDGE_CURVE('',#2183,#2182,#58,.T.);
#2729=EDGE_CURVE('',#2184,#2183,#1138,.T.);
#2730=EDGE_CURVE('',#2185,#2184,#1139,.T.);
#2731=EDGE_CURVE('',#2178,#2185,#1140,.T.);
#2732=EDGE_CURVE('',#2186,#2187,#1141,.T.);
#2733=EDGE_CURVE('',#2187,#2188,#59,.T.);
#2734=EDGE_CURVE('',#2188,#2189,#1142,.T.);
#2735=EDGE_CURVE('',#2189,#2186,#1143,.T.);
#2736=EDGE_CURVE('',#2165,#2178,#1144,.T.);
#2737=EDGE_CURVE('',#2164,#2177,#1145,.T.);
#2738=EDGE_CURVE('',#2166,#2185,#1146,.T.);
#2739=EDGE_CURVE('',#2167,#2184,#1147,.T.);
#2740=EDGE_CURVE('',#2168,#2183,#1148,.T.);
#2741=EDGE_CURVE('',#2169,#2182,#1149,.T.);
#2742=EDGE_CURVE('',#2170,#2181,#1150,.T.);
#2743=EDGE_CURVE('',#2171,#2180,#1151,.T.);
#2744=EDGE_CURVE('',#2172,#2179,#1152,.T.);
#2745=EDGE_CURVE('',#2173,#2187,#1153,.T.);
#2746=EDGE_CURVE('',#2174,#2188,#1154,.T.);
#2747=EDGE_CURVE('',#2176,#2189,#1155,.T.);
#2748=EDGE_CURVE('',#2175,#2186,#1156,.T.);
#2749=EDGE_CURVE('',#2190,#2191,#60,.T.);
#2750=EDGE_CURVE('',#2192,#2191,#1157,.T.);
#2751=EDGE_CURVE('',#2193,#2192,#61,.T.);
#2752=EDGE_CURVE('',#2193,#2190,#1158,.T.);
#2753=EDGE_CURVE('',#2191,#2194,#1159,.T.);
#2754=EDGE_CURVE('',#2195,#2194,#1160,.T.);
#2755=EDGE_CURVE('',#2192,#2195,#1161,.T.);
#2756=EDGE_CURVE('',#2194,#2196,#1162,.T.);
#2757=EDGE_CURVE('',#2197,#2196,#1163,.T.);
#2758=EDGE_CURVE('',#2195,#2197,#1164,.T.);
#2759=EDGE_CURVE('',#2196,#2198,#1165,.T.);
#2760=EDGE_CURVE('',#2199,#2198,#1166,.T.);
#2761=EDGE_CURVE('',#2197,#2199,#1167,.T.);
#2762=EDGE_CURVE('',#2198,#2200,#1168,.T.);
#2763=EDGE_CURVE('',#2201,#2200,#1169,.T.);
#2764=EDGE_CURVE('',#2199,#2201,#1170,.T.);
#2765=EDGE_CURVE('',#2200,#2202,#1171,.T.);
#2766=EDGE_CURVE('',#2203,#2202,#1172,.T.);
#2767=EDGE_CURVE('',#2201,#2203,#1173,.T.);
#2768=EDGE_CURVE('',#2202,#2204,#1174,.T.);
#2769=EDGE_CURVE('',#2205,#2204,#1175,.T.);
#2770=EDGE_CURVE('',#2203,#2205,#1176,.T.);
#2771=EDGE_CURVE('',#2204,#2206,#1177,.T.);
#2772=EDGE_CURVE('',#2207,#2206,#1178,.T.);
#2773=EDGE_CURVE('',#2205,#2207,#1179,.T.);
#2774=EDGE_CURVE('',#2206,#2208,#1180,.T.);
#2775=EDGE_CURVE('',#2209,#2208,#1181,.T.);
#2776=EDGE_CURVE('',#2207,#2209,#1182,.T.);
#2777=EDGE_CURVE('',#2208,#2210,#1183,.T.);
#2778=EDGE_CURVE('',#2211,#2210,#1184,.T.);
#2779=EDGE_CURVE('',#2209,#2211,#1185,.T.);
#2780=EDGE_CURVE('',#2210,#2212,#1186,.T.);
#2781=EDGE_CURVE('',#2213,#2212,#1187,.T.);
#2782=EDGE_CURVE('',#2211,#2213,#1188,.T.);
#2783=EDGE_CURVE('',#2212,#2214,#1189,.T.);
#2784=EDGE_CURVE('',#2215,#2214,#1190,.T.);
#2785=EDGE_CURVE('',#2213,#2215,#1191,.T.);
#2786=EDGE_CURVE('',#2214,#2216,#62,.T.);
#2787=EDGE_CURVE('',#2217,#2216,#1192,.T.);
#2788=EDGE_CURVE('',#2215,#2217,#63,.T.);
#2789=EDGE_CURVE('',#2216,#2190,#1193,.T.);
#2790=EDGE_CURVE('',#2217,#2193,#1194,.T.);
#2791=EDGE_CURVE('',#2218,#2219,#64,.T.);
#2792=EDGE_CURVE('',#2220,#2219,#1195,.T.);
#2793=EDGE_CURVE('',#2221,#2220,#65,.T.);
#2794=EDGE_CURVE('',#2221,#2218,#1196,.T.);
#2795=EDGE_CURVE('',#2219,#2222,#1197,.T.);
#2796=EDGE_CURVE('',#2223,#2222,#1198,.T.);
#2797=EDGE_CURVE('',#2220,#2223,#1199,.T.);
#2798=EDGE_CURVE('',#2222,#2224,#1200,.T.);
#2799=EDGE_CURVE('',#2225,#2224,#1201,.T.);
#2800=EDGE_CURVE('',#2223,#2225,#1202,.T.);
#2801=EDGE_CURVE('',#2224,#2226,#1203,.T.);
#2802=EDGE_CURVE('',#2227,#2226,#1204,.T.);
#2803=EDGE_CURVE('',#2225,#2227,#1205,.T.);
#2804=EDGE_CURVE('',#2226,#2228,#1206,.T.);
#2805=EDGE_CURVE('',#2229,#2228,#1207,.T.);
#2806=EDGE_CURVE('',#2227,#2229,#1208,.T.);
#2807=EDGE_CURVE('',#2228,#2230,#1209,.T.);
#2808=EDGE_CURVE('',#2231,#2230,#1210,.T.);
#2809=EDGE_CURVE('',#2229,#2231,#1211,.T.);
#2810=EDGE_CURVE('',#2230,#2232,#66,.T.);
#2811=EDGE_CURVE('',#2233,#2232,#1212,.T.);
#2812=EDGE_CURVE('',#2231,#2233,#67,.T.);
#2813=EDGE_CURVE('',#2232,#2234,#1213,.T.);
#2814=EDGE_CURVE('',#2235,#2234,#1214,.T.);
#2815=EDGE_CURVE('',#2233,#2235,#1215,.T.);
#2816=EDGE_CURVE('',#2234,#2236,#1216,.T.);
#2817=EDGE_CURVE('',#2237,#2236,#1217,.T.);
#2818=EDGE_CURVE('',#2235,#2237,#1218,.T.);
#2819=EDGE_CURVE('',#2236,#2218,#1219,.T.);
#2820=EDGE_CURVE('',#2237,#2221,#1220,.T.);
#2821=EDGE_CURVE('',#2238,#2239,#68,.T.);
#2822=EDGE_CURVE('',#2240,#2239,#1221,.T.);
#2823=EDGE_CURVE('',#2241,#2240,#69,.T.);
#2824=EDGE_CURVE('',#2241,#2238,#1222,.T.);
#2825=EDGE_CURVE('',#2239,#2242,#1223,.T.);
#2826=EDGE_CURVE('',#2243,#2242,#1224,.T.);
#2827=EDGE_CURVE('',#2240,#2243,#1225,.T.);
#2828=EDGE_CURVE('',#2242,#2244,#1226,.T.);
#2829=EDGE_CURVE('',#2245,#2244,#1227,.T.);
#2830=EDGE_CURVE('',#2243,#2245,#1228,.T.);
#2831=EDGE_CURVE('',#2244,#2246,#1229,.T.);
#2832=EDGE_CURVE('',#2247,#2246,#1230,.T.);
#2833=EDGE_CURVE('',#2245,#2247,#1231,.T.);
#2834=EDGE_CURVE('',#2246,#2248,#1232,.T.);
#2835=EDGE_CURVE('',#2249,#2248,#1233,.T.);
#2836=EDGE_CURVE('',#2247,#2249,#1234,.T.);
#2837=EDGE_CURVE('',#2248,#2250,#1235,.T.);
#2838=EDGE_CURVE('',#2251,#2250,#1236,.T.);
#2839=EDGE_CURVE('',#2249,#2251,#1237,.T.);
#2840=EDGE_CURVE('',#2250,#2252,#70,.T.);
#2841=EDGE_CURVE('',#2253,#2252,#1238,.T.);
#2842=EDGE_CURVE('',#2251,#2253,#71,.T.);
#2843=EDGE_CURVE('',#2252,#2254,#1239,.T.);
#2844=EDGE_CURVE('',#2255,#2254,#1240,.T.);
#2845=EDGE_CURVE('',#2253,#2255,#1241,.T.);
#2846=EDGE_CURVE('',#2254,#2256,#1242,.T.);
#2847=EDGE_CURVE('',#2257,#2256,#1243,.T.);
#2848=EDGE_CURVE('',#2255,#2257,#1244,.T.);
#2849=EDGE_CURVE('',#2256,#2238,#1245,.T.);
#2850=EDGE_CURVE('',#2257,#2241,#1246,.T.);
#2851=EDGE_CURVE('',#2258,#2259,#72,.T.);
#2852=EDGE_CURVE('',#2260,#2259,#1247,.T.);
#2853=EDGE_CURVE('',#2261,#2260,#73,.T.);
#2854=EDGE_CURVE('',#2261,#2258,#1248,.T.);
#2855=EDGE_CURVE('',#2259,#2262,#1249,.T.);
#2856=EDGE_CURVE('',#2263,#2262,#1250,.T.);
#2857=EDGE_CURVE('',#2260,#2263,#1251,.T.);
#2858=EDGE_CURVE('',#2262,#2264,#1252,.T.);
#2859=EDGE_CURVE('',#2265,#2264,#1253,.T.);
#2860=EDGE_CURVE('',#2263,#2265,#1254,.T.);
#2861=EDGE_CURVE('',#2264,#2266,#1255,.T.);
#2862=EDGE_CURVE('',#2267,#2266,#1256,.T.);
#2863=EDGE_CURVE('',#2265,#2267,#1257,.T.);
#2864=EDGE_CURVE('',#2266,#2268,#1258,.T.);
#2865=EDGE_CURVE('',#2269,#2268,#1259,.T.);
#2866=EDGE_CURVE('',#2267,#2269,#1260,.T.);
#2867=EDGE_CURVE('',#2268,#2270,#1261,.T.);
#2868=EDGE_CURVE('',#2271,#2270,#1262,.T.);
#2869=EDGE_CURVE('',#2269,#2271,#1263,.T.);
#2870=EDGE_CURVE('',#2270,#2272,#74,.T.);
#2871=EDGE_CURVE('',#2273,#2272,#1264,.T.);
#2872=EDGE_CURVE('',#2271,#2273,#75,.T.);
#2873=EDGE_CURVE('',#2272,#2274,#1265,.T.);
#2874=EDGE_CURVE('',#2275,#2274,#1266,.T.);
#2875=EDGE_CURVE('',#2273,#2275,#1267,.T.);
#2876=EDGE_CURVE('',#2274,#2276,#1268,.T.);
#2877=EDGE_CURVE('',#2277,#2276,#1269,.T.);
#2878=EDGE_CURVE('',#2275,#2277,#1270,.T.);
#2879=EDGE_CURVE('',#2276,#2258,#1271,.T.);
#2880=EDGE_CURVE('',#2277,#2261,#1272,.T.);
#2881=EDGE_CURVE('',#2278,#2279,#76,.T.);
#2882=EDGE_CURVE('',#2280,#2279,#1273,.T.);
#2883=EDGE_CURVE('',#2281,#2280,#77,.T.);
#2884=EDGE_CURVE('',#2281,#2278,#1274,.T.);
#2885=EDGE_CURVE('',#2279,#2282,#1275,.T.);
#2886=EDGE_CURVE('',#2283,#2282,#1276,.T.);
#2887=EDGE_CURVE('',#2280,#2283,#1277,.T.);
#2888=EDGE_CURVE('',#2282,#2284,#78,.T.);
#2889=EDGE_CURVE('',#2285,#2284,#1278,.T.);
#2890=EDGE_CURVE('',#2283,#2285,#79,.T.);
#2891=EDGE_CURVE('',#2284,#2286,#1279,.T.);
#2892=EDGE_CURVE('',#2287,#2286,#1280,.T.);
#2893=EDGE_CURVE('',#2285,#2287,#1281,.T.);
#2894=EDGE_CURVE('',#2286,#2288,#1900,.T.);
#2895=EDGE_CURVE('',#2289,#2288,#1282,.T.);
#2896=EDGE_CURVE('',#2287,#2289,#1901,.T.);
#2897=EDGE_CURVE('',#2288,#2290,#1283,.T.);
#2898=EDGE_CURVE('',#2291,#2290,#1284,.T.);
#2899=EDGE_CURVE('',#2289,#2291,#1285,.T.);
#2900=EDGE_CURVE('',#2290,#2292,#1286,.T.);
#2901=EDGE_CURVE('',#2293,#2292,#1287,.T.);
#2902=EDGE_CURVE('',#2291,#2293,#1288,.T.);
#2903=EDGE_CURVE('',#2292,#2294,#1289,.T.);
#2904=EDGE_CURVE('',#2295,#2294,#1290,.T.);
#2905=EDGE_CURVE('',#2293,#2295,#1291,.T.);
#2906=EDGE_CURVE('',#2294,#2296,#1902,.T.);
#2907=EDGE_CURVE('',#2297,#2296,#1292,.T.);
#2908=EDGE_CURVE('',#2295,#2297,#1903,.T.);
#2909=EDGE_CURVE('',#2296,#2278,#1293,.T.);
#2910=EDGE_CURVE('',#2297,#2281,#1294,.T.);
#2911=EDGE_CURVE('',#2298,#2298,#1904,.T.);
#2912=EDGE_CURVE('',#2298,#2299,#1295,.T.);
#2913=EDGE_CURVE('',#2299,#2299,#1905,.T.);
#2914=EDGE_CURVE('',#2300,#2300,#1906,.T.);
#2915=EDGE_CURVE('',#2300,#2301,#1296,.T.);
#2916=EDGE_CURVE('',#2301,#2301,#1907,.T.);
#2917=EDGE_CURVE('',#2302,#2303,#1297,.T.);
#2918=EDGE_CURVE('',#2304,#2303,#1298,.T.);
#2919=EDGE_CURVE('',#2305,#2304,#1299,.T.);
#2920=EDGE_CURVE('',#2305,#2302,#1300,.T.);
#2921=EDGE_CURVE('',#2303,#2306,#1301,.T.);
#2922=EDGE_CURVE('',#2307,#2306,#1302,.T.);
#2923=EDGE_CURVE('',#2304,#2307,#1303,.T.);
#2924=EDGE_CURVE('',#2306,#2308,#1304,.T.);
#2925=EDGE_CURVE('',#2309,#2308,#1305,.T.);
#2926=EDGE_CURVE('',#2307,#2309,#1306,.T.);
#2927=EDGE_CURVE('',#2308,#2302,#1307,.T.);
#2928=EDGE_CURVE('',#2309,#2305,#1308,.T.);
#2929=EDGE_CURVE('',#2310,#2311,#1309,.T.);
#2930=EDGE_CURVE('',#2312,#2311,#1310,.T.);
#2931=EDGE_CURVE('',#2313,#2312,#1311,.T.);
#2932=EDGE_CURVE('',#2313,#2310,#1312,.T.);
#2933=EDGE_CURVE('',#2311,#2314,#1313,.T.);
#2934=EDGE_CURVE('',#2315,#2314,#1314,.T.);
#2935=EDGE_CURVE('',#2312,#2315,#1315,.T.);
#2936=EDGE_CURVE('',#2314,#2316,#1316,.T.);
#2937=EDGE_CURVE('',#2317,#2316,#1317,.T.);
#2938=EDGE_CURVE('',#2315,#2317,#1318,.T.);
#2939=EDGE_CURVE('',#2316,#2310,#1319,.T.);
#2940=EDGE_CURVE('',#2317,#2313,#1320,.T.);
#2941=EDGE_CURVE('',#2318,#2319,#1321,.T.);
#2942=EDGE_CURVE('',#2320,#2319,#1322,.T.);
#2943=EDGE_CURVE('',#2321,#2320,#1323,.T.);
#2944=EDGE_CURVE('',#2321,#2318,#1324,.T.);
#2945=EDGE_CURVE('',#2319,#2322,#1325,.T.);
#2946=EDGE_CURVE('',#2323,#2322,#1326,.T.);
#2947=EDGE_CURVE('',#2320,#2323,#1327,.T.);
#2948=EDGE_CURVE('',#2322,#2324,#1328,.T.);
#2949=EDGE_CURVE('',#2325,#2324,#1329,.T.);
#2950=EDGE_CURVE('',#2323,#2325,#1330,.T.);
#2951=EDGE_CURVE('',#2324,#2318,#1331,.T.);
#2952=EDGE_CURVE('',#2325,#2321,#1332,.T.);
#2953=ORIENTED_EDGE('',*,*,#2326,.T.);
#2954=ORIENTED_EDGE('',*,*,#2327,.T.);
#2955=ORIENTED_EDGE('',*,*,#2328,.F.);
#2956=ORIENTED_EDGE('',*,*,#2327,.F.);
#2957=ORIENTED_EDGE('',*,*,#2328,.T.);
#2958=ORIENTED_EDGE('',*,*,#2326,.F.);
#2959=ORIENTED_EDGE('',*,*,#2329,.T.);
#2960=ORIENTED_EDGE('',*,*,#2330,.F.);
#2961=ORIENTED_EDGE('',*,*,#2331,.F.);
#2962=ORIENTED_EDGE('',*,*,#2332,.T.);
#2963=ORIENTED_EDGE('',*,*,#2333,.T.);
#2964=ORIENTED_EDGE('',*,*,#2334,.F.);
#2965=ORIENTED_EDGE('',*,*,#2335,.F.);
#2966=ORIENTED_EDGE('',*,*,#2330,.T.);
#2967=ORIENTED_EDGE('',*,*,#2336,.T.);
#2968=ORIENTED_EDGE('',*,*,#2337,.F.);
#2969=ORIENTED_EDGE('',*,*,#2338,.F.);
#2970=ORIENTED_EDGE('',*,*,#2334,.T.);
#2971=ORIENTED_EDGE('',*,*,#2339,.T.);
#2972=ORIENTED_EDGE('',*,*,#2332,.F.);
#2973=ORIENTED_EDGE('',*,*,#2340,.F.);
#2974=ORIENTED_EDGE('',*,*,#2337,.T.);
#2975=ORIENTED_EDGE('',*,*,#2331,.T.);
#2976=ORIENTED_EDGE('',*,*,#2335,.T.);
#2977=ORIENTED_EDGE('',*,*,#2338,.T.);
#2978=ORIENTED_EDGE('',*,*,#2340,.T.);
#2979=ORIENTED_EDGE('',*,*,#2329,.F.);
#2980=ORIENTED_EDGE('',*,*,#2339,.F.);
#2981=ORIENTED_EDGE('',*,*,#2336,.F.);
#2982=ORIENTED_EDGE('',*,*,#2333,.F.);
#2983=ORIENTED_EDGE('',*,*,#2341,.T.);
#2984=ORIENTED_EDGE('',*,*,#2342,.F.);
#2985=ORIENTED_EDGE('',*,*,#2343,.F.);
#2986=ORIENTED_EDGE('',*,*,#2344,.T.);
#2987=ORIENTED_EDGE('',*,*,#2345,.T.);
#2988=ORIENTED_EDGE('',*,*,#2346,.F.);
#2989=ORIENTED_EDGE('',*,*,#2347,.F.);
#2990=ORIENTED_EDGE('',*,*,#2342,.T.);
#2991=ORIENTED_EDGE('',*,*,#2348,.T.);
#2992=ORIENTED_EDGE('',*,*,#2349,.F.);
#2993=ORIENTED_EDGE('',*,*,#2350,.F.);
#2994=ORIENTED_EDGE('',*,*,#2346,.T.);
#2995=ORIENTED_EDGE('',*,*,#2351,.T.);
#2996=ORIENTED_EDGE('',*,*,#2344,.F.);
#2997=ORIENTED_EDGE('',*,*,#2352,.F.);
#2998=ORIENTED_EDGE('',*,*,#2349,.T.);
#2999=ORIENTED_EDGE('',*,*,#2343,.T.);
#3000=ORIENTED_EDGE('',*,*,#2347,.T.);
#3001=ORIENTED_EDGE('',*,*,#2350,.T.);
#3002=ORIENTED_EDGE('',*,*,#2352,.T.);
#3003=ORIENTED_EDGE('',*,*,#2341,.F.);
#3004=ORIENTED_EDGE('',*,*,#2351,.F.);
#3005=ORIENTED_EDGE('',*,*,#2348,.F.);
#3006=ORIENTED_EDGE('',*,*,#2345,.F.);
#3007=ORIENTED_EDGE('',*,*,#2353,.F.);
#3008=ORIENTED_EDGE('',*,*,#2354,.T.);
#3009=ORIENTED_EDGE('',*,*,#2355,.T.);
#3010=ORIENTED_EDGE('',*,*,#2354,.F.);
#3011=ORIENTED_EDGE('',*,*,#2356,.T.);
#3012=ORIENTED_EDGE('',*,*,#2357,.F.);
#3013=ORIENTED_EDGE('',*,*,#2358,.F.);
#3014=ORIENTED_EDGE('',*,*,#2359,.F.);
#3015=ORIENTED_EDGE('',*,*,#2360,.T.);
#3016=ORIENTED_EDGE('',*,*,#2361,.F.);
#3017=ORIENTED_EDGE('',*,*,#2362,.F.);
#3018=ORIENTED_EDGE('',*,*,#2363,.F.);
#3019=ORIENTED_EDGE('',*,*,#2364,.T.);
#3020=ORIENTED_EDGE('',*,*,#2365,.F.);
#3021=ORIENTED_EDGE('',*,*,#2366,.F.);
#3022=ORIENTED_EDGE('',*,*,#2367,.F.);
#3023=ORIENTED_EDGE('',*,*,#2368,.F.);
#3024=ORIENTED_EDGE('',*,*,#2369,.F.);
#3025=ORIENTED_EDGE('',*,*,#2370,.F.);
#3026=ORIENTED_EDGE('',*,*,#2371,.F.);
#3027=ORIENTED_EDGE('',*,*,#2372,.T.);
#3028=ORIENTED_EDGE('',*,*,#2373,.F.);
#3029=ORIENTED_EDGE('',*,*,#2374,.F.);
#3030=ORIENTED_EDGE('',*,*,#2375,.T.);
#3031=ORIENTED_EDGE('',*,*,#2376,.F.);
#3032=ORIENTED_EDGE('',*,*,#2377,.F.);
#3033=ORIENTED_EDGE('',*,*,#2378,.F.);
#3034=ORIENTED_EDGE('',*,*,#2379,.T.);
#3035=ORIENTED_EDGE('',*,*,#2380,.F.);
#3036=ORIENTED_EDGE('',*,*,#2381,.F.);
#3037=ORIENTED_EDGE('',*,*,#2382,.F.);
#3038=ORIENTED_EDGE('',*,*,#2383,.T.);
#3039=ORIENTED_EDGE('',*,*,#2384,.F.);
#3040=ORIENTED_EDGE('',*,*,#2385,.T.);
#3041=ORIENTED_EDGE('',*,*,#2386,.F.);
#3042=ORIENTED_EDGE('',*,*,#2387,.F.);
#3043=ORIENTED_EDGE('',*,*,#2374,.T.);
#3044=ORIENTED_EDGE('',*,*,#2388,.T.);
#3045=ORIENTED_EDGE('',*,*,#2389,.F.);
#3046=ORIENTED_EDGE('',*,*,#2390,.F.);
#3047=ORIENTED_EDGE('',*,*,#2391,.T.);
#3048=ORIENTED_EDGE('',*,*,#2392,.T.);
#3049=ORIENTED_EDGE('',*,*,#2389,.T.);
#3050=ORIENTED_EDGE('',*,*,#2393,.T.);
#3051=ORIENTED_EDGE('',*,*,#2394,.T.);
#3052=ORIENTED_EDGE('',*,*,#2395,.T.);
#3053=ORIENTED_EDGE('',*,*,#2396,.T.);
#3054=ORIENTED_EDGE('',*,*,#2397,.T.);
#3055=ORIENTED_EDGE('',*,*,#2398,.T.);
#3056=ORIENTED_EDGE('',*,*,#2399,.T.);
#3057=ORIENTED_EDGE('',*,*,#2400,.T.);
#3058=ORIENTED_EDGE('',*,*,#2401,.T.);
#3059=ORIENTED_EDGE('',*,*,#2402,.T.);
#3060=ORIENTED_EDGE('',*,*,#2403,.T.);
#3061=ORIENTED_EDGE('',*,*,#2404,.T.);
#3062=ORIENTED_EDGE('',*,*,#2405,.T.);
#3063=ORIENTED_EDGE('',*,*,#2406,.T.);
#3064=ORIENTED_EDGE('',*,*,#2407,.T.);
#3065=ORIENTED_EDGE('',*,*,#2408,.T.);
#3066=ORIENTED_EDGE('',*,*,#2409,.T.);
#3067=ORIENTED_EDGE('',*,*,#2410,.F.);
#3068=ORIENTED_EDGE('',*,*,#2411,.F.);
#3069=ORIENTED_EDGE('',*,*,#2410,.T.);
#3070=ORIENTED_EDGE('',*,*,#2412,.T.);
#3071=ORIENTED_EDGE('',*,*,#2368,.T.);
#3072=ORIENTED_EDGE('',*,*,#2413,.T.);
#3073=ORIENTED_EDGE('',*,*,#2414,.F.);
#3074=ORIENTED_EDGE('',*,*,#2415,.F.);
#3075=ORIENTED_EDGE('',*,*,#2414,.T.);
#3076=ORIENTED_EDGE('',*,*,#2416,.T.);
#3077=ORIENTED_EDGE('',*,*,#2417,.T.);
#3078=ORIENTED_EDGE('',*,*,#2418,.F.);
#3079=ORIENTED_EDGE('',*,*,#2419,.T.);
#3080=ORIENTED_EDGE('',*,*,#2420,.T.);
#3081=ORIENTED_EDGE('',*,*,#2421,.T.);
#3082=ORIENTED_EDGE('',*,*,#2422,.F.);
#3083=ORIENTED_EDGE('',*,*,#2423,.T.);
#3084=ORIENTED_EDGE('',*,*,#2424,.T.);
#3085=ORIENTED_EDGE('',*,*,#2425,.T.);
#3086=ORIENTED_EDGE('',*,*,#2426,.F.);
#3087=ORIENTED_EDGE('',*,*,#2427,.T.);
#3088=ORIENTED_EDGE('',*,*,#2428,.T.);
#3089=ORIENTED_EDGE('',*,*,#2429,.T.);
#3090=ORIENTED_EDGE('',*,*,#2430,.F.);
#3091=ORIENTED_EDGE('',*,*,#2431,.T.);
#3092=ORIENTED_EDGE('',*,*,#2432,.T.);
#3093=ORIENTED_EDGE('',*,*,#2391,.F.);
#3094=ORIENTED_EDGE('',*,*,#2433,.F.);
#3095=ORIENTED_EDGE('',*,*,#2390,.T.);
#3096=ORIENTED_EDGE('',*,*,#2411,.T.);
#3097=ORIENTED_EDGE('',*,*,#2415,.T.);
#3098=ORIENTED_EDGE('',*,*,#2433,.T.);
#3099=ORIENTED_EDGE('',*,*,#2355,.F.);
#3100=ORIENTED_EDGE('',*,*,#2434,.F.);
#3101=ORIENTED_EDGE('',*,*,#2435,.T.);
#3102=ORIENTED_EDGE('',*,*,#2436,.F.);
#3103=ORIENTED_EDGE('',*,*,#2437,.F.);
#3104=ORIENTED_EDGE('',*,*,#2353,.T.);
#3105=ORIENTED_EDGE('',*,*,#2430,.T.);
#3106=ORIENTED_EDGE('',*,*,#2438,.T.);
#3107=ORIENTED_EDGE('',*,*,#2439,.T.);
#3108=ORIENTED_EDGE('',*,*,#2440,.T.);
#3109=ORIENTED_EDGE('',*,*,#2441,.T.);
#3110=ORIENTED_EDGE('',*,*,#2442,.T.);
#3111=ORIENTED_EDGE('',*,*,#2429,.F.);
#3112=ORIENTED_EDGE('',*,*,#2443,.T.);
#3113=ORIENTED_EDGE('',*,*,#2444,.F.);
#3114=ORIENTED_EDGE('',*,*,#2438,.F.);
#3115=ORIENTED_EDGE('',*,*,#2445,.T.);
#3116=ORIENTED_EDGE('',*,*,#2446,.T.);
#3117=ORIENTED_EDGE('',*,*,#2431,.F.);
#3118=ORIENTED_EDGE('',*,*,#2442,.F.);
#3119=ORIENTED_EDGE('',*,*,#2376,.T.);
#3120=ORIENTED_EDGE('',*,*,#2447,.T.);
#3121=ORIENTED_EDGE('',*,*,#2445,.F.);
#3122=ORIENTED_EDGE('',*,*,#2441,.F.);
#3123=ORIENTED_EDGE('',*,*,#2448,.T.);
#3124=ORIENTED_EDGE('',*,*,#2377,.T.);
#3125=ORIENTED_EDGE('',*,*,#2448,.F.);
#3126=ORIENTED_EDGE('',*,*,#2440,.F.);
#3127=ORIENTED_EDGE('',*,*,#2449,.T.);
#3128=ORIENTED_EDGE('',*,*,#2444,.T.);
#3129=ORIENTED_EDGE('',*,*,#2450,.T.);
#3130=ORIENTED_EDGE('',*,*,#2378,.T.);
#3131=ORIENTED_EDGE('',*,*,#2449,.F.);
#3132=ORIENTED_EDGE('',*,*,#2439,.F.);
#3133=ORIENTED_EDGE('',*,*,#2426,.T.);
#3134=ORIENTED_EDGE('',*,*,#2451,.T.);
#3135=ORIENTED_EDGE('',*,*,#2452,.T.);
#3136=ORIENTED_EDGE('',*,*,#2453,.T.);
#3137=ORIENTED_EDGE('',*,*,#2454,.T.);
#3138=ORIENTED_EDGE('',*,*,#2455,.T.);
#3139=ORIENTED_EDGE('',*,*,#2422,.T.);
#3140=ORIENTED_EDGE('',*,*,#2456,.T.);
#3141=ORIENTED_EDGE('',*,*,#2457,.T.);
#3142=ORIENTED_EDGE('',*,*,#2458,.T.);
#3143=ORIENTED_EDGE('',*,*,#2459,.T.);
#3144=ORIENTED_EDGE('',*,*,#2460,.T.);
#3145=ORIENTED_EDGE('',*,*,#2418,.T.);
#3146=ORIENTED_EDGE('',*,*,#2461,.T.);
#3147=ORIENTED_EDGE('',*,*,#2462,.T.);
#3148=ORIENTED_EDGE('',*,*,#2463,.T.);
#3149=ORIENTED_EDGE('',*,*,#2464,.T.);
#3150=ORIENTED_EDGE('',*,*,#2465,.T.);
#3151=ORIENTED_EDGE('',*,*,#2425,.F.);
#3152=ORIENTED_EDGE('',*,*,#2466,.T.);
#3153=ORIENTED_EDGE('',*,*,#2467,.F.);
#3154=ORIENTED_EDGE('',*,*,#2451,.F.);
#3155=ORIENTED_EDGE('',*,*,#2468,.T.);
#3156=ORIENTED_EDGE('',*,*,#2469,.T.);
#3157=ORIENTED_EDGE('',*,*,#2427,.F.);
#3158=ORIENTED_EDGE('',*,*,#2465,.F.);
#3159=ORIENTED_EDGE('',*,*,#2417,.F.);
#3160=ORIENTED_EDGE('',*,*,#2470,.T.);
#3161=ORIENTED_EDGE('',*,*,#2471,.F.);
#3162=ORIENTED_EDGE('',*,*,#2461,.F.);
#3163=ORIENTED_EDGE('',*,*,#2472,.T.);
#3164=ORIENTED_EDGE('',*,*,#2473,.T.);
#3165=ORIENTED_EDGE('',*,*,#2419,.F.);
#3166=ORIENTED_EDGE('',*,*,#2460,.F.);
#3167=ORIENTED_EDGE('',*,*,#2421,.F.);
#3168=ORIENTED_EDGE('',*,*,#2474,.T.);
#3169=ORIENTED_EDGE('',*,*,#2475,.F.);
#3170=ORIENTED_EDGE('',*,*,#2456,.F.);
#3171=ORIENTED_EDGE('',*,*,#2476,.T.);
#3172=ORIENTED_EDGE('',*,*,#2477,.T.);
#3173=ORIENTED_EDGE('',*,*,#2423,.F.);
#3174=ORIENTED_EDGE('',*,*,#2455,.F.);
#3175=ORIENTED_EDGE('',*,*,#2437,.T.);
#3176=ORIENTED_EDGE('',*,*,#2478,.F.);
#3177=ORIENTED_EDGE('',*,*,#2453,.F.);
#3178=ORIENTED_EDGE('',*,*,#2479,.T.);
#3179=ORIENTED_EDGE('',*,*,#2467,.T.);
#3180=ORIENTED_EDGE('',*,*,#2480,.T.);
#3181=ORIENTED_EDGE('',*,*,#2434,.T.);
#3182=ORIENTED_EDGE('',*,*,#2479,.F.);
#3183=ORIENTED_EDGE('',*,*,#2452,.F.);
#3184=ORIENTED_EDGE('',*,*,#2380,.T.);
#3185=ORIENTED_EDGE('',*,*,#2481,.T.);
#3186=ORIENTED_EDGE('',*,*,#2468,.F.);
#3187=ORIENTED_EDGE('',*,*,#2464,.F.);
#3188=ORIENTED_EDGE('',*,*,#2482,.T.);
#3189=ORIENTED_EDGE('',*,*,#2381,.T.);
#3190=ORIENTED_EDGE('',*,*,#2482,.F.);
#3191=ORIENTED_EDGE('',*,*,#2463,.F.);
#3192=ORIENTED_EDGE('',*,*,#2483,.T.);
#3193=ORIENTED_EDGE('',*,*,#2471,.T.);
#3194=ORIENTED_EDGE('',*,*,#2484,.T.);
#3195=ORIENTED_EDGE('',*,*,#2382,.T.);
#3196=ORIENTED_EDGE('',*,*,#2483,.F.);
#3197=ORIENTED_EDGE('',*,*,#2462,.F.);
#3198=ORIENTED_EDGE('',*,*,#2386,.T.);
#3199=ORIENTED_EDGE('',*,*,#2485,.T.);
#3200=ORIENTED_EDGE('',*,*,#2472,.F.);
#3201=ORIENTED_EDGE('',*,*,#2459,.F.);
#3202=ORIENTED_EDGE('',*,*,#2486,.T.);
#3203=ORIENTED_EDGE('',*,*,#2387,.T.);
#3204=ORIENTED_EDGE('',*,*,#2486,.F.);
#3205=ORIENTED_EDGE('',*,*,#2458,.F.);
#3206=ORIENTED_EDGE('',*,*,#2487,.T.);
#3207=ORIENTED_EDGE('',*,*,#2475,.T.);
#3208=ORIENTED_EDGE('',*,*,#2488,.T.);
#3209=ORIENTED_EDGE('',*,*,#2384,.T.);
#3210=ORIENTED_EDGE('',*,*,#2487,.F.);
#3211=ORIENTED_EDGE('',*,*,#2457,.F.);
#3212=ORIENTED_EDGE('',*,*,#2436,.T.);
#3213=ORIENTED_EDGE('',*,*,#2489,.T.);
#3214=ORIENTED_EDGE('',*,*,#2476,.F.);
#3215=ORIENTED_EDGE('',*,*,#2454,.F.);
#3216=ORIENTED_EDGE('',*,*,#2478,.T.);
#3217=ORIENTED_EDGE('',*,*,#2490,.T.);
#3218=ORIENTED_EDGE('',*,*,#2491,.T.);
#3219=ORIENTED_EDGE('',*,*,#2492,.T.);
#3220=ORIENTED_EDGE('',*,*,#2407,.F.);
#3221=ORIENTED_EDGE('',*,*,#2493,.T.);
#3222=ORIENTED_EDGE('',*,*,#2494,.T.);
#3223=ORIENTED_EDGE('',*,*,#2495,.T.);
#3224=ORIENTED_EDGE('',*,*,#2403,.F.);
#3225=ORIENTED_EDGE('',*,*,#2496,.T.);
#3226=ORIENTED_EDGE('',*,*,#2497,.T.);
#3227=ORIENTED_EDGE('',*,*,#2498,.T.);
#3228=ORIENTED_EDGE('',*,*,#2399,.F.);
#3229=ORIENTED_EDGE('',*,*,#2499,.T.);
#3230=ORIENTED_EDGE('',*,*,#2500,.T.);
#3231=ORIENTED_EDGE('',*,*,#2501,.T.);
#3232=ORIENTED_EDGE('',*,*,#2395,.F.);
#3233=ORIENTED_EDGE('',*,*,#2358,.T.);
#3234=ORIENTED_EDGE('',*,*,#2502,.T.);
#3235=ORIENTED_EDGE('',*,*,#2396,.F.);
#3236=ORIENTED_EDGE('',*,*,#2501,.F.);
#3237=ORIENTED_EDGE('',*,*,#2503,.T.);
#3238=ORIENTED_EDGE('',*,*,#2398,.F.);
#3239=ORIENTED_EDGE('',*,*,#2504,.T.);
#3240=ORIENTED_EDGE('',*,*,#2356,.F.);
#3241=ORIENTED_EDGE('',*,*,#2505,.F.);
#3242=ORIENTED_EDGE('',*,*,#2499,.F.);
#3243=ORIENTED_EDGE('',*,*,#2362,.T.);
#3244=ORIENTED_EDGE('',*,*,#2506,.T.);
#3245=ORIENTED_EDGE('',*,*,#2400,.F.);
#3246=ORIENTED_EDGE('',*,*,#2498,.F.);
#3247=ORIENTED_EDGE('',*,*,#2507,.T.);
#3248=ORIENTED_EDGE('',*,*,#2402,.F.);
#3249=ORIENTED_EDGE('',*,*,#2508,.T.);
#3250=ORIENTED_EDGE('',*,*,#2360,.F.);
#3251=ORIENTED_EDGE('',*,*,#2509,.F.);
#3252=ORIENTED_EDGE('',*,*,#2496,.F.);
#3253=ORIENTED_EDGE('',*,*,#2366,.T.);
#3254=ORIENTED_EDGE('',*,*,#2510,.T.);
#3255=ORIENTED_EDGE('',*,*,#2404,.F.);
#3256=ORIENTED_EDGE('',*,*,#2495,.F.);
#3257=ORIENTED_EDGE('',*,*,#2511,.T.);
#3258=ORIENTED_EDGE('',*,*,#2406,.F.);
#3259=ORIENTED_EDGE('',*,*,#2512,.T.);
#3260=ORIENTED_EDGE('',*,*,#2364,.F.);
#3261=ORIENTED_EDGE('',*,*,#2513,.F.);
#3262=ORIENTED_EDGE('',*,*,#2493,.F.);
#3263=ORIENTED_EDGE('',*,*,#2370,.T.);
#3264=ORIENTED_EDGE('',*,*,#2514,.T.);
#3265=ORIENTED_EDGE('',*,*,#2408,.F.);
#3266=ORIENTED_EDGE('',*,*,#2492,.F.);
#3267=ORIENTED_EDGE('',*,*,#2515,.T.);
#3268=ORIENTED_EDGE('',*,*,#2394,.F.);
#3269=ORIENTED_EDGE('',*,*,#2516,.T.);
#3270=ORIENTED_EDGE('',*,*,#2372,.F.);
#3271=ORIENTED_EDGE('',*,*,#2517,.F.);
#3272=ORIENTED_EDGE('',*,*,#2490,.F.);
#3273=ORIENTED_EDGE('',*,*,#2359,.T.);
#3274=ORIENTED_EDGE('',*,*,#2503,.F.);
#3275=ORIENTED_EDGE('',*,*,#2500,.F.);
#3276=ORIENTED_EDGE('',*,*,#2505,.T.);
#3277=ORIENTED_EDGE('',*,*,#2363,.T.);
#3278=ORIENTED_EDGE('',*,*,#2507,.F.);
#3279=ORIENTED_EDGE('',*,*,#2497,.F.);
#3280=ORIENTED_EDGE('',*,*,#2509,.T.);
#3281=ORIENTED_EDGE('',*,*,#2367,.T.);
#3282=ORIENTED_EDGE('',*,*,#2511,.F.);
#3283=ORIENTED_EDGE('',*,*,#2494,.F.);
#3284=ORIENTED_EDGE('',*,*,#2513,.T.);
#3285=ORIENTED_EDGE('',*,*,#2371,.T.);
#3286=ORIENTED_EDGE('',*,*,#2515,.F.);
#3287=ORIENTED_EDGE('',*,*,#2491,.F.);
#3288=ORIENTED_EDGE('',*,*,#2517,.T.);
#3289=ORIENTED_EDGE('',*,*,#2373,.T.);
#3290=ORIENTED_EDGE('',*,*,#2516,.F.);
#3291=ORIENTED_EDGE('',*,*,#2393,.F.);
#3292=ORIENTED_EDGE('',*,*,#2388,.F.);
#3293=ORIENTED_EDGE('',*,*,#2409,.F.);
#3294=ORIENTED_EDGE('',*,*,#2514,.F.);
#3295=ORIENTED_EDGE('',*,*,#2369,.T.);
#3296=ORIENTED_EDGE('',*,*,#2412,.F.);
#3297=ORIENTED_EDGE('',*,*,#2365,.T.);
#3298=ORIENTED_EDGE('',*,*,#2512,.F.);
#3299=ORIENTED_EDGE('',*,*,#2405,.F.);
#3300=ORIENTED_EDGE('',*,*,#2510,.F.);
#3301=ORIENTED_EDGE('',*,*,#2361,.T.);
#3302=ORIENTED_EDGE('',*,*,#2508,.F.);
#3303=ORIENTED_EDGE('',*,*,#2401,.F.);
#3304=ORIENTED_EDGE('',*,*,#2506,.F.);
#3305=ORIENTED_EDGE('',*,*,#2357,.T.);
#3306=ORIENTED_EDGE('',*,*,#2504,.F.);
#3307=ORIENTED_EDGE('',*,*,#2397,.F.);
#3308=ORIENTED_EDGE('',*,*,#2502,.F.);
#3309=ORIENTED_EDGE('',*,*,#2466,.F.);
#3310=ORIENTED_EDGE('',*,*,#2424,.F.);
#3311=ORIENTED_EDGE('',*,*,#2477,.F.);
#3312=ORIENTED_EDGE('',*,*,#2489,.F.);
#3313=ORIENTED_EDGE('',*,*,#2435,.F.);
#3314=ORIENTED_EDGE('',*,*,#2480,.F.);
#3315=ORIENTED_EDGE('',*,*,#2385,.F.);
#3316=ORIENTED_EDGE('',*,*,#2488,.F.);
#3317=ORIENTED_EDGE('',*,*,#2474,.F.);
#3318=ORIENTED_EDGE('',*,*,#2420,.F.);
#3319=ORIENTED_EDGE('',*,*,#2473,.F.);
#3320=ORIENTED_EDGE('',*,*,#2485,.F.);
#3321=ORIENTED_EDGE('',*,*,#2383,.F.);
#3322=ORIENTED_EDGE('',*,*,#2484,.F.);
#3323=ORIENTED_EDGE('',*,*,#2470,.F.);
#3324=ORIENTED_EDGE('',*,*,#2416,.F.);
#3325=ORIENTED_EDGE('',*,*,#2413,.F.);
#3326=ORIENTED_EDGE('',*,*,#2443,.F.);
#3327=ORIENTED_EDGE('',*,*,#2428,.F.);
#3328=ORIENTED_EDGE('',*,*,#2469,.F.);
#3329=ORIENTED_EDGE('',*,*,#2481,.F.);
#3330=ORIENTED_EDGE('',*,*,#2379,.F.);
#3331=ORIENTED_EDGE('',*,*,#2450,.F.);
#3332=ORIENTED_EDGE('',*,*,#2432,.F.);
#3333=ORIENTED_EDGE('',*,*,#2446,.F.);
#3334=ORIENTED_EDGE('',*,*,#2447,.F.);
#3335=ORIENTED_EDGE('',*,*,#2375,.F.);
#3336=ORIENTED_EDGE('',*,*,#2392,.F.);
#3337=ORIENTED_EDGE('',*,*,#2518,.F.);
#3338=ORIENTED_EDGE('',*,*,#2519,.T.);
#3339=ORIENTED_EDGE('',*,*,#2520,.T.);
#3340=ORIENTED_EDGE('',*,*,#2521,.F.);
#3341=ORIENTED_EDGE('',*,*,#2522,.T.);
#3342=ORIENTED_EDGE('',*,*,#2523,.T.);
#3343=ORIENTED_EDGE('',*,*,#2524,.F.);
#3344=ORIENTED_EDGE('',*,*,#2525,.T.);
#3345=ORIENTED_EDGE('',*,*,#2518,.T.);
#3346=ORIENTED_EDGE('',*,*,#2526,.T.);
#3347=ORIENTED_EDGE('',*,*,#2527,.F.);
#3348=ORIENTED_EDGE('',*,*,#2528,.F.);
#3349=ORIENTED_EDGE('',*,*,#2524,.T.);
#3350=ORIENTED_EDGE('',*,*,#2529,.T.);
#3351=ORIENTED_EDGE('',*,*,#2530,.F.);
#3352=ORIENTED_EDGE('',*,*,#2531,.T.);
#3353=ORIENTED_EDGE('',*,*,#2527,.T.);
#3354=ORIENTED_EDGE('',*,*,#2532,.T.);
#3355=ORIENTED_EDGE('',*,*,#2533,.T.);
#3356=ORIENTED_EDGE('',*,*,#2534,.T.);
#3357=ORIENTED_EDGE('',*,*,#2530,.T.);
#3358=ORIENTED_EDGE('',*,*,#2535,.T.);
#3359=ORIENTED_EDGE('',*,*,#2536,.F.);
#3360=ORIENTED_EDGE('',*,*,#2537,.F.);
#3361=ORIENTED_EDGE('',*,*,#2538,.T.);
#3362=ORIENTED_EDGE('',*,*,#2522,.F.);
#3363=ORIENTED_EDGE('',*,*,#2539,.F.);
#3364=ORIENTED_EDGE('',*,*,#2536,.T.);
#3365=ORIENTED_EDGE('',*,*,#2540,.F.);
#3366=ORIENTED_EDGE('',*,*,#2537,.T.);
#3367=ORIENTED_EDGE('',*,*,#2539,.T.);
#3368=ORIENTED_EDGE('',*,*,#2521,.T.);
#3369=ORIENTED_EDGE('',*,*,#2523,.F.);
#3370=ORIENTED_EDGE('',*,*,#2538,.F.);
#3371=ORIENTED_EDGE('',*,*,#2535,.F.);
#3372=ORIENTED_EDGE('',*,*,#2532,.F.);
#3373=ORIENTED_EDGE('',*,*,#2529,.F.);
#3374=ORIENTED_EDGE('',*,*,#2526,.F.);
#3375=ORIENTED_EDGE('',*,*,#2525,.F.);
#3376=ORIENTED_EDGE('',*,*,#2528,.T.);
#3377=ORIENTED_EDGE('',*,*,#2531,.F.);
#3378=ORIENTED_EDGE('',*,*,#2534,.F.);
#3379=ORIENTED_EDGE('',*,*,#2541,.F.);
#3380=ORIENTED_EDGE('',*,*,#2519,.F.);
#3381=ORIENTED_EDGE('',*,*,#2541,.T.);
#3382=ORIENTED_EDGE('',*,*,#2533,.F.);
#3383=ORIENTED_EDGE('',*,*,#2540,.T.);
#3384=ORIENTED_EDGE('',*,*,#2520,.F.);
#3385=ORIENTED_EDGE('',*,*,#2542,.T.);
#3386=ORIENTED_EDGE('',*,*,#2543,.F.);
#3387=ORIENTED_EDGE('',*,*,#2544,.F.);
#3388=ORIENTED_EDGE('',*,*,#2545,.T.);
#3389=ORIENTED_EDGE('',*,*,#2546,.F.);
#3390=ORIENTED_EDGE('',*,*,#2547,.T.);
#3391=ORIENTED_EDGE('',*,*,#2548,.T.);
#3392=ORIENTED_EDGE('',*,*,#2549,.F.);
#3393=ORIENTED_EDGE('',*,*,#2543,.T.);
#3394=ORIENTED_EDGE('',*,*,#2550,.T.);
#3395=ORIENTED_EDGE('',*,*,#2551,.F.);
#3396=ORIENTED_EDGE('',*,*,#2552,.T.);
#3397=ORIENTED_EDGE('',*,*,#2546,.T.);
#3398=ORIENTED_EDGE('',*,*,#2553,.T.);
#3399=ORIENTED_EDGE('',*,*,#2554,.F.);
#3400=ORIENTED_EDGE('',*,*,#2555,.F.);
#3401=ORIENTED_EDGE('',*,*,#2551,.T.);
#3402=ORIENTED_EDGE('',*,*,#2556,.T.);
#3403=ORIENTED_EDGE('',*,*,#2557,.F.);
#3404=ORIENTED_EDGE('',*,*,#2558,.T.);
#3405=ORIENTED_EDGE('',*,*,#2554,.T.);
#3406=ORIENTED_EDGE('',*,*,#2559,.T.);
#3407=ORIENTED_EDGE('',*,*,#2560,.T.);
#3408=ORIENTED_EDGE('',*,*,#2561,.T.);
#3409=ORIENTED_EDGE('',*,*,#2557,.T.);
#3410=ORIENTED_EDGE('',*,*,#2562,.T.);
#3411=ORIENTED_EDGE('',*,*,#2563,.F.);
#3412=ORIENTED_EDGE('',*,*,#2564,.F.);
#3413=ORIENTED_EDGE('',*,*,#2565,.T.);
#3414=ORIENTED_EDGE('',*,*,#2566,.F.);
#3415=ORIENTED_EDGE('',*,*,#2567,.F.);
#3416=ORIENTED_EDGE('',*,*,#2563,.T.);
#3417=ORIENTED_EDGE('',*,*,#2568,.F.);
#3418=ORIENTED_EDGE('',*,*,#2569,.T.);
#3419=ORIENTED_EDGE('',*,*,#2570,.T.);
#3420=ORIENTED_EDGE('',*,*,#2571,.F.);
#3421=ORIENTED_EDGE('',*,*,#2566,.T.);
#3422=ORIENTED_EDGE('',*,*,#2572,.T.);
#3423=ORIENTED_EDGE('',*,*,#2573,.F.);
#3424=ORIENTED_EDGE('',*,*,#2574,.T.);
#3425=ORIENTED_EDGE('',*,*,#2568,.T.);
#3426=ORIENTED_EDGE('',*,*,#2575,.T.);
#3427=ORIENTED_EDGE('',*,*,#2576,.F.);
#3428=ORIENTED_EDGE('',*,*,#2577,.F.);
#3429=ORIENTED_EDGE('',*,*,#2573,.T.);
#3430=ORIENTED_EDGE('',*,*,#2578,.T.);
#3431=ORIENTED_EDGE('',*,*,#2579,.F.);
#3432=ORIENTED_EDGE('',*,*,#2580,.T.);
#3433=ORIENTED_EDGE('',*,*,#2576,.T.);
#3434=ORIENTED_EDGE('',*,*,#2581,.T.);
#3435=ORIENTED_EDGE('',*,*,#2582,.T.);
#3436=ORIENTED_EDGE('',*,*,#2583,.T.);
#3437=ORIENTED_EDGE('',*,*,#2579,.T.);
#3438=ORIENTED_EDGE('',*,*,#2584,.T.);
#3439=ORIENTED_EDGE('',*,*,#2585,.F.);
#3440=ORIENTED_EDGE('',*,*,#2586,.F.);
#3441=ORIENTED_EDGE('',*,*,#2587,.T.);
#3442=ORIENTED_EDGE('',*,*,#2588,.F.);
#3443=ORIENTED_EDGE('',*,*,#2589,.F.);
#3444=ORIENTED_EDGE('',*,*,#2585,.T.);
#3445=ORIENTED_EDGE('',*,*,#2590,.F.);
#3446=ORIENTED_EDGE('',*,*,#2591,.T.);
#3447=ORIENTED_EDGE('',*,*,#2592,.T.);
#3448=ORIENTED_EDGE('',*,*,#2593,.F.);
#3449=ORIENTED_EDGE('',*,*,#2588,.T.);
#3450=ORIENTED_EDGE('',*,*,#2594,.T.);
#3451=ORIENTED_EDGE('',*,*,#2595,.F.);
#3452=ORIENTED_EDGE('',*,*,#2596,.T.);
#3453=ORIENTED_EDGE('',*,*,#2590,.T.);
#3454=ORIENTED_EDGE('',*,*,#2597,.T.);
#3455=ORIENTED_EDGE('',*,*,#2598,.F.);
#3456=ORIENTED_EDGE('',*,*,#2599,.F.);
#3457=ORIENTED_EDGE('',*,*,#2595,.T.);
#3458=ORIENTED_EDGE('',*,*,#2600,.T.);
#3459=ORIENTED_EDGE('',*,*,#2601,.F.);
#3460=ORIENTED_EDGE('',*,*,#2602,.T.);
#3461=ORIENTED_EDGE('',*,*,#2598,.T.);
#3462=ORIENTED_EDGE('',*,*,#2603,.T.);
#3463=ORIENTED_EDGE('',*,*,#2604,.T.);
#3464=ORIENTED_EDGE('',*,*,#2605,.T.);
#3465=ORIENTED_EDGE('',*,*,#2601,.T.);
#3466=ORIENTED_EDGE('',*,*,#2606,.T.);
#3467=ORIENTED_EDGE('',*,*,#2545,.F.);
#3468=ORIENTED_EDGE('',*,*,#2607,.F.);
#3469=ORIENTED_EDGE('',*,*,#2608,.F.);
#3470=ORIENTED_EDGE('',*,*,#2607,.T.);
#3471=ORIENTED_EDGE('',*,*,#2544,.T.);
#3472=ORIENTED_EDGE('',*,*,#2549,.T.);
#3473=ORIENTED_EDGE('',*,*,#2609,.F.);
#3474=ORIENTED_EDGE('',*,*,#2564,.T.);
#3475=ORIENTED_EDGE('',*,*,#2567,.T.);
#3476=ORIENTED_EDGE('',*,*,#2571,.T.);
#3477=ORIENTED_EDGE('',*,*,#2610,.F.);
#3478=ORIENTED_EDGE('',*,*,#2586,.T.);
#3479=ORIENTED_EDGE('',*,*,#2589,.T.);
#3480=ORIENTED_EDGE('',*,*,#2593,.T.);
#3481=ORIENTED_EDGE('',*,*,#2542,.F.);
#3482=ORIENTED_EDGE('',*,*,#2606,.F.);
#3483=ORIENTED_EDGE('',*,*,#2603,.F.);
#3484=ORIENTED_EDGE('',*,*,#2600,.F.);
#3485=ORIENTED_EDGE('',*,*,#2597,.F.);
#3486=ORIENTED_EDGE('',*,*,#2594,.F.);
#3487=ORIENTED_EDGE('',*,*,#2587,.F.);
#3488=ORIENTED_EDGE('',*,*,#2584,.F.);
#3489=ORIENTED_EDGE('',*,*,#2581,.F.);
#3490=ORIENTED_EDGE('',*,*,#2578,.F.);
#3491=ORIENTED_EDGE('',*,*,#2575,.F.);
#3492=ORIENTED_EDGE('',*,*,#2572,.F.);
#3493=ORIENTED_EDGE('',*,*,#2565,.F.);
#3494=ORIENTED_EDGE('',*,*,#2562,.F.);
#3495=ORIENTED_EDGE('',*,*,#2559,.F.);
#3496=ORIENTED_EDGE('',*,*,#2556,.F.);
#3497=ORIENTED_EDGE('',*,*,#2553,.F.);
#3498=ORIENTED_EDGE('',*,*,#2550,.F.);
#3499=ORIENTED_EDGE('',*,*,#2611,.T.);
#3500=ORIENTED_EDGE('',*,*,#2560,.F.);
#3501=ORIENTED_EDGE('',*,*,#2609,.T.);
#3502=ORIENTED_EDGE('',*,*,#2548,.F.);
#3503=ORIENTED_EDGE('',*,*,#2552,.F.);
#3504=ORIENTED_EDGE('',*,*,#2555,.T.);
#3505=ORIENTED_EDGE('',*,*,#2558,.F.);
#3506=ORIENTED_EDGE('',*,*,#2561,.F.);
#3507=ORIENTED_EDGE('',*,*,#2611,.F.);
#3508=ORIENTED_EDGE('',*,*,#2547,.F.);
#3509=ORIENTED_EDGE('',*,*,#2612,.T.);
#3510=ORIENTED_EDGE('',*,*,#2582,.F.);
#3511=ORIENTED_EDGE('',*,*,#2610,.T.);
#3512=ORIENTED_EDGE('',*,*,#2570,.F.);
#3513=ORIENTED_EDGE('',*,*,#2574,.F.);
#3514=ORIENTED_EDGE('',*,*,#2577,.T.);
#3515=ORIENTED_EDGE('',*,*,#2580,.F.);
#3516=ORIENTED_EDGE('',*,*,#2583,.F.);
#3517=ORIENTED_EDGE('',*,*,#2612,.F.);
#3518=ORIENTED_EDGE('',*,*,#2569,.F.);
#3519=ORIENTED_EDGE('',*,*,#2596,.F.);
#3520=ORIENTED_EDGE('',*,*,#2599,.T.);
#3521=ORIENTED_EDGE('',*,*,#2602,.F.);
#3522=ORIENTED_EDGE('',*,*,#2605,.F.);
#3523=ORIENTED_EDGE('',*,*,#2613,.F.);
#3524=ORIENTED_EDGE('',*,*,#2591,.F.);
#3525=ORIENTED_EDGE('',*,*,#2613,.T.);
#3526=ORIENTED_EDGE('',*,*,#2604,.F.);
#3527=ORIENTED_EDGE('',*,*,#2608,.T.);
#3528=ORIENTED_EDGE('',*,*,#2592,.F.);
#3529=ORIENTED_EDGE('',*,*,#2614,.T.);
#3530=ORIENTED_EDGE('',*,*,#2615,.T.);
#3531=ORIENTED_EDGE('',*,*,#2616,.T.);
#3532=ORIENTED_EDGE('',*,*,#2617,.T.);
#3533=ORIENTED_EDGE('',*,*,#2618,.F.);
#3534=ORIENTED_EDGE('',*,*,#2619,.F.);
#3535=ORIENTED_EDGE('',*,*,#2620,.T.);
#3536=ORIENTED_EDGE('',*,*,#2621,.F.);
#3537=ORIENTED_EDGE('',*,*,#2622,.F.);
#3538=ORIENTED_EDGE('',*,*,#2618,.T.);
#3539=ORIENTED_EDGE('',*,*,#2623,.F.);
#3540=ORIENTED_EDGE('',*,*,#2624,.T.);
#3541=ORIENTED_EDGE('',*,*,#2625,.T.);
#3542=ORIENTED_EDGE('',*,*,#2626,.F.);
#3543=ORIENTED_EDGE('',*,*,#2621,.T.);
#3544=ORIENTED_EDGE('',*,*,#2627,.T.);
#3545=ORIENTED_EDGE('',*,*,#2628,.F.);
#3546=ORIENTED_EDGE('',*,*,#2629,.T.);
#3547=ORIENTED_EDGE('',*,*,#2623,.T.);
#3548=ORIENTED_EDGE('',*,*,#2630,.T.);
#3549=ORIENTED_EDGE('',*,*,#2631,.T.);
#3550=ORIENTED_EDGE('',*,*,#2632,.T.);
#3551=ORIENTED_EDGE('',*,*,#2628,.T.);
#3552=ORIENTED_EDGE('',*,*,#2633,.T.);
#3553=ORIENTED_EDGE('',*,*,#2634,.F.);
#3554=ORIENTED_EDGE('',*,*,#2635,.F.);
#3555=ORIENTED_EDGE('',*,*,#2636,.T.);
#3556=ORIENTED_EDGE('',*,*,#2637,.F.);
#3557=ORIENTED_EDGE('',*,*,#2638,.F.);
#3558=ORIENTED_EDGE('',*,*,#2634,.T.);
#3559=ORIENTED_EDGE('',*,*,#2639,.F.);
#3560=ORIENTED_EDGE('',*,*,#2640,.T.);
#3561=ORIENTED_EDGE('',*,*,#2641,.T.);
#3562=ORIENTED_EDGE('',*,*,#2642,.F.);
#3563=ORIENTED_EDGE('',*,*,#2637,.T.);
#3564=ORIENTED_EDGE('',*,*,#2643,.T.);
#3565=ORIENTED_EDGE('',*,*,#2644,.F.);
#3566=ORIENTED_EDGE('',*,*,#2645,.T.);
#3567=ORIENTED_EDGE('',*,*,#2639,.T.);
#3568=ORIENTED_EDGE('',*,*,#2646,.T.);
#3569=ORIENTED_EDGE('',*,*,#2647,.T.);
#3570=ORIENTED_EDGE('',*,*,#2648,.T.);
#3571=ORIENTED_EDGE('',*,*,#2644,.T.);
#3572=ORIENTED_EDGE('',*,*,#2649,.T.);
#3573=ORIENTED_EDGE('',*,*,#2650,.F.);
#3574=ORIENTED_EDGE('',*,*,#2651,.F.);
#3575=ORIENTED_EDGE('',*,*,#2652,.T.);
#3576=ORIENTED_EDGE('',*,*,#2653,.F.);
#3577=ORIENTED_EDGE('',*,*,#2654,.F.);
#3578=ORIENTED_EDGE('',*,*,#2650,.T.);
#3579=ORIENTED_EDGE('',*,*,#2655,.F.);
#3580=ORIENTED_EDGE('',*,*,#2656,.T.);
#3581=ORIENTED_EDGE('',*,*,#2657,.T.);
#3582=ORIENTED_EDGE('',*,*,#2658,.F.);
#3583=ORIENTED_EDGE('',*,*,#2653,.T.);
#3584=ORIENTED_EDGE('',*,*,#2659,.T.);
#3585=ORIENTED_EDGE('',*,*,#2660,.F.);
#3586=ORIENTED_EDGE('',*,*,#2661,.T.);
#3587=ORIENTED_EDGE('',*,*,#2655,.T.);
#3588=ORIENTED_EDGE('',*,*,#2662,.T.);
#3589=ORIENTED_EDGE('',*,*,#2663,.T.);
#3590=ORIENTED_EDGE('',*,*,#2664,.T.);
#3591=ORIENTED_EDGE('',*,*,#2660,.T.);
#3592=ORIENTED_EDGE('',*,*,#2665,.T.);
#3593=ORIENTED_EDGE('',*,*,#2666,.F.);
#3594=ORIENTED_EDGE('',*,*,#2667,.F.);
#3595=ORIENTED_EDGE('',*,*,#2668,.T.);
#3596=ORIENTED_EDGE('',*,*,#2669,.F.);
#3597=ORIENTED_EDGE('',*,*,#2670,.F.);
#3598=ORIENTED_EDGE('',*,*,#2666,.T.);
#3599=ORIENTED_EDGE('',*,*,#2671,.F.);
#3600=ORIENTED_EDGE('',*,*,#2672,.T.);
#3601=ORIENTED_EDGE('',*,*,#2673,.T.);
#3602=ORIENTED_EDGE('',*,*,#2674,.F.);
#3603=ORIENTED_EDGE('',*,*,#2669,.T.);
#3604=ORIENTED_EDGE('',*,*,#2675,.T.);
#3605=ORIENTED_EDGE('',*,*,#2616,.F.);
#3606=ORIENTED_EDGE('',*,*,#2676,.T.);
#3607=ORIENTED_EDGE('',*,*,#2671,.T.);
#3608=ORIENTED_EDGE('',*,*,#2677,.T.);
#3609=ORIENTED_EDGE('',*,*,#2642,.T.);
#3610=ORIENTED_EDGE('',*,*,#2678,.T.);
#3611=ORIENTED_EDGE('',*,*,#2651,.T.);
#3612=ORIENTED_EDGE('',*,*,#2654,.T.);
#3613=ORIENTED_EDGE('',*,*,#2658,.T.);
#3614=ORIENTED_EDGE('',*,*,#2679,.T.);
#3615=ORIENTED_EDGE('',*,*,#2667,.T.);
#3616=ORIENTED_EDGE('',*,*,#2670,.T.);
#3617=ORIENTED_EDGE('',*,*,#2674,.T.);
#3618=ORIENTED_EDGE('',*,*,#2680,.T.);
#3619=ORIENTED_EDGE('',*,*,#2619,.T.);
#3620=ORIENTED_EDGE('',*,*,#2622,.T.);
#3621=ORIENTED_EDGE('',*,*,#2626,.T.);
#3622=ORIENTED_EDGE('',*,*,#2681,.T.);
#3623=ORIENTED_EDGE('',*,*,#2635,.T.);
#3624=ORIENTED_EDGE('',*,*,#2638,.T.);
#3625=ORIENTED_EDGE('',*,*,#2617,.F.);
#3626=ORIENTED_EDGE('',*,*,#2677,.F.);
#3627=ORIENTED_EDGE('',*,*,#2675,.F.);
#3628=ORIENTED_EDGE('',*,*,#2668,.F.);
#3629=ORIENTED_EDGE('',*,*,#2665,.F.);
#3630=ORIENTED_EDGE('',*,*,#2662,.F.);
#3631=ORIENTED_EDGE('',*,*,#2659,.F.);
#3632=ORIENTED_EDGE('',*,*,#2652,.F.);
#3633=ORIENTED_EDGE('',*,*,#2649,.F.);
#3634=ORIENTED_EDGE('',*,*,#2646,.F.);
#3635=ORIENTED_EDGE('',*,*,#2643,.F.);
#3636=ORIENTED_EDGE('',*,*,#2636,.F.);
#3637=ORIENTED_EDGE('',*,*,#2633,.F.);
#3638=ORIENTED_EDGE('',*,*,#2630,.F.);
#3639=ORIENTED_EDGE('',*,*,#2627,.F.);
#3640=ORIENTED_EDGE('',*,*,#2620,.F.);
#3641=ORIENTED_EDGE('',*,*,#2682,.F.);
#3642=ORIENTED_EDGE('',*,*,#2631,.F.);
#3643=ORIENTED_EDGE('',*,*,#2681,.F.);
#3644=ORIENTED_EDGE('',*,*,#2625,.F.);
#3645=ORIENTED_EDGE('',*,*,#2629,.F.);
#3646=ORIENTED_EDGE('',*,*,#2632,.F.);
#3647=ORIENTED_EDGE('',*,*,#2682,.T.);
#3648=ORIENTED_EDGE('',*,*,#2624,.F.);
#3649=ORIENTED_EDGE('',*,*,#2680,.F.);
#3650=ORIENTED_EDGE('',*,*,#2673,.F.);
#3651=ORIENTED_EDGE('',*,*,#2683,.F.);
#3652=ORIENTED_EDGE('',*,*,#2614,.F.);
#3653=ORIENTED_EDGE('',*,*,#2683,.T.);
#3654=ORIENTED_EDGE('',*,*,#2672,.F.);
#3655=ORIENTED_EDGE('',*,*,#2676,.F.);
#3656=ORIENTED_EDGE('',*,*,#2615,.F.);
#3657=ORIENTED_EDGE('',*,*,#2684,.F.);
#3658=ORIENTED_EDGE('',*,*,#2663,.F.);
#3659=ORIENTED_EDGE('',*,*,#2679,.F.);
#3660=ORIENTED_EDGE('',*,*,#2657,.F.);
#3661=ORIENTED_EDGE('',*,*,#2661,.F.);
#3662=ORIENTED_EDGE('',*,*,#2664,.F.);
#3663=ORIENTED_EDGE('',*,*,#2684,.T.);
#3664=ORIENTED_EDGE('',*,*,#2656,.F.);
#3665=ORIENTED_EDGE('',*,*,#2645,.F.);
#3666=ORIENTED_EDGE('',*,*,#2648,.F.);
#3667=ORIENTED_EDGE('',*,*,#2685,.T.);
#3668=ORIENTED_EDGE('',*,*,#2640,.F.);
#3669=ORIENTED_EDGE('',*,*,#2685,.F.);
#3670=ORIENTED_EDGE('',*,*,#2647,.F.);
#3671=ORIENTED_EDGE('',*,*,#2678,.F.);
#3672=ORIENTED_EDGE('',*,*,#2641,.F.);
#3673=ORIENTED_EDGE('',*,*,#2686,.T.);
#3674=ORIENTED_EDGE('',*,*,#2687,.T.);
#3675=ORIENTED_EDGE('',*,*,#2688,.T.);
#3676=ORIENTED_EDGE('',*,*,#2689,.T.);
#3677=ORIENTED_EDGE('',*,*,#2690,.F.);
#3678=ORIENTED_EDGE('',*,*,#2691,.F.);
#3679=ORIENTED_EDGE('',*,*,#2692,.F.);
#3680=ORIENTED_EDGE('',*,*,#2693,.F.);
#3681=ORIENTED_EDGE('',*,*,#2694,.F.);
#3682=ORIENTED_EDGE('',*,*,#2695,.F.);
#3683=ORIENTED_EDGE('',*,*,#2696,.F.);
#3684=ORIENTED_EDGE('',*,*,#2697,.F.);
#3685=ORIENTED_EDGE('',*,*,#2698,.T.);
#3686=ORIENTED_EDGE('',*,*,#2699,.T.);
#3687=ORIENTED_EDGE('',*,*,#2700,.T.);
#3688=ORIENTED_EDGE('',*,*,#2701,.T.);
#3689=ORIENTED_EDGE('',*,*,#2694,.T.);
#3690=ORIENTED_EDGE('',*,*,#2702,.F.);
#3691=ORIENTED_EDGE('',*,*,#2686,.F.);
#3692=ORIENTED_EDGE('',*,*,#2703,.T.);
#3693=ORIENTED_EDGE('',*,*,#2697,.T.);
#3694=ORIENTED_EDGE('',*,*,#2704,.F.);
#3695=ORIENTED_EDGE('',*,*,#2687,.F.);
#3696=ORIENTED_EDGE('',*,*,#2702,.T.);
#3697=ORIENTED_EDGE('',*,*,#2696,.T.);
#3698=ORIENTED_EDGE('',*,*,#2705,.F.);
#3699=ORIENTED_EDGE('',*,*,#2688,.F.);
#3700=ORIENTED_EDGE('',*,*,#2704,.T.);
#3701=ORIENTED_EDGE('',*,*,#2695,.T.);
#3702=ORIENTED_EDGE('',*,*,#2703,.F.);
#3703=ORIENTED_EDGE('',*,*,#2689,.F.);
#3704=ORIENTED_EDGE('',*,*,#2705,.T.);
#3705=ORIENTED_EDGE('',*,*,#2698,.F.);
#3706=ORIENTED_EDGE('',*,*,#2706,.F.);
#3707=ORIENTED_EDGE('',*,*,#2691,.T.);
#3708=ORIENTED_EDGE('',*,*,#2707,.T.);
#3709=ORIENTED_EDGE('',*,*,#2699,.F.);
#3710=ORIENTED_EDGE('',*,*,#2707,.F.);
#3711=ORIENTED_EDGE('',*,*,#2690,.T.);
#3712=ORIENTED_EDGE('',*,*,#2708,.T.);
#3713=ORIENTED_EDGE('',*,*,#2700,.F.);
#3714=ORIENTED_EDGE('',*,*,#2708,.F.);
#3715=ORIENTED_EDGE('',*,*,#2693,.T.);
#3716=ORIENTED_EDGE('',*,*,#2709,.T.);
#3717=ORIENTED_EDGE('',*,*,#2701,.F.);
#3718=ORIENTED_EDGE('',*,*,#2709,.F.);
#3719=ORIENTED_EDGE('',*,*,#2692,.T.);
#3720=ORIENTED_EDGE('',*,*,#2706,.T.);
#3721=ORIENTED_EDGE('',*,*,#2710,.T.);
#3722=ORIENTED_EDGE('',*,*,#2711,.T.);
#3723=ORIENTED_EDGE('',*,*,#2712,.T.);
#3724=ORIENTED_EDGE('',*,*,#2713,.T.);
#3725=ORIENTED_EDGE('',*,*,#2714,.T.);
#3726=ORIENTED_EDGE('',*,*,#2715,.T.);
#3727=ORIENTED_EDGE('',*,*,#2716,.T.);
#3728=ORIENTED_EDGE('',*,*,#2717,.T.);
#3729=ORIENTED_EDGE('',*,*,#2718,.T.);
#3730=ORIENTED_EDGE('',*,*,#2719,.F.);
#3731=ORIENTED_EDGE('',*,*,#2720,.F.);
#3732=ORIENTED_EDGE('',*,*,#2721,.F.);
#3733=ORIENTED_EDGE('',*,*,#2722,.F.);
#3734=ORIENTED_EDGE('',*,*,#2723,.F.);
#3735=ORIENTED_EDGE('',*,*,#2724,.F.);
#3736=ORIENTED_EDGE('',*,*,#2725,.F.);
#3737=ORIENTED_EDGE('',*,*,#2726,.F.);
#3738=ORIENTED_EDGE('',*,*,#2727,.F.);
#3739=ORIENTED_EDGE('',*,*,#2728,.F.);
#3740=ORIENTED_EDGE('',*,*,#2729,.F.);
#3741=ORIENTED_EDGE('',*,*,#2730,.F.);
#3742=ORIENTED_EDGE('',*,*,#2731,.F.);
#3743=ORIENTED_EDGE('',*,*,#2732,.T.);
#3744=ORIENTED_EDGE('',*,*,#2733,.T.);
#3745=ORIENTED_EDGE('',*,*,#2734,.T.);
#3746=ORIENTED_EDGE('',*,*,#2735,.T.);
#3747=ORIENTED_EDGE('',*,*,#2723,.T.);
#3748=ORIENTED_EDGE('',*,*,#2736,.F.);
#3749=ORIENTED_EDGE('',*,*,#2710,.F.);
#3750=ORIENTED_EDGE('',*,*,#2737,.T.);
#3751=ORIENTED_EDGE('',*,*,#2731,.T.);
#3752=ORIENTED_EDGE('',*,*,#2738,.F.);
#3753=ORIENTED_EDGE('',*,*,#2711,.F.);
#3754=ORIENTED_EDGE('',*,*,#2736,.T.);
#3755=ORIENTED_EDGE('',*,*,#2730,.T.);
#3756=ORIENTED_EDGE('',*,*,#2739,.F.);
#3757=ORIENTED_EDGE('',*,*,#2712,.F.);
#3758=ORIENTED_EDGE('',*,*,#2738,.T.);
#3759=ORIENTED_EDGE('',*,*,#2729,.T.);
#3760=ORIENTED_EDGE('',*,*,#2740,.F.);
#3761=ORIENTED_EDGE('',*,*,#2713,.F.);
#3762=ORIENTED_EDGE('',*,*,#2739,.T.);
#3763=ORIENTED_EDGE('',*,*,#2728,.T.);
#3764=ORIENTED_EDGE('',*,*,#2741,.F.);
#3765=ORIENTED_EDGE('',*,*,#2714,.F.);
#3766=ORIENTED_EDGE('',*,*,#2740,.T.);
#3767=ORIENTED_EDGE('',*,*,#2727,.T.);
#3768=ORIENTED_EDGE('',*,*,#2742,.F.);
#3769=ORIENTED_EDGE('',*,*,#2715,.F.);
#3770=ORIENTED_EDGE('',*,*,#2741,.T.);
#3771=ORIENTED_EDGE('',*,*,#2726,.T.);
#3772=ORIENTED_EDGE('',*,*,#2743,.F.);
#3773=ORIENTED_EDGE('',*,*,#2716,.F.);
#3774=ORIENTED_EDGE('',*,*,#2742,.T.);
#3775=ORIENTED_EDGE('',*,*,#2725,.T.);
#3776=ORIENTED_EDGE('',*,*,#2744,.F.);
#3777=ORIENTED_EDGE('',*,*,#2717,.F.);
#3778=ORIENTED_EDGE('',*,*,#2743,.T.);
#3779=ORIENTED_EDGE('',*,*,#2724,.T.);
#3780=ORIENTED_EDGE('',*,*,#2737,.F.);
#3781=ORIENTED_EDGE('',*,*,#2718,.F.);
#3782=ORIENTED_EDGE('',*,*,#2744,.T.);
#3783=ORIENTED_EDGE('',*,*,#2733,.F.);
#3784=ORIENTED_EDGE('',*,*,#2745,.F.);
#3785=ORIENTED_EDGE('',*,*,#2719,.T.);
#3786=ORIENTED_EDGE('',*,*,#2746,.T.);
#3787=ORIENTED_EDGE('',*,*,#2734,.F.);
#3788=ORIENTED_EDGE('',*,*,#2746,.F.);
#3789=ORIENTED_EDGE('',*,*,#2722,.T.);
#3790=ORIENTED_EDGE('',*,*,#2747,.T.);
#3791=ORIENTED_EDGE('',*,*,#2735,.F.);
#3792=ORIENTED_EDGE('',*,*,#2747,.F.);
#3793=ORIENTED_EDGE('',*,*,#2721,.T.);
#3794=ORIENTED_EDGE('',*,*,#2748,.T.);
#3795=ORIENTED_EDGE('',*,*,#2732,.F.);
#3796=ORIENTED_EDGE('',*,*,#2748,.F.);
#3797=ORIENTED_EDGE('',*,*,#2720,.T.);
#3798=ORIENTED_EDGE('',*,*,#2745,.T.);
#3799=ORIENTED_EDGE('',*,*,#2749,.T.);
#3800=ORIENTED_EDGE('',*,*,#2750,.F.);
#3801=ORIENTED_EDGE('',*,*,#2751,.F.);
#3802=ORIENTED_EDGE('',*,*,#2752,.T.);
#3803=ORIENTED_EDGE('',*,*,#2753,.T.);
#3804=ORIENTED_EDGE('',*,*,#2754,.F.);
#3805=ORIENTED_EDGE('',*,*,#2755,.F.);
#3806=ORIENTED_EDGE('',*,*,#2750,.T.);
#3807=ORIENTED_EDGE('',*,*,#2756,.T.);
#3808=ORIENTED_EDGE('',*,*,#2757,.F.);
#3809=ORIENTED_EDGE('',*,*,#2758,.F.);
#3810=ORIENTED_EDGE('',*,*,#2754,.T.);
#3811=ORIENTED_EDGE('',*,*,#2759,.T.);
#3812=ORIENTED_EDGE('',*,*,#2760,.F.);
#3813=ORIENTED_EDGE('',*,*,#2761,.F.);
#3814=ORIENTED_EDGE('',*,*,#2757,.T.);
#3815=ORIENTED_EDGE('',*,*,#2762,.T.);
#3816=ORIENTED_EDGE('',*,*,#2763,.F.);
#3817=ORIENTED_EDGE('',*,*,#2764,.F.);
#3818=ORIENTED_EDGE('',*,*,#2760,.T.);
#3819=ORIENTED_EDGE('',*,*,#2765,.T.);
#3820=ORIENTED_EDGE('',*,*,#2766,.F.);
#3821=ORIENTED_EDGE('',*,*,#2767,.F.);
#3822=ORIENTED_EDGE('',*,*,#2763,.T.);
#3823=ORIENTED_EDGE('',*,*,#2768,.T.);
#3824=ORIENTED_EDGE('',*,*,#2769,.F.);
#3825=ORIENTED_EDGE('',*,*,#2770,.F.);
#3826=ORIENTED_EDGE('',*,*,#2766,.T.);
#3827=ORIENTED_EDGE('',*,*,#2771,.T.);
#3828=ORIENTED_EDGE('',*,*,#2772,.F.);
#3829=ORIENTED_EDGE('',*,*,#2773,.F.);
#3830=ORIENTED_EDGE('',*,*,#2769,.T.);
#3831=ORIENTED_EDGE('',*,*,#2774,.T.);
#3832=ORIENTED_EDGE('',*,*,#2775,.F.);
#3833=ORIENTED_EDGE('',*,*,#2776,.F.);
#3834=ORIENTED_EDGE('',*,*,#2772,.T.);
#3835=ORIENTED_EDGE('',*,*,#2777,.T.);
#3836=ORIENTED_EDGE('',*,*,#2778,.F.);
#3837=ORIENTED_EDGE('',*,*,#2779,.F.);
#3838=ORIENTED_EDGE('',*,*,#2775,.T.);
#3839=ORIENTED_EDGE('',*,*,#2780,.T.);
#3840=ORIENTED_EDGE('',*,*,#2781,.F.);
#3841=ORIENTED_EDGE('',*,*,#2782,.F.);
#3842=ORIENTED_EDGE('',*,*,#2778,.T.);
#3843=ORIENTED_EDGE('',*,*,#2783,.T.);
#3844=ORIENTED_EDGE('',*,*,#2784,.F.);
#3845=ORIENTED_EDGE('',*,*,#2785,.F.);
#3846=ORIENTED_EDGE('',*,*,#2781,.T.);
#3847=ORIENTED_EDGE('',*,*,#2786,.T.);
#3848=ORIENTED_EDGE('',*,*,#2787,.F.);
#3849=ORIENTED_EDGE('',*,*,#2788,.F.);
#3850=ORIENTED_EDGE('',*,*,#2784,.T.);
#3851=ORIENTED_EDGE('',*,*,#2789,.T.);
#3852=ORIENTED_EDGE('',*,*,#2752,.F.);
#3853=ORIENTED_EDGE('',*,*,#2790,.F.);
#3854=ORIENTED_EDGE('',*,*,#2787,.T.);
#3855=ORIENTED_EDGE('',*,*,#2751,.T.);
#3856=ORIENTED_EDGE('',*,*,#2755,.T.);
#3857=ORIENTED_EDGE('',*,*,#2758,.T.);
#3858=ORIENTED_EDGE('',*,*,#2761,.T.);
#3859=ORIENTED_EDGE('',*,*,#2764,.T.);
#3860=ORIENTED_EDGE('',*,*,#2767,.T.);
#3861=ORIENTED_EDGE('',*,*,#2770,.T.);
#3862=ORIENTED_EDGE('',*,*,#2773,.T.);
#3863=ORIENTED_EDGE('',*,*,#2776,.T.);
#3864=ORIENTED_EDGE('',*,*,#2779,.T.);
#3865=ORIENTED_EDGE('',*,*,#2782,.T.);
#3866=ORIENTED_EDGE('',*,*,#2785,.T.);
#3867=ORIENTED_EDGE('',*,*,#2788,.T.);
#3868=ORIENTED_EDGE('',*,*,#2790,.T.);
#3869=ORIENTED_EDGE('',*,*,#2749,.F.);
#3870=ORIENTED_EDGE('',*,*,#2789,.F.);
#3871=ORIENTED_EDGE('',*,*,#2786,.F.);
#3872=ORIENTED_EDGE('',*,*,#2783,.F.);
#3873=ORIENTED_EDGE('',*,*,#2780,.F.);
#3874=ORIENTED_EDGE('',*,*,#2777,.F.);
#3875=ORIENTED_EDGE('',*,*,#2774,.F.);
#3876=ORIENTED_EDGE('',*,*,#2771,.F.);
#3877=ORIENTED_EDGE('',*,*,#2768,.F.);
#3878=ORIENTED_EDGE('',*,*,#2765,.F.);
#3879=ORIENTED_EDGE('',*,*,#2762,.F.);
#3880=ORIENTED_EDGE('',*,*,#2759,.F.);
#3881=ORIENTED_EDGE('',*,*,#2756,.F.);
#3882=ORIENTED_EDGE('',*,*,#2753,.F.);
#3883=ORIENTED_EDGE('',*,*,#2791,.T.);
#3884=ORIENTED_EDGE('',*,*,#2792,.F.);
#3885=ORIENTED_EDGE('',*,*,#2793,.F.);
#3886=ORIENTED_EDGE('',*,*,#2794,.T.);
#3887=ORIENTED_EDGE('',*,*,#2795,.T.);
#3888=ORIENTED_EDGE('',*,*,#2796,.F.);
#3889=ORIENTED_EDGE('',*,*,#2797,.F.);
#3890=ORIENTED_EDGE('',*,*,#2792,.T.);
#3891=ORIENTED_EDGE('',*,*,#2798,.T.);
#3892=ORIENTED_EDGE('',*,*,#2799,.F.);
#3893=ORIENTED_EDGE('',*,*,#2800,.F.);
#3894=ORIENTED_EDGE('',*,*,#2796,.T.);
#3895=ORIENTED_EDGE('',*,*,#2801,.T.);
#3896=ORIENTED_EDGE('',*,*,#2802,.F.);
#3897=ORIENTED_EDGE('',*,*,#2803,.F.);
#3898=ORIENTED_EDGE('',*,*,#2799,.T.);
#3899=ORIENTED_EDGE('',*,*,#2804,.T.);
#3900=ORIENTED_EDGE('',*,*,#2805,.F.);
#3901=ORIENTED_EDGE('',*,*,#2806,.F.);
#3902=ORIENTED_EDGE('',*,*,#2802,.T.);
#3903=ORIENTED_EDGE('',*,*,#2807,.T.);
#3904=ORIENTED_EDGE('',*,*,#2808,.F.);
#3905=ORIENTED_EDGE('',*,*,#2809,.F.);
#3906=ORIENTED_EDGE('',*,*,#2805,.T.);
#3907=ORIENTED_EDGE('',*,*,#2810,.T.);
#3908=ORIENTED_EDGE('',*,*,#2811,.F.);
#3909=ORIENTED_EDGE('',*,*,#2812,.F.);
#3910=ORIENTED_EDGE('',*,*,#2808,.T.);
#3911=ORIENTED_EDGE('',*,*,#2813,.T.);
#3912=ORIENTED_EDGE('',*,*,#2814,.F.);
#3913=ORIENTED_EDGE('',*,*,#2815,.F.);
#3914=ORIENTED_EDGE('',*,*,#2811,.T.);
#3915=ORIENTED_EDGE('',*,*,#2816,.T.);
#3916=ORIENTED_EDGE('',*,*,#2817,.F.);
#3917=ORIENTED_EDGE('',*,*,#2818,.F.);
#3918=ORIENTED_EDGE('',*,*,#2814,.T.);
#3919=ORIENTED_EDGE('',*,*,#2819,.T.);
#3920=ORIENTED_EDGE('',*,*,#2794,.F.);
#3921=ORIENTED_EDGE('',*,*,#2820,.F.);
#3922=ORIENTED_EDGE('',*,*,#2817,.T.);
#3923=ORIENTED_EDGE('',*,*,#2793,.T.);
#3924=ORIENTED_EDGE('',*,*,#2797,.T.);
#3925=ORIENTED_EDGE('',*,*,#2800,.T.);
#3926=ORIENTED_EDGE('',*,*,#2803,.T.);
#3927=ORIENTED_EDGE('',*,*,#2806,.T.);
#3928=ORIENTED_EDGE('',*,*,#2809,.T.);
#3929=ORIENTED_EDGE('',*,*,#2812,.T.);
#3930=ORIENTED_EDGE('',*,*,#2815,.T.);
#3931=ORIENTED_EDGE('',*,*,#2818,.T.);
#3932=ORIENTED_EDGE('',*,*,#2820,.T.);
#3933=ORIENTED_EDGE('',*,*,#2791,.F.);
#3934=ORIENTED_EDGE('',*,*,#2819,.F.);
#3935=ORIENTED_EDGE('',*,*,#2816,.F.);
#3936=ORIENTED_EDGE('',*,*,#2813,.F.);
#3937=ORIENTED_EDGE('',*,*,#2810,.F.);
#3938=ORIENTED_EDGE('',*,*,#2807,.F.);
#3939=ORIENTED_EDGE('',*,*,#2804,.F.);
#3940=ORIENTED_EDGE('',*,*,#2801,.F.);
#3941=ORIENTED_EDGE('',*,*,#2798,.F.);
#3942=ORIENTED_EDGE('',*,*,#2795,.F.);
#3943=ORIENTED_EDGE('',*,*,#2821,.T.);
#3944=ORIENTED_EDGE('',*,*,#2822,.F.);
#3945=ORIENTED_EDGE('',*,*,#2823,.F.);
#3946=ORIENTED_EDGE('',*,*,#2824,.T.);
#3947=ORIENTED_EDGE('',*,*,#2825,.T.);
#3948=ORIENTED_EDGE('',*,*,#2826,.F.);
#3949=ORIENTED_EDGE('',*,*,#2827,.F.);
#3950=ORIENTED_EDGE('',*,*,#2822,.T.);
#3951=ORIENTED_EDGE('',*,*,#2828,.T.);
#3952=ORIENTED_EDGE('',*,*,#2829,.F.);
#3953=ORIENTED_EDGE('',*,*,#2830,.F.);
#3954=ORIENTED_EDGE('',*,*,#2826,.T.);
#3955=ORIENTED_EDGE('',*,*,#2831,.T.);
#3956=ORIENTED_EDGE('',*,*,#2832,.F.);
#3957=ORIENTED_EDGE('',*,*,#2833,.F.);
#3958=ORIENTED_EDGE('',*,*,#2829,.T.);
#3959=ORIENTED_EDGE('',*,*,#2834,.T.);
#3960=ORIENTED_EDGE('',*,*,#2835,.F.);
#3961=ORIENTED_EDGE('',*,*,#2836,.F.);
#3962=ORIENTED_EDGE('',*,*,#2832,.T.);
#3963=ORIENTED_EDGE('',*,*,#2837,.T.);
#3964=ORIENTED_EDGE('',*,*,#2838,.F.);
#3965=ORIENTED_EDGE('',*,*,#2839,.F.);
#3966=ORIENTED_EDGE('',*,*,#2835,.T.);
#3967=ORIENTED_EDGE('',*,*,#2840,.T.);
#3968=ORIENTED_EDGE('',*,*,#2841,.F.);
#3969=ORIENTED_EDGE('',*,*,#2842,.F.);
#3970=ORIENTED_EDGE('',*,*,#2838,.T.);
#3971=ORIENTED_EDGE('',*,*,#2843,.T.);
#3972=ORIENTED_EDGE('',*,*,#2844,.F.);
#3973=ORIENTED_EDGE('',*,*,#2845,.F.);
#3974=ORIENTED_EDGE('',*,*,#2841,.T.);
#3975=ORIENTED_EDGE('',*,*,#2846,.T.);
#3976=ORIENTED_EDGE('',*,*,#2847,.F.);
#3977=ORIENTED_EDGE('',*,*,#2848,.F.);
#3978=ORIENTED_EDGE('',*,*,#2844,.T.);
#3979=ORIENTED_EDGE('',*,*,#2849,.T.);
#3980=ORIENTED_EDGE('',*,*,#2824,.F.);
#3981=ORIENTED_EDGE('',*,*,#2850,.F.);
#3982=ORIENTED_EDGE('',*,*,#2847,.T.);
#3983=ORIENTED_EDGE('',*,*,#2823,.T.);
#3984=ORIENTED_EDGE('',*,*,#2827,.T.);
#3985=ORIENTED_EDGE('',*,*,#2830,.T.);
#3986=ORIENTED_EDGE('',*,*,#2833,.T.);
#3987=ORIENTED_EDGE('',*,*,#2836,.T.);
#3988=ORIENTED_EDGE('',*,*,#2839,.T.);
#3989=ORIENTED_EDGE('',*,*,#2842,.T.);
#3990=ORIENTED_EDGE('',*,*,#2845,.T.);
#3991=ORIENTED_EDGE('',*,*,#2848,.T.);
#3992=ORIENTED_EDGE('',*,*,#2850,.T.);
#3993=ORIENTED_EDGE('',*,*,#2821,.F.);
#3994=ORIENTED_EDGE('',*,*,#2849,.F.);
#3995=ORIENTED_EDGE('',*,*,#2846,.F.);
#3996=ORIENTED_EDGE('',*,*,#2843,.F.);
#3997=ORIENTED_EDGE('',*,*,#2840,.F.);
#3998=ORIENTED_EDGE('',*,*,#2837,.F.);
#3999=ORIENTED_EDGE('',*,*,#2834,.F.);
#4000=ORIENTED_EDGE('',*,*,#2831,.F.);
#4001=ORIENTED_EDGE('',*,*,#2828,.F.);
#4002=ORIENTED_EDGE('',*,*,#2825,.F.);
#4003=ORIENTED_EDGE('',*,*,#2851,.T.);
#4004=ORIENTED_EDGE('',*,*,#2852,.F.);
#4005=ORIENTED_EDGE('',*,*,#2853,.F.);
#4006=ORIENTED_EDGE('',*,*,#2854,.T.);
#4007=ORIENTED_EDGE('',*,*,#2855,.T.);
#4008=ORIENTED_EDGE('',*,*,#2856,.F.);
#4009=ORIENTED_EDGE('',*,*,#2857,.F.);
#4010=ORIENTED_EDGE('',*,*,#2852,.T.);
#4011=ORIENTED_EDGE('',*,*,#2858,.T.);
#4012=ORIENTED_EDGE('',*,*,#2859,.F.);
#4013=ORIENTED_EDGE('',*,*,#2860,.F.);
#4014=ORIENTED_EDGE('',*,*,#2856,.T.);
#4015=ORIENTED_EDGE('',*,*,#2861,.T.);
#4016=ORIENTED_EDGE('',*,*,#2862,.F.);
#4017=ORIENTED_EDGE('',*,*,#2863,.F.);
#4018=ORIENTED_EDGE('',*,*,#2859,.T.);
#4019=ORIENTED_EDGE('',*,*,#2864,.T.);
#4020=ORIENTED_EDGE('',*,*,#2865,.F.);
#4021=ORIENTED_EDGE('',*,*,#2866,.F.);
#4022=ORIENTED_EDGE('',*,*,#2862,.T.);
#4023=ORIENTED_EDGE('',*,*,#2867,.T.);
#4024=ORIENTED_EDGE('',*,*,#2868,.F.);
#4025=ORIENTED_EDGE('',*,*,#2869,.F.);
#4026=ORIENTED_EDGE('',*,*,#2865,.T.);
#4027=ORIENTED_EDGE('',*,*,#2870,.T.);
#4028=ORIENTED_EDGE('',*,*,#2871,.F.);
#4029=ORIENTED_EDGE('',*,*,#2872,.F.);
#4030=ORIENTED_EDGE('',*,*,#2868,.T.);
#4031=ORIENTED_EDGE('',*,*,#2873,.T.);
#4032=ORIENTED_EDGE('',*,*,#2874,.F.);
#4033=ORIENTED_EDGE('',*,*,#2875,.F.);
#4034=ORIENTED_EDGE('',*,*,#2871,.T.);
#4035=ORIENTED_EDGE('',*,*,#2876,.T.);
#4036=ORIENTED_EDGE('',*,*,#2877,.F.);
#4037=ORIENTED_EDGE('',*,*,#2878,.F.);
#4038=ORIENTED_EDGE('',*,*,#2874,.T.);
#4039=ORIENTED_EDGE('',*,*,#2879,.T.);
#4040=ORIENTED_EDGE('',*,*,#2854,.F.);
#4041=ORIENTED_EDGE('',*,*,#2880,.F.);
#4042=ORIENTED_EDGE('',*,*,#2877,.T.);
#4043=ORIENTED_EDGE('',*,*,#2853,.T.);
#4044=ORIENTED_EDGE('',*,*,#2857,.T.);
#4045=ORIENTED_EDGE('',*,*,#2860,.T.);
#4046=ORIENTED_EDGE('',*,*,#2863,.T.);
#4047=ORIENTED_EDGE('',*,*,#2866,.T.);
#4048=ORIENTED_EDGE('',*,*,#2869,.T.);
#4049=ORIENTED_EDGE('',*,*,#2872,.T.);
#4050=ORIENTED_EDGE('',*,*,#2875,.T.);
#4051=ORIENTED_EDGE('',*,*,#2878,.T.);
#4052=ORIENTED_EDGE('',*,*,#2880,.T.);
#4053=ORIENTED_EDGE('',*,*,#2851,.F.);
#4054=ORIENTED_EDGE('',*,*,#2879,.F.);
#4055=ORIENTED_EDGE('',*,*,#2876,.F.);
#4056=ORIENTED_EDGE('',*,*,#2873,.F.);
#4057=ORIENTED_EDGE('',*,*,#2870,.F.);
#4058=ORIENTED_EDGE('',*,*,#2867,.F.);
#4059=ORIENTED_EDGE('',*,*,#2864,.F.);
#4060=ORIENTED_EDGE('',*,*,#2861,.F.);
#4061=ORIENTED_EDGE('',*,*,#2858,.F.);
#4062=ORIENTED_EDGE('',*,*,#2855,.F.);
#4063=ORIENTED_EDGE('',*,*,#2881,.T.);
#4064=ORIENTED_EDGE('',*,*,#2882,.F.);
#4065=ORIENTED_EDGE('',*,*,#2883,.F.);
#4066=ORIENTED_EDGE('',*,*,#2884,.T.);
#4067=ORIENTED_EDGE('',*,*,#2885,.T.);
#4068=ORIENTED_EDGE('',*,*,#2886,.F.);
#4069=ORIENTED_EDGE('',*,*,#2887,.F.);
#4070=ORIENTED_EDGE('',*,*,#2882,.T.);
#4071=ORIENTED_EDGE('',*,*,#2888,.T.);
#4072=ORIENTED_EDGE('',*,*,#2889,.F.);
#4073=ORIENTED_EDGE('',*,*,#2890,.F.);
#4074=ORIENTED_EDGE('',*,*,#2886,.T.);
#4075=ORIENTED_EDGE('',*,*,#2891,.T.);
#4076=ORIENTED_EDGE('',*,*,#2892,.F.);
#4077=ORIENTED_EDGE('',*,*,#2893,.F.);
#4078=ORIENTED_EDGE('',*,*,#2889,.T.);
#4079=ORIENTED_EDGE('',*,*,#2894,.T.);
#4080=ORIENTED_EDGE('',*,*,#2895,.F.);
#4081=ORIENTED_EDGE('',*,*,#2896,.F.);
#4082=ORIENTED_EDGE('',*,*,#2892,.T.);
#4083=ORIENTED_EDGE('',*,*,#2897,.T.);
#4084=ORIENTED_EDGE('',*,*,#2898,.F.);
#4085=ORIENTED_EDGE('',*,*,#2899,.F.);
#4086=ORIENTED_EDGE('',*,*,#2895,.T.);
#4087=ORIENTED_EDGE('',*,*,#2900,.T.);
#4088=ORIENTED_EDGE('',*,*,#2901,.F.);
#4089=ORIENTED_EDGE('',*,*,#2902,.F.);
#4090=ORIENTED_EDGE('',*,*,#2898,.T.);
#4091=ORIENTED_EDGE('',*,*,#2903,.T.);
#4092=ORIENTED_EDGE('',*,*,#2904,.F.);
#4093=ORIENTED_EDGE('',*,*,#2905,.F.);
#4094=ORIENTED_EDGE('',*,*,#2901,.T.);
#4095=ORIENTED_EDGE('',*,*,#2906,.T.);
#4096=ORIENTED_EDGE('',*,*,#2907,.F.);
#4097=ORIENTED_EDGE('',*,*,#2908,.F.);
#4098=ORIENTED_EDGE('',*,*,#2904,.T.);
#4099=ORIENTED_EDGE('',*,*,#2909,.T.);
#4100=ORIENTED_EDGE('',*,*,#2884,.F.);
#4101=ORIENTED_EDGE('',*,*,#2910,.F.);
#4102=ORIENTED_EDGE('',*,*,#2907,.T.);
#4103=ORIENTED_EDGE('',*,*,#2883,.T.);
#4104=ORIENTED_EDGE('',*,*,#2887,.T.);
#4105=ORIENTED_EDGE('',*,*,#2890,.T.);
#4106=ORIENTED_EDGE('',*,*,#2893,.T.);
#4107=ORIENTED_EDGE('',*,*,#2896,.T.);
#4108=ORIENTED_EDGE('',*,*,#2899,.T.);
#4109=ORIENTED_EDGE('',*,*,#2902,.T.);
#4110=ORIENTED_EDGE('',*,*,#2905,.T.);
#4111=ORIENTED_EDGE('',*,*,#2908,.T.);
#4112=ORIENTED_EDGE('',*,*,#2910,.T.);
#4113=ORIENTED_EDGE('',*,*,#2881,.F.);
#4114=ORIENTED_EDGE('',*,*,#2909,.F.);
#4115=ORIENTED_EDGE('',*,*,#2906,.F.);
#4116=ORIENTED_EDGE('',*,*,#2903,.F.);
#4117=ORIENTED_EDGE('',*,*,#2900,.F.);
#4118=ORIENTED_EDGE('',*,*,#2897,.F.);
#4119=ORIENTED_EDGE('',*,*,#2894,.F.);
#4120=ORIENTED_EDGE('',*,*,#2891,.F.);
#4121=ORIENTED_EDGE('',*,*,#2888,.F.);
#4122=ORIENTED_EDGE('',*,*,#2885,.F.);
#4123=ORIENTED_EDGE('',*,*,#2911,.T.);
#4124=ORIENTED_EDGE('',*,*,#2912,.T.);
#4125=ORIENTED_EDGE('',*,*,#2913,.F.);
#4126=ORIENTED_EDGE('',*,*,#2912,.F.);
#4127=ORIENTED_EDGE('',*,*,#2913,.T.);
#4128=ORIENTED_EDGE('',*,*,#2911,.F.);
#4129=ORIENTED_EDGE('',*,*,#2914,.T.);
#4130=ORIENTED_EDGE('',*,*,#2915,.T.);
#4131=ORIENTED_EDGE('',*,*,#2916,.F.);
#4132=ORIENTED_EDGE('',*,*,#2915,.F.);
#4133=ORIENTED_EDGE('',*,*,#2916,.T.);
#4134=ORIENTED_EDGE('',*,*,#2914,.F.);
#4135=ORIENTED_EDGE('',*,*,#2917,.T.);
#4136=ORIENTED_EDGE('',*,*,#2918,.F.);
#4137=ORIENTED_EDGE('',*,*,#2919,.F.);
#4138=ORIENTED_EDGE('',*,*,#2920,.T.);
#4139=ORIENTED_EDGE('',*,*,#2921,.T.);
#4140=ORIENTED_EDGE('',*,*,#2922,.F.);
#4141=ORIENTED_EDGE('',*,*,#2923,.F.);
#4142=ORIENTED_EDGE('',*,*,#2918,.T.);
#4143=ORIENTED_EDGE('',*,*,#2924,.T.);
#4144=ORIENTED_EDGE('',*,*,#2925,.F.);
#4145=ORIENTED_EDGE('',*,*,#2926,.F.);
#4146=ORIENTED_EDGE('',*,*,#2922,.T.);
#4147=ORIENTED_EDGE('',*,*,#2927,.T.);
#4148=ORIENTED_EDGE('',*,*,#2920,.F.);
#4149=ORIENTED_EDGE('',*,*,#2928,.F.);
#4150=ORIENTED_EDGE('',*,*,#2925,.T.);
#4151=ORIENTED_EDGE('',*,*,#2919,.T.);
#4152=ORIENTED_EDGE('',*,*,#2923,.T.);
#4153=ORIENTED_EDGE('',*,*,#2926,.T.);
#4154=ORIENTED_EDGE('',*,*,#2928,.T.);
#4155=ORIENTED_EDGE('',*,*,#2917,.F.);
#4156=ORIENTED_EDGE('',*,*,#2927,.F.);
#4157=ORIENTED_EDGE('',*,*,#2924,.F.);
#4158=ORIENTED_EDGE('',*,*,#2921,.F.);
#4159=ORIENTED_EDGE('',*,*,#2929,.T.);
#4160=ORIENTED_EDGE('',*,*,#2930,.F.);
#4161=ORIENTED_EDGE('',*,*,#2931,.F.);
#4162=ORIENTED_EDGE('',*,*,#2932,.T.);
#4163=ORIENTED_EDGE('',*,*,#2933,.T.);
#4164=ORIENTED_EDGE('',*,*,#2934,.F.);
#4165=ORIENTED_EDGE('',*,*,#2935,.F.);
#4166=ORIENTED_EDGE('',*,*,#2930,.T.);
#4167=ORIENTED_EDGE('',*,*,#2936,.T.);
#4168=ORIENTED_EDGE('',*,*,#2937,.F.);
#4169=ORIENTED_EDGE('',*,*,#2938,.F.);
#4170=ORIENTED_EDGE('',*,*,#2934,.T.);
#4171=ORIENTED_EDGE('',*,*,#2939,.T.);
#4172=ORIENTED_EDGE('',*,*,#2932,.F.);
#4173=ORIENTED_EDGE('',*,*,#2940,.F.);
#4174=ORIENTED_EDGE('',*,*,#2937,.T.);
#4175=ORIENTED_EDGE('',*,*,#2931,.T.);
#4176=ORIENTED_EDGE('',*,*,#2935,.T.);
#4177=ORIENTED_EDGE('',*,*,#2938,.T.);
#4178=ORIENTED_EDGE('',*,*,#2940,.T.);
#4179=ORIENTED_EDGE('',*,*,#2929,.F.);
#4180=ORIENTED_EDGE('',*,*,#2939,.F.);
#4181=ORIENTED_EDGE('',*,*,#2936,.F.);
#4182=ORIENTED_EDGE('',*,*,#2933,.F.);
#4183=ORIENTED_EDGE('',*,*,#2941,.T.);
#4184=ORIENTED_EDGE('',*,*,#2942,.F.);
#4185=ORIENTED_EDGE('',*,*,#2943,.F.);
#4186=ORIENTED_EDGE('',*,*,#2944,.T.);
#4187=ORIENTED_EDGE('',*,*,#2945,.T.);
#4188=ORIENTED_EDGE('',*,*,#2946,.F.);
#4189=ORIENTED_EDGE('',*,*,#2947,.F.);
#4190=ORIENTED_EDGE('',*,*,#2942,.T.);
#4191=ORIENTED_EDGE('',*,*,#2948,.T.);
#4192=ORIENTED_EDGE('',*,*,#2949,.F.);
#4193=ORIENTED_EDGE('',*,*,#2950,.F.);
#4194=ORIENTED_EDGE('',*,*,#2946,.T.);
#4195=ORIENTED_EDGE('',*,*,#2951,.T.);
#4196=ORIENTED_EDGE('',*,*,#2944,.F.);
#4197=ORIENTED_EDGE('',*,*,#2952,.F.);
#4198=ORIENTED_EDGE('',*,*,#2949,.T.);
#4199=ORIENTED_EDGE('',*,*,#2943,.T.);
#4200=ORIENTED_EDGE('',*,*,#2947,.T.);
#4201=ORIENTED_EDGE('',*,*,#2950,.T.);
#4202=ORIENTED_EDGE('',*,*,#2952,.T.);
#4203=ORIENTED_EDGE('',*,*,#2941,.F.);
#4204=ORIENTED_EDGE('',*,*,#2951,.F.);
#4205=ORIENTED_EDGE('',*,*,#2948,.F.);
#4206=ORIENTED_EDGE('',*,*,#2945,.F.);
#4207=CYLINDRICAL_SURFACE('',#4515,0.15);
#4208=CYLINDRICAL_SURFACE('',#4532,0.15);
#4209=CYLINDRICAL_SURFACE('',#4554,0.0999999999999998);
#4210=CYLINDRICAL_SURFACE('',#4556,0.1);
#4211=CYLINDRICAL_SURFACE('',#4570,0.0999999999999998);
#4212=CYLINDRICAL_SURFACE('',#4572,0.1);
#4213=CYLINDRICAL_SURFACE('',#4574,0.0999999999999998);
#4214=CYLINDRICAL_SURFACE('',#4576,0.1);
#4215=CYLINDRICAL_SURFACE('',#4578,0.0999999999999998);
#4216=CYLINDRICAL_SURFACE('',#4580,0.1);
#4217=CYLINDRICAL_SURFACE('',#4618,0.0500000000000001);
#4218=CYLINDRICAL_SURFACE('',#4619,0.0500000000000001);
#4219=CYLINDRICAL_SURFACE('',#4620,0.0500000000000001);
#4220=CYLINDRICAL_SURFACE('',#4621,0.0500000000000001);
#4221=CYLINDRICAL_SURFACE('',#4622,0.0500000000000001);
#4222=CYLINDRICAL_SURFACE('',#4623,0.0500000000000001);
#4223=CYLINDRICAL_SURFACE('',#4624,0.0500000000000001);
#4224=CYLINDRICAL_SURFACE('',#4625,0.0500000000000001);
#4225=CYLINDRICAL_SURFACE('',#4626,0.0500000000000001);
#4226=CYLINDRICAL_SURFACE('',#4627,0.0500000000000001);
#4227=CYLINDRICAL_SURFACE('',#4630,0.1);
#4228=CYLINDRICAL_SURFACE('',#4633,0.0999999999999998);
#4229=CYLINDRICAL_SURFACE('',#4640,0.0500000000000001);
#4230=CYLINDRICAL_SURFACE('',#4645,0.1);
#4231=CYLINDRICAL_SURFACE('',#4648,0.0999999999999998);
#4232=CYLINDRICAL_SURFACE('',#4655,0.1);
#4233=CYLINDRICAL_SURFACE('',#4658,0.0999999999999998);
#4234=CYLINDRICAL_SURFACE('',#4665,0.1);
#4235=CYLINDRICAL_SURFACE('',#4668,0.0999999999999998);
#4236=CYLINDRICAL_SURFACE('',#4675,0.0500000000000001);
#4237=CYLINDRICAL_SURFACE('',#4677,0.0500000000000001);
#4238=CYLINDRICAL_SURFACE('',#4678,0.0500000000000001);
#4239=CYLINDRICAL_SURFACE('',#4707,0.0500000000000001);
#4240=CYLINDRICAL_SURFACE('',#4709,0.0500000000000001);
#4241=CYLINDRICAL_SURFACE('',#4711,0.0500000000000001);
#4242=CYLINDRICAL_SURFACE('',#4712,0.0500000000000001);
#4243=CYLINDRICAL_SURFACE('',#4777,0.0308000434091415);
#4244=CYLINDRICAL_SURFACE('',#4783,0.0120269504212205);
#4245=CYLINDRICAL_SURFACE('',#4789,0.0372907147887483);
#4246=CYLINDRICAL_SURFACE('',#4794,0.076721642472544);
#4247=ADVANCED_FACE('',(#321),#4207,.T.);
#4248=ADVANCED_FACE('',(#322),#131,.T.);
#4249=ADVANCED_FACE('',(#323),#132,.F.);
#4250=ADVANCED_FACE('',(#324),#133,.F.);
#4251=ADVANCED_FACE('',(#325),#134,.F.);
#4252=ADVANCED_FACE('',(#326),#135,.F.);
#4253=ADVANCED_FACE('',(#327),#136,.F.);
#4254=ADVANCED_FACE('',(#328),#137,.T.);
#4255=ADVANCED_FACE('',(#329),#138,.F.);
#4256=ADVANCED_FACE('',(#330),#139,.F.);
#4257=ADVANCED_FACE('',(#331),#140,.F.);
#4258=ADVANCED_FACE('',(#332),#141,.F.);
#4259=ADVANCED_FACE('',(#333),#142,.F.);
#4260=ADVANCED_FACE('',(#334),#143,.T.);
#4261=ADVANCED_FACE('',(#335),#144,.F.);
#4262=ADVANCED_FACE('',(#336),#4208,.F.);
#4263=ADVANCED_FACE('',(#337),#145,.F.);
#4264=ADVANCED_FACE('',(#338),#146,.F.);
#4265=ADVANCED_FACE('',(#339),#147,.F.);
#4266=ADVANCED_FACE('',(#340),#148,.F.);
#4267=ADVANCED_FACE('',(#341),#149,.F.);
#4268=ADVANCED_FACE('',(#342),#150,.F.);
#4269=ADVANCED_FACE('',(#343),#151,.F.);
#4270=ADVANCED_FACE('',(#344),#152,.F.);
#4271=ADVANCED_FACE('',(#345),#153,.F.);
#4272=ADVANCED_FACE('',(#346,#88),#154,.T.);
#4273=ADVANCED_FACE('',(#347),#155,.F.);
#4274=ADVANCED_FACE('',(#348),#156,.T.);
#4275=ADVANCED_FACE('',(#349),#157,.T.);
#4276=ADVANCED_FACE('',(#350),#4209,.F.);
#4277=ADVANCED_FACE('',(#351),#4210,.F.);
#4278=ADVANCED_FACE('',(#352),#158,.F.);
#4279=ADVANCED_FACE('',(#353),#159,.F.);
#4280=ADVANCED_FACE('',(#354),#160,.F.);
#4281=ADVANCED_FACE('',(#355),#161,.T.);
#4282=ADVANCED_FACE('',(#356),#4211,.F.);
#4283=ADVANCED_FACE('',(#357),#4212,.F.);
#4284=ADVANCED_FACE('',(#358),#4213,.F.);
#4285=ADVANCED_FACE('',(#359),#4214,.F.);
#4286=ADVANCED_FACE('',(#360),#4215,.F.);
#4287=ADVANCED_FACE('',(#361),#4216,.F.);
#4288=ADVANCED_FACE('',(#362),#162,.F.);
#4289=ADVANCED_FACE('',(#363),#163,.F.);
#4290=ADVANCED_FACE('',(#364),#164,.F.);
#4291=ADVANCED_FACE('',(#365),#165,.F.);
#4292=ADVANCED_FACE('',(#366),#166,.F.);
#4293=ADVANCED_FACE('',(#367),#167,.F.);
#4294=ADVANCED_FACE('',(#368),#168,.F.);
#4295=ADVANCED_FACE('',(#369),#169,.F.);
#4296=ADVANCED_FACE('',(#370),#170,.F.);
#4297=ADVANCED_FACE('',(#371),#171,.F.);
#4298=ADVANCED_FACE('',(#372),#172,.F.);
#4299=ADVANCED_FACE('',(#373),#173,.F.);
#4300=ADVANCED_FACE('',(#374),#174,.F.);
#4301=ADVANCED_FACE('',(#375),#175,.F.);
#4302=ADVANCED_FACE('',(#376),#176,.F.);
#4303=ADVANCED_FACE('',(#377),#177,.F.);
#4304=ADVANCED_FACE('',(#378),#178,.F.);
#4305=ADVANCED_FACE('',(#379),#179,.F.);
#4306=ADVANCED_FACE('',(#380),#180,.F.);
#4307=ADVANCED_FACE('',(#381),#181,.F.);
#4308=ADVANCED_FACE('',(#382),#182,.F.);
#4309=ADVANCED_FACE('',(#383),#183,.F.);
#4310=ADVANCED_FACE('',(#384),#4217,.F.);
#4311=ADVANCED_FACE('',(#385),#4218,.F.);
#4312=ADVANCED_FACE('',(#386),#4219,.F.);
#4313=ADVANCED_FACE('',(#387),#4220,.F.);
#4314=ADVANCED_FACE('',(#388),#4221,.F.);
#4315=ADVANCED_FACE('',(#389),#4222,.F.);
#4316=ADVANCED_FACE('',(#390),#4223,.F.);
#4317=ADVANCED_FACE('',(#391),#4224,.F.);
#4318=ADVANCED_FACE('',(#392),#4225,.F.);
#4319=ADVANCED_FACE('',(#393),#4226,.F.);
#4320=ADVANCED_FACE('',(#394),#184,.F.);
#4321=ADVANCED_FACE('',(#395),#4227,.T.);
#4322=ADVANCED_FACE('',(#396),#185,.F.);
#4323=ADVANCED_FACE('',(#397),#4228,.T.);
#4324=ADVANCED_FACE('',(#398),#186,.F.);
#4325=ADVANCED_FACE('',(#399),#187,.F.);
#4326=ADVANCED_FACE('',(#400),#188,.T.);
#4327=ADVANCED_FACE('',(#401),#189,.F.);
#4328=ADVANCED_FACE('',(#402),#4229,.F.);
#4329=ADVANCED_FACE('',(#403),#190,.F.);
#4330=ADVANCED_FACE('',(#404),#191,.F.);
#4331=ADVANCED_FACE('',(#405),#192,.F.);
#4332=ADVANCED_FACE('',(#406),#4230,.T.);
#4333=ADVANCED_FACE('',(#407),#193,.F.);
#4334=ADVANCED_FACE('',(#408),#4231,.T.);
#4335=ADVANCED_FACE('',(#409),#194,.F.);
#4336=ADVANCED_FACE('',(#410),#195,.F.);
#4337=ADVANCED_FACE('',(#411),#196,.F.);
#4338=ADVANCED_FACE('',(#412),#4232,.T.);
#4339=ADVANCED_FACE('',(#413),#197,.F.);
#4340=ADVANCED_FACE('',(#414),#4233,.T.);
#4341=ADVANCED_FACE('',(#415),#198,.F.);
#4342=ADVANCED_FACE('',(#416),#199,.F.);
#4343=ADVANCED_FACE('',(#417),#200,.F.);
#4344=ADVANCED_FACE('',(#418),#4234,.T.);
#4345=ADVANCED_FACE('',(#419),#201,.F.);
#4346=ADVANCED_FACE('',(#420),#4235,.T.);
#4347=ADVANCED_FACE('',(#421),#202,.F.);
#4348=ADVANCED_FACE('',(#422),#203,.T.);
#4349=ADVANCED_FACE('',(#423),#204,.F.);
#4350=ADVANCED_FACE('',(#424),#205,.F.);
#4351=ADVANCED_FACE('',(#425),#4236,.F.);
#4352=ADVANCED_FACE('',(#426),#206,.F.);
#4353=ADVANCED_FACE('',(#427),#4237,.F.);
#4354=ADVANCED_FACE('',(#428),#4238,.F.);
#4355=ADVANCED_FACE('',(#429),#207,.F.);
#4356=ADVANCED_FACE('',(#430),#208,.F.);
#4357=ADVANCED_FACE('',(#431),#209,.F.);
#4358=ADVANCED_FACE('',(#432),#210,.F.);
#4359=ADVANCED_FACE('',(#433),#211,.F.);
#4360=ADVANCED_FACE('',(#434),#212,.F.);
#4361=ADVANCED_FACE('',(#435),#213,.F.);
#4362=ADVANCED_FACE('',(#436),#214,.F.);
#4363=ADVANCED_FACE('',(#437),#215,.F.);
#4364=ADVANCED_FACE('',(#438),#216,.F.);
#4365=ADVANCED_FACE('',(#439),#217,.F.);
#4366=ADVANCED_FACE('',(#440),#218,.F.);
#4367=ADVANCED_FACE('',(#441),#219,.F.);
#4368=ADVANCED_FACE('',(#442),#220,.F.);
#4369=ADVANCED_FACE('',(#443),#221,.F.);
#4370=ADVANCED_FACE('',(#444),#222,.F.);
#4371=ADVANCED_FACE('',(#445),#223,.F.);
#4372=ADVANCED_FACE('',(#446),#224,.F.);
#4373=ADVANCED_FACE('',(#447),#225,.T.);
#4374=ADVANCED_FACE('',(#448),#226,.F.);
#4375=ADVANCED_FACE('',(#449),#4239,.F.);
#4376=ADVANCED_FACE('',(#450),#227,.F.);
#4377=ADVANCED_FACE('',(#451),#4240,.F.);
#4378=ADVANCED_FACE('',(#452),#228,.F.);
#4379=ADVANCED_FACE('',(#453),#4241,.F.);
#4380=ADVANCED_FACE('',(#454),#4242,.F.);
#4381=ADVANCED_FACE('',(#455),#229,.F.);
#4382=ADVANCED_FACE('',(#456,#89),#230,.T.);
#4383=ADVANCED_FACE('',(#457,#90),#231,.F.);
#4384=ADVANCED_FACE('',(#458),#18,.F.);
#4385=ADVANCED_FACE('',(#459),#232,.F.);
#4386=ADVANCED_FACE('',(#460),#19,.F.);
#4387=ADVANCED_FACE('',(#461),#233,.F.);
#4388=ADVANCED_FACE('',(#462),#20,.T.);
#4389=ADVANCED_FACE('',(#463),#234,.T.);
#4390=ADVANCED_FACE('',(#464),#21,.T.);
#4391=ADVANCED_FACE('',(#465),#235,.T.);
#4392=ADVANCED_FACE('',(#466,#91),#236,.F.);
#4393=ADVANCED_FACE('',(#467,#92),#237,.T.);
#4394=ADVANCED_FACE('',(#468),#22,.F.);
#4395=ADVANCED_FACE('',(#469),#238,.F.);
#4396=ADVANCED_FACE('',(#470),#239,.F.);
#4397=ADVANCED_FACE('',(#471),#240,.F.);
#4398=ADVANCED_FACE('',(#472),#23,.F.);
#4399=ADVANCED_FACE('',(#473),#241,.F.);
#4400=ADVANCED_FACE('',(#474),#24,.F.);
#4401=ADVANCED_FACE('',(#475),#242,.F.);
#4402=ADVANCED_FACE('',(#476),#243,.F.);
#4403=ADVANCED_FACE('',(#477),#25,.T.);
#4404=ADVANCED_FACE('',(#478),#244,.T.);
#4405=ADVANCED_FACE('',(#479),#245,.T.);
#4406=ADVANCED_FACE('',(#480),#246,.T.);
#4407=ADVANCED_FACE('',(#481),#26,.F.);
#4408=ADVANCED_FACE('',(#482),#247,.F.);
#4409=ADVANCED_FACE('',(#483),#248,.F.);
#4410=ADVANCED_FACE('',(#484),#249,.F.);
#4411=ADVANCED_FACE('',(#485),#250,.F.);
#4412=ADVANCED_FACE('',(#486),#251,.F.);
#4413=ADVANCED_FACE('',(#487),#252,.F.);
#4414=ADVANCED_FACE('',(#488),#253,.F.);
#4415=ADVANCED_FACE('',(#489),#254,.F.);
#4416=ADVANCED_FACE('',(#490),#255,.F.);
#4417=ADVANCED_FACE('',(#491),#256,.F.);
#4418=ADVANCED_FACE('',(#492),#257,.F.);
#4419=ADVANCED_FACE('',(#493),#27,.F.);
#4420=ADVANCED_FACE('',(#494),#258,.F.);
#4421=ADVANCED_FACE('',(#495),#259,.F.);
#4422=ADVANCED_FACE('',(#496),#260,.T.);
#4423=ADVANCED_FACE('',(#497),#28,.F.);
#4424=ADVANCED_FACE('',(#498),#261,.F.);
#4425=ADVANCED_FACE('',(#499),#262,.F.);
#4426=ADVANCED_FACE('',(#500),#263,.F.);
#4427=ADVANCED_FACE('',(#501),#264,.F.);
#4428=ADVANCED_FACE('',(#502),#265,.F.);
#4429=ADVANCED_FACE('',(#503),#29,.F.);
#4430=ADVANCED_FACE('',(#504),#266,.F.);
#4431=ADVANCED_FACE('',(#505),#267,.F.);
#4432=ADVANCED_FACE('',(#506),#268,.F.);
#4433=ADVANCED_FACE('',(#507),#269,.F.);
#4434=ADVANCED_FACE('',(#508),#270,.T.);
#4435=ADVANCED_FACE('',(#509),#30,.F.);
#4436=ADVANCED_FACE('',(#510),#271,.F.);
#4437=ADVANCED_FACE('',(#511),#272,.F.);
#4438=ADVANCED_FACE('',(#512),#273,.F.);
#4439=ADVANCED_FACE('',(#513),#274,.F.);
#4440=ADVANCED_FACE('',(#514),#275,.F.);
#4441=ADVANCED_FACE('',(#515),#31,.F.);
#4442=ADVANCED_FACE('',(#516),#276,.F.);
#4443=ADVANCED_FACE('',(#517),#277,.F.);
#4444=ADVANCED_FACE('',(#518),#278,.F.);
#4445=ADVANCED_FACE('',(#519),#279,.F.);
#4446=ADVANCED_FACE('',(#520),#280,.T.);
#4447=ADVANCED_FACE('',(#521),#32,.F.);
#4448=ADVANCED_FACE('',(#522),#281,.F.);
#4449=ADVANCED_FACE('',(#523),#282,.F.);
#4450=ADVANCED_FACE('',(#524),#283,.F.);
#4451=ADVANCED_FACE('',(#525),#284,.F.);
#4452=ADVANCED_FACE('',(#526),#285,.F.);
#4453=ADVANCED_FACE('',(#527),#33,.F.);
#4454=ADVANCED_FACE('',(#528),#286,.F.);
#4455=ADVANCED_FACE('',(#529),#287,.F.);
#4456=ADVANCED_FACE('',(#530),#288,.F.);
#4457=ADVANCED_FACE('',(#531),#289,.F.);
#4458=ADVANCED_FACE('',(#532),#290,.T.);
#4459=ADVANCED_FACE('',(#533),#34,.F.);
#4460=ADVANCED_FACE('',(#534),#291,.F.);
#4461=ADVANCED_FACE('',(#535),#35,.F.);
#4462=ADVANCED_FACE('',(#536),#292,.F.);
#4463=ADVANCED_FACE('',(#537),#4243,.T.);
#4464=ADVANCED_FACE('',(#538),#293,.F.);
#4465=ADVANCED_FACE('',(#539),#294,.F.);
#4466=ADVANCED_FACE('',(#540),#295,.F.);
#4467=ADVANCED_FACE('',(#541),#4244,.F.);
#4468=ADVANCED_FACE('',(#542),#296,.F.);
#4469=ADVANCED_FACE('',(#543),#297,.T.);
#4470=ADVANCED_FACE('',(#544),#298,.F.);
#4471=ADVANCED_FACE('',(#545),#4245,.T.);
#4472=ADVANCED_FACE('',(#546),#299,.T.);
#4473=ADVANCED_FACE('',(#547),#300,.F.);
#4474=ADVANCED_FACE('',(#548),#4246,.T.);
#4475=ADVANCED_FACE('',(#549),#301,.T.);
#4476=ADVANCED_FACE('',(#550),#302,.F.);
#4477=ADVANCED_FACE('',(#551),#303,.F.);
#4478=ADVANCED_FACE('',(#552),#304,.F.);
#4479=ADVANCED_FACE('',(#553),#305,.F.);
#4480=ADVANCED_FACE('',(#554),#306,.F.);
#4481=ADVANCED_FACE('',(#555),#307,.T.);
#4482=ADVANCED_FACE('',(#556),#308,.F.);
#4483=ADVANCED_FACE('',(#557),#309,.F.);
#4484=ADVANCED_FACE('',(#558),#310,.F.);
#4485=ADVANCED_FACE('',(#559),#311,.F.);
#4486=ADVANCED_FACE('',(#560),#312,.F.);
#4487=ADVANCED_FACE('',(#561),#313,.T.);
#4488=ADVANCED_FACE('',(#562),#314,.F.);
#4489=ADVANCED_FACE('',(#563),#315,.F.);
#4490=ADVANCED_FACE('',(#564),#316,.F.);
#4491=ADVANCED_FACE('',(#565),#317,.F.);
#4492=ADVANCED_FACE('',(#566),#318,.F.);
#4493=ADVANCED_FACE('',(#567),#319,.T.);
#4494=ADVANCED_FACE('',(#568),#320,.F.);
#4495=CLOSED_SHELL('',(#4247,#4248,#4249));
#4496=CLOSED_SHELL('',(#4250,#4251,#4252,#4253,#4254,#4255));
#4497=CLOSED_SHELL('',(#4256,#4257,#4258,#4259,#4260,#4261));
#4498=CLOSED_SHELL('',(#4262,#4263,#4264,#4265,#4266,#4267,#4268,#4269,
#4270,#4271,#4272,#4273,#4274,#4275,#4276,#4277,#4278,#4279,#4280,#4281,
#4282,#4283,#4284,#4285,#4286,#4287,#4288,#4289,#4290,#4291,#4292,#4293,
#4294,#4295,#4296,#4297,#4298,#4299,#4300,#4301,#4302,#4303,#4304,#4305,
#4306,#4307,#4308,#4309,#4310,#4311,#4312,#4313,#4314,#4315,#4316,#4317,
#4318,#4319));
#4499=CLOSED_SHELL('',(#4320,#4321,#4322,#4323,#4324,#4325,#4326,#4327,
#4328,#4329));
#4500=CLOSED_SHELL('',(#4330,#4331,#4332,#4333,#4334,#4335,#4336,#4337,
#4338,#4339,#4340,#4341,#4342,#4343,#4344,#4345,#4346,#4347,#4348,#4349,
#4350,#4351,#4352,#4353,#4354,#4355));
#4501=CLOSED_SHELL('',(#4356,#4357,#4358,#4359,#4360,#4361,#4362,#4363,
#4364,#4365,#4366,#4367,#4368,#4369,#4370,#4371,#4372,#4373,#4374,#4375,
#4376,#4377,#4378,#4379,#4380,#4381));
#4502=CLOSED_SHELL('',(#4382,#4383,#4384,#4385,#4386,#4387,#4388,#4389,
#4390,#4391));
#4503=CLOSED_SHELL('',(#4392,#4393,#4394,#4395,#4396,#4397,#4398,#4399,
#4400,#4401,#4402,#4403,#4404,#4405,#4406));
#4504=CLOSED_SHELL('',(#4407,#4408,#4409,#4410,#4411,#4412,#4413,#4414,
#4415,#4416,#4417,#4418,#4419,#4420,#4421,#4422));
#4505=CLOSED_SHELL('',(#4423,#4424,#4425,#4426,#4427,#4428,#4429,#4430,
#4431,#4432,#4433,#4434));
#4506=CLOSED_SHELL('',(#4435,#4436,#4437,#4438,#4439,#4440,#4441,#4442,
#4443,#4444,#4445,#4446));
#4507=CLOSED_SHELL('',(#4447,#4448,#4449,#4450,#4451,#4452,#4453,#4454,
#4455,#4456,#4457,#4458));
#4508=CLOSED_SHELL('',(#4459,#4460,#4461,#4462,#4463,#4464,#4465,#4466,
#4467,#4468,#4469,#4470));
#4509=CLOSED_SHELL('',(#4471,#4472,#4473));
#4510=CLOSED_SHELL('',(#4474,#4475,#4476));
#4511=CLOSED_SHELL('',(#4477,#4478,#4479,#4480,#4481,#4482));
#4512=CLOSED_SHELL('',(#4483,#4484,#4485,#4486,#4487,#4488));
#4513=CLOSED_SHELL('',(#4489,#4490,#4491,#4492,#4493,#4494));
#4514=AXIS2_PLACEMENT_3D('placement',#5934,#4817,#4818);
#4515=AXIS2_PLACEMENT_3D('',#5935,#4819,#4820);
#4516=AXIS2_PLACEMENT_3D('',#5937,#4821,#4822);
#4517=AXIS2_PLACEMENT_3D('',#5940,#4824,#4825);
#4518=AXIS2_PLACEMENT_3D('',#5941,#4826,#4827);
#4519=AXIS2_PLACEMENT_3D('',#5942,#4828,#4829);
#4520=AXIS2_PLACEMENT_3D('',#5943,#4830,#4831);
#4521=AXIS2_PLACEMENT_3D('',#5952,#4836,#4837);
#4522=AXIS2_PLACEMENT_3D('',#5958,#4841,#4842);
#4523=AXIS2_PLACEMENT_3D('',#5964,#4846,#4847);
#4524=AXIS2_PLACEMENT_3D('',#5967,#4850,#4851);
#4525=AXIS2_PLACEMENT_3D('',#5968,#4852,#4853);
#4526=AXIS2_PLACEMENT_3D('',#5969,#4854,#4855);
#4527=AXIS2_PLACEMENT_3D('',#5978,#4860,#4861);
#4528=AXIS2_PLACEMENT_3D('',#5984,#4865,#4866);
#4529=AXIS2_PLACEMENT_3D('',#5990,#4870,#4871);
#4530=AXIS2_PLACEMENT_3D('',#5993,#4874,#4875);
#4531=AXIS2_PLACEMENT_3D('',#5994,#4876,#4877);
#4532=AXIS2_PLACEMENT_3D('',#5995,#4878,#4879);
#4533=AXIS2_PLACEMENT_3D('',#5997,#4880,#4881);
#4534=AXIS2_PLACEMENT_3D('',#6000,#4883,#4884);
#4535=AXIS2_PLACEMENT_3D('',#6001,#4885,#4886);
#4536=AXIS2_PLACEMENT_3D('',#6010,#4891,#4892);
#4537=AXIS2_PLACEMENT_3D('',#6019,#4897,#4898);
#4538=AXIS2_PLACEMENT_3D('',#6028,#4903,#4904);
#4539=AXIS2_PLACEMENT_3D('',#6061,#4921,#4922);
#4540=AXIS2_PLACEMENT_3D('',#6070,#4927,#4928);
#4541=AXIS2_PLACEMENT_3D('',#6072,#4929,#4930);
#4542=AXIS2_PLACEMENT_3D('',#6079,#4934,#4935);
#4543=AXIS2_PLACEMENT_3D('',#6080,#4936,#4937);
#4544=AXIS2_PLACEMENT_3D('',#6118,#4957,#4958);
#4545=AXIS2_PLACEMENT_3D('',#6119,#4959,#4960);
#4546=AXIS2_PLACEMENT_3D('',#6121,#4961,#4962);
#4547=AXIS2_PLACEMENT_3D('',#6125,#4965,#4966);
#4548=AXIS2_PLACEMENT_3D('',#6160,#4985,#4986);
#4549=AXIS2_PLACEMENT_3D('',#6161,#4987,#4988);
#4550=AXIS2_PLACEMENT_3D('',#6170,#4993,#4994);
#4551=AXIS2_PLACEMENT_3D('',#6171,#4995,#4996);
#4552=AXIS2_PLACEMENT_3D('',#6173,#4997,#4998);
#4553=AXIS2_PLACEMENT_3D('',#6180,#5002,#5003);
#4554=AXIS2_PLACEMENT_3D('',#6181,#5004,#5005);
#4555=AXIS2_PLACEMENT_3D('',#6183,#5006,#5007);
#4556=AXIS2_PLACEMENT_3D('',#6185,#5009,#5010);
#4557=AXIS2_PLACEMENT_3D('',#6188,#5012,#5013);
#4558=AXIS2_PLACEMENT_3D('',#6189,#5014,#5015);
#4559=AXIS2_PLACEMENT_3D('',#6190,#5016,#5017);
#4560=AXIS2_PLACEMENT_3D('',#6192,#5019,#5020);
#4561=AXIS2_PLACEMENT_3D('',#6194,#5022,#5023);
#4562=AXIS2_PLACEMENT_3D('',#6195,#5024,#5025);
#4563=AXIS2_PLACEMENT_3D('',#6196,#5026,#5027);
#4564=AXIS2_PLACEMENT_3D('',#6198,#5028,#5029);
#4565=AXIS2_PLACEMENT_3D('',#6205,#5033,#5034);
#4566=AXIS2_PLACEMENT_3D('',#6207,#5035,#5036);
#4567=AXIS2_PLACEMENT_3D('',#6214,#5040,#5041);
#4568=AXIS2_PLACEMENT_3D('',#6216,#5042,#5043);
#4569=AXIS2_PLACEMENT_3D('',#6223,#5047,#5048);
#4570=AXIS2_PLACEMENT_3D('',#6224,#5049,#5050);
#4571=AXIS2_PLACEMENT_3D('',#6226,#5051,#5052);
#4572=AXIS2_PLACEMENT_3D('',#6228,#5054,#5055);
#4573=AXIS2_PLACEMENT_3D('',#6231,#5057,#5058);
#4574=AXIS2_PLACEMENT_3D('',#6232,#5059,#5060);
#4575=AXIS2_PLACEMENT_3D('',#6234,#5061,#5062);
#4576=AXIS2_PLACEMENT_3D('',#6236,#5064,#5065);
#4577=AXIS2_PLACEMENT_3D('',#6239,#5067,#5068);
#4578=AXIS2_PLACEMENT_3D('',#6240,#5069,#5070);
#4579=AXIS2_PLACEMENT_3D('',#6242,#5071,#5072);
#4580=AXIS2_PLACEMENT_3D('',#6244,#5074,#5075);
#4581=AXIS2_PLACEMENT_3D('',#6247,#5077,#5078);
#4582=AXIS2_PLACEMENT_3D('',#6248,#5079,#5080);
#4583=AXIS2_PLACEMENT_3D('',#6251,#5083,#5084);
#4584=AXIS2_PLACEMENT_3D('',#6252,#5085,#5086);
#4585=AXIS2_PLACEMENT_3D('',#6253,#5087,#5088);
#4586=AXIS2_PLACEMENT_3D('',#6254,#5089,#5090);
#4587=AXIS2_PLACEMENT_3D('',#6256,#5092,#5093);
#4588=AXIS2_PLACEMENT_3D('',#6258,#5095,#5096);
#4589=AXIS2_PLACEMENT_3D('',#6259,#5097,#5098);
#4590=AXIS2_PLACEMENT_3D('',#6260,#5099,#5100);
#4591=AXIS2_PLACEMENT_3D('',#6261,#5101,#5102);
#4592=AXIS2_PLACEMENT_3D('',#6263,#5104,#5105);
#4593=AXIS2_PLACEMENT_3D('',#6265,#5107,#5108);
#4594=AXIS2_PLACEMENT_3D('',#6266,#5109,#5110);
#4595=AXIS2_PLACEMENT_3D('',#6267,#5111,#5112);
#4596=AXIS2_PLACEMENT_3D('',#6268,#5113,#5114);
#4597=AXIS2_PLACEMENT_3D('',#6269,#5115,#5116);
#4598=AXIS2_PLACEMENT_3D('',#6290,#5129,#5130);
#4599=AXIS2_PLACEMENT_3D('',#6291,#5131,#5132);
#4600=AXIS2_PLACEMENT_3D('',#6293,#5134,#5135);
#4601=AXIS2_PLACEMENT_3D('',#6294,#5136,#5137);
#4602=AXIS2_PLACEMENT_3D('',#6296,#5139,#5140);
#4603=AXIS2_PLACEMENT_3D('',#6297,#5141,#5142);
#4604=AXIS2_PLACEMENT_3D('',#6299,#5144,#5145);
#4605=AXIS2_PLACEMENT_3D('',#6300,#5146,#5147);
#4606=AXIS2_PLACEMENT_3D('',#6302,#5149,#5150);
#4607=AXIS2_PLACEMENT_3D('',#6303,#5151,#5152);
#4608=AXIS2_PLACEMENT_3D('',#6305,#5154,#5155);
#4609=AXIS2_PLACEMENT_3D('',#6306,#5156,#5157);
#4610=AXIS2_PLACEMENT_3D('',#6308,#5159,#5160);
#4611=AXIS2_PLACEMENT_3D('',#6309,#5161,#5162);
#4612=AXIS2_PLACEMENT_3D('',#6311,#5164,#5165);
#4613=AXIS2_PLACEMENT_3D('',#6312,#5166,#5167);
#4614=AXIS2_PLACEMENT_3D('',#6314,#5169,#5170);
#4615=AXIS2_PLACEMENT_3D('',#6315,#5171,#5172);
#4616=AXIS2_PLACEMENT_3D('',#6316,#5173,#5174);
#4617=AXIS2_PLACEMENT_3D('',#6317,#5175,#5176);
#4618=AXIS2_PLACEMENT_3D('',#6318,#5177,#5178);
#4619=AXIS2_PLACEMENT_3D('',#6319,#5179,#5180);
#4620=AXIS2_PLACEMENT_3D('',#6320,#5181,#5182);
#4621=AXIS2_PLACEMENT_3D('',#6321,#5183,#5184);
#4622=AXIS2_PLACEMENT_3D('',#6322,#5185,#5186);
#4623=AXIS2_PLACEMENT_3D('',#6323,#5187,#5188);
#4624=AXIS2_PLACEMENT_3D('',#6324,#5189,#5190);
#4625=AXIS2_PLACEMENT_3D('',#6325,#5191,#5192);
#4626=AXIS2_PLACEMENT_3D('',#6326,#5193,#5194);
#4627=AXIS2_PLACEMENT_3D('',#6327,#5195,#5196);
#4628=AXIS2_PLACEMENT_3D('',#6328,#5197,#5198);
#4629=AXIS2_PLACEMENT_3D('',#6333,#5200,#5201);
#4630=AXIS2_PLACEMENT_3D('',#6341,#5206,#5207);
#4631=AXIS2_PLACEMENT_3D('',#6352,#5209,#5210);
#4632=AXIS2_PLACEMENT_3D('',#6353,#5211,#5212);
#4633=AXIS2_PLACEMENT_3D('',#6359,#5216,#5217);
#4634=AXIS2_PLACEMENT_3D('',#6370,#5219,#5220);
#4635=AXIS2_PLACEMENT_3D('',#6371,#5221,#5222);
#4636=AXIS2_PLACEMENT_3D('',#6375,#5224,#5225);
#4637=AXIS2_PLACEMENT_3D('',#6381,#5229,#5230);
#4638=AXIS2_PLACEMENT_3D('',#6384,#5233,#5234);
#4639=AXIS2_PLACEMENT_3D('',#6386,#5236,#5237);
#4640=AXIS2_PLACEMENT_3D('',#6387,#5238,#5239);
#4641=AXIS2_PLACEMENT_3D('',#6389,#5241,#5242);
#4642=AXIS2_PLACEMENT_3D('',#6390,#5243,#5244);
#4643=AXIS2_PLACEMENT_3D('',#6399,#5249,#5250);
#4644=AXIS2_PLACEMENT_3D('',#6404,#5252,#5253);
#4645=AXIS2_PLACEMENT_3D('',#6409,#5257,#5258);
#4646=AXIS2_PLACEMENT_3D('',#6420,#5260,#5261);
#4647=AXIS2_PLACEMENT_3D('',#6421,#5262,#5263);
#4648=AXIS2_PLACEMENT_3D('',#6427,#5267,#5268);
#4649=AXIS2_PLACEMENT_3D('',#6438,#5270,#5271);
#4650=AXIS2_PLACEMENT_3D('',#6439,#5272,#5273);
#4651=AXIS2_PLACEMENT_3D('',#6443,#5275,#5276);
#4652=AXIS2_PLACEMENT_3D('',#6449,#5280,#5281);
#4653=AXIS2_PLACEMENT_3D('',#6455,#5285,#5286);
#4654=AXIS2_PLACEMENT_3D('',#6460,#5288,#5289);
#4655=AXIS2_PLACEMENT_3D('',#6465,#5293,#5294);
#4656=AXIS2_PLACEMENT_3D('',#6476,#5296,#5297);
#4657=AXIS2_PLACEMENT_3D('',#6477,#5298,#5299);
#4658=AXIS2_PLACEMENT_3D('',#6483,#5303,#5304);
#4659=AXIS2_PLACEMENT_3D('',#6494,#5306,#5307);
#4660=AXIS2_PLACEMENT_3D('',#6495,#5308,#5309);
#4661=AXIS2_PLACEMENT_3D('',#6499,#5311,#5312);
#4662=AXIS2_PLACEMENT_3D('',#6505,#5316,#5317);
#4663=AXIS2_PLACEMENT_3D('',#6511,#5321,#5322);
#4664=AXIS2_PLACEMENT_3D('',#6516,#5324,#5325);
#4665=AXIS2_PLACEMENT_3D('',#6521,#5329,#5330);
#4666=AXIS2_PLACEMENT_3D('',#6532,#5332,#5333);
#4667=AXIS2_PLACEMENT_3D('',#6533,#5334,#5335);
#4668=AXIS2_PLACEMENT_3D('',#6539,#5339,#5340);
#4669=AXIS2_PLACEMENT_3D('',#6550,#5342,#5343);
#4670=AXIS2_PLACEMENT_3D('',#6551,#5344,#5345);
#4671=AXIS2_PLACEMENT_3D('',#6555,#5347,#5348);
#4672=AXIS2_PLACEMENT_3D('',#6558,#5351,#5352);
#4673=AXIS2_PLACEMENT_3D('',#6562,#5356,#5357);
#4674=AXIS2_PLACEMENT_3D('',#6563,#5358,#5359);
#4675=AXIS2_PLACEMENT_3D('',#6565,#5361,#5362);
#4676=AXIS2_PLACEMENT_3D('',#6566,#5363,#5364);
#4677=AXIS2_PLACEMENT_3D('',#6568,#5366,#5367);
#4678=AXIS2_PLACEMENT_3D('',#6569,#5368,#5369);
#4679=AXIS2_PLACEMENT_3D('',#6571,#5371,#5372);
#4680=AXIS2_PLACEMENT_3D('',#6572,#5373,#5374);
#4681=AXIS2_PLACEMENT_3D('',#6577,#5376,#5377);
#4682=AXIS2_PLACEMENT_3D('',#6585,#5382,#5383);
#4683=AXIS2_PLACEMENT_3D('',#6591,#5387,#5388);
#4684=AXIS2_PLACEMENT_3D('',#6596,#5390,#5391);
#4685=AXIS2_PLACEMENT_3D('',#6601,#5395,#5396);
#4686=AXIS2_PLACEMENT_3D('',#6607,#5400,#5401);
#4687=AXIS2_PLACEMENT_3D('',#6611,#5403,#5404);
#4688=AXIS2_PLACEMENT_3D('',#6617,#5408,#5409);
#4689=AXIS2_PLACEMENT_3D('',#6623,#5413,#5414);
#4690=AXIS2_PLACEMENT_3D('',#6628,#5416,#5417);
#4691=AXIS2_PLACEMENT_3D('',#6633,#5421,#5422);
#4692=AXIS2_PLACEMENT_3D('',#6639,#5426,#5427);
#4693=AXIS2_PLACEMENT_3D('',#6643,#5429,#5430);
#4694=AXIS2_PLACEMENT_3D('',#6649,#5434,#5435);
#4695=AXIS2_PLACEMENT_3D('',#6655,#5439,#5440);
#4696=AXIS2_PLACEMENT_3D('',#6660,#5442,#5443);
#4697=AXIS2_PLACEMENT_3D('',#6665,#5447,#5448);
#4698=AXIS2_PLACEMENT_3D('',#6671,#5452,#5453);
#4699=AXIS2_PLACEMENT_3D('',#6675,#5455,#5456);
#4700=AXIS2_PLACEMENT_3D('',#6681,#5460,#5461);
#4701=AXIS2_PLACEMENT_3D('',#6687,#5465,#5466);
#4702=AXIS2_PLACEMENT_3D('',#6692,#5468,#5469);
#4703=AXIS2_PLACEMENT_3D('',#6697,#5473,#5474);
#4704=AXIS2_PLACEMENT_3D('',#6700,#5477,#5478);
#4705=AXIS2_PLACEMENT_3D('',#6705,#5483,#5484);
#4706=AXIS2_PLACEMENT_3D('',#6706,#5485,#5486);
#4707=AXIS2_PLACEMENT_3D('',#6708,#5488,#5489);
#4708=AXIS2_PLACEMENT_3D('',#6709,#5490,#5491);
#4709=AXIS2_PLACEMENT_3D('',#6711,#5493,#5494);
#4710=AXIS2_PLACEMENT_3D('',#6712,#5495,#5496);
#4711=AXIS2_PLACEMENT_3D('',#6714,#5498,#5499);
#4712=AXIS2_PLACEMENT_3D('',#6715,#5500,#5501);
#4713=AXIS2_PLACEMENT_3D('',#6717,#5503,#5504);
#4714=AXIS2_PLACEMENT_3D('',#6718,#5505,#5506);
#4715=AXIS2_PLACEMENT_3D('',#6759,#5511,#5512);
#4716=AXIS2_PLACEMENT_3D('',#6818,#5519,#5520);
#4717=AXIS2_PLACEMENT_3D('',#6835,#5523,#5524);
#4718=AXIS2_PLACEMENT_3D('',#6852,#5527,#5528);
#4719=AXIS2_PLACEMENT_3D('',#6867,#5531,#5532);
#4720=AXIS2_PLACEMENT_3D('',#6868,#5533,#5534);
#4721=AXIS2_PLACEMENT_3D('',#6918,#5544,#5545);
#4722=AXIS2_PLACEMENT_3D('',#6982,#5557,#5558);
#4723=AXIS2_PLACEMENT_3D('',#6984,#5560,#5561);
#4724=AXIS2_PLACEMENT_3D('',#6986,#5563,#5564);
#4725=AXIS2_PLACEMENT_3D('',#7005,#5567,#5568);
#4726=AXIS2_PLACEMENT_3D('',#7022,#5571,#5572);
#4727=AXIS2_PLACEMENT_3D('',#7024,#5574,#5575);
#4728=AXIS2_PLACEMENT_3D('',#7039,#5578,#5579);
#4729=AXIS2_PLACEMENT_3D('',#7041,#5581,#5582);
#4730=AXIS2_PLACEMENT_3D('',#7043,#5584,#5585);
#4731=AXIS2_PLACEMENT_3D('',#7066,#5588,#5589);
#4732=AXIS2_PLACEMENT_3D('',#7072,#5593,#5594);
#4733=AXIS2_PLACEMENT_3D('',#7078,#5598,#5599);
#4734=AXIS2_PLACEMENT_3D('',#7084,#5603,#5604);
#4735=AXIS2_PLACEMENT_3D('',#7090,#5608,#5609);
#4736=AXIS2_PLACEMENT_3D('',#7096,#5613,#5614);
#4737=AXIS2_PLACEMENT_3D('',#7102,#5618,#5619);
#4738=AXIS2_PLACEMENT_3D('',#7108,#5623,#5624);
#4739=AXIS2_PLACEMENT_3D('',#7114,#5628,#5629);
#4740=AXIS2_PLACEMENT_3D('',#7120,#5633,#5634);
#4741=AXIS2_PLACEMENT_3D('',#7126,#5638,#5639);
#4742=AXIS2_PLACEMENT_3D('',#7151,#5644,#5645);
#4743=AXIS2_PLACEMENT_3D('',#7154,#5648,#5649);
#4744=AXIS2_PLACEMENT_3D('',#7155,#5650,#5651);
#4745=AXIS2_PLACEMENT_3D('',#7182,#5654,#5655);
#4746=AXIS2_PLACEMENT_3D('',#7188,#5659,#5660);
#4747=AXIS2_PLACEMENT_3D('',#7194,#5664,#5665);
#4748=AXIS2_PLACEMENT_3D('',#7200,#5669,#5670);
#4749=AXIS2_PLACEMENT_3D('',#7206,#5674,#5675);
#4750=AXIS2_PLACEMENT_3D('',#7231,#5680,#5681);
#4751=AXIS2_PLACEMENT_3D('',#7237,#5685,#5686);
#4752=AXIS2_PLACEMENT_3D('',#7243,#5690,#5691);
#4753=AXIS2_PLACEMENT_3D('',#7246,#5694,#5695);
#4754=AXIS2_PLACEMENT_3D('',#7247,#5696,#5697);
#4755=AXIS2_PLACEMENT_3D('',#7274,#5700,#5701);
#4756=AXIS2_PLACEMENT_3D('',#7280,#5705,#5706);
#4757=AXIS2_PLACEMENT_3D('',#7286,#5710,#5711);
#4758=AXIS2_PLACEMENT_3D('',#7292,#5715,#5716);
#4759=AXIS2_PLACEMENT_3D('',#7298,#5720,#5721);
#4760=AXIS2_PLACEMENT_3D('',#7323,#5726,#5727);
#4761=AXIS2_PLACEMENT_3D('',#7329,#5731,#5732);
#4762=AXIS2_PLACEMENT_3D('',#7335,#5736,#5737);
#4763=AXIS2_PLACEMENT_3D('',#7338,#5740,#5741);
#4764=AXIS2_PLACEMENT_3D('',#7339,#5742,#5743);
#4765=AXIS2_PLACEMENT_3D('',#7366,#5746,#5747);
#4766=AXIS2_PLACEMENT_3D('',#7372,#5751,#5752);
#4767=AXIS2_PLACEMENT_3D('',#7378,#5756,#5757);
#4768=AXIS2_PLACEMENT_3D('',#7384,#5761,#5762);
#4769=AXIS2_PLACEMENT_3D('',#7390,#5766,#5767);
#4770=AXIS2_PLACEMENT_3D('',#7415,#5772,#5773);
#4771=AXIS2_PLACEMENT_3D('',#7421,#5777,#5778);
#4772=AXIS2_PLACEMENT_3D('',#7427,#5782,#5783);
#4773=AXIS2_PLACEMENT_3D('',#7430,#5786,#5787);
#4774=AXIS2_PLACEMENT_3D('',#7431,#5788,#5789);
#4775=AXIS2_PLACEMENT_3D('',#7466,#5792,#5793);
#4776=AXIS2_PLACEMENT_3D('',#7511,#5798,#5799);
#4777=AXIS2_PLACEMENT_3D('',#7517,#5803,#5804);
#4778=AXIS2_PLACEMENT_3D('',#7519,#5805,#5806);
#4779=AXIS2_PLACEMENT_3D('',#7522,#5808,#5809);
#4780=AXIS2_PLACEMENT_3D('',#7523,#5810,#5811);
#4781=AXIS2_PLACEMENT_3D('',#7529,#5815,#5816);
#4782=AXIS2_PLACEMENT_3D('',#7535,#5820,#5821);
#4783=AXIS2_PLACEMENT_3D('',#7541,#5825,#5826);
#4784=AXIS2_PLACEMENT_3D('',#7543,#5827,#5828);
#4785=AXIS2_PLACEMENT_3D('',#7546,#5830,#5831);
#4786=AXIS2_PLACEMENT_3D('',#7547,#5832,#5833);
#4787=AXIS2_PLACEMENT_3D('',#7550,#5836,#5837);
#4788=AXIS2_PLACEMENT_3D('',#7551,#5838,#5839);
#4789=AXIS2_PLACEMENT_3D('',#7552,#5840,#5841);
#4790=AXIS2_PLACEMENT_3D('',#7554,#5842,#5843);
#4791=AXIS2_PLACEMENT_3D('',#7557,#5845,#5846);
#4792=AXIS2_PLACEMENT_3D('',#7558,#5847,#5848);
#4793=AXIS2_PLACEMENT_3D('',#7559,#5849,#5850);
#4794=AXIS2_PLACEMENT_3D('',#7560,#5851,#5852);
#4795=AXIS2_PLACEMENT_3D('',#7562,#5853,#5854);
#4796=AXIS2_PLACEMENT_3D('',#7565,#5856,#5857);
#4797=AXIS2_PLACEMENT_3D('',#7566,#5858,#5859);
#4798=AXIS2_PLACEMENT_3D('',#7567,#5860,#5861);
#4799=AXIS2_PLACEMENT_3D('',#7568,#5862,#5863);
#4800=AXIS2_PLACEMENT_3D('',#7577,#5868,#5869);
#4801=AXIS2_PLACEMENT_3D('',#7583,#5873,#5874);
#4802=AXIS2_PLACEMENT_3D('',#7589,#5878,#5879);
#4803=AXIS2_PLACEMENT_3D('',#7592,#5882,#5883);
#4804=AXIS2_PLACEMENT_3D('',#7593,#5884,#5885);
#4805=AXIS2_PLACEMENT_3D('',#7594,#5886,#5887);
#4806=AXIS2_PLACEMENT_3D('',#7603,#5892,#5893);
#4807=AXIS2_PLACEMENT_3D('',#7609,#5897,#5898);
#4808=AXIS2_PLACEMENT_3D('',#7615,#5902,#5903);
#4809=AXIS2_PLACEMENT_3D('',#7618,#5906,#5907);
#4810=AXIS2_PLACEMENT_3D('',#7619,#5908,#5909);
#4811=AXIS2_PLACEMENT_3D('',#7620,#5910,#5911);
#4812=AXIS2_PLACEMENT_3D('',#7629,#5916,#5917);
#4813=AXIS2_PLACEMENT_3D('',#7635,#5921,#5922);
#4814=AXIS2_PLACEMENT_3D('',#7641,#5926,#5927);
#4815=AXIS2_PLACEMENT_3D('',#7644,#5930,#5931);
#4816=AXIS2_PLACEMENT_3D('',#7645,#5932,#5933);
#4817=DIRECTION('axis',(0.,0.,1.));
#4818=DIRECTION('refdir',(1.,0.,0.));
#4819=DIRECTION('center_axis',(0.,0.,-1.));
#4820=DIRECTION('ref_axis',(1.83697019872103E-16,1.,0.));
#4821=DIRECTION('center_axis',(0.,0.,1.));
#4822=DIRECTION('ref_axis',(-1.83697019872103E-16,-1.,0.));
#4823=DIRECTION('',(0.,0.,1.));
#4824=DIRECTION('center_axis',(0.,0.,1.));
#4825=DIRECTION('ref_axis',(-1.83697019872103E-16,-1.,0.));
#4826=DIRECTION('center_axis',(0.,0.,1.));
#4827=DIRECTION('ref_axis',(-1.83697019872103E-16,-1.,0.));
#4828=DIRECTION('center_axis',(0.,0.,1.));
#4829=DIRECTION('ref_axis',(-1.83697019872103E-16,-1.,0.));
#4830=DIRECTION('center_axis',(-1.0842021724855E-16,5.58117384119729E-33,
-1.));
#4831=DIRECTION('ref_axis',(1.,-1.83697019872103E-16,-1.0842021724855E-16));
#4832=DIRECTION('',(1.,-1.83697019872103E-16,-1.0842021724855E-16));
#4833=DIRECTION('',(-5.14772427397243E-17,-1.,0.));
#4834=DIRECTION('',(1.,-1.83697019872103E-16,-1.0842021724855E-16));
#4835=DIRECTION('',(-5.14772427397243E-17,-1.,0.));
#4836=DIRECTION('center_axis',(-1.,5.14772427397243E-17,0.));
#4837=DIRECTION('ref_axis',(-5.14772427397243E-17,-1.,0.));
#4838=DIRECTION('',(0.,0.,-1.));
#4839=DIRECTION('',(-5.14772427397243E-17,-1.,0.));
#4840=DIRECTION('',(0.,0.,-1.));
#4841=DIRECTION('center_axis',(1.0842021724855E-16,-5.58117384119729E-33,
1.));
#4842=DIRECTION('ref_axis',(-1.,1.83697019872103E-16,1.0842021724855E-16));
#4843=DIRECTION('',(-1.,1.83697019872103E-16,1.0842021724855E-16));
#4844=DIRECTION('',(-5.14772427397243E-17,-1.,0.));
#4845=DIRECTION('',(-1.,1.83697019872103E-16,1.0842021724855E-16));
#4846=DIRECTION('center_axis',(1.,-5.14772427397243E-17,0.));
#4847=DIRECTION('ref_axis',(5.14772427397243E-17,1.,0.));
#4848=DIRECTION('',(0.,0.,1.));
#4849=DIRECTION('',(0.,0.,1.));
#4850=DIRECTION('center_axis',(1.83697019872103E-16,1.,0.));
#4851=DIRECTION('ref_axis',(0.,0.,1.));
#4852=DIRECTION('center_axis',(1.83697019872103E-16,1.,0.));
#4853=DIRECTION('ref_axis',(0.,0.,1.));
#4854=DIRECTION('center_axis',(1.0842021724855E-16,-5.58117384119729E-33,
1.));
#4855=DIRECTION('ref_axis',(-1.,1.83697019872103E-16,1.0842021724855E-16));
#4856=DIRECTION('',(1.,-1.83697019872103E-16,-1.0842021724855E-16));
#4857=DIRECTION('',(5.14772427397243E-17,1.,0.));
#4858=DIRECTION('',(1.,-1.83697019872103E-16,-1.0842021724855E-16));
#4859=DIRECTION('',(5.14772427397243E-17,1.,0.));
#4860=DIRECTION('center_axis',(-1.,5.14772427397243E-17,0.));
#4861=DIRECTION('ref_axis',(-5.14772427397243E-17,-1.,0.));
#4862=DIRECTION('',(0.,0.,1.));
#4863=DIRECTION('',(5.14772427397243E-17,1.,0.));
#4864=DIRECTION('',(0.,0.,1.));
#4865=DIRECTION('center_axis',(-1.0842021724855E-16,5.58117384119729E-33,
-1.));
#4866=DIRECTION('ref_axis',(1.,-1.83697019872103E-16,-1.0842021724855E-16));
#4867=DIRECTION('',(-1.,1.83697019872103E-16,1.0842021724855E-16));
#4868=DIRECTION('',(5.14772427397243E-17,1.,0.));
#4869=DIRECTION('',(-1.,1.83697019872103E-16,1.0842021724855E-16));
#4870=DIRECTION('center_axis',(1.,-5.14772427397243E-17,0.));
#4871=DIRECTION('ref_axis',(5.14772427397243E-17,1.,0.));
#4872=DIRECTION('',(0.,0.,-1.));
#4873=DIRECTION('',(0.,0.,-1.));
#4874=DIRECTION('center_axis',(-1.83697019872103E-16,-1.,0.));
#4875=DIRECTION('ref_axis',(0.,0.,-1.));
#4876=DIRECTION('center_axis',(-1.83697019872103E-16,-1.,0.));
#4877=DIRECTION('ref_axis',(0.,0.,-1.));
#4878=DIRECTION('center_axis',(0.,0.,1.));
#4879=DIRECTION('ref_axis',(-1.83697019872103E-16,-1.,0.));
#4880=DIRECTION('center_axis',(0.,0.,1.));
#4881=DIRECTION('ref_axis',(-1.83697019872103E-16,-1.,0.));
#4882=DIRECTION('',(0.,0.,1.));
#4883=DIRECTION('center_axis',(0.,0.,1.));
#4884=DIRECTION('ref_axis',(-1.83697019872103E-16,-1.,0.));
#4885=DIRECTION('center_axis',(0.,0.,1.));
#4886=DIRECTION('ref_axis',(-1.83697019872103E-16,-1.,0.));
#4887=DIRECTION('',(1.,-1.83697019872103E-16,0.));
#4888=DIRECTION('',(5.14772427397243E-17,1.,0.));
#4889=DIRECTION('',(1.,-4.54747562993479E-16,0.));
#4890=DIRECTION('',(-1.83697019872103E-16,-1.,0.));
#4891=DIRECTION('center_axis',(0.,0.,1.));
#4892=DIRECTION('ref_axis',(-1.83697019872103E-16,-1.,0.));
#4893=DIRECTION('',(1.,-1.83697019872103E-16,0.));
#4894=DIRECTION('',(5.14772427397243E-17,1.,0.));
#4895=DIRECTION('',(1.,-1.83697019872103E-16,0.));
#4896=DIRECTION('',(-1.83697019872103E-16,-1.,0.));
#4897=DIRECTION('center_axis',(0.,0.,1.));
#4898=DIRECTION('ref_axis',(-1.83697019872103E-16,-1.,0.));
#4899=DIRECTION('',(1.,-1.83697019872103E-16,0.));
#4900=DIRECTION('',(5.14772427397243E-17,1.,0.));
#4901=DIRECTION('',(1.,-1.83697019872103E-16,0.));
#4902=DIRECTION('',(-1.83697019872103E-16,-1.,0.));
#4903=DIRECTION('center_axis',(0.,0.,1.));
#4904=DIRECTION('ref_axis',(-1.83697019872103E-16,-1.,0.));
#4905=DIRECTION('',(-1.,5.14772427397244E-17,0.));
#4906=DIRECTION('',(5.14772427397243E-17,1.,0.));
#4907=DIRECTION('',(1.,-8.0929041437458E-17,0.));
#4908=DIRECTION('',(1.83697019872103E-16,1.,0.));
#4909=DIRECTION('',(1.,-2.86464998306748E-16,0.));
#4910=DIRECTION('',(5.14772427397243E-17,1.,0.));
#4911=DIRECTION('',(1.,-5.14772427397244E-17,0.));
#4912=DIRECTION('',(5.14772427397243E-17,1.,0.));
#4913=DIRECTION('',(-1.,1.83697019872103E-16,0.));
#4914=DIRECTION('',(-1.83697019872103E-16,-1.,0.));
#4915=DIRECTION('',(1.,1.56178269308306E-16,0.));
#4916=DIRECTION('',(5.14772427397243E-17,1.,0.));
#4917=DIRECTION('',(-1.,1.83697019872103E-16,0.));
#4918=DIRECTION('',(-1.83697019872103E-16,-1.,0.));
#4919=DIRECTION('',(1.,1.56178269308306E-16,0.));
#4920=DIRECTION('',(5.14772427397243E-17,1.,0.));
#4921=DIRECTION('center_axis',(0.,0.,1.));
#4922=DIRECTION('ref_axis',(-1.83697019872103E-16,-1.,0.));
#4923=DIRECTION('',(1.,-1.83697019872103E-16,0.));
#4924=DIRECTION('',(5.14772427397243E-17,1.,0.));
#4925=DIRECTION('',(-1.,-5.69221155465053E-16,0.));
#4926=DIRECTION('',(1.83697019872103E-16,1.,0.));
#4927=DIRECTION('center_axis',(5.14772427397244E-17,1.,0.));
#4928=DIRECTION('ref_axis',(-1.,5.14772427397244E-17,0.));
#4929=DIRECTION('center_axis',(5.14772427397244E-17,1.,0.));
#4930=DIRECTION('ref_axis',(-1.,5.14772427397243E-17,0.));
#4931=DIRECTION('',(0.,0.,-1.));
#4932=DIRECTION('',(1.,-5.14772427397244E-17,0.));
#4933=DIRECTION('',(0.,0.,-1.));
#4934=DIRECTION('center_axis',(5.14772427397244E-17,1.,0.));
#4935=DIRECTION('ref_axis',(-1.,5.14772427397243E-17,0.));
#4936=DIRECTION('center_axis',(-1.,1.83697019872103E-16,0.));
#4937=DIRECTION('ref_axis',(0.,0.,-1.));
#4938=DIRECTION('',(5.14772427397243E-17,1.,0.));
#4939=DIRECTION('',(0.,0.,1.));
#4940=DIRECTION('',(1.83697019872103E-16,1.,0.));
#4941=DIRECTION('',(0.,0.,-1.));
#4942=DIRECTION('',(5.14772427397243E-17,1.,0.));
#4943=DIRECTION('',(0.,0.,1.));
#4944=DIRECTION('',(1.83697019872103E-16,1.,0.));
#4945=DIRECTION('',(0.,0.,-1.));
#4946=DIRECTION('',(5.14772427397243E-17,1.,0.));
#4947=DIRECTION('',(0.,0.,1.));
#4948=DIRECTION('',(1.83697019872103E-16,1.,0.));
#4949=DIRECTION('',(0.,0.,-1.));
#4950=DIRECTION('',(5.14772427397243E-17,1.,0.));
#4951=DIRECTION('',(0.,0.,1.));
#4952=DIRECTION('',(1.83697019872103E-16,1.,0.));
#4953=DIRECTION('',(0.,0.,-1.));
#4954=DIRECTION('',(5.14772427397243E-17,1.,0.));
#4955=DIRECTION('',(0.,0.,-1.));
#4956=DIRECTION('',(1.83697019872103E-16,1.,0.));
#4957=DIRECTION('center_axis',(-5.14772427397244E-17,-1.,0.));
#4958=DIRECTION('ref_axis',(1.,-5.14772427397244E-17,0.));
#4959=DIRECTION('center_axis',(-5.14772427397244E-17,-1.,0.));
#4960=DIRECTION('ref_axis',(1.,-5.14772427397243E-17,0.));
#4961=DIRECTION('center_axis',(-5.14772427397244E-17,-1.,0.));
#4962=DIRECTION('ref_axis',(1.,-5.14772427397243E-17,0.));
#4963=DIRECTION('',(0.,0.,-1.));
#4964=DIRECTION('',(-1.,5.14772427397244E-17,0.));
#4965=DIRECTION('center_axis',(1.,-1.83697019872103E-16,0.));
#4966=DIRECTION('ref_axis',(0.,0.,1.));
#4967=DIRECTION('',(-5.14772427397243E-17,-1.,0.));
#4968=DIRECTION('',(0.,0.,1.));
#4969=DIRECTION('',(1.83697019872103E-16,1.,0.));
#4970=DIRECTION('',(0.,0.,-1.));
#4971=DIRECTION('',(-5.14772427397243E-17,-1.,0.));
#4972=DIRECTION('',(0.,0.,1.));
#4973=DIRECTION('',(1.83697019872103E-16,1.,0.));
#4974=DIRECTION('',(0.,0.,-1.));
#4975=DIRECTION('',(-5.14772427397243E-17,-1.,0.));
#4976=DIRECTION('',(0.,0.,1.));
#4977=DIRECTION('',(1.83697019872103E-16,1.,0.));
#4978=DIRECTION('',(0.,0.,-1.));
#4979=DIRECTION('',(-5.14772427397243E-17,-1.,0.));
#4980=DIRECTION('',(0.,0.,1.));
#4981=DIRECTION('',(1.83697019872103E-16,1.,0.));
#4982=DIRECTION('',(0.,0.,-1.));
#4983=DIRECTION('',(-5.14772427397243E-17,-1.,0.));
#4984=DIRECTION('',(-1.83697019872103E-16,-1.,0.));
#4985=DIRECTION('center_axis',(0.,0.,1.));
#4986=DIRECTION('ref_axis',(-1.83697019872103E-16,-1.,0.));
#4987=DIRECTION('center_axis',(0.,0.,1.));
#4988=DIRECTION('ref_axis',(-1.83697019872103E-16,-1.,0.));
#4989=DIRECTION('',(1.,3.80991611630764E-16,0.));
#4990=DIRECTION('',(5.14772427397243E-17,1.,0.));
#4991=DIRECTION('',(-1.,1.83697019872103E-16,0.));
#4992=DIRECTION('',(1.83697019872103E-16,1.,0.));
#4993=DIRECTION('center_axis',(0.,0.,1.));
#4994=DIRECTION('ref_axis',(-1.83697019872103E-16,-1.,0.));
#4995=DIRECTION('center_axis',(0.,0.,-1.));
#4996=DIRECTION('ref_axis',(1.83697019872103E-16,1.,0.));
#4997=DIRECTION('center_axis',(0.,0.,-1.));
#4998=DIRECTION('ref_axis',(-1.83697019872103E-16,-1.,0.));
#4999=DIRECTION('',(1.,1.56178269308306E-16,0.));
#5000=DIRECTION('',(-1.83697019872103E-16,-1.,0.));
#5001=DIRECTION('',(-1.,1.83697019872103E-16,0.));
#5002=DIRECTION('center_axis',(0.,0.,-1.));
#5003=DIRECTION('ref_axis',(1.83697019872103E-16,1.,0.));
#5004=DIRECTION('center_axis',(0.,0.,-1.));
#5005=DIRECTION('ref_axis',(1.83697019872103E-16,1.,0.));
#5006=DIRECTION('center_axis',(-0.617871039527157,0.420936414264897,-0.664114382963839));
#5007=DIRECTION('ref_axis',(0.00270504858593791,-0.843485961528693,-0.537144408344873));
#5008=DIRECTION('',(0.,0.,-1.));
#5009=DIRECTION('center_axis',(0.,0.,-1.));
#5010=DIRECTION('ref_axis',(1.83697019872103E-16,1.,0.));
#5011=DIRECTION('',(0.,0.,-1.));
#5012=DIRECTION('center_axis',(-0.617871039526566,-0.420936414264157,-0.664114382964858));
#5013=DIRECTION('ref_axis',(-0.00270522948490433,-0.843485884758847,0.537144527986667));
#5014=DIRECTION('center_axis',(-1.83697019872103E-16,-1.,0.));
#5015=DIRECTION('ref_axis',(0.,0.,-1.));
#5016=DIRECTION('center_axis',(-1.83697019872103E-16,-1.,0.));
#5017=DIRECTION('ref_axis',(0.,0.,-1.));
#5018=DIRECTION('',(0.,0.,-1.));
#5019=DIRECTION('center_axis',(1.,-1.83697019872103E-16,0.));
#5020=DIRECTION('ref_axis',(0.,0.,1.));
#5021=DIRECTION('',(0.,0.,-1.));
#5022=DIRECTION('center_axis',(-1.56178269308306E-16,1.,0.));
#5023=DIRECTION('ref_axis',(-1.,-1.56178269308306E-16,0.));
#5024=DIRECTION('center_axis',(-1.56178269308306E-16,1.,0.));
#5025=DIRECTION('ref_axis',(-1.,-1.56178269308306E-16,0.));
#5026=DIRECTION('center_axis',(0.,0.,-1.));
#5027=DIRECTION('ref_axis',(1.83697019872103E-16,1.,0.));
#5028=DIRECTION('center_axis',(0.,0.,-1.));
#5029=DIRECTION('ref_axis',(-1.83697019872103E-16,-1.,0.));
#5030=DIRECTION('',(1.,3.80991611630764E-16,0.));
#5031=DIRECTION('',(1.83697019872103E-16,1.,0.));
#5032=DIRECTION('',(-1.,1.83697019872103E-16,0.));
#5033=DIRECTION('center_axis',(0.,0.,-1.));
#5034=DIRECTION('ref_axis',(1.83697019872103E-16,1.,0.));
#5035=DIRECTION('center_axis',(0.,0.,-1.));
#5036=DIRECTION('ref_axis',(-1.83697019872103E-16,-1.,0.));
#5037=DIRECTION('',(1.,-1.83697019872103E-16,0.));
#5038=DIRECTION('',(1.83697019872103E-16,1.,0.));
#5039=DIRECTION('',(-1.,-5.69221155465053E-16,0.));
#5040=DIRECTION('center_axis',(0.,0.,-1.));
#5041=DIRECTION('ref_axis',(1.83697019872103E-16,1.,0.));
#5042=DIRECTION('center_axis',(0.,0.,-1.));
#5043=DIRECTION('ref_axis',(-1.83697019872103E-16,-1.,0.));
#5044=DIRECTION('',(1.,1.56178269308306E-16,0.));
#5045=DIRECTION('',(-1.83697019872103E-16,-1.,0.));
#5046=DIRECTION('',(-1.,1.83697019872103E-16,0.));
#5047=DIRECTION('center_axis',(0.,0.,-1.));
#5048=DIRECTION('ref_axis',(1.83697019872103E-16,1.,0.));
#5049=DIRECTION('center_axis',(0.,0.,-1.));
#5050=DIRECTION('ref_axis',(1.83697019872103E-16,1.,0.));
#5051=DIRECTION('center_axis',(-0.617871039527082,0.420936414264801,-0.664114382963971));
#5052=DIRECTION('ref_axis',(0.00270500825932276,-0.843485978642766,-0.537144381673469));
#5053=DIRECTION('',(0.,0.,-1.));
#5054=DIRECTION('center_axis',(0.,0.,-1.));
#5055=DIRECTION('ref_axis',(1.83697019872103E-16,1.,0.));
#5056=DIRECTION('',(0.,0.,-1.));
#5057=DIRECTION('center_axis',(-0.617871039527447,-0.420936414265264,-0.664114382963337));
#5058=DIRECTION('ref_axis',(-0.0027050571595284,-0.843485957889802,0.537144414015902));
#5059=DIRECTION('center_axis',(0.,0.,-1.));
#5060=DIRECTION('ref_axis',(1.83697019872103E-16,1.,0.));
#5061=DIRECTION('center_axis',(-0.617871039528158,0.420936414266085,-0.664114382962155));
#5062=DIRECTION('ref_axis',(0.00270519356331262,-0.843485900001298,-0.537144504232134));
#5063=DIRECTION('',(0.,0.,-1.));
#5064=DIRECTION('center_axis',(0.,0.,-1.));
#5065=DIRECTION('ref_axis',(1.83697019872103E-16,1.,0.));
#5066=DIRECTION('',(0.,0.,-1.));
#5067=DIRECTION('center_axis',(-0.617871039526133,-0.420936414263607,-0.66411438296561));
#5068=DIRECTION('ref_axis',(-0.00270522316042911,-0.843485887443449,0.537144523802849));
#5069=DIRECTION('center_axis',(0.,0.,-1.));
#5070=DIRECTION('ref_axis',(1.83697019872103E-16,1.,0.));
#5071=DIRECTION('center_axis',(-0.617871039527313,0.420936414265074,-0.664114382963582));
#5072=DIRECTION('ref_axis',(0.00270512631788235,-0.8434859285403,-0.537144459755578));
#5073=DIRECTION('',(0.,0.,-1.));
#5074=DIRECTION('center_axis',(0.,0.,-1.));
#5075=DIRECTION('ref_axis',(1.83697019872103E-16,1.,0.));
#5076=DIRECTION('',(0.,0.,-1.));
#5077=DIRECTION('center_axis',(-0.617871039526783,-0.420936414264442,-0.664114382964476));
#5078=DIRECTION('ref_axis',(-0.00270520262947814,-0.843485896155561,0.537144510225491));
#5079=DIRECTION('center_axis',(-1.,1.83697019872103E-16,0.));
#5080=DIRECTION('ref_axis',(0.,0.,-1.));
#5081=DIRECTION('',(0.,0.,-1.));
#5082=DIRECTION('',(0.,0.,-1.));
#5083=DIRECTION('center_axis',(-3.80991611630764E-16,1.,0.));
#5084=DIRECTION('ref_axis',(-1.,-3.80991611630764E-16,0.));
#5085=DIRECTION('center_axis',(-3.80991611630764E-16,1.,0.));
#5086=DIRECTION('ref_axis',(-1.,-3.80991611630764E-16,0.));
#5087=DIRECTION('center_axis',(-1.83697019872103E-16,-1.,0.));
#5088=DIRECTION('ref_axis',(0.,0.,-1.));
#5089=DIRECTION('center_axis',(-1.83697019872103E-16,-1.,0.));
#5090=DIRECTION('ref_axis',(0.,0.,-1.));
#5091=DIRECTION('',(0.,0.,-1.));
#5092=DIRECTION('center_axis',(1.,-1.83697019872103E-16,0.));
#5093=DIRECTION('ref_axis',(0.,0.,1.));
#5094=DIRECTION('',(0.,0.,-1.));
#5095=DIRECTION('center_axis',(-1.56178269308306E-16,1.,0.));
#5096=DIRECTION('ref_axis',(-1.,-1.56178269308306E-16,0.));
#5097=DIRECTION('center_axis',(-1.56178269308306E-16,1.,0.));
#5098=DIRECTION('ref_axis',(-1.,-1.56178269308306E-16,0.));
#5099=DIRECTION('center_axis',(5.69221155465053E-16,-1.,0.));
#5100=DIRECTION('ref_axis',(1.,5.69221155465053E-16,0.));
#5101=DIRECTION('center_axis',(5.69221155465053E-16,-1.,0.));
#5102=DIRECTION('ref_axis',(1.,5.69221155465053E-16,0.));
#5103=DIRECTION('',(0.,0.,-1.));
#5104=DIRECTION('center_axis',(-1.,1.83697019872103E-16,0.));
#5105=DIRECTION('ref_axis',(0.,0.,-1.));
#5106=DIRECTION('',(0.,0.,-1.));
#5107=DIRECTION('center_axis',(1.83697019872103E-16,1.,0.));
#5108=DIRECTION('ref_axis',(0.,0.,1.));
#5109=DIRECTION('center_axis',(1.83697019872103E-16,1.,0.));
#5110=DIRECTION('ref_axis',(0.,0.,1.));
#5111=DIRECTION('center_axis',(-1.83697019872103E-16,-1.,0.));
#5112=DIRECTION('ref_axis',(0.,0.,-1.));
#5113=DIRECTION('center_axis',(-1.83697019872103E-16,-1.,0.));
#5114=DIRECTION('ref_axis',(0.,0.,-1.));
#5115=DIRECTION('center_axis',(0.,0.,1.));
#5116=DIRECTION('ref_axis',(-1.83697019872103E-16,-1.,0.));
#5117=DIRECTION('',(-1.,2.86464998306748E-16,0.));
#5118=DIRECTION('',(1.83697019872103E-16,1.,0.));
#5119=DIRECTION('',(1.,-8.0929041437458E-17,0.));
#5120=DIRECTION('',(-1.,1.83697019872103E-16,0.));
#5121=DIRECTION('',(-1.83697019872103E-16,-1.,0.));
#5122=DIRECTION('',(1.,-1.83697019872103E-16,0.));
#5123=DIRECTION('',(-1.,1.83697019872103E-16,0.));
#5124=DIRECTION('',(-1.83697019872103E-16,-1.,0.));
#5125=DIRECTION('',(1.,-1.83697019872103E-16,0.));
#5126=DIRECTION('',(-1.,1.83697019872103E-16,0.));
#5127=DIRECTION('',(-1.83697019872103E-16,-1.,0.));
#5128=DIRECTION('',(1.,-4.54747562993479E-16,0.));
#5129=DIRECTION('center_axis',(4.54747562993479E-16,1.,0.));
#5130=DIRECTION('ref_axis',(-1.,4.54747562993479E-16,0.));
#5131=DIRECTION('center_axis',(4.54747562993479E-16,1.,0.));
#5132=DIRECTION('ref_axis',(-1.,4.54747562993479E-16,0.));
#5133=DIRECTION('',(0.,0.,-1.));
#5134=DIRECTION('center_axis',(-1.83697019872103E-16,-1.,0.));
#5135=DIRECTION('ref_axis',(0.,0.,-1.));
#5136=DIRECTION('center_axis',(-1.83697019872103E-16,-1.,0.));
#5137=DIRECTION('ref_axis',(0.,0.,-1.));
#5138=DIRECTION('',(0.,0.,-1.));
#5139=DIRECTION('center_axis',(1.83697019872103E-16,1.,0.));
#5140=DIRECTION('ref_axis',(0.,0.,1.));
#5141=DIRECTION('center_axis',(1.83697019872103E-16,1.,0.));
#5142=DIRECTION('ref_axis',(0.,0.,1.));
#5143=DIRECTION('',(0.,0.,-1.));
#5144=DIRECTION('center_axis',(-1.83697019872103E-16,-1.,0.));
#5145=DIRECTION('ref_axis',(0.,0.,-1.));
#5146=DIRECTION('center_axis',(-1.83697019872103E-16,-1.,0.));
#5147=DIRECTION('ref_axis',(0.,0.,-1.));
#5148=DIRECTION('',(0.,0.,-1.));
#5149=DIRECTION('center_axis',(1.83697019872103E-16,1.,0.));
#5150=DIRECTION('ref_axis',(0.,0.,1.));
#5151=DIRECTION('center_axis',(1.83697019872103E-16,1.,0.));
#5152=DIRECTION('ref_axis',(0.,0.,1.));
#5153=DIRECTION('',(0.,0.,-1.));
#5154=DIRECTION('center_axis',(-1.83697019872103E-16,-1.,0.));
#5155=DIRECTION('ref_axis',(0.,0.,-1.));
#5156=DIRECTION('center_axis',(-1.83697019872103E-16,-1.,0.));
#5157=DIRECTION('ref_axis',(0.,0.,-1.));
#5158=DIRECTION('',(0.,0.,-1.));
#5159=DIRECTION('center_axis',(8.0929041437458E-17,1.,0.));
#5160=DIRECTION('ref_axis',(-1.,8.0929041437458E-17,0.));
#5161=DIRECTION('center_axis',(8.0929041437458E-17,1.,0.));
#5162=DIRECTION('ref_axis',(-1.,8.0929041437458E-17,0.));
#5163=DIRECTION('',(0.,0.,-1.));
#5164=DIRECTION('center_axis',(-2.86464998306748E-16,-1.,0.));
#5165=DIRECTION('ref_axis',(1.,-2.86464998306748E-16,0.));
#5166=DIRECTION('center_axis',(-2.86464998306748E-16,-1.,0.));
#5167=DIRECTION('ref_axis',(1.,-2.86464998306748E-16,0.));
#5168=DIRECTION('',(0.,0.,-1.));
#5169=DIRECTION('center_axis',(1.,-1.83697019872103E-16,0.));
#5170=DIRECTION('ref_axis',(0.,0.,1.));
#5171=DIRECTION('center_axis',(1.,-1.83697019872103E-16,0.));
#5172=DIRECTION('ref_axis',(0.,0.,1.));
#5173=DIRECTION('center_axis',(1.,-1.83697019872103E-16,0.));
#5174=DIRECTION('ref_axis',(0.,0.,1.));
#5175=DIRECTION('center_axis',(-1.,1.83697019872103E-16,0.));
#5176=DIRECTION('ref_axis',(0.,0.,-1.));
#5177=DIRECTION('center_axis',(5.14772427397243E-17,1.,0.));
#5178=DIRECTION('ref_axis',(-1.,5.14772427397243E-17,0.));
#5179=DIRECTION('center_axis',(5.14772427397243E-17,1.,0.));
#5180=DIRECTION('ref_axis',(-1.,5.14772427397243E-17,0.));
#5181=DIRECTION('center_axis',(5.14772427397243E-17,1.,0.));
#5182=DIRECTION('ref_axis',(-1.,5.14772427397243E-17,0.));
#5183=DIRECTION('center_axis',(5.14772427397243E-17,1.,0.));
#5184=DIRECTION('ref_axis',(-1.,5.14772427397243E-17,0.));
#5185=DIRECTION('center_axis',(5.14772427397243E-17,1.,0.));
#5186=DIRECTION('ref_axis',(-1.,5.14772427397243E-17,0.));
#5187=DIRECTION('center_axis',(5.14772427397243E-17,1.,0.));
#5188=DIRECTION('ref_axis',(-1.,5.14772427397243E-17,0.));
#5189=DIRECTION('center_axis',(5.14772427397243E-17,1.,0.));
#5190=DIRECTION('ref_axis',(-1.,5.14772427397243E-17,0.));
#5191=DIRECTION('center_axis',(5.14772427397243E-17,1.,0.));
#5192=DIRECTION('ref_axis',(-1.,5.14772427397243E-17,0.));
#5193=DIRECTION('center_axis',(5.14772427397243E-17,1.,0.));
#5194=DIRECTION('ref_axis',(-1.,5.14772427397243E-17,0.));
#5195=DIRECTION('center_axis',(5.14772427397243E-17,1.,0.));
#5196=DIRECTION('ref_axis',(-1.,5.14772427397243E-17,0.));
#5197=DIRECTION('center_axis',(1.83697019872103E-16,1.,0.));
#5198=DIRECTION('ref_axis',(0.,0.,1.));
#5199=DIRECTION('',(0.,0.,1.));
#5200=DIRECTION('center_axis',(1.83697019872103E-16,1.,0.));
#5201=DIRECTION('ref_axis',(0.,0.,1.));
#5202=DIRECTION('',(0.,0.,-1.));
#5203=DIRECTION('',(-1.,1.83697019872103E-16,0.));
#5204=DIRECTION('',(0.,0.,1.));
#5205=DIRECTION('',(-1.,1.83697019872103E-16,0.));
#5206=DIRECTION('center_axis',(0.,0.,1.));
#5207=DIRECTION('ref_axis',(-1.83697019872103E-16,-1.,0.));
#5208=DIRECTION('',(0.,0.,1.));
#5209=DIRECTION('center_axis',(0.,0.,-1.));
#5210=DIRECTION('ref_axis',(1.83697019872103E-16,1.,0.));
#5211=DIRECTION('center_axis',(1.,-1.83697019872103E-16,0.));
#5212=DIRECTION('ref_axis',(0.,0.,1.));
#5213=DIRECTION('',(0.,0.,1.));
#5214=DIRECTION('',(5.14772427397243E-17,1.,0.));
#5215=DIRECTION('',(1.83697019872103E-16,1.,0.));
#5216=DIRECTION('center_axis',(0.,0.,1.));
#5217=DIRECTION('ref_axis',(-1.83697019872103E-16,-1.,0.));
#5218=DIRECTION('',(0.,0.,1.));
#5219=DIRECTION('center_axis',(0.,0.,-1.));
#5220=DIRECTION('ref_axis',(1.83697019872103E-16,1.,0.));
#5221=DIRECTION('center_axis',(1.56178269308306E-16,-1.,0.));
#5222=DIRECTION('ref_axis',(1.,1.56178269308306E-16,0.));
#5223=DIRECTION('',(0.,0.,1.));
#5224=DIRECTION('center_axis',(1.56178269308306E-16,-1.,0.));
#5225=DIRECTION('ref_axis',(1.,1.56178269308306E-16,0.));
#5226=DIRECTION('',(1.,1.56178269308306E-16,0.));
#5227=DIRECTION('',(0.,0.,1.));
#5228=DIRECTION('',(1.,1.56178269308306E-16,0.));
#5229=DIRECTION('center_axis',(-1.,1.83697019872103E-16,0.));
#5230=DIRECTION('ref_axis',(0.,0.,-1.));
#5231=DIRECTION('',(-1.83697019872103E-16,-1.,0.));
#5232=DIRECTION('',(-1.83697019872103E-16,-1.,0.));
#5233=DIRECTION('center_axis',(0.,0.,-1.));
#5234=DIRECTION('ref_axis',(1.83697019872103E-16,1.,0.));
#5235=DIRECTION('',(-5.14772427397244E-17,-1.,0.));
#5236=DIRECTION('center_axis',(0.,0.,-1.));
#5237=DIRECTION('ref_axis',(1.83697019872103E-16,1.,0.));
#5238=DIRECTION('center_axis',(5.14772427397243E-17,1.,0.));
#5239=DIRECTION('ref_axis',(-1.,5.14772427397243E-17,0.));
#5240=DIRECTION('',(5.14772427397243E-17,1.,0.));
#5241=DIRECTION('center_axis',(1.,-5.14772427397244E-17,0.));
#5242=DIRECTION('ref_axis',(5.14772427397244E-17,1.,0.));
#5243=DIRECTION('center_axis',(-1.,1.83697019872103E-16,0.));
#5244=DIRECTION('ref_axis',(0.,0.,-1.));
#5245=DIRECTION('',(-1.83697019872103E-16,-1.,0.));
#5246=DIRECTION('',(0.,0.,1.));
#5247=DIRECTION('',(-1.83697019872103E-16,-1.,0.));
#5248=DIRECTION('',(0.,0.,1.));
#5249=DIRECTION('center_axis',(1.83697019872103E-16,1.,0.));
#5250=DIRECTION('ref_axis',(0.,0.,1.));
#5251=DIRECTION('',(0.,0.,1.));
#5252=DIRECTION('center_axis',(1.83697019872103E-16,1.,0.));
#5253=DIRECTION('ref_axis',(0.,0.,1.));
#5254=DIRECTION('',(0.,0.,-1.));
#5255=DIRECTION('',(-1.,1.83697019872103E-16,0.));
#5256=DIRECTION('',(-1.,1.83697019872103E-16,0.));
#5257=DIRECTION('center_axis',(0.,0.,1.));
#5258=DIRECTION('ref_axis',(-1.83697019872103E-16,-1.,0.));
#5259=DIRECTION('',(0.,0.,1.));
#5260=DIRECTION('center_axis',(0.,0.,-1.));
#5261=DIRECTION('ref_axis',(1.83697019872103E-16,1.,0.));
#5262=DIRECTION('center_axis',(1.,-1.83697019872103E-16,0.));
#5263=DIRECTION('ref_axis',(0.,0.,1.));
#5264=DIRECTION('',(0.,0.,1.));
#5265=DIRECTION('',(5.14772427397243E-17,1.,0.));
#5266=DIRECTION('',(1.83697019872103E-16,1.,0.));
#5267=DIRECTION('center_axis',(0.,0.,1.));
#5268=DIRECTION('ref_axis',(-1.83697019872103E-16,-1.,0.));
#5269=DIRECTION('',(0.,0.,1.));
#5270=DIRECTION('center_axis',(0.,0.,-1.));
#5271=DIRECTION('ref_axis',(1.83697019872103E-16,1.,0.));
#5272=DIRECTION('center_axis',(3.80991611630764E-16,-1.,0.));
#5273=DIRECTION('ref_axis',(1.,3.80991611630764E-16,0.));
#5274=DIRECTION('',(0.,0.,1.));
#5275=DIRECTION('center_axis',(3.80991611630764E-16,-1.,0.));
#5276=DIRECTION('ref_axis',(1.,3.80991611630764E-16,0.));
#5277=DIRECTION('',(1.,3.80991611630764E-16,0.));
#5278=DIRECTION('',(0.,0.,1.));
#5279=DIRECTION('',(1.,3.80991611630764E-16,0.));
#5280=DIRECTION('center_axis',(1.,-1.83697019872103E-16,0.));
#5281=DIRECTION('ref_axis',(0.,0.,1.));
#5282=DIRECTION('',(1.83697019872103E-16,1.,0.));
#5283=DIRECTION('',(0.,0.,1.));
#5284=DIRECTION('',(1.83697019872103E-16,1.,0.));
#5285=DIRECTION('center_axis',(1.83697019872103E-16,1.,0.));
#5286=DIRECTION('ref_axis',(0.,0.,1.));
#5287=DIRECTION('',(0.,0.,1.));
#5288=DIRECTION('center_axis',(1.83697019872103E-16,1.,0.));
#5289=DIRECTION('ref_axis',(0.,0.,1.));
#5290=DIRECTION('',(0.,0.,-1.));
#5291=DIRECTION('',(-1.,1.83697019872103E-16,0.));
#5292=DIRECTION('',(-1.,1.83697019872103E-16,0.));
#5293=DIRECTION('center_axis',(0.,0.,1.));
#5294=DIRECTION('ref_axis',(-1.83697019872103E-16,-1.,0.));
#5295=DIRECTION('',(0.,0.,1.));
#5296=DIRECTION('center_axis',(0.,0.,-1.));
#5297=DIRECTION('ref_axis',(1.83697019872103E-16,1.,0.));
#5298=DIRECTION('center_axis',(1.,-1.83697019872103E-16,0.));
#5299=DIRECTION('ref_axis',(0.,0.,1.));
#5300=DIRECTION('',(0.,0.,1.));
#5301=DIRECTION('',(5.14772427397243E-17,1.,0.));
#5302=DIRECTION('',(1.83697019872103E-16,1.,0.));
#5303=DIRECTION('center_axis',(0.,0.,1.));
#5304=DIRECTION('ref_axis',(-1.83697019872103E-16,-1.,0.));
#5305=DIRECTION('',(0.,0.,1.));
#5306=DIRECTION('center_axis',(0.,0.,-1.));
#5307=DIRECTION('ref_axis',(1.83697019872103E-16,1.,0.));
#5308=DIRECTION('center_axis',(-1.83697019872103E-16,-1.,0.));
#5309=DIRECTION('ref_axis',(0.,0.,-1.));
#5310=DIRECTION('',(0.,0.,1.));
#5311=DIRECTION('center_axis',(-1.83697019872103E-16,-1.,0.));
#5312=DIRECTION('ref_axis',(0.,0.,-1.));
#5313=DIRECTION('',(1.,-1.83697019872103E-16,0.));
#5314=DIRECTION('',(0.,0.,1.));
#5315=DIRECTION('',(1.,-1.83697019872103E-16,0.));
#5316=DIRECTION('center_axis',(1.,-1.83697019872103E-16,0.));
#5317=DIRECTION('ref_axis',(0.,0.,1.));
#5318=DIRECTION('',(1.83697019872103E-16,1.,0.));
#5319=DIRECTION('',(0.,0.,1.));
#5320=DIRECTION('',(1.83697019872103E-16,1.,0.));
#5321=DIRECTION('center_axis',(-5.69221155465053E-16,1.,0.));
#5322=DIRECTION('ref_axis',(-1.,-5.69221155465053E-16,0.));
#5323=DIRECTION('',(0.,0.,1.));
#5324=DIRECTION('center_axis',(-5.69221155465053E-16,1.,0.));
#5325=DIRECTION('ref_axis',(-1.,-5.69221155465053E-16,0.));
#5326=DIRECTION('',(0.,0.,-1.));
#5327=DIRECTION('',(-1.,-5.69221155465053E-16,0.));
#5328=DIRECTION('',(-1.,-5.69221155465053E-16,0.));
#5329=DIRECTION('center_axis',(0.,0.,1.));
#5330=DIRECTION('ref_axis',(-1.83697019872103E-16,-1.,0.));
#5331=DIRECTION('',(0.,0.,1.));
#5332=DIRECTION('center_axis',(0.,0.,-1.));
#5333=DIRECTION('ref_axis',(1.83697019872103E-16,1.,0.));
#5334=DIRECTION('center_axis',(1.,-1.83697019872103E-16,0.));
#5335=DIRECTION('ref_axis',(0.,0.,1.));
#5336=DIRECTION('',(0.,0.,1.));
#5337=DIRECTION('',(5.14772427397243E-17,1.,0.));
#5338=DIRECTION('',(1.83697019872103E-16,1.,0.));
#5339=DIRECTION('center_axis',(0.,0.,1.));
#5340=DIRECTION('ref_axis',(-1.83697019872103E-16,-1.,0.));
#5341=DIRECTION('',(0.,0.,1.));
#5342=DIRECTION('center_axis',(0.,0.,-1.));
#5343=DIRECTION('ref_axis',(1.83697019872103E-16,1.,0.));
#5344=DIRECTION('center_axis',(1.56178269308306E-16,-1.,0.));
#5345=DIRECTION('ref_axis',(1.,1.56178269308306E-16,0.));
#5346=DIRECTION('',(0.,0.,1.));
#5347=DIRECTION('center_axis',(1.56178269308306E-16,-1.,0.));
#5348=DIRECTION('ref_axis',(1.,1.56178269308306E-16,0.));
#5349=DIRECTION('',(1.,1.56178269308306E-16,0.));
#5350=DIRECTION('',(1.,1.56178269308306E-16,0.));
#5351=DIRECTION('center_axis',(0.,0.,-1.));
#5352=DIRECTION('ref_axis',(1.83697019872103E-16,1.,0.));
#5353=DIRECTION('',(-5.14772427397244E-17,-1.,0.));
#5354=DIRECTION('',(-5.14772427397244E-17,-1.,0.));
#5355=DIRECTION('',(-5.14772427397244E-17,-1.,0.));
#5356=DIRECTION('center_axis',(0.,0.,-1.));
#5357=DIRECTION('ref_axis',(1.83697019872103E-16,1.,0.));
#5358=DIRECTION('center_axis',(1.,-5.14772427397244E-17,0.));
#5359=DIRECTION('ref_axis',(5.14772427397244E-17,1.,0.));
#5360=DIRECTION('',(5.14772427397243E-17,1.,0.));
#5361=DIRECTION('center_axis',(5.14772427397243E-17,1.,0.));
#5362=DIRECTION('ref_axis',(-1.,5.14772427397243E-17,0.));
#5363=DIRECTION('center_axis',(1.,-5.14772427397244E-17,0.));
#5364=DIRECTION('ref_axis',(5.14772427397244E-17,1.,0.));
#5365=DIRECTION('',(5.14772427397243E-17,1.,0.));
#5366=DIRECTION('center_axis',(5.14772427397243E-17,1.,0.));
#5367=DIRECTION('ref_axis',(-1.,5.14772427397243E-17,0.));
#5368=DIRECTION('center_axis',(5.14772427397243E-17,1.,0.));
#5369=DIRECTION('ref_axis',(-1.,5.14772427397243E-17,0.));
#5370=DIRECTION('',(5.14772427397243E-17,1.,0.));
#5371=DIRECTION('center_axis',(1.,-5.14772427397244E-17,0.));
#5372=DIRECTION('ref_axis',(5.14772427397244E-17,1.,0.));
#5373=DIRECTION('center_axis',(1.83697019872103E-16,1.,0.));
#5374=DIRECTION('ref_axis',(0.,0.,1.));
#5375=DIRECTION('',(0.,0.,1.));
#5376=DIRECTION('center_axis',(1.83697019872103E-16,1.,0.));
#5377=DIRECTION('ref_axis',(0.,0.,1.));
#5378=DIRECTION('',(0.,0.,1.));
#5379=DIRECTION('',(-1.,1.83697019872103E-16,0.));
#5380=DIRECTION('',(0.,0.,1.));
#5381=DIRECTION('',(-1.,1.83697019872103E-16,0.));
#5382=DIRECTION('center_axis',(-1.,1.83697019872103E-16,0.));
#5383=DIRECTION('ref_axis',(0.,0.,-1.));
#5384=DIRECTION('',(-1.83697019872103E-16,-1.,0.));
#5385=DIRECTION('',(0.,0.,1.));
#5386=DIRECTION('',(-1.83697019872103E-16,-1.,0.));
#5387=DIRECTION('center_axis',(-4.54747562993479E-16,-1.,0.));
#5388=DIRECTION('ref_axis',(1.,-4.54747562993479E-16,0.));
#5389=DIRECTION('',(0.,0.,1.));
#5390=DIRECTION('center_axis',(-4.54747562993479E-16,-1.,0.));
#5391=DIRECTION('ref_axis',(1.,-4.54747562993479E-16,0.));
#5392=DIRECTION('',(0.,0.,-1.));
#5393=DIRECTION('',(1.,-4.54747562993479E-16,0.));
#5394=DIRECTION('',(1.,-4.54747562993479E-16,0.));
#5395=DIRECTION('center_axis',(-1.,1.83697019872103E-16,0.));
#5396=DIRECTION('ref_axis',(0.,0.,-1.));
#5397=DIRECTION('',(0.,0.,1.));
#5398=DIRECTION('',(5.14772427397243E-17,1.,0.));
#5399=DIRECTION('',(-1.83697019872103E-16,-1.,0.));
#5400=DIRECTION('center_axis',(2.86464998306748E-16,1.,0.));
#5401=DIRECTION('ref_axis',(-1.,2.86464998306748E-16,0.));
#5402=DIRECTION('',(0.,0.,1.));
#5403=DIRECTION('center_axis',(2.86464998306748E-16,1.,0.));
#5404=DIRECTION('ref_axis',(-1.,2.86464998306748E-16,0.));
#5405=DIRECTION('',(-1.,2.86464998306748E-16,0.));
#5406=DIRECTION('',(0.,0.,1.));
#5407=DIRECTION('',(-1.,2.86464998306748E-16,0.));
#5408=DIRECTION('center_axis',(1.,-1.83697019872103E-16,0.));
#5409=DIRECTION('ref_axis',(0.,0.,1.));
#5410=DIRECTION('',(1.83697019872103E-16,1.,0.));
#5411=DIRECTION('',(0.,0.,1.));
#5412=DIRECTION('',(1.83697019872103E-16,1.,0.));
#5413=DIRECTION('center_axis',(-8.0929041437458E-17,-1.,0.));
#5414=DIRECTION('ref_axis',(1.,-8.0929041437458E-17,0.));
#5415=DIRECTION('',(0.,0.,1.));
#5416=DIRECTION('center_axis',(-8.0929041437458E-17,-1.,0.));
#5417=DIRECTION('ref_axis',(1.,-8.0929041437458E-17,0.));
#5418=DIRECTION('',(0.,0.,-1.));
#5419=DIRECTION('',(1.,-8.0929041437458E-17,0.));
#5420=DIRECTION('',(1.,-8.0929041437458E-17,0.));
#5421=DIRECTION('center_axis',(-1.,1.83697019872103E-16,0.));
#5422=DIRECTION('ref_axis',(0.,0.,-1.));
#5423=DIRECTION('',(0.,0.,1.));
#5424=DIRECTION('',(5.14772427397243E-17,1.,0.));
#5425=DIRECTION('',(-1.83697019872103E-16,-1.,0.));
#5426=DIRECTION('center_axis',(1.83697019872103E-16,1.,0.));
#5427=DIRECTION('ref_axis',(0.,0.,1.));
#5428=DIRECTION('',(0.,0.,1.));
#5429=DIRECTION('center_axis',(1.83697019872103E-16,1.,0.));
#5430=DIRECTION('ref_axis',(0.,0.,1.));
#5431=DIRECTION('',(-1.,1.83697019872103E-16,0.));
#5432=DIRECTION('',(0.,0.,1.));
#5433=DIRECTION('',(-1.,1.83697019872103E-16,0.));
#5434=DIRECTION('center_axis',(-1.,1.83697019872103E-16,0.));
#5435=DIRECTION('ref_axis',(0.,0.,-1.));
#5436=DIRECTION('',(-1.83697019872103E-16,-1.,0.));
#5437=DIRECTION('',(0.,0.,1.));
#5438=DIRECTION('',(-1.83697019872103E-16,-1.,0.));
#5439=DIRECTION('center_axis',(-1.83697019872103E-16,-1.,0.));
#5440=DIRECTION('ref_axis',(0.,0.,-1.));
#5441=DIRECTION('',(0.,0.,1.));
#5442=DIRECTION('center_axis',(-1.83697019872103E-16,-1.,0.));
#5443=DIRECTION('ref_axis',(0.,0.,-1.));
#5444=DIRECTION('',(0.,0.,-1.));
#5445=DIRECTION('',(1.,-1.83697019872103E-16,0.));
#5446=DIRECTION('',(1.,-1.83697019872103E-16,0.));
#5447=DIRECTION('center_axis',(-1.,1.83697019872103E-16,0.));
#5448=DIRECTION('ref_axis',(0.,0.,-1.));
#5449=DIRECTION('',(0.,0.,1.));
#5450=DIRECTION('',(5.14772427397243E-17,1.,0.));
#5451=DIRECTION('',(-1.83697019872103E-16,-1.,0.));
#5452=DIRECTION('center_axis',(1.83697019872103E-16,1.,0.));
#5453=DIRECTION('ref_axis',(0.,0.,1.));
#5454=DIRECTION('',(0.,0.,1.));
#5455=DIRECTION('center_axis',(1.83697019872103E-16,1.,0.));
#5456=DIRECTION('ref_axis',(0.,0.,1.));
#5457=DIRECTION('',(-1.,1.83697019872103E-16,0.));
#5458=DIRECTION('',(0.,0.,1.));
#5459=DIRECTION('',(-1.,1.83697019872103E-16,0.));
#5460=DIRECTION('center_axis',(-1.,1.83697019872103E-16,0.));
#5461=DIRECTION('ref_axis',(0.,0.,-1.));
#5462=DIRECTION('',(-1.83697019872103E-16,-1.,0.));
#5463=DIRECTION('',(0.,0.,1.));
#5464=DIRECTION('',(-1.83697019872103E-16,-1.,0.));
#5465=DIRECTION('center_axis',(-1.83697019872103E-16,-1.,0.));
#5466=DIRECTION('ref_axis',(0.,0.,-1.));
#5467=DIRECTION('',(0.,0.,1.));
#5468=DIRECTION('center_axis',(-1.83697019872103E-16,-1.,0.));
#5469=DIRECTION('ref_axis',(0.,0.,-1.));
#5470=DIRECTION('',(0.,0.,-1.));
#5471=DIRECTION('',(1.,-1.83697019872103E-16,0.));
#5472=DIRECTION('',(1.,-1.83697019872103E-16,0.));
#5473=DIRECTION('center_axis',(-1.,1.83697019872103E-16,0.));
#5474=DIRECTION('ref_axis',(0.,0.,-1.));
#5475=DIRECTION('',(5.14772427397243E-17,1.,0.));
#5476=DIRECTION('',(-1.83697019872103E-16,-1.,0.));
#5477=DIRECTION('center_axis',(0.,0.,1.));
#5478=DIRECTION('ref_axis',(-1.83697019872103E-16,-1.,0.));
#5479=DIRECTION('',(-5.14772427397244E-17,-1.,0.));
#5480=DIRECTION('',(-5.14772427397244E-17,-1.,0.));
#5481=DIRECTION('',(-5.14772427397244E-17,-1.,0.));
#5482=DIRECTION('',(-5.14772427397244E-17,-1.,0.));
#5483=DIRECTION('center_axis',(0.,0.,1.));
#5484=DIRECTION('ref_axis',(-1.83697019872103E-16,-1.,0.));
#5485=DIRECTION('center_axis',(-1.,5.14772427397244E-17,0.));
#5486=DIRECTION('ref_axis',(-5.14772427397244E-17,-1.,0.));
#5487=DIRECTION('',(5.14772427397243E-17,1.,0.));
#5488=DIRECTION('center_axis',(5.14772427397243E-17,1.,0.));
#5489=DIRECTION('ref_axis',(-1.,5.14772427397243E-17,0.));
#5490=DIRECTION('center_axis',(-1.,5.14772427397244E-17,0.));
#5491=DIRECTION('ref_axis',(-5.14772427397244E-17,-1.,0.));
#5492=DIRECTION('',(5.14772427397243E-17,1.,0.));
#5493=DIRECTION('center_axis',(5.14772427397243E-17,1.,0.));
#5494=DIRECTION('ref_axis',(-1.,5.14772427397243E-17,0.));
#5495=DIRECTION('center_axis',(-1.,5.14772427397244E-17,0.));
#5496=DIRECTION('ref_axis',(-5.14772427397244E-17,-1.,0.));
#5497=DIRECTION('',(5.14772427397243E-17,1.,0.));
#5498=DIRECTION('center_axis',(5.14772427397243E-17,1.,0.));
#5499=DIRECTION('ref_axis',(-1.,5.14772427397243E-17,0.));
#5500=DIRECTION('center_axis',(5.14772427397243E-17,1.,0.));
#5501=DIRECTION('ref_axis',(-1.,5.14772427397243E-17,0.));
#5502=DIRECTION('',(5.14772427397243E-17,1.,0.));
#5503=DIRECTION('center_axis',(-1.,5.14772427397244E-17,0.));
#5504=DIRECTION('ref_axis',(-5.14772427397244E-17,-1.,0.));
#5505=DIRECTION('center_axis',(0.,0.,1.));
#5506=DIRECTION('ref_axis',(-1.83697019872103E-16,-1.,0.));
#5507=DIRECTION('',(1.,-1.83697019872103E-16,0.));
#5508=DIRECTION('',(-1.,1.83697019872103E-16,0.));
#5509=DIRECTION('',(-1.,1.83697019872103E-16,0.));
#5510=DIRECTION('',(1.,-1.83697019872103E-16,0.));
#5511=DIRECTION('center_axis',(0.,0.,1.));
#5512=DIRECTION('ref_axis',(-1.83697019872103E-16,-1.,0.));
#5513=DIRECTION('',(-1.,1.83697019872103E-16,0.));
#5514=DIRECTION('',(1.,-1.83697019872103E-16,0.));
#5515=DIRECTION('',(-1.,1.83697019872103E-16,0.));
#5516=DIRECTION('',(1.,-1.83697019872103E-16,0.));
#5517=DIRECTION('',(0.,0.,-1.));
#5518=DIRECTION('',(0.,0.,-1.));
#5519=DIRECTION('center_axis',(1.83697019872103E-16,1.,0.));
#5520=DIRECTION('ref_axis',(0.,0.,1.));
#5521=DIRECTION('',(0.,0.,-1.));
#5522=DIRECTION('',(0.,0.,-1.));
#5523=DIRECTION('center_axis',(-1.83697019872103E-16,-1.,0.));
#5524=DIRECTION('ref_axis',(0.,0.,-1.));
#5525=DIRECTION('',(0.,0.,-1.));
#5526=DIRECTION('',(0.,0.,-1.));
#5527=DIRECTION('center_axis',(-1.83697019872103E-16,-1.,0.));
#5528=DIRECTION('ref_axis',(0.,0.,-1.));
#5529=DIRECTION('',(0.,0.,-1.));
#5530=DIRECTION('',(0.,0.,-1.));
#5531=DIRECTION('center_axis',(1.83697019872103E-16,1.,0.));
#5532=DIRECTION('ref_axis',(0.,0.,1.));
#5533=DIRECTION('center_axis',(0.,0.,-1.));
#5534=DIRECTION('ref_axis',(1.83697019872103E-16,1.,0.));
#5535=DIRECTION('',(1.,-1.83697019872103E-16,0.));
#5536=DIRECTION('',(-1.83697019872103E-16,-1.,0.));
#5537=DIRECTION('',(1.,-1.83697019872103E-16,0.));
#5538=DIRECTION('',(-1.,1.83697019872103E-16,0.));
#5539=DIRECTION('',(1.,-1.83697019872103E-16,0.));
#5540=DIRECTION('',(1.83697019872103E-16,1.,0.));
#5541=DIRECTION('',(1.,-1.83697019872103E-16,0.));
#5542=DIRECTION('',(-1.83697019872103E-16,-1.,0.));
#5543=DIRECTION('',(-1.,1.83697019872103E-16,0.));
#5544=DIRECTION('center_axis',(0.,0.,-1.));
#5545=DIRECTION('ref_axis',(1.83697019872103E-16,1.,0.));
#5546=DIRECTION('',(1.83697019872103E-16,1.,0.));
#5547=DIRECTION('',(1.,-1.83697019872103E-16,0.));
#5548=DIRECTION('',(-1.,1.83697019872103E-16,0.));
#5549=DIRECTION('',(1.,-1.83697019872103E-16,0.));
#5550=DIRECTION('',(-1.83697019872103E-16,-1.,0.));
#5551=DIRECTION('',(1.,-1.83697019872103E-16,0.));
#5552=DIRECTION('',(1.,-1.83697019872103E-16,0.));
#5553=DIRECTION('',(-1.,1.83697019872103E-16,0.));
#5554=DIRECTION('',(-1.83697019872103E-16,-1.,0.));
#5555=DIRECTION('',(0.,0.,-1.));
#5556=DIRECTION('',(0.,0.,-1.));
#5557=DIRECTION('center_axis',(1.83697019872103E-16,1.,0.));
#5558=DIRECTION('ref_axis',(0.,0.,1.));
#5559=DIRECTION('',(0.,0.,-1.));
#5560=DIRECTION('center_axis',(1.,-1.83697019872103E-16,0.));
#5561=DIRECTION('ref_axis',(0.,0.,1.));
#5562=DIRECTION('',(0.,0.,-1.));
#5563=DIRECTION('center_axis',(1.83697019872103E-16,1.,0.));
#5564=DIRECTION('ref_axis',(0.,0.,1.));
#5565=DIRECTION('',(0.,0.,-1.));
#5566=DIRECTION('',(0.,0.,-1.));
#5567=DIRECTION('center_axis',(-1.83697019872103E-16,-1.,0.));
#5568=DIRECTION('ref_axis',(0.,0.,-1.));
#5569=DIRECTION('',(0.,0.,-1.));
#5570=DIRECTION('',(0.,0.,-1.));
#5571=DIRECTION('center_axis',(1.83697019872103E-16,1.,0.));
#5572=DIRECTION('ref_axis',(0.,0.,1.));
#5573=DIRECTION('',(0.,0.,-1.));
#5574=DIRECTION('center_axis',(-1.,1.83697019872103E-16,0.));
#5575=DIRECTION('ref_axis',(0.,0.,-1.));
#5576=DIRECTION('',(0.,0.,-1.));
#5577=DIRECTION('',(0.,0.,-1.));
#5578=DIRECTION('center_axis',(-1.83697019872103E-16,-1.,0.));
#5579=DIRECTION('ref_axis',(0.,0.,-1.));
#5580=DIRECTION('',(0.,0.,-1.));
#5581=DIRECTION('center_axis',(1.,-1.83697019872103E-16,0.));
#5582=DIRECTION('ref_axis',(0.,0.,1.));
#5583=DIRECTION('',(0.,0.,-1.));
#5584=DIRECTION('center_axis',(1.83697019872103E-16,1.,0.));
#5585=DIRECTION('ref_axis',(0.,0.,1.));
#5586=DIRECTION('',(0.,0.,-1.));
#5587=DIRECTION('',(0.,0.,-1.));
#5588=DIRECTION('center_axis',(-1.83697019872103E-16,-1.,0.));
#5589=DIRECTION('ref_axis',(0.,0.,-1.));
#5590=DIRECTION('',(-1.,1.83697019872103E-16,0.));
#5591=DIRECTION('',(0.,0.,-1.));
#5592=DIRECTION('',(-1.,1.83697019872103E-16,0.));
#5593=DIRECTION('center_axis',(-1.,1.83697019872103E-16,0.));
#5594=DIRECTION('ref_axis',(0.,0.,-1.));
#5595=DIRECTION('',(1.83697019872103E-16,1.,0.));
#5596=DIRECTION('',(0.,0.,-1.));
#5597=DIRECTION('',(1.83697019872103E-16,1.,0.));
#5598=DIRECTION('center_axis',(-1.83697019872103E-16,-1.,0.));
#5599=DIRECTION('ref_axis',(0.,0.,-1.));
#5600=DIRECTION('',(-1.,1.83697019872103E-16,0.));
#5601=DIRECTION('',(0.,0.,-1.));
#5602=DIRECTION('',(-1.,1.83697019872103E-16,0.));
#5603=DIRECTION('center_axis',(1.,-1.83697019872103E-16,0.));
#5604=DIRECTION('ref_axis',(0.,0.,1.));
#5605=DIRECTION('',(-1.83697019872103E-16,-1.,0.));
#5606=DIRECTION('',(0.,0.,-1.));
#5607=DIRECTION('',(-1.83697019872103E-16,-1.,0.));
#5608=DIRECTION('center_axis',(-1.83697019872103E-16,-1.,0.));
#5609=DIRECTION('ref_axis',(0.,0.,-1.));
#5610=DIRECTION('',(-1.,1.83697019872103E-16,0.));
#5611=DIRECTION('',(0.,0.,-1.));
#5612=DIRECTION('',(-1.,1.83697019872103E-16,0.));
#5613=DIRECTION('center_axis',(1.,-1.83697019872103E-16,0.));
#5614=DIRECTION('ref_axis',(0.,0.,1.));
#5615=DIRECTION('',(-1.83697019872103E-16,-1.,0.));
#5616=DIRECTION('',(0.,0.,-1.));
#5617=DIRECTION('',(-1.83697019872103E-16,-1.,0.));
#5618=DIRECTION('center_axis',(1.83697019872103E-16,1.,0.));
#5619=DIRECTION('ref_axis',(0.,0.,1.));
#5620=DIRECTION('',(1.,-1.83697019872103E-16,0.));
#5621=DIRECTION('',(0.,0.,-1.));
#5622=DIRECTION('',(1.,-1.83697019872103E-16,0.));
#5623=DIRECTION('center_axis',(1.,-1.83697019872103E-16,0.));
#5624=DIRECTION('ref_axis',(0.,0.,1.));
#5625=DIRECTION('',(-1.83697019872103E-16,-1.,0.));
#5626=DIRECTION('',(0.,0.,-1.));
#5627=DIRECTION('',(-1.83697019872103E-16,-1.,0.));
#5628=DIRECTION('center_axis',(1.83697019872103E-16,1.,0.));
#5629=DIRECTION('ref_axis',(0.,0.,1.));
#5630=DIRECTION('',(1.,-1.83697019872103E-16,0.));
#5631=DIRECTION('',(0.,0.,-1.));
#5632=DIRECTION('',(1.,-1.83697019872103E-16,0.));
#5633=DIRECTION('center_axis',(-1.,1.83697019872103E-16,0.));
#5634=DIRECTION('ref_axis',(0.,0.,-1.));
#5635=DIRECTION('',(1.83697019872103E-16,1.,0.));
#5636=DIRECTION('',(0.,0.,-1.));
#5637=DIRECTION('',(1.83697019872103E-16,1.,0.));
#5638=DIRECTION('center_axis',(1.83697019872103E-16,1.,0.));
#5639=DIRECTION('ref_axis',(0.,0.,1.));
#5640=DIRECTION('',(1.,-1.83697019872103E-16,0.));
#5641=DIRECTION('',(0.,0.,-1.));
#5642=DIRECTION('',(1.,-1.83697019872103E-16,0.));
#5643=DIRECTION('',(0.,0.,-1.));
#5644=DIRECTION('center_axis',(1.83697019872103E-16,1.,0.));
#5645=DIRECTION('ref_axis',(0.,0.,1.));
#5646=DIRECTION('',(1.,-1.83697019872103E-16,0.));
#5647=DIRECTION('',(1.,-1.83697019872103E-16,0.));
#5648=DIRECTION('center_axis',(0.,0.,-1.));
#5649=DIRECTION('ref_axis',(1.83697019872103E-16,1.,0.));
#5650=DIRECTION('center_axis',(0.,0.,-1.));
#5651=DIRECTION('ref_axis',(1.83697019872103E-16,1.,0.));
#5652=DIRECTION('',(0.,0.,-1.));
#5653=DIRECTION('',(0.,0.,-1.));
#5654=DIRECTION('center_axis',(1.83697019872103E-16,1.,0.));
#5655=DIRECTION('ref_axis',(0.,0.,1.));
#5656=DIRECTION('',(1.,-1.83697019872103E-16,0.));
#5657=DIRECTION('',(0.,0.,-1.));
#5658=DIRECTION('',(1.,-1.83697019872103E-16,0.));
#5659=DIRECTION('center_axis',(-1.,1.83697019872103E-16,0.));
#5660=DIRECTION('ref_axis',(0.,0.,-1.));
#5661=DIRECTION('',(1.83697019872103E-16,1.,0.));
#5662=DIRECTION('',(0.,0.,-1.));
#5663=DIRECTION('',(1.83697019872103E-16,1.,0.));
#5664=DIRECTION('center_axis',(-1.83697019872103E-16,-1.,0.));
#5665=DIRECTION('ref_axis',(0.,0.,-1.));
#5666=DIRECTION('',(-1.,1.83697019872103E-16,0.));
#5667=DIRECTION('',(0.,0.,-1.));
#5668=DIRECTION('',(-1.,1.83697019872103E-16,0.));
#5669=DIRECTION('center_axis',(1.,-1.83697019872103E-16,0.));
#5670=DIRECTION('ref_axis',(0.,0.,1.));
#5671=DIRECTION('',(-1.83697019872103E-16,-1.,0.));
#5672=DIRECTION('',(0.,0.,-1.));
#5673=DIRECTION('',(-1.83697019872103E-16,-1.,0.));
#5674=DIRECTION('center_axis',(1.83697019872103E-16,1.,0.));
#5675=DIRECTION('ref_axis',(0.,0.,1.));
#5676=DIRECTION('',(1.,-1.83697019872103E-16,0.));
#5677=DIRECTION('',(0.,0.,-1.));
#5678=DIRECTION('',(1.,-1.83697019872103E-16,0.));
#5679=DIRECTION('',(0.,0.,-1.));
#5680=DIRECTION('center_axis',(-1.83697019872103E-16,-1.,0.));
#5681=DIRECTION('ref_axis',(0.,0.,-1.));
#5682=DIRECTION('',(-1.,1.83697019872103E-16,0.));
#5683=DIRECTION('',(0.,0.,-1.));
#5684=DIRECTION('',(-1.,1.83697019872103E-16,0.));
#5685=DIRECTION('center_axis',(1.,-1.83697019872103E-16,0.));
#5686=DIRECTION('ref_axis',(0.,0.,1.));
#5687=DIRECTION('',(-1.83697019872103E-16,-1.,0.));
#5688=DIRECTION('',(0.,0.,-1.));
#5689=DIRECTION('',(-1.83697019872103E-16,-1.,0.));
#5690=DIRECTION('center_axis',(1.83697019872103E-16,1.,0.));
#5691=DIRECTION('ref_axis',(0.,0.,1.));
#5692=DIRECTION('',(1.,-1.83697019872103E-16,0.));
#5693=DIRECTION('',(1.,-1.83697019872103E-16,0.));
#5694=DIRECTION('center_axis',(0.,0.,-1.));
#5695=DIRECTION('ref_axis',(1.83697019872103E-16,1.,0.));
#5696=DIRECTION('center_axis',(0.,0.,-1.));
#5697=DIRECTION('ref_axis',(1.83697019872103E-16,1.,0.));
#5698=DIRECTION('',(0.,0.,-1.));
#5699=DIRECTION('',(0.,0.,-1.));
#5700=DIRECTION('center_axis',(1.83697019872103E-16,1.,0.));
#5701=DIRECTION('ref_axis',(0.,0.,1.));
#5702=DIRECTION('',(1.,-1.83697019872103E-16,0.));
#5703=DIRECTION('',(0.,0.,-1.));
#5704=DIRECTION('',(1.,-1.83697019872103E-16,0.));
#5705=DIRECTION('center_axis',(-1.,1.83697019872103E-16,0.));
#5706=DIRECTION('ref_axis',(0.,0.,-1.));
#5707=DIRECTION('',(1.83697019872103E-16,1.,0.));
#5708=DIRECTION('',(0.,0.,-1.));
#5709=DIRECTION('',(1.83697019872103E-16,1.,0.));
#5710=DIRECTION('center_axis',(-1.83697019872103E-16,-1.,0.));
#5711=DIRECTION('ref_axis',(0.,0.,-1.));
#5712=DIRECTION('',(-1.,1.83697019872103E-16,0.));
#5713=DIRECTION('',(0.,0.,-1.));
#5714=DIRECTION('',(-1.,1.83697019872103E-16,0.));
#5715=DIRECTION('center_axis',(1.,-1.83697019872103E-16,0.));
#5716=DIRECTION('ref_axis',(0.,0.,1.));
#5717=DIRECTION('',(-1.83697019872103E-16,-1.,0.));
#5718=DIRECTION('',(0.,0.,-1.));
#5719=DIRECTION('',(-1.83697019872103E-16,-1.,0.));
#5720=DIRECTION('center_axis',(1.83697019872103E-16,1.,0.));
#5721=DIRECTION('ref_axis',(0.,0.,1.));
#5722=DIRECTION('',(1.,-1.83697019872103E-16,0.));
#5723=DIRECTION('',(0.,0.,-1.));
#5724=DIRECTION('',(1.,-1.83697019872103E-16,0.));
#5725=DIRECTION('',(0.,0.,-1.));
#5726=DIRECTION('center_axis',(-1.83697019872103E-16,-1.,0.));
#5727=DIRECTION('ref_axis',(0.,0.,-1.));
#5728=DIRECTION('',(-1.,1.83697019872103E-16,0.));
#5729=DIRECTION('',(0.,0.,-1.));
#5730=DIRECTION('',(-1.,1.83697019872103E-16,0.));
#5731=DIRECTION('center_axis',(1.,-1.83697019872103E-16,0.));
#5732=DIRECTION('ref_axis',(0.,0.,1.));
#5733=DIRECTION('',(-1.83697019872103E-16,-1.,0.));
#5734=DIRECTION('',(0.,0.,-1.));
#5735=DIRECTION('',(-1.83697019872103E-16,-1.,0.));
#5736=DIRECTION('center_axis',(1.83697019872103E-16,1.,0.));
#5737=DIRECTION('ref_axis',(0.,0.,1.));
#5738=DIRECTION('',(1.,-1.83697019872103E-16,0.));
#5739=DIRECTION('',(1.,-1.83697019872103E-16,0.));
#5740=DIRECTION('center_axis',(0.,0.,-1.));
#5741=DIRECTION('ref_axis',(1.83697019872103E-16,1.,0.));
#5742=DIRECTION('center_axis',(0.,0.,-1.));
#5743=DIRECTION('ref_axis',(1.83697019872103E-16,1.,0.));
#5744=DIRECTION('',(0.,0.,-1.));
#5745=DIRECTION('',(0.,0.,-1.));
#5746=DIRECTION('center_axis',(1.83697019872103E-16,1.,0.));
#5747=DIRECTION('ref_axis',(0.,0.,1.));
#5748=DIRECTION('',(1.,-1.83697019872103E-16,0.));
#5749=DIRECTION('',(0.,0.,-1.));
#5750=DIRECTION('',(1.,-1.83697019872103E-16,0.));
#5751=DIRECTION('center_axis',(-1.,1.83697019872103E-16,0.));
#5752=DIRECTION('ref_axis',(0.,0.,-1.));
#5753=DIRECTION('',(1.83697019872103E-16,1.,0.));
#5754=DIRECTION('',(0.,0.,-1.));
#5755=DIRECTION('',(1.83697019872103E-16,1.,0.));
#5756=DIRECTION('center_axis',(-1.83697019872103E-16,-1.,0.));
#5757=DIRECTION('ref_axis',(0.,0.,-1.));
#5758=DIRECTION('',(-1.,1.83697019872103E-16,0.));
#5759=DIRECTION('',(0.,0.,-1.));
#5760=DIRECTION('',(-1.,1.83697019872103E-16,0.));
#5761=DIRECTION('center_axis',(1.,-1.83697019872103E-16,0.));
#5762=DIRECTION('ref_axis',(0.,0.,1.));
#5763=DIRECTION('',(-1.83697019872103E-16,-1.,0.));
#5764=DIRECTION('',(0.,0.,-1.));
#5765=DIRECTION('',(-1.83697019872103E-16,-1.,0.));
#5766=DIRECTION('center_axis',(1.83697019872103E-16,1.,0.));
#5767=DIRECTION('ref_axis',(0.,0.,1.));
#5768=DIRECTION('',(1.,-1.83697019872103E-16,0.));
#5769=DIRECTION('',(0.,0.,-1.));
#5770=DIRECTION('',(1.,-1.83697019872103E-16,0.));
#5771=DIRECTION('',(0.,0.,-1.));
#5772=DIRECTION('center_axis',(-1.83697019872103E-16,-1.,0.));
#5773=DIRECTION('ref_axis',(0.,0.,-1.));
#5774=DIRECTION('',(-1.,1.83697019872103E-16,0.));
#5775=DIRECTION('',(0.,0.,-1.));
#5776=DIRECTION('',(-1.,1.83697019872103E-16,0.));
#5777=DIRECTION('center_axis',(1.,-1.83697019872103E-16,0.));
#5778=DIRECTION('ref_axis',(0.,0.,1.));
#5779=DIRECTION('',(-1.83697019872103E-16,-1.,0.));
#5780=DIRECTION('',(0.,0.,-1.));
#5781=DIRECTION('',(-1.83697019872103E-16,-1.,0.));
#5782=DIRECTION('center_axis',(1.83697019872103E-16,1.,0.));
#5783=DIRECTION('ref_axis',(0.,0.,1.));
#5784=DIRECTION('',(1.,-1.83697019872103E-16,0.));
#5785=DIRECTION('',(1.,-1.83697019872103E-16,0.));
#5786=DIRECTION('center_axis',(0.,0.,-1.));
#5787=DIRECTION('ref_axis',(1.83697019872103E-16,1.,0.));
#5788=DIRECTION('center_axis',(0.,0.,-1.));
#5789=DIRECTION('ref_axis',(1.83697019872103E-16,1.,0.));
#5790=DIRECTION('',(0.,0.,-1.));
#5791=DIRECTION('',(0.,0.,-1.));
#5792=DIRECTION('center_axis',(-0.434452710838471,0.900694644174764,0.));
#5793=DIRECTION('ref_axis',(-0.900694644174764,-0.434452710838471,0.));
#5794=DIRECTION('',(0.900694644174764,0.434452710838471,0.));
#5795=DIRECTION('',(0.,0.,-1.));
#5796=DIRECTION('',(0.900694644174764,0.434452710838471,0.));
#5797=DIRECTION('',(0.,0.,-1.));
#5798=DIRECTION('center_axis',(-0.21914499738683,0.975692302993278,0.));
#5799=DIRECTION('ref_axis',(-0.975692302993278,-0.21914499738683,0.));
#5800=DIRECTION('',(0.975692302993278,0.21914499738683,0.));
#5801=DIRECTION('',(0.,0.,-1.));
#5802=DIRECTION('',(0.975692302993278,0.21914499738683,0.));
#5803=DIRECTION('center_axis',(0.,0.,-1.));
#5804=DIRECTION('ref_axis',(1.83697019872103E-16,1.,0.));
#5805=DIRECTION('center_axis',(0.,0.,1.));
#5806=DIRECTION('ref_axis',(-1.83697019872103E-16,-1.,0.));
#5807=DIRECTION('',(0.,0.,-1.));
#5808=DIRECTION('center_axis',(0.,0.,1.));
#5809=DIRECTION('ref_axis',(-1.83697019872103E-16,-1.,0.));
#5810=DIRECTION('center_axis',(-0.997296346273274,0.0734846767018633,0.));
#5811=DIRECTION('ref_axis',(-0.0734846767018632,-0.997296346273274,0.));
#5812=DIRECTION('',(0.0734846767018632,0.997296346273274,0.));
#5813=DIRECTION('',(0.,0.,-1.));
#5814=DIRECTION('',(0.0734846767018632,0.997296346273274,0.));
#5815=DIRECTION('center_axis',(-1.83697019872103E-16,-1.,0.));
#5816=DIRECTION('ref_axis',(0.,0.,-1.));
#5817=DIRECTION('',(-1.,1.83697019872103E-16,0.));
#5818=DIRECTION('',(0.,0.,-1.));
#5819=DIRECTION('',(-1.,1.83697019872103E-16,0.));
#5820=DIRECTION('center_axis',(0.999766767589142,0.0215965373233513,0.));
#5821=DIRECTION('ref_axis',(-0.0215965373233513,0.999766767589142,0.));
#5822=DIRECTION('',(0.0215965373233513,-0.999766767589142,0.));
#5823=DIRECTION('',(0.,0.,-1.));
#5824=DIRECTION('',(0.0215965373233513,-0.999766767589142,0.));
#5825=DIRECTION('center_axis',(0.,0.,-1.));
#5826=DIRECTION('ref_axis',(1.83697019872103E-16,1.,0.));
#5827=DIRECTION('center_axis',(0.,0.,-1.));
#5828=DIRECTION('ref_axis',(-1.83697019872103E-16,-1.,0.));
#5829=DIRECTION('',(0.,0.,-1.));
#5830=DIRECTION('center_axis',(0.,0.,-1.));
#5831=DIRECTION('ref_axis',(-1.83697019872103E-16,-1.,0.));
#5832=DIRECTION('center_axis',(0.223944128401461,-0.974601984070682,0.));
#5833=DIRECTION('ref_axis',(0.974601984070682,0.223944128401461,0.));
#5834=DIRECTION('',(-0.974601984070682,-0.223944128401461,0.));
#5835=DIRECTION('',(-0.974601984070682,-0.223944128401461,0.));
#5836=DIRECTION('center_axis',(0.,0.,1.));
#5837=DIRECTION('ref_axis',(-1.83697019872103E-16,-1.,0.));
#5838=DIRECTION('center_axis',(0.,0.,1.));
#5839=DIRECTION('ref_axis',(-1.83697019872103E-16,-1.,0.));
#5840=DIRECTION('center_axis',(0.,0.,-1.));
#5841=DIRECTION('ref_axis',(1.83697019872103E-16,1.,0.));
#5842=DIRECTION('center_axis',(0.,0.,1.));
#5843=DIRECTION('ref_axis',(-1.83697019872103E-16,-1.,0.));
#5844=DIRECTION('',(0.,0.,1.));
#5845=DIRECTION('center_axis',(0.,0.,1.));
#5846=DIRECTION('ref_axis',(-1.83697019872103E-16,-1.,0.));
#5847=DIRECTION('center_axis',(0.,0.,1.));
#5848=DIRECTION('ref_axis',(-1.83697019872103E-16,-1.,0.));
#5849=DIRECTION('center_axis',(0.,0.,1.));
#5850=DIRECTION('ref_axis',(-1.83697019872103E-16,-1.,0.));
#5851=DIRECTION('center_axis',(0.,0.,-1.));
#5852=DIRECTION('ref_axis',(1.83697019872103E-16,1.,0.));
#5853=DIRECTION('center_axis',(0.,0.,1.));
#5854=DIRECTION('ref_axis',(-1.83697019872103E-16,-1.,0.));
#5855=DIRECTION('',(0.,0.,1.));
#5856=DIRECTION('center_axis',(0.,0.,1.));
#5857=DIRECTION('ref_axis',(-1.83697019872103E-16,-1.,0.));
#5858=DIRECTION('center_axis',(0.,0.,1.));
#5859=DIRECTION('ref_axis',(-1.83697019872103E-16,-1.,0.));
#5860=DIRECTION('center_axis',(0.,0.,1.));
#5861=DIRECTION('ref_axis',(-1.83697019872103E-16,-1.,0.));
#5862=DIRECTION('center_axis',(1.83697019872103E-16,1.,0.));
#5863=DIRECTION('ref_axis',(0.,0.,1.));
#5864=DIRECTION('',(1.,-1.83697019872103E-16,0.));
#5865=DIRECTION('',(0.,0.,-1.));
#5866=DIRECTION('',(1.,-1.83697019872103E-16,0.));
#5867=DIRECTION('',(0.,0.,-1.));
#5868=DIRECTION('center_axis',(-1.,1.83697019872103E-16,0.));
#5869=DIRECTION('ref_axis',(0.,0.,-1.));
#5870=DIRECTION('',(1.83697019872103E-16,1.,0.));
#5871=DIRECTION('',(0.,0.,-1.));
#5872=DIRECTION('',(1.83697019872103E-16,1.,0.));
#5873=DIRECTION('center_axis',(-1.83697019872103E-16,-1.,0.));
#5874=DIRECTION('ref_axis',(0.,0.,-1.));
#5875=DIRECTION('',(-1.,1.83697019872103E-16,0.));
#5876=DIRECTION('',(0.,0.,-1.));
#5877=DIRECTION('',(-1.,1.83697019872103E-16,0.));
#5878=DIRECTION('center_axis',(1.,-1.83697019872103E-16,0.));
#5879=DIRECTION('ref_axis',(0.,0.,1.));
#5880=DIRECTION('',(-1.83697019872103E-16,-1.,0.));
#5881=DIRECTION('',(-1.83697019872103E-16,-1.,0.));
#5882=DIRECTION('center_axis',(0.,0.,1.));
#5883=DIRECTION('ref_axis',(-1.83697019872103E-16,-1.,0.));
#5884=DIRECTION('center_axis',(0.,0.,1.));
#5885=DIRECTION('ref_axis',(-1.83697019872103E-16,-1.,0.));
#5886=DIRECTION('center_axis',(1.83697019872103E-16,1.,0.));
#5887=DIRECTION('ref_axis',(0.,0.,1.));
#5888=DIRECTION('',(1.,-1.83697019872103E-16,0.));
#5889=DIRECTION('',(0.,0.,-1.));
#5890=DIRECTION('',(1.,-1.83697019872103E-16,0.));
#5891=DIRECTION('',(0.,0.,-1.));
#5892=DIRECTION('center_axis',(-1.,1.83697019872103E-16,0.));
#5893=DIRECTION('ref_axis',(0.,0.,-1.));
#5894=DIRECTION('',(1.83697019872103E-16,1.,0.));
#5895=DIRECTION('',(0.,0.,-1.));
#5896=DIRECTION('',(1.83697019872103E-16,1.,0.));
#5897=DIRECTION('center_axis',(-1.83697019872103E-16,-1.,0.));
#5898=DIRECTION('ref_axis',(0.,0.,-1.));
#5899=DIRECTION('',(-1.,1.83697019872103E-16,0.));
#5900=DIRECTION('',(0.,0.,-1.));
#5901=DIRECTION('',(-1.,1.83697019872103E-16,0.));
#5902=DIRECTION('center_axis',(1.,-1.83697019872103E-16,0.));
#5903=DIRECTION('ref_axis',(0.,0.,1.));
#5904=DIRECTION('',(-1.83697019872103E-16,-1.,0.));
#5905=DIRECTION('',(-1.83697019872103E-16,-1.,0.));
#5906=DIRECTION('center_axis',(0.,0.,1.));
#5907=DIRECTION('ref_axis',(-1.83697019872103E-16,-1.,0.));
#5908=DIRECTION('center_axis',(0.,0.,1.));
#5909=DIRECTION('ref_axis',(-1.83697019872103E-16,-1.,0.));
#5910=DIRECTION('center_axis',(0.228234113348096,-0.973606280538601,0.));
#5911=DIRECTION('ref_axis',(0.973606280538601,0.228234113348096,0.));
#5912=DIRECTION('',(-0.973606280538601,-0.228234113348096,0.));
#5913=DIRECTION('',(0.,0.,-1.));
#5914=DIRECTION('',(-0.973606280538601,-0.228234113348096,0.));
#5915=DIRECTION('',(0.,0.,-1.));
#5916=DIRECTION('center_axis',(1.,-1.83697019872103E-16,0.));
#5917=DIRECTION('ref_axis',(0.,0.,1.));
#5918=DIRECTION('',(-1.83697019872103E-16,-1.,0.));
#5919=DIRECTION('',(0.,0.,-1.));
#5920=DIRECTION('',(-1.83697019872103E-16,-1.,0.));
#5921=DIRECTION('center_axis',(-0.2282341133481,0.9736062805386,0.));
#5922=DIRECTION('ref_axis',(-0.9736062805386,-0.2282341133481,0.));
#5923=DIRECTION('',(0.9736062805386,0.2282341133481,0.));
#5924=DIRECTION('',(0.,0.,-1.));
#5925=DIRECTION('',(0.9736062805386,0.2282341133481,0.));
#5926=DIRECTION('center_axis',(-1.,1.83697019872103E-16,0.));
#5927=DIRECTION('ref_axis',(0.,0.,-1.));
#5928=DIRECTION('',(1.83697019872103E-16,1.,0.));
#5929=DIRECTION('',(1.83697019872103E-16,1.,0.));
#5930=DIRECTION('center_axis',(0.,0.,1.));
#5931=DIRECTION('ref_axis',(-1.83697019872103E-16,-1.,0.));
#5932=DIRECTION('center_axis',(0.,0.,1.));
#5933=DIRECTION('ref_axis',(-1.83697019872103E-16,-1.,0.));
#5934=CARTESIAN_POINT('',(0.,0.,0.));
#5935=CARTESIAN_POINT('Origin',(-1.1,1.1,1.09));
#5936=CARTESIAN_POINT('',(-1.1,0.950000000000001,1.08));
#5937=CARTESIAN_POINT('Origin',(-1.1,1.1,1.08));
#5938=CARTESIAN_POINT('',(-1.1,0.950000000000001,1.09));
#5939=CARTESIAN_POINT('',(-1.1,0.950000000000001,1.09));
#5940=CARTESIAN_POINT('Origin',(-1.1,1.1,1.09));
#5941=CARTESIAN_POINT('Origin',(-1.1,1.1,1.09));
#5942=CARTESIAN_POINT('Origin',(-1.1,1.1,1.08));
#5943=CARTESIAN_POINT('Origin',(0.0500000000000001,1.65,0.2));
#5944=CARTESIAN_POINT('',(-0.2,1.64,0.2));
#5945=CARTESIAN_POINT('',(0.0500000000000001,1.64,0.2));
#5946=CARTESIAN_POINT('',(0.0500000000000001,1.64,0.2));
#5947=CARTESIAN_POINT('',(0.0500000000000001,1.65,0.2));
#5948=CARTESIAN_POINT('',(0.0500000000000001,1.65,0.2));
#5949=CARTESIAN_POINT('',(-0.2,1.65,0.2));
#5950=CARTESIAN_POINT('',(0.0500000000000001,1.65,0.2));
#5951=CARTESIAN_POINT('',(-0.2,1.65,0.2));
#5952=CARTESIAN_POINT('Origin',(0.0500000000000001,1.65,0.1));
#5953=CARTESIAN_POINT('',(0.0500000000000001,1.64,0.1));
#5954=CARTESIAN_POINT('',(0.0500000000000001,1.64,0.1));
#5955=CARTESIAN_POINT('',(0.0500000000000001,1.65,0.1));
#5956=CARTESIAN_POINT('',(0.0500000000000001,1.65,0.1));
#5957=CARTESIAN_POINT('',(0.0500000000000001,1.65,0.1));
#5958=CARTESIAN_POINT('Origin',(0.0500000000000001,1.65,0.1));
#5959=CARTESIAN_POINT('',(-0.2,1.64,0.1));
#5960=CARTESIAN_POINT('',(0.0500000000000001,1.64,0.1));
#5961=CARTESIAN_POINT('',(-0.2,1.65,0.1));
#5962=CARTESIAN_POINT('',(-0.2,1.65,0.1));
#5963=CARTESIAN_POINT('',(0.0500000000000001,1.65,0.1));
#5964=CARTESIAN_POINT('Origin',(-0.2,1.65,0.1));
#5965=CARTESIAN_POINT('',(-0.2,1.64,0.1));
#5966=CARTESIAN_POINT('',(-0.2,1.65,0.1));
#5967=CARTESIAN_POINT('Origin',(3.01777885017646E-16,1.65,0.));
#5968=CARTESIAN_POINT('Origin',(3.01263112590249E-16,1.64,0.));
#5969=CARTESIAN_POINT('Origin',(-0.2,-1.65,0.1));
#5970=CARTESIAN_POINT('',(-0.2,-1.64,0.1));
#5971=CARTESIAN_POINT('',(0.0499999999999999,-1.64,0.1));
#5972=CARTESIAN_POINT('',(-0.2,-1.64,0.1));
#5973=CARTESIAN_POINT('',(0.0499999999999999,-1.65,0.1));
#5974=CARTESIAN_POINT('',(0.0499999999999999,-1.65,0.1));
#5975=CARTESIAN_POINT('',(-0.2,-1.65,0.1));
#5976=CARTESIAN_POINT('',(-0.2,-1.65,0.1));
#5977=CARTESIAN_POINT('',(-0.2,-1.65,0.1));
#5978=CARTESIAN_POINT('Origin',(0.0499999999999999,-1.65,0.1));
#5979=CARTESIAN_POINT('',(0.0499999999999999,-1.64,0.2));
#5980=CARTESIAN_POINT('',(0.0499999999999999,-1.64,0.1));
#5981=CARTESIAN_POINT('',(0.0499999999999999,-1.65,0.2));
#5982=CARTESIAN_POINT('',(0.0499999999999999,-1.65,0.2));
#5983=CARTESIAN_POINT('',(0.0499999999999999,-1.65,0.1));
#5984=CARTESIAN_POINT('Origin',(0.0499999999999999,-1.65,0.2));
#5985=CARTESIAN_POINT('',(-0.2,-1.64,0.2));
#5986=CARTESIAN_POINT('',(0.0499999999999999,-1.64,0.2));
#5987=CARTESIAN_POINT('',(-0.2,-1.65,0.2));
#5988=CARTESIAN_POINT('',(-0.2,-1.65,0.2));
#5989=CARTESIAN_POINT('',(0.0499999999999999,-1.65,0.2));
#5990=CARTESIAN_POINT('Origin',(-0.2,-1.65,0.2));
#5991=CARTESIAN_POINT('',(-0.2,-1.64,0.2));
#5992=CARTESIAN_POINT('',(-0.2,-1.65,0.2));
#5993=CARTESIAN_POINT('Origin',(-3.01777885017646E-16,-1.65,0.));
#5994=CARTESIAN_POINT('Origin',(-3.01263112590249E-16,-1.64,0.));
#5995=CARTESIAN_POINT('Origin',(-1.1,1.1,1.08));
#5996=CARTESIAN_POINT('',(-1.1,1.25,1.08));
#5997=CARTESIAN_POINT('Origin',(-1.1,1.1,1.08));
#5998=CARTESIAN_POINT('',(-1.1,1.25,1.1));
#5999=CARTESIAN_POINT('',(-1.1,1.25,1.08));
#6000=CARTESIAN_POINT('Origin',(-1.1,1.1,1.1));
#6001=CARTESIAN_POINT('Origin',(0.,0.,0.05));
#6002=CARTESIAN_POINT('',(1.25,-0.495,0.05));
#6003=CARTESIAN_POINT('',(1.6,-0.495000000000001,0.05));
#6004=CARTESIAN_POINT('',(-9.0930024836691E-17,-0.495,0.05));
#6005=CARTESIAN_POINT('',(1.6,-0.805000000000001,0.05));
#6006=CARTESIAN_POINT('',(1.6,-1.65,0.05));
#6007=CARTESIAN_POINT('',(1.25,-0.805,0.05));
#6008=CARTESIAN_POINT('',(1.65,-0.805000000000001,0.05));
#6009=CARTESIAN_POINT('',(1.25,-0.805,0.05));
#6010=CARTESIAN_POINT('Origin',(0.,0.,0.05));
#6011=CARTESIAN_POINT('',(1.25,0.155,0.05));
#6012=CARTESIAN_POINT('',(1.6,0.154999999999999,0.05));
#6013=CARTESIAN_POINT('',(2.84730380801759E-17,0.155,0.05));
#6014=CARTESIAN_POINT('',(1.6,-0.155,0.05));
#6015=CARTESIAN_POINT('',(1.6,-1.65,0.05));
#6016=CARTESIAN_POINT('',(1.25,-0.155,0.05));
#6017=CARTESIAN_POINT('',(1.65,-0.155,0.05));
#6018=CARTESIAN_POINT('',(1.25,-0.155,0.05));
#6019=CARTESIAN_POINT('Origin',(0.,0.,0.05));
#6020=CARTESIAN_POINT('',(1.25,0.805,0.05));
#6021=CARTESIAN_POINT('',(1.6,0.805,0.05));
#6022=CARTESIAN_POINT('',(1.47876100997043E-16,0.805,0.05));
#6023=CARTESIAN_POINT('',(1.6,0.494999999999999,0.05));
#6024=CARTESIAN_POINT('',(1.6,-1.65,0.05));
#6025=CARTESIAN_POINT('',(1.25,0.495,0.05));
#6026=CARTESIAN_POINT('',(1.65,0.495,0.05));
#6027=CARTESIAN_POINT('',(1.25,0.495,0.05));
#6028=CARTESIAN_POINT('Origin',(0.,0.,0.05));
#6029=CARTESIAN_POINT('',(1.6,1.64,0.05));
#6030=CARTESIAN_POINT('',(-1.6,1.64,0.05));
#6031=CARTESIAN_POINT('',(1.64,1.64,0.05));
#6032=CARTESIAN_POINT('',(1.6,1.145,0.05));
#6033=CARTESIAN_POINT('',(1.6,-1.65,0.05));
#6034=CARTESIAN_POINT('',(-0.46,1.145,0.05));
#6035=CARTESIAN_POINT('',(1.65,1.145,0.05));
#6036=CARTESIAN_POINT('',(-0.460000000000001,-1.145,0.05));
#6037=CARTESIAN_POINT('',(-0.460000000000001,-1.145,0.05));
#6038=CARTESIAN_POINT('',(1.6,-1.145,0.05));
#6039=CARTESIAN_POINT('',(-3.28002423061226E-16,-1.145,0.05));
#6040=CARTESIAN_POINT('',(1.6,-1.64,0.05));
#6041=CARTESIAN_POINT('',(1.6,-1.65,0.05));
#6042=CARTESIAN_POINT('',(-1.6,-1.64,0.05));
#6043=CARTESIAN_POINT('',(1.64,-1.64,0.05));
#6044=CARTESIAN_POINT('',(-1.6,-1.145,0.05));
#6045=CARTESIAN_POINT('',(-1.6,-1.65,0.05));
#6046=CARTESIAN_POINT('',(-1.,-1.145,0.05));
#6047=CARTESIAN_POINT('',(-1.,-1.145,0.05));
#6048=CARTESIAN_POINT('',(-1.,-0.805,0.05));
#6049=CARTESIAN_POINT('',(-1.,-1.145,0.05));
#6050=CARTESIAN_POINT('',(-1.6,-0.805,0.05));
#6051=CARTESIAN_POINT('',(-1.,-0.805,0.05));
#6052=CARTESIAN_POINT('',(-1.6,-0.495,0.05));
#6053=CARTESIAN_POINT('',(-1.6,-1.65,0.05));
#6054=CARTESIAN_POINT('',(-1.,-0.495,0.05));
#6055=CARTESIAN_POINT('',(-1.,-0.495,0.05));
#6056=CARTESIAN_POINT('',(-1.,1.145,0.05));
#6057=CARTESIAN_POINT('',(-1.,-0.495,0.05));
#6058=CARTESIAN_POINT('',(-1.6,1.145,0.05));
#6059=CARTESIAN_POINT('',(-1.,1.145,0.05));
#6060=CARTESIAN_POINT('',(-1.6,-1.65,0.05));
#6061=CARTESIAN_POINT('Origin',(0.,0.,0.05));
#6062=CARTESIAN_POINT('',(-1.6,0.495,0.05));
#6063=CARTESIAN_POINT('',(-1.35,0.495,0.05));
#6064=CARTESIAN_POINT('',(-1.35,0.495,0.05));
#6065=CARTESIAN_POINT('',(-1.6,0.805,0.05));
#6066=CARTESIAN_POINT('',(-1.6,-1.65,0.05));
#6067=CARTESIAN_POINT('',(-1.35,0.805,0.05));
#6068=CARTESIAN_POINT('',(-1.35,0.805,0.05));
#6069=CARTESIAN_POINT('',(-1.35,0.495,0.05));
#6070=CARTESIAN_POINT('Origin',(1.64,-1.64,1.1));
#6071=CARTESIAN_POINT('',(1.64,-1.64,0.0940409022824584));
#6072=CARTESIAN_POINT('Origin',(1.64974943495086,-1.64,0.0450006278323802));
#6073=CARTESIAN_POINT('',(1.64,-1.64,1.1));
#6074=CARTESIAN_POINT('',(1.64,-1.64,1.1));
#6075=CARTESIAN_POINT('',(-1.64,-1.64,1.1));
#6076=CARTESIAN_POINT('',(1.64,-1.64,1.1));
#6077=CARTESIAN_POINT('',(-1.64,-1.64,0.0940409022824586));
#6078=CARTESIAN_POINT('',(-1.64,-1.64,1.1));
#6079=CARTESIAN_POINT('Origin',(-1.64974943495086,-1.64,0.0450006278323802));
#6080=CARTESIAN_POINT('Origin',(1.64,1.64,1.1));
#6081=CARTESIAN_POINT('',(1.64,-1.145,0.0940409022824584));
#6082=CARTESIAN_POINT('',(1.64,-1.65,0.0940409022824584));
#6083=CARTESIAN_POINT('',(1.64,-1.145,0.2));
#6084=CARTESIAN_POINT('',(1.64,-1.145,1.1));
#6085=CARTESIAN_POINT('',(1.64,-0.805000000000001,0.2));
#6086=CARTESIAN_POINT('',(1.64,1.64,0.2));
#6087=CARTESIAN_POINT('',(1.64,-0.805000000000001,0.0940409022824584));
#6088=CARTESIAN_POINT('',(1.64,-0.805000000000001,1.1));
#6089=CARTESIAN_POINT('',(1.64,-0.495000000000001,0.0940409022824584));
#6090=CARTESIAN_POINT('',(1.64,-1.65,0.0940409022824584));
#6091=CARTESIAN_POINT('',(1.64,-0.495000000000001,0.2));
#6092=CARTESIAN_POINT('',(1.64,-0.495,1.1));
#6093=CARTESIAN_POINT('',(1.64,-0.155,0.2));
#6094=CARTESIAN_POINT('',(1.64,1.64,0.2));
#6095=CARTESIAN_POINT('',(1.64,-0.155,0.0940409022824584));
#6096=CARTESIAN_POINT('',(1.64,-0.155,1.1));
#6097=CARTESIAN_POINT('',(1.64,0.154999999999999,0.0940409022824584));
#6098=CARTESIAN_POINT('',(1.64,-1.65,0.0940409022824584));
#6099=CARTESIAN_POINT('',(1.64,0.154999999999999,0.2));
#6100=CARTESIAN_POINT('',(1.64,0.154999999999999,1.1));
#6101=CARTESIAN_POINT('',(1.64,0.495,0.2));
#6102=CARTESIAN_POINT('',(1.64,1.64,0.2));
#6103=CARTESIAN_POINT('',(1.64,0.494999999999999,0.0940409022824584));
#6104=CARTESIAN_POINT('',(1.64,0.495,1.1));
#6105=CARTESIAN_POINT('',(1.64,0.805,0.0940409022824584));
#6106=CARTESIAN_POINT('',(1.64,-1.65,0.0940409022824584));
#6107=CARTESIAN_POINT('',(1.64,0.804999999999999,0.2));
#6108=CARTESIAN_POINT('',(1.64,0.804999999999999,1.1));
#6109=CARTESIAN_POINT('',(1.64,1.145,0.2));
#6110=CARTESIAN_POINT('',(1.64,1.64,0.2));
#6111=CARTESIAN_POINT('',(1.64,1.145,0.0940409022824585));
#6112=CARTESIAN_POINT('',(1.64,1.145,1.1));
#6113=CARTESIAN_POINT('',(1.64,1.64,0.0940409022824584));
#6114=CARTESIAN_POINT('',(1.64,-1.65,0.0940409022824584));
#6115=CARTESIAN_POINT('',(1.64,1.64,1.1));
#6116=CARTESIAN_POINT('',(1.64,1.64,1.1));
#6117=CARTESIAN_POINT('',(1.64,1.64,1.1));
#6118=CARTESIAN_POINT('Origin',(1.64,1.64,1.1));
#6119=CARTESIAN_POINT('Origin',(1.64974943495086,1.64,0.0450006278323802));
#6120=CARTESIAN_POINT('',(-1.64,1.64,0.0940409022824586));
#6121=CARTESIAN_POINT('Origin',(-1.64974943495086,1.64,0.0450006278323802));
#6122=CARTESIAN_POINT('',(-1.64,1.64,1.1));
#6123=CARTESIAN_POINT('',(-1.64,1.64,1.1));
#6124=CARTESIAN_POINT('',(1.64,1.64,1.1));
#6125=CARTESIAN_POINT('Origin',(-1.64,1.64,1.1));
#6126=CARTESIAN_POINT('',(-1.64,1.14275907608443,0.0940409022824585));
#6127=CARTESIAN_POINT('',(-1.64,-1.65,0.0940409022824586));
#6128=CARTESIAN_POINT('',(-1.64,1.14275907608443,0.2));
#6129=CARTESIAN_POINT('',(-1.64,1.14275907608443,0.2));
#6130=CARTESIAN_POINT('',(-1.64,0.80724092391557,0.2));
#6131=CARTESIAN_POINT('',(-1.64,1.64,0.2));
#6132=CARTESIAN_POINT('',(-1.64,0.80724092391557,0.0940409022824586));
#6133=CARTESIAN_POINT('',(-1.64,0.80724092391557,0.2));
#6134=CARTESIAN_POINT('',(-1.64,0.492759076084431,0.0940409022824585));
#6135=CARTESIAN_POINT('',(-1.64,-1.65,0.0940409022824586));
#6136=CARTESIAN_POINT('',(-1.64,0.492759076084431,0.2));
#6137=CARTESIAN_POINT('',(-1.64,0.492759076084431,0.2));
#6138=CARTESIAN_POINT('',(-1.64,0.15724092391557,0.2));
#6139=CARTESIAN_POINT('',(-1.64,1.64,0.2));
#6140=CARTESIAN_POINT('',(-1.64,0.15724092391557,0.0940409022824585));
#6141=CARTESIAN_POINT('',(-1.64,0.15724092391557,0.2));
#6142=CARTESIAN_POINT('',(-1.64,-0.157240923915569,0.0940409022824586));
#6143=CARTESIAN_POINT('',(-1.64,-1.65,0.0940409022824586));
#6144=CARTESIAN_POINT('',(-1.64,-0.157240923915569,0.2));
#6145=CARTESIAN_POINT('',(-1.64,-0.157240923915569,0.2));
#6146=CARTESIAN_POINT('',(-1.64,-0.49275907608443,0.2));
#6147=CARTESIAN_POINT('',(-1.64,1.64,0.2));
#6148=CARTESIAN_POINT('',(-1.64,-0.49275907608443,0.0940409022824585));
#6149=CARTESIAN_POINT('',(-1.64,-0.49275907608443,0.2));
#6150=CARTESIAN_POINT('',(-1.64,-0.80724092391557,0.0940409022824586));
#6151=CARTESIAN_POINT('',(-1.64,-1.65,0.0940409022824586));
#6152=CARTESIAN_POINT('',(-1.64,-0.80724092391557,0.2));
#6153=CARTESIAN_POINT('',(-1.64,-0.80724092391557,0.2));
#6154=CARTESIAN_POINT('',(-1.64,-1.14275907608443,0.2));
#6155=CARTESIAN_POINT('',(-1.64,1.64,0.2));
#6156=CARTESIAN_POINT('',(-1.64,-1.14275907608443,0.0940409022824586));
#6157=CARTESIAN_POINT('',(-1.64,-1.14275907608443,0.2));
#6158=CARTESIAN_POINT('',(-1.64,-1.65,0.0940409022824586));
#6159=CARTESIAN_POINT('',(-1.64,1.64,1.1));
#6160=CARTESIAN_POINT('Origin',(0.,0.,1.1));
#6161=CARTESIAN_POINT('Origin',(0.,0.,0.05));
#6162=CARTESIAN_POINT('',(-1.6,-0.155,0.05));
#6163=CARTESIAN_POINT('',(-1.35,-0.155,0.05));
#6164=CARTESIAN_POINT('',(-1.35,-0.155,0.05));
#6165=CARTESIAN_POINT('',(-1.6,0.155,0.05));
#6166=CARTESIAN_POINT('',(-1.6,-1.65,0.05));
#6167=CARTESIAN_POINT('',(-1.35,0.155,0.05));
#6168=CARTESIAN_POINT('',(-1.35,0.155,0.05));
#6169=CARTESIAN_POINT('',(-1.35,-0.155,0.05));
#6170=CARTESIAN_POINT('Origin',(-1.1,1.1,1.08));
#6171=CARTESIAN_POINT('Origin',(-1.56440100503147,-1.0773007537736,0.2));
#6172=CARTESIAN_POINT('',(-1.638,-0.805,0.2));
#6173=CARTESIAN_POINT('Origin',(-1.56440100503147,-0.872699246226398,0.2));
#6174=CARTESIAN_POINT('',(-1.,-0.805,0.2));
#6175=CARTESIAN_POINT('',(-1.,-0.805,0.2));
#6176=CARTESIAN_POINT('',(-1.,-1.145,0.2));
#6177=CARTESIAN_POINT('',(-1.,-1.145,0.2));
#6178=CARTESIAN_POINT('',(-1.638,-1.145,0.2));
#6179=CARTESIAN_POINT('',(-1.,-1.145,0.2));
#6180=CARTESIAN_POINT('Origin',(-1.56440100503147,-1.0773007537736,0.2));
#6181=CARTESIAN_POINT('Origin',(-1.56440100503147,-0.872699246226398,0.2));
#6182=CARTESIAN_POINT('',(-1.638,-0.805,0.0936005329591967));
#6183=CARTESIAN_POINT('Origin',(-1.61471392015509,-0.899377875027975,0.0121162584897945));
#6184=CARTESIAN_POINT('',(-1.638,-0.805,0.2));
#6185=CARTESIAN_POINT('Origin',(-1.56440100503147,-1.0773007537736,0.2));
#6186=CARTESIAN_POINT('',(-1.638,-1.145,0.0936005329591967));
#6187=CARTESIAN_POINT('',(-1.638,-1.145,0.2));
#6188=CARTESIAN_POINT('Origin',(-1.61471390407542,-1.0506220635156,0.0121162045770261));
#6189=CARTESIAN_POINT('Origin',(-1.,-1.145,0.2));
#6190=CARTESIAN_POINT('Origin',(-1.64974943495086,-1.145,0.0450006278323802));
#6191=CARTESIAN_POINT('',(-1.,-1.145,0.2));
#6192=CARTESIAN_POINT('Origin',(-1.,-1.145,0.2));
#6193=CARTESIAN_POINT('',(-1.,-0.805,0.2));
#6194=CARTESIAN_POINT('Origin',(-1.,-0.805,0.2));
#6195=CARTESIAN_POINT('Origin',(-1.64974943495086,-0.805,0.0450006278323802));
#6196=CARTESIAN_POINT('Origin',(-1.56440100503147,0.222699246226398,0.2));
#6197=CARTESIAN_POINT('',(-1.638,-0.155,0.2));
#6198=CARTESIAN_POINT('Origin',(-1.56440100503147,-0.222699246226398,0.2));
#6199=CARTESIAN_POINT('',(-1.35,-0.155,0.2));
#6200=CARTESIAN_POINT('',(-1.35,-0.155,0.2));
#6201=CARTESIAN_POINT('',(-1.35,0.155,0.2));
#6202=CARTESIAN_POINT('',(-1.35,-0.155,0.2));
#6203=CARTESIAN_POINT('',(-1.638,0.155,0.2));
#6204=CARTESIAN_POINT('',(-1.35,0.155,0.2));
#6205=CARTESIAN_POINT('Origin',(-1.56440100503147,0.222699246226398,0.2));
#6206=CARTESIAN_POINT('',(-1.638,0.495,0.2));
#6207=CARTESIAN_POINT('Origin',(-1.56440100503147,0.427300753773602,0.2));
#6208=CARTESIAN_POINT('',(-1.35,0.495,0.2));
#6209=CARTESIAN_POINT('',(-1.35,0.495,0.2));
#6210=CARTESIAN_POINT('',(-1.35,0.805,0.2));
#6211=CARTESIAN_POINT('',(-1.35,0.495,0.2));
#6212=CARTESIAN_POINT('',(-1.638,0.805,0.2));
#6213=CARTESIAN_POINT('',(-1.35,0.805,0.2));
#6214=CARTESIAN_POINT('Origin',(-1.56440100503147,0.872699246226398,0.2));
#6215=CARTESIAN_POINT('',(-1.638,1.145,0.2));
#6216=CARTESIAN_POINT('Origin',(-1.56440100503147,1.0773007537736,0.2));
#6217=CARTESIAN_POINT('',(-1.,1.145,0.2));
#6218=CARTESIAN_POINT('',(-1.,1.145,0.2));
#6219=CARTESIAN_POINT('',(-1.,-0.495,0.2));
#6220=CARTESIAN_POINT('',(-1.,-0.495,0.2));
#6221=CARTESIAN_POINT('',(-1.638,-0.495,0.2));
#6222=CARTESIAN_POINT('',(-1.,-0.495,0.2));
#6223=CARTESIAN_POINT('Origin',(-1.56440100503147,-0.427300753773602,0.2));
#6224=CARTESIAN_POINT('Origin',(-1.56440100503147,-0.222699246226398,0.2));
#6225=CARTESIAN_POINT('',(-1.638,-0.155,0.0936005329591967));
#6226=CARTESIAN_POINT('Origin',(-1.61471392372729,-0.249377860971483,0.0121162707227303));
#6227=CARTESIAN_POINT('',(-1.638,-0.155,0.2));
#6228=CARTESIAN_POINT('Origin',(-1.56440100503147,-0.427300753773602,0.2));
#6229=CARTESIAN_POINT('',(-1.638,-0.495,0.0936005329591967));
#6230=CARTESIAN_POINT('',(-1.638,-0.495,0.2));
#6231=CARTESIAN_POINT('Origin',(-1.61471391938329,-0.400622122342237,0.0121162561047688));
#6232=CARTESIAN_POINT('Origin',(-1.56440100503147,1.0773007537736,0.2));
#6233=CARTESIAN_POINT('',(-1.638,1.145,0.0936005329591966));
#6234=CARTESIAN_POINT('Origin',(-1.61471390726401,1.05062207586261,0.0121162153688553));
#6235=CARTESIAN_POINT('',(-1.638,1.145,0.2));
#6236=CARTESIAN_POINT('Origin',(-1.56440100503147,0.872699246226398,0.2));
#6237=CARTESIAN_POINT('',(-1.638,0.805,0.0936005329591967));
#6238=CARTESIAN_POINT('',(-1.638,0.805,0.2));
#6239=CARTESIAN_POINT('Origin',(-1.61471390463815,0.89937793435229,0.0121162064521546));
#6240=CARTESIAN_POINT('Origin',(-1.56440100503147,0.427300753773602,0.2));
#6241=CARTESIAN_POINT('',(-1.638,0.495,0.0936005329591967));
#6242=CARTESIAN_POINT('Origin',(-1.6147139132397,0.400622098743843,0.0121162354316294));
#6243=CARTESIAN_POINT('',(-1.638,0.495,0.2));
#6244=CARTESIAN_POINT('Origin',(-1.56440100503147,0.222699246226398,0.2));
#6245=CARTESIAN_POINT('',(-1.638,0.155,0.0936005329591967));
#6246=CARTESIAN_POINT('',(-1.638,0.155,0.2));
#6247=CARTESIAN_POINT('Origin',(-1.61471390645362,0.249377927094008,0.0121162127414588));
#6248=CARTESIAN_POINT('Origin',(-1.35,-0.155,0.2));
#6249=CARTESIAN_POINT('',(-1.35,0.155,0.2));
#6250=CARTESIAN_POINT('',(-1.35,-0.155,0.2));
#6251=CARTESIAN_POINT('Origin',(-1.35,-0.155,0.2));
#6252=CARTESIAN_POINT('Origin',(-1.64974943495086,-0.155,0.0450006278323802));
#6253=CARTESIAN_POINT('Origin',(-1.,-0.495,0.2));
#6254=CARTESIAN_POINT('Origin',(-1.64974943495086,-0.495,0.0450006278323802));
#6255=CARTESIAN_POINT('',(-1.,-0.495,0.2));
#6256=CARTESIAN_POINT('Origin',(-1.,-0.495,0.2));
#6257=CARTESIAN_POINT('',(-1.,1.145,0.2));
#6258=CARTESIAN_POINT('Origin',(-1.,1.145,0.2));
#6259=CARTESIAN_POINT('Origin',(-1.64974943495086,1.145,0.0450006278323802));
#6260=CARTESIAN_POINT('Origin',(-1.35,0.805,0.2));
#6261=CARTESIAN_POINT('Origin',(-1.64974943495086,0.805,0.0450006278323802));
#6262=CARTESIAN_POINT('',(-1.35,0.805,0.2));
#6263=CARTESIAN_POINT('Origin',(-1.35,0.495,0.2));
#6264=CARTESIAN_POINT('',(-1.35,0.495,0.2));
#6265=CARTESIAN_POINT('Origin',(-1.35,0.495,0.2));
#6266=CARTESIAN_POINT('Origin',(-1.64974943495086,0.495,0.0450006278323802));
#6267=CARTESIAN_POINT('Origin',(-1.35,0.155,0.2));
#6268=CARTESIAN_POINT('Origin',(-1.64974943495086,0.155,0.0450006278323802));
#6269=CARTESIAN_POINT('Origin',(0.,0.,0.2));
#6270=CARTESIAN_POINT('',(-0.460000000000001,-1.145,0.2));
#6271=CARTESIAN_POINT('',(1.65,-1.145,0.2));
#6272=CARTESIAN_POINT('',(-0.46,1.145,0.2));
#6273=CARTESIAN_POINT('',(-0.460000000000001,-1.145,0.2));
#6274=CARTESIAN_POINT('',(1.65,1.145,0.2));
#6275=CARTESIAN_POINT('',(1.25,0.805,0.2));
#6276=CARTESIAN_POINT('',(1.25,0.805,0.2));
#6277=CARTESIAN_POINT('',(1.25,0.495,0.2));
#6278=CARTESIAN_POINT('',(1.25,0.495,0.2));
#6279=CARTESIAN_POINT('',(1.65,0.495,0.2));
#6280=CARTESIAN_POINT('',(1.25,0.155,0.2));
#6281=CARTESIAN_POINT('',(1.25,0.155,0.2));
#6282=CARTESIAN_POINT('',(1.25,-0.155,0.2));
#6283=CARTESIAN_POINT('',(1.25,-0.155,0.2));
#6284=CARTESIAN_POINT('',(1.65,-0.155,0.2));
#6285=CARTESIAN_POINT('',(1.25,-0.495,0.2));
#6286=CARTESIAN_POINT('',(1.25,-0.495,0.2));
#6287=CARTESIAN_POINT('',(1.25,-0.805,0.2));
#6288=CARTESIAN_POINT('',(1.25,-0.805,0.2));
#6289=CARTESIAN_POINT('',(1.65,-0.805000000000001,0.2));
#6290=CARTESIAN_POINT('Origin',(1.65,-0.805000000000001,0.2));
#6291=CARTESIAN_POINT('Origin',(1.64974943495086,-0.805000000000001,0.0450006278323802));
#6292=CARTESIAN_POINT('',(1.25,-0.805,0.2));
#6293=CARTESIAN_POINT('Origin',(1.25,-0.495,0.2));
#6294=CARTESIAN_POINT('Origin',(1.64974943495086,-0.495000000000001,0.0450006278323802));
#6295=CARTESIAN_POINT('',(1.25,-0.495,0.2));
#6296=CARTESIAN_POINT('Origin',(1.65,-0.155,0.2));
#6297=CARTESIAN_POINT('Origin',(1.64974943495086,-0.155,0.0450006278323802));
#6298=CARTESIAN_POINT('',(1.25,-0.155,0.2));
#6299=CARTESIAN_POINT('Origin',(1.25,0.155,0.2));
#6300=CARTESIAN_POINT('Origin',(1.64974943495086,0.154999999999999,0.0450006278323802));
#6301=CARTESIAN_POINT('',(1.25,0.155,0.2));
#6302=CARTESIAN_POINT('Origin',(1.65,0.495,0.2));
#6303=CARTESIAN_POINT('Origin',(1.64974943495086,0.494999999999999,0.0450006278323802));
#6304=CARTESIAN_POINT('',(1.25,0.495,0.2));
#6305=CARTESIAN_POINT('Origin',(1.25,0.805,0.2));
#6306=CARTESIAN_POINT('Origin',(1.64974943495086,0.805,0.0450006278323802));
#6307=CARTESIAN_POINT('',(1.25,0.805,0.2));
#6308=CARTESIAN_POINT('Origin',(1.65,1.145,0.2));
#6309=CARTESIAN_POINT('Origin',(1.64974943495086,1.145,0.0450006278323802));
#6310=CARTESIAN_POINT('',(-0.46,1.145,0.2));
#6311=CARTESIAN_POINT('Origin',(1.65,-1.145,0.2));
#6312=CARTESIAN_POINT('Origin',(1.64974943495086,-1.145,0.0450006278323802));
#6313=CARTESIAN_POINT('',(-0.460000000000001,-1.145,0.2));
#6314=CARTESIAN_POINT('Origin',(1.25,-0.805,0.2));
#6315=CARTESIAN_POINT('Origin',(1.25,-0.155,0.2));
#6316=CARTESIAN_POINT('Origin',(1.25,0.495,0.2));
#6317=CARTESIAN_POINT('Origin',(-0.460000000000001,-1.145,0.2));
#6318=CARTESIAN_POINT('Origin',(1.64974943495086,-1.65,0.0450006278323802));
#6319=CARTESIAN_POINT('Origin',(1.64974943495086,-1.65,0.0450006278323802));
#6320=CARTESIAN_POINT('Origin',(1.64974943495086,-1.65,0.0450006278323802));
#6321=CARTESIAN_POINT('Origin',(1.64974943495086,-1.65,0.0450006278323802));
#6322=CARTESIAN_POINT('Origin',(1.64974943495086,-1.65,0.0450006278323802));
#6323=CARTESIAN_POINT('Origin',(-1.64974943495086,-1.65,0.0450006278323802));
#6324=CARTESIAN_POINT('Origin',(-1.64974943495086,-1.65,0.0450006278323802));
#6325=CARTESIAN_POINT('Origin',(-1.64974943495086,-1.65,0.0450006278323802));
#6326=CARTESIAN_POINT('Origin',(-1.64974943495086,-1.65,0.0450006278323802));
#6327=CARTESIAN_POINT('Origin',(-1.64974943495086,-1.65,0.0450006278323802));
#6328=CARTESIAN_POINT('Origin',(-1.,-1.145,-2.71050543121376E-17));
#6329=CARTESIAN_POINT('',(-1.638,-1.145,0.0936005329591967));
#6330=CARTESIAN_POINT('',(-1.638,-1.145,0.2));
#6331=CARTESIAN_POINT('',(-1.638,-1.145,-2.71050543121376E-17));
#6332=CARTESIAN_POINT('',(-1.6,-1.145,0.05));
#6333=CARTESIAN_POINT('Origin',(-1.64974943495086,-1.145,0.0450006278323802));
#6334=CARTESIAN_POINT('',(-1.6,-1.145,6.12323399573677E-18));
#6335=CARTESIAN_POINT('',(-1.6,-1.145,-2.71050543121376E-17));
#6336=CARTESIAN_POINT('',(-1.,-1.145,-2.71050543121376E-17));
#6337=CARTESIAN_POINT('',(-1.,-1.145,-2.71050543121376E-17));
#6338=CARTESIAN_POINT('',(-1.,-1.145,0.2));
#6339=CARTESIAN_POINT('',(-1.,-1.145,-2.71050543121376E-17));
#6340=CARTESIAN_POINT('',(-1.,-1.145,0.2));
#6341=CARTESIAN_POINT('Origin',(-1.56440100503147,-1.0773007537736,-2.71050543121376E-17));
#6342=CARTESIAN_POINT('',(-1.65,-1.129,0.095));
#6343=CARTESIAN_POINT('',(-1.65,-1.129,0.2));
#6344=CARTESIAN_POINT('',(-1.65,-1.129,-2.71050543121376E-17));
#6345=CARTESIAN_POINT('Ctrl Pts',(-1.65,-1.129,0.095));
#6346=CARTESIAN_POINT('Ctrl Pts',(-1.64756742795594,-1.13302763555292,0.0950121905037472));
#6347=CARTESIAN_POINT('Ctrl Pts',(-1.64482841249114,-1.13691185316834,0.0948485697725464));
#6348=CARTESIAN_POINT('Ctrl Pts',(-1.64185836095097,-1.14054913726251,0.0943739260103828));
#6349=CARTESIAN_POINT('Ctrl Pts',(-1.64060998696742,-1.14207796286454,0.0941744234374039));
#6350=CARTESIAN_POINT('Ctrl Pts',(-1.63932131768029,-1.14356353417912,0.0939199725978856));
#6351=CARTESIAN_POINT('Ctrl Pts',(-1.638,-1.145,0.0936005329591968));
#6352=CARTESIAN_POINT('Origin',(-1.56440100503147,-1.0773007537736,0.2));
#6353=CARTESIAN_POINT('Origin',(-1.65,-1.129,-2.71050543121376E-17));
#6354=CARTESIAN_POINT('',(-1.65,-0.821,0.095));
#6355=CARTESIAN_POINT('',(-1.65,-0.821,0.2));
#6356=CARTESIAN_POINT('',(-1.65,-0.821,-2.71050543121376E-17));
#6357=CARTESIAN_POINT('',(-1.65,-1.65,0.095));
#6358=CARTESIAN_POINT('',(-1.65,-1.129,0.2));
#6359=CARTESIAN_POINT('Origin',(-1.56440100503147,-0.872699246226398,-2.71050543121376E-17));
#6360=CARTESIAN_POINT('',(-1.638,-0.805,0.0936005329591967));
#6361=CARTESIAN_POINT('',(-1.638,-0.805,0.2));
#6362=CARTESIAN_POINT('',(-1.638,-0.805,-2.71050543121376E-17));
#6363=CARTESIAN_POINT('Ctrl Pts',(-1.638,-0.805,0.0936005329591967));
#6364=CARTESIAN_POINT('Ctrl Pts',(-1.64114359451822,-0.808417547609849,
0.0943605233173532));
#6365=CARTESIAN_POINT('Ctrl Pts',(-1.64409984391672,-0.812115556074813,
0.0947526583350291));
#6366=CARTESIAN_POINT('Ctrl Pts',(-1.64677643593267,-0.816004551731746,
0.0949121498082392));
#6367=CARTESIAN_POINT('Ctrl Pts',(-1.64790146281928,-0.81763917690058,0.0949791873673732));
#6368=CARTESIAN_POINT('Ctrl Pts',(-1.64897753974573,-0.819307101620452,
0.0950051239204164));
#6369=CARTESIAN_POINT('Ctrl Pts',(-1.65,-0.821,0.095));
#6370=CARTESIAN_POINT('Origin',(-1.56440100503147,-0.872699246226398,0.2));
#6371=CARTESIAN_POINT('Origin',(-1.638,-0.805,-2.71050543121376E-17));
#6372=CARTESIAN_POINT('',(-1.6,-0.805,-2.71050543121376E-17));
#6373=CARTESIAN_POINT('',(-1.6,-0.805,0.05));
#6374=CARTESIAN_POINT('',(-1.6,-0.805,-2.71050543121376E-17));
#6375=CARTESIAN_POINT('Origin',(-1.64974943495086,-0.805,0.0450006278323802));
#6376=CARTESIAN_POINT('',(-1.,-0.805,0.2));
#6377=CARTESIAN_POINT('',(-1.638,-0.805,0.2));
#6378=CARTESIAN_POINT('',(-1.,-0.805,-2.71050543121376E-17));
#6379=CARTESIAN_POINT('',(-1.,-0.805,-2.71050543121376E-17));
#6380=CARTESIAN_POINT('',(-1.638,-0.805,-2.71050543121376E-17));
#6381=CARTESIAN_POINT('Origin',(-1.,-0.805,-2.71050543121376E-17));
#6382=CARTESIAN_POINT('',(-1.,-0.805,0.2));
#6383=CARTESIAN_POINT('',(-1.,-0.805,-2.71050543121376E-17));
#6384=CARTESIAN_POINT('Origin',(-1.56440100503147,-1.0773007537736,-2.71050543121376E-17));
#6385=CARTESIAN_POINT('',(-1.6,-1.0773007537736,-2.71050543121376E-17));
#6386=CARTESIAN_POINT('Origin',(-1.56440100503147,-1.0773007537736,0.2));
#6387=CARTESIAN_POINT('Origin',(-1.64974943495086,-1.65,0.0450006278323802));
#6388=CARTESIAN_POINT('',(-1.6,-1.65,0.05));
#6389=CARTESIAN_POINT('Origin',(-1.6,-1.65,6.12323399573677E-18));
#6390=CARTESIAN_POINT('Origin',(-1.,1.145,-2.71050543121376E-17));
#6391=CARTESIAN_POINT('',(-1.,1.145,0.2));
#6392=CARTESIAN_POINT('',(-1.,-0.495,0.2));
#6393=CARTESIAN_POINT('',(-1.,1.145,0.2));
#6394=CARTESIAN_POINT('',(-1.,-0.495,-2.71050543121376E-17));
#6395=CARTESIAN_POINT('',(-1.,-0.495,-2.71050543121376E-17));
#6396=CARTESIAN_POINT('',(-1.,1.145,-2.71050543121376E-17));
#6397=CARTESIAN_POINT('',(-1.,1.145,-2.71050543121376E-17));
#6398=CARTESIAN_POINT('',(-1.,1.145,-2.71050543121376E-17));
#6399=CARTESIAN_POINT('Origin',(-1.,-0.495,-2.71050543121376E-17));
#6400=CARTESIAN_POINT('',(-1.638,-0.495,0.0936005329591967));
#6401=CARTESIAN_POINT('',(-1.638,-0.495,0.2));
#6402=CARTESIAN_POINT('',(-1.638,-0.495,-2.71050543121376E-17));
#6403=CARTESIAN_POINT('',(-1.6,-0.495,0.05));
#6404=CARTESIAN_POINT('Origin',(-1.64974943495086,-0.495,0.0450006278323802));
#6405=CARTESIAN_POINT('',(-1.6,-0.495,6.12323399573677E-18));
#6406=CARTESIAN_POINT('',(-1.6,-0.495,-2.71050543121376E-17));
#6407=CARTESIAN_POINT('',(-1.,-0.495,-2.71050543121376E-17));
#6408=CARTESIAN_POINT('',(-1.,-0.495,0.2));
#6409=CARTESIAN_POINT('Origin',(-1.56440100503147,-0.427300753773602,-2.71050543121376E-17));
#6410=CARTESIAN_POINT('',(-1.65,-0.479,0.095));
#6411=CARTESIAN_POINT('',(-1.65,-0.479,0.2));
#6412=CARTESIAN_POINT('',(-1.65,-0.479,-2.71050543121376E-17));
#6413=CARTESIAN_POINT('Ctrl Pts',(-1.65,-0.479,0.095));
#6414=CARTESIAN_POINT('Ctrl Pts',(-1.64756742795594,-0.483027635552915,
0.0950121905037472));
#6415=CARTESIAN_POINT('Ctrl Pts',(-1.64482841249114,-0.486911853168336,
0.0948485697725465));
#6416=CARTESIAN_POINT('Ctrl Pts',(-1.64185836095098,-0.490549137262501,
0.0943739260103834));
#6417=CARTESIAN_POINT('Ctrl Pts',(-1.64060998696742,-0.492077962864537,
0.0941744234374043));
#6418=CARTESIAN_POINT('Ctrl Pts',(-1.63932131768029,-0.493563534179116,
0.0939199725978859));
#6419=CARTESIAN_POINT('Ctrl Pts',(-1.638,-0.495,0.0936005329591967));
#6420=CARTESIAN_POINT('Origin',(-1.56440100503147,-0.427300753773602,0.2));
#6421=CARTESIAN_POINT('Origin',(-1.65,-0.479,-2.71050543121376E-17));
#6422=CARTESIAN_POINT('',(-1.65,-0.170999999999999,0.095));
#6423=CARTESIAN_POINT('',(-1.65,-0.170999999999999,0.2));
#6424=CARTESIAN_POINT('',(-1.65,-0.170999999999999,-2.71050543121376E-17));
#6425=CARTESIAN_POINT('',(-1.65,-1.65,0.095));
#6426=CARTESIAN_POINT('',(-1.65,-0.479,0.2));
#6427=CARTESIAN_POINT('Origin',(-1.56440100503147,-0.222699246226398,-2.71050543121376E-17));
#6428=CARTESIAN_POINT('',(-1.638,-0.155,0.0936005329591967));
#6429=CARTESIAN_POINT('',(-1.638,-0.155,0.2));
#6430=CARTESIAN_POINT('',(-1.638,-0.155,-2.71050543121376E-17));
#6431=CARTESIAN_POINT('Ctrl Pts',(-1.638,-0.155,0.0936005329591967));
#6432=CARTESIAN_POINT('Ctrl Pts',(-1.64114359451822,-0.158417547609848,
0.0943605233173531));
#6433=CARTESIAN_POINT('Ctrl Pts',(-1.64409984391672,-0.162115556074812,
0.094752658335029));
#6434=CARTESIAN_POINT('Ctrl Pts',(-1.64677643593267,-0.166004551731743,
0.0949121498082391));
#6435=CARTESIAN_POINT('Ctrl Pts',(-1.64790146281928,-0.167639176900578,
0.0949791873673732));
#6436=CARTESIAN_POINT('Ctrl Pts',(-1.64897753974573,-0.169307101620452,
0.0950051239204164));
#6437=CARTESIAN_POINT('Ctrl Pts',(-1.65,-0.170999999999999,0.095));
#6438=CARTESIAN_POINT('Origin',(-1.56440100503147,-0.222699246226398,0.2));
#6439=CARTESIAN_POINT('Origin',(-1.638,-0.155,-2.71050543121376E-17));
#6440=CARTESIAN_POINT('',(-1.6,-0.155,-2.71050543121376E-17));
#6441=CARTESIAN_POINT('',(-1.6,-0.155,0.05));
#6442=CARTESIAN_POINT('',(-1.6,-0.155,-2.71050543121376E-17));
#6443=CARTESIAN_POINT('Origin',(-1.64974943495086,-0.155,0.0450006278323802));
#6444=CARTESIAN_POINT('',(-1.35,-0.155,0.2));
#6445=CARTESIAN_POINT('',(-1.638,-0.155,0.2));
#6446=CARTESIAN_POINT('',(-1.35,-0.155,-2.71050543121376E-17));
#6447=CARTESIAN_POINT('',(-1.35,-0.155,-2.71050543121376E-17));
#6448=CARTESIAN_POINT('',(-1.638,-0.155,-2.71050543121376E-17));
#6449=CARTESIAN_POINT('Origin',(-1.35,-0.155,-2.71050543121376E-17));
#6450=CARTESIAN_POINT('',(-1.35,0.155,0.2));
#6451=CARTESIAN_POINT('',(-1.35,-0.155,0.2));
#6452=CARTESIAN_POINT('',(-1.35,0.155,-2.71050543121376E-17));
#6453=CARTESIAN_POINT('',(-1.35,0.155,-2.71050543121376E-17));
#6454=CARTESIAN_POINT('',(-1.35,-0.155,-2.71050543121376E-17));
#6455=CARTESIAN_POINT('Origin',(-1.35,0.155,-2.71050543121376E-17));
#6456=CARTESIAN_POINT('',(-1.638,0.155,0.0936005329591967));
#6457=CARTESIAN_POINT('',(-1.638,0.155,0.2));
#6458=CARTESIAN_POINT('',(-1.638,0.155,-2.71050543121376E-17));
#6459=CARTESIAN_POINT('',(-1.6,0.155,0.05));
#6460=CARTESIAN_POINT('Origin',(-1.64974943495086,0.155,0.0450006278323802));
#6461=CARTESIAN_POINT('',(-1.6,0.155,6.12323399573677E-18));
#6462=CARTESIAN_POINT('',(-1.6,0.155,-2.71050543121376E-17));
#6463=CARTESIAN_POINT('',(-1.35,0.155,-2.71050543121376E-17));
#6464=CARTESIAN_POINT('',(-1.35,0.155,0.2));
#6465=CARTESIAN_POINT('Origin',(-1.56440100503147,0.222699246226398,-2.71050543121376E-17));
#6466=CARTESIAN_POINT('',(-1.65,0.171,0.095));
#6467=CARTESIAN_POINT('',(-1.65,0.171,0.2));
#6468=CARTESIAN_POINT('',(-1.65,0.171,-2.71050543121376E-17));
#6469=CARTESIAN_POINT('Ctrl Pts',(-1.65,0.171,0.095));
#6470=CARTESIAN_POINT('Ctrl Pts',(-1.64756742795594,0.166972364447085,0.0950121905037472));
#6471=CARTESIAN_POINT('Ctrl Pts',(-1.64482841249114,0.163088146831664,0.0948485697725465));
#6472=CARTESIAN_POINT('Ctrl Pts',(-1.64185836095098,0.159450862737499,0.0943739260103833));
#6473=CARTESIAN_POINT('Ctrl Pts',(-1.64060998696742,0.157922037135463,0.0941744234374043));
#6474=CARTESIAN_POINT('Ctrl Pts',(-1.63932131768029,0.156436465820884,0.0939199725978859));
#6475=CARTESIAN_POINT('Ctrl Pts',(-1.638,0.155,0.0936005329591967));
#6476=CARTESIAN_POINT('Origin',(-1.56440100503147,0.222699246226398,0.2));
#6477=CARTESIAN_POINT('Origin',(-1.65,0.171,-2.71050543121376E-17));
#6478=CARTESIAN_POINT('',(-1.65,0.479,0.095));
#6479=CARTESIAN_POINT('',(-1.65,0.479000000000001,0.2));
#6480=CARTESIAN_POINT('',(-1.65,0.479000000000001,-2.71050543121376E-17));
#6481=CARTESIAN_POINT('',(-1.65,-1.65,0.095));
#6482=CARTESIAN_POINT('',(-1.65,0.171,0.2));
#6483=CARTESIAN_POINT('Origin',(-1.56440100503147,0.427300753773602,-2.71050543121376E-17));
#6484=CARTESIAN_POINT('',(-1.638,0.495,0.0936005329591967));
#6485=CARTESIAN_POINT('',(-1.638,0.495,0.2));
#6486=CARTESIAN_POINT('',(-1.638,0.495,-2.71050543121376E-17));
#6487=CARTESIAN_POINT('Ctrl Pts',(-1.638,0.495,0.0936005329591967));
#6488=CARTESIAN_POINT('Ctrl Pts',(-1.64114359451822,0.491582452390151,0.0943605233173534));
#6489=CARTESIAN_POINT('Ctrl Pts',(-1.64409984391672,0.487884443925185,0.0947526583350293));
#6490=CARTESIAN_POINT('Ctrl Pts',(-1.64677643593267,0.483995448268251,0.0949121498082393));
#6491=CARTESIAN_POINT('Ctrl Pts',(-1.64790146281929,0.482360823099419,0.0949791873673732));
#6492=CARTESIAN_POINT('Ctrl Pts',(-1.64897753974573,0.480692898379547,0.0950051239204164));
#6493=CARTESIAN_POINT('Ctrl Pts',(-1.65,0.479000000000001,0.095));
#6494=CARTESIAN_POINT('Origin',(-1.56440100503147,0.427300753773602,0.2));
#6495=CARTESIAN_POINT('Origin',(-1.638,0.495,-2.71050543121376E-17));
#6496=CARTESIAN_POINT('',(-1.6,0.495,-2.71050543121376E-17));
#6497=CARTESIAN_POINT('',(-1.6,0.495,0.05));
#6498=CARTESIAN_POINT('',(-1.6,0.495,-2.71050543121376E-17));
#6499=CARTESIAN_POINT('Origin',(-1.64974943495086,0.495,0.0450006278323802));
#6500=CARTESIAN_POINT('',(-1.35,0.495,0.2));
#6501=CARTESIAN_POINT('',(-1.638,0.495,0.2));
#6502=CARTESIAN_POINT('',(-1.35,0.495,-2.71050543121376E-17));
#6503=CARTESIAN_POINT('',(-1.35,0.495,-2.71050543121376E-17));
#6504=CARTESIAN_POINT('',(-1.638,0.495,-2.71050543121376E-17));
#6505=CARTESIAN_POINT('Origin',(-1.35,0.495,-2.71050543121376E-17));
#6506=CARTESIAN_POINT('',(-1.35,0.805,0.2));
#6507=CARTESIAN_POINT('',(-1.35,0.495,0.2));
#6508=CARTESIAN_POINT('',(-1.35,0.805,-2.71050543121376E-17));
#6509=CARTESIAN_POINT('',(-1.35,0.805,-2.71050543121376E-17));
#6510=CARTESIAN_POINT('',(-1.35,0.495,-2.71050543121376E-17));
#6511=CARTESIAN_POINT('Origin',(-1.35,0.805,-2.71050543121376E-17));
#6512=CARTESIAN_POINT('',(-1.638,0.805,0.0936005329591967));
#6513=CARTESIAN_POINT('',(-1.638,0.805,0.2));
#6514=CARTESIAN_POINT('',(-1.638,0.805,-2.71050543121376E-17));
#6515=CARTESIAN_POINT('',(-1.6,0.805,0.05));
#6516=CARTESIAN_POINT('Origin',(-1.64974943495086,0.805,0.0450006278323802));
#6517=CARTESIAN_POINT('',(-1.6,0.805000000000001,6.12323399573677E-18));
#6518=CARTESIAN_POINT('',(-1.6,0.805,-2.71050543121376E-17));
#6519=CARTESIAN_POINT('',(-1.35,0.805,-2.71050543121376E-17));
#6520=CARTESIAN_POINT('',(-1.35,0.805,0.2));
#6521=CARTESIAN_POINT('Origin',(-1.56440100503147,0.872699246226398,-2.71050543121376E-17));
#6522=CARTESIAN_POINT('',(-1.65,0.821000000000001,0.095));
#6523=CARTESIAN_POINT('',(-1.65,0.821000000000001,0.2));
#6524=CARTESIAN_POINT('',(-1.65,0.821000000000001,-2.71050543121376E-17));
#6525=CARTESIAN_POINT('Ctrl Pts',(-1.65,0.821000000000001,0.095));
#6526=CARTESIAN_POINT('Ctrl Pts',(-1.64756742795594,0.816972364447085,0.0950121905037472));
#6527=CARTESIAN_POINT('Ctrl Pts',(-1.64482841249114,0.813088146831664,0.0948485697725465));
#6528=CARTESIAN_POINT('Ctrl Pts',(-1.64185836095098,0.809450862737499,0.0943739260103833));
#6529=CARTESIAN_POINT('Ctrl Pts',(-1.64060998696742,0.807922037135463,0.0941744234374043));
#6530=CARTESIAN_POINT('Ctrl Pts',(-1.63932131768029,0.806436465820884,0.0939199725978858));
#6531=CARTESIAN_POINT('Ctrl Pts',(-1.638,0.805,0.0936005329591967));
#6532=CARTESIAN_POINT('Origin',(-1.56440100503147,0.872699246226398,0.2));
#6533=CARTESIAN_POINT('Origin',(-1.65,0.821000000000001,-2.71050543121376E-17));
#6534=CARTESIAN_POINT('',(-1.65,1.129,0.095));
#6535=CARTESIAN_POINT('',(-1.65,1.129,0.2));
#6536=CARTESIAN_POINT('',(-1.65,1.129,-2.71050543121376E-17));
#6537=CARTESIAN_POINT('',(-1.65,-1.65,0.095));
#6538=CARTESIAN_POINT('',(-1.65,0.821000000000001,0.2));
#6539=CARTESIAN_POINT('Origin',(-1.56440100503147,1.0773007537736,-2.71050543121376E-17));
#6540=CARTESIAN_POINT('',(-1.638,1.145,0.0936005329591966));
#6541=CARTESIAN_POINT('',(-1.638,1.145,0.2));
#6542=CARTESIAN_POINT('',(-1.638,1.145,-2.71050543121376E-17));
#6543=CARTESIAN_POINT('Ctrl Pts',(-1.638,1.145,0.0936005329591966));
#6544=CARTESIAN_POINT('Ctrl Pts',(-1.64114359451822,1.14158245239015,0.0943605233173534));
#6545=CARTESIAN_POINT('Ctrl Pts',(-1.64409984391672,1.13788444392518,0.0947526583350293));
#6546=CARTESIAN_POINT('Ctrl Pts',(-1.64677643593267,1.13399544826825,0.0949121498082393));
#6547=CARTESIAN_POINT('Ctrl Pts',(-1.64790146281929,1.13236082309942,0.0949791873673732));
#6548=CARTESIAN_POINT('Ctrl Pts',(-1.64897753974573,1.13069289837955,0.0950051239204164));
#6549=CARTESIAN_POINT('Ctrl Pts',(-1.65,1.129,0.095));
#6550=CARTESIAN_POINT('Origin',(-1.56440100503147,1.0773007537736,0.2));
#6551=CARTESIAN_POINT('Origin',(-1.638,1.145,-2.71050543121376E-17));
#6552=CARTESIAN_POINT('',(-1.6,1.145,-2.71050543121376E-17));
#6553=CARTESIAN_POINT('',(-1.6,1.145,0.05));
#6554=CARTESIAN_POINT('',(-1.6,1.145,-2.71050543121376E-17));
#6555=CARTESIAN_POINT('Origin',(-1.64974943495086,1.145,0.0450006278323802));
#6556=CARTESIAN_POINT('',(-1.638,1.145,0.2));
#6557=CARTESIAN_POINT('',(-1.638,1.145,-2.71050543121376E-17));
#6558=CARTESIAN_POINT('Origin',(-1.56440100503147,-0.427300753773602,-2.71050543121376E-17));
#6559=CARTESIAN_POINT('',(-1.6,-0.427300753773602,-2.71050543121376E-17));
#6560=CARTESIAN_POINT('',(-1.6,-0.427300753773602,-2.71050543121376E-17));
#6561=CARTESIAN_POINT('',(-1.6,-0.427300753773602,-2.71050543121376E-17));
#6562=CARTESIAN_POINT('Origin',(-1.56440100503147,-0.427300753773602,0.2));
#6563=CARTESIAN_POINT('Origin',(-1.6,-1.65,6.12323399573677E-18));
#6564=CARTESIAN_POINT('',(-1.6,-1.65,0.05));
#6565=CARTESIAN_POINT('Origin',(-1.64974943495086,-1.65,0.0450006278323802));
#6566=CARTESIAN_POINT('Origin',(-1.6,-1.65,6.12323399573677E-18));
#6567=CARTESIAN_POINT('',(-1.6,-1.65,0.05));
#6568=CARTESIAN_POINT('Origin',(-1.64974943495086,-1.65,0.0450006278323802));
#6569=CARTESIAN_POINT('Origin',(-1.64974943495086,-1.65,0.0450006278323802));
#6570=CARTESIAN_POINT('',(-1.6,-1.65,0.05));
#6571=CARTESIAN_POINT('Origin',(-1.6,-1.65,6.12323399573677E-18));
#6572=CARTESIAN_POINT('Origin',(1.65,-0.495000000000001,-2.71050543121376E-17));
#6573=CARTESIAN_POINT('',(1.6,-0.495000000000001,-2.71050543121376E-17));
#6574=CARTESIAN_POINT('',(1.6,-0.495000000000001,0.05));
#6575=CARTESIAN_POINT('',(1.6,-0.495000000000001,-2.71050543121376E-17));
#6576=CARTESIAN_POINT('',(1.65,-0.495000000000001,0.095));
#6577=CARTESIAN_POINT('Origin',(1.64974943495086,-0.495000000000001,0.0450006278323802));
#6578=CARTESIAN_POINT('',(1.65,-0.495000000000001,0.2));
#6579=CARTESIAN_POINT('',(1.65,-0.495000000000001,-2.71050543121376E-17));
#6580=CARTESIAN_POINT('',(1.25,-0.495,0.2));
#6581=CARTESIAN_POINT('',(1.65,-0.495000000000001,0.2));
#6582=CARTESIAN_POINT('',(1.25,-0.495,-2.71050543121376E-17));
#6583=CARTESIAN_POINT('',(1.25,-0.495,-2.71050543121376E-17));
#6584=CARTESIAN_POINT('',(1.65,-0.495000000000001,-2.71050543121376E-17));
#6585=CARTESIAN_POINT('Origin',(1.25,-0.495,-2.71050543121376E-17));
#6586=CARTESIAN_POINT('',(1.25,-0.805,0.2));
#6587=CARTESIAN_POINT('',(1.25,-0.495,0.2));
#6588=CARTESIAN_POINT('',(1.25,-0.805,-2.71050543121376E-17));
#6589=CARTESIAN_POINT('',(1.25,-0.805,-2.71050543121376E-17));
#6590=CARTESIAN_POINT('',(1.25,-0.495,-2.71050543121376E-17));
#6591=CARTESIAN_POINT('Origin',(1.25,-0.805,-2.71050543121376E-17));
#6592=CARTESIAN_POINT('',(1.65,-0.805000000000001,0.095));
#6593=CARTESIAN_POINT('',(1.65,-0.805000000000001,0.2));
#6594=CARTESIAN_POINT('',(1.65,-0.805000000000001,-2.71050543121376E-17));
#6595=CARTESIAN_POINT('',(1.6,-0.805000000000001,0.05));
#6596=CARTESIAN_POINT('Origin',(1.64974943495086,-0.805000000000001,0.0450006278323802));
#6597=CARTESIAN_POINT('',(1.6,-0.805000000000001,6.12323399573677E-18));
#6598=CARTESIAN_POINT('',(1.6,-0.805000000000001,-2.71050543121376E-17));
#6599=CARTESIAN_POINT('',(1.25,-0.805,-2.71050543121376E-17));
#6600=CARTESIAN_POINT('',(1.25,-0.805,0.2));
#6601=CARTESIAN_POINT('Origin',(1.65,-0.805000000000001,-2.71050543121376E-17));
#6602=CARTESIAN_POINT('',(1.65,-1.145,0.095));
#6603=CARTESIAN_POINT('',(1.65,-1.145,0.2));
#6604=CARTESIAN_POINT('',(1.65,-1.145,-2.71050543121376E-17));
#6605=CARTESIAN_POINT('',(1.65,-1.65,0.095));
#6606=CARTESIAN_POINT('',(1.65,-0.805000000000001,0.2));
#6607=CARTESIAN_POINT('Origin',(1.65,-1.145,-2.71050543121376E-17));
#6608=CARTESIAN_POINT('',(1.6,-1.145,-2.71050543121376E-17));
#6609=CARTESIAN_POINT('',(1.6,-1.145,0.05));
#6610=CARTESIAN_POINT('',(1.6,-1.145,-2.71050543121376E-17));
#6611=CARTESIAN_POINT('Origin',(1.64974943495086,-1.145,0.0450006278323802));
#6612=CARTESIAN_POINT('',(-0.460000000000001,-1.145,0.2));
#6613=CARTESIAN_POINT('',(1.65,-1.145,0.2));
#6614=CARTESIAN_POINT('',(-0.460000000000001,-1.145,-2.71050543121376E-17));
#6615=CARTESIAN_POINT('',(-0.460000000000001,-1.145,-2.71050543121376E-17));
#6616=CARTESIAN_POINT('',(1.65,-1.145,-2.71050543121376E-17));
#6617=CARTESIAN_POINT('Origin',(-0.460000000000001,-1.145,-2.71050543121376E-17));
#6618=CARTESIAN_POINT('',(-0.46,1.145,0.2));
#6619=CARTESIAN_POINT('',(-0.460000000000001,-1.145,0.2));
#6620=CARTESIAN_POINT('',(-0.46,1.145,-2.71050543121376E-17));
#6621=CARTESIAN_POINT('',(-0.46,1.145,-2.71050543121376E-17));
#6622=CARTESIAN_POINT('',(-0.460000000000001,-1.145,-2.71050543121376E-17));
#6623=CARTESIAN_POINT('Origin',(-0.46,1.145,-2.71050543121376E-17));
#6624=CARTESIAN_POINT('',(1.65,1.145,0.095));
#6625=CARTESIAN_POINT('',(1.65,1.145,0.2));
#6626=CARTESIAN_POINT('',(1.65,1.145,-2.71050543121376E-17));
#6627=CARTESIAN_POINT('',(1.6,1.145,0.05));
#6628=CARTESIAN_POINT('Origin',(1.64974943495086,1.145,0.0450006278323802));
#6629=CARTESIAN_POINT('',(1.6,1.145,6.12323399573677E-18));
#6630=CARTESIAN_POINT('',(1.6,1.145,-2.71050543121376E-17));
#6631=CARTESIAN_POINT('',(-0.46,1.145,-2.71050543121376E-17));
#6632=CARTESIAN_POINT('',(-0.46,1.145,0.2));
#6633=CARTESIAN_POINT('Origin',(1.65,1.145,-2.71050543121376E-17));
#6634=CARTESIAN_POINT('',(1.65,0.805,0.095));
#6635=CARTESIAN_POINT('',(1.65,0.804999999999999,0.2));
#6636=CARTESIAN_POINT('',(1.65,0.804999999999999,-2.71050543121376E-17));
#6637=CARTESIAN_POINT('',(1.65,-1.65,0.095));
#6638=CARTESIAN_POINT('',(1.65,1.145,0.2));
#6639=CARTESIAN_POINT('Origin',(1.65,0.804999999999999,-2.71050543121376E-17));
#6640=CARTESIAN_POINT('',(1.6,0.804999999999999,-2.71050543121376E-17));
#6641=CARTESIAN_POINT('',(1.6,0.805,0.05));
#6642=CARTESIAN_POINT('',(1.6,0.804999999999999,-2.71050543121376E-17));
#6643=CARTESIAN_POINT('Origin',(1.64974943495086,0.805,0.0450006278323802));
#6644=CARTESIAN_POINT('',(1.25,0.805,0.2));
#6645=CARTESIAN_POINT('',(1.65,0.804999999999999,0.2));
#6646=CARTESIAN_POINT('',(1.25,0.805,-2.71050543121376E-17));
#6647=CARTESIAN_POINT('',(1.25,0.805,-2.71050543121376E-17));
#6648=CARTESIAN_POINT('',(1.65,0.804999999999999,-2.71050543121376E-17));
#6649=CARTESIAN_POINT('Origin',(1.25,0.805,-2.71050543121376E-17));
#6650=CARTESIAN_POINT('',(1.25,0.495,0.2));
#6651=CARTESIAN_POINT('',(1.25,0.805,0.2));
#6652=CARTESIAN_POINT('',(1.25,0.495,-2.71050543121376E-17));
#6653=CARTESIAN_POINT('',(1.25,0.495,-2.71050543121376E-17));
#6654=CARTESIAN_POINT('',(1.25,0.805,-2.71050543121376E-17));
#6655=CARTESIAN_POINT('Origin',(1.25,0.495,-2.71050543121376E-17));
#6656=CARTESIAN_POINT('',(1.65,0.494999999999999,0.095));
#6657=CARTESIAN_POINT('',(1.65,0.495,0.2));
#6658=CARTESIAN_POINT('',(1.65,0.495,-2.71050543121376E-17));
#6659=CARTESIAN_POINT('',(1.6,0.494999999999999,0.05));
#6660=CARTESIAN_POINT('Origin',(1.64974943495086,0.494999999999999,0.0450006278323802));
#6661=CARTESIAN_POINT('',(1.6,0.494999999999999,6.12323399573677E-18));
#6662=CARTESIAN_POINT('',(1.6,0.495,-2.71050543121376E-17));
#6663=CARTESIAN_POINT('',(1.25,0.495,-2.71050543121376E-17));
#6664=CARTESIAN_POINT('',(1.25,0.495,0.2));
#6665=CARTESIAN_POINT('Origin',(1.65,0.495,-2.71050543121376E-17));
#6666=CARTESIAN_POINT('',(1.65,0.154999999999999,0.095));
#6667=CARTESIAN_POINT('',(1.65,0.154999999999999,0.2));
#6668=CARTESIAN_POINT('',(1.65,0.154999999999999,-2.71050543121376E-17));
#6669=CARTESIAN_POINT('',(1.65,-1.65,0.095));
#6670=CARTESIAN_POINT('',(1.65,0.495,0.2));
#6671=CARTESIAN_POINT('Origin',(1.65,0.154999999999999,-2.71050543121376E-17));
#6672=CARTESIAN_POINT('',(1.6,0.154999999999999,-2.71050543121376E-17));
#6673=CARTESIAN_POINT('',(1.6,0.154999999999999,0.05));
#6674=CARTESIAN_POINT('',(1.6,0.154999999999999,-2.71050543121376E-17));
#6675=CARTESIAN_POINT('Origin',(1.64974943495086,0.154999999999999,0.0450006278323802));
#6676=CARTESIAN_POINT('',(1.25,0.155,0.2));
#6677=CARTESIAN_POINT('',(1.65,0.154999999999999,0.2));
#6678=CARTESIAN_POINT('',(1.25,0.155,-2.71050543121376E-17));
#6679=CARTESIAN_POINT('',(1.25,0.155,-2.71050543121376E-17));
#6680=CARTESIAN_POINT('',(1.65,0.154999999999999,-2.71050543121376E-17));
#6681=CARTESIAN_POINT('Origin',(1.25,0.155,-2.71050543121376E-17));
#6682=CARTESIAN_POINT('',(1.25,-0.155,0.2));
#6683=CARTESIAN_POINT('',(1.25,0.155,0.2));
#6684=CARTESIAN_POINT('',(1.25,-0.155,-2.71050543121376E-17));
#6685=CARTESIAN_POINT('',(1.25,-0.155,-2.71050543121376E-17));
#6686=CARTESIAN_POINT('',(1.25,0.155,-2.71050543121376E-17));
#6687=CARTESIAN_POINT('Origin',(1.25,-0.155,-2.71050543121376E-17));
#6688=CARTESIAN_POINT('',(1.65,-0.155,0.095));
#6689=CARTESIAN_POINT('',(1.65,-0.155,0.2));
#6690=CARTESIAN_POINT('',(1.65,-0.155,-2.71050543121376E-17));
#6691=CARTESIAN_POINT('',(1.6,-0.155,0.05));
#6692=CARTESIAN_POINT('Origin',(1.64974943495086,-0.155,0.0450006278323802));
#6693=CARTESIAN_POINT('',(1.6,-0.155,6.12323399573677E-18));
#6694=CARTESIAN_POINT('',(1.6,-0.155,-2.71050543121376E-17));
#6695=CARTESIAN_POINT('',(1.25,-0.155,-2.71050543121376E-17));
#6696=CARTESIAN_POINT('',(1.25,-0.155,0.2));
#6697=CARTESIAN_POINT('Origin',(1.65,-0.155,-2.71050543121376E-17));
#6698=CARTESIAN_POINT('',(1.65,-1.65,0.095));
#6699=CARTESIAN_POINT('',(1.65,-0.155,0.2));
#6700=CARTESIAN_POINT('Origin',(0.,0.,-2.71050543121376E-17));
#6701=CARTESIAN_POINT('',(1.6,-8.2363588383559E-17,-2.71050543121376E-17));
#6702=CARTESIAN_POINT('',(1.6,-8.2363588383559E-17,-2.71050543121376E-17));
#6703=CARTESIAN_POINT('',(1.6,-8.2363588383559E-17,-2.71050543121376E-17));
#6704=CARTESIAN_POINT('',(1.6,-8.2363588383559E-17,-2.71050543121376E-17));
#6705=CARTESIAN_POINT('Origin',(0.,0.,0.2));
#6706=CARTESIAN_POINT('Origin',(1.6,-1.65,6.12323399573677E-18));
#6707=CARTESIAN_POINT('',(1.6,-1.65,0.05));
#6708=CARTESIAN_POINT('Origin',(1.64974943495086,-1.65,0.0450006278323802));
#6709=CARTESIAN_POINT('Origin',(1.6,-1.65,6.12323399573677E-18));
#6710=CARTESIAN_POINT('',(1.6,-1.65,0.05));
#6711=CARTESIAN_POINT('Origin',(1.64974943495086,-1.65,0.0450006278323802));
#6712=CARTESIAN_POINT('Origin',(1.6,-1.65,6.12323399573677E-18));
#6713=CARTESIAN_POINT('',(1.6,-1.65,0.05));
#6714=CARTESIAN_POINT('Origin',(1.64974943495086,-1.65,0.0450006278323802));
#6715=CARTESIAN_POINT('Origin',(1.64974943495086,-1.65,0.0450006278323802));
#6716=CARTESIAN_POINT('',(1.6,-1.65,0.05));
#6717=CARTESIAN_POINT('Origin',(1.6,-1.65,6.12323399573677E-18));
#6718=CARTESIAN_POINT('Origin',(0.412548070812707,-0.83904721784905,1.11));
#6719=CARTESIAN_POINT('',(0.533358941131218,-0.732427299593869,1.11));
#6720=CARTESIAN_POINT('',(0.543688812641217,-0.933991885963868,1.11));
#6721=CARTESIAN_POINT('Ctrl Pts',(0.533358941131218,-0.732427299593869,
1.11));
#6722=CARTESIAN_POINT('Ctrl Pts',(0.50657292140273,-0.736499302582048,1.11));
#6723=CARTESIAN_POINT('Ctrl Pts',(0.457802817220575,-0.741621706857339,
1.11));
#6724=CARTESIAN_POINT('Ctrl Pts',(0.414016502169233,-0.797829035183593,
1.11));
#6725=CARTESIAN_POINT('Ctrl Pts',(0.406831628799841,-0.858424463139513,
1.11));
#6726=CARTESIAN_POINT('Ctrl Pts',(0.455756791405955,-0.91871381675762,1.11));
#6727=CARTESIAN_POINT('Ctrl Pts',(0.506092532388407,-0.936928068779348,
1.11));
#6728=CARTESIAN_POINT('Ctrl Pts',(0.543688812641217,-0.933991885963868,
1.11));
#6729=CARTESIAN_POINT('',(0.606740281401217,-0.933991885963868,1.11));
#6730=CARTESIAN_POINT('',(0.543688812641217,-0.933991885963868,1.11));
#6731=CARTESIAN_POINT('',(0.617709874581218,-0.732427299593869,1.11));
#6732=CARTESIAN_POINT('Ctrl Pts',(0.606740281401217,-0.933991885963868,
1.11));
#6733=CARTESIAN_POINT('Ctrl Pts',(0.644459319256162,-0.936326041926443,
1.11));
#6734=CARTESIAN_POINT('Ctrl Pts',(0.693388689387267,-0.912738643420981,
1.11));
#6735=CARTESIAN_POINT('Ctrl Pts',(0.735857212575065,-0.852182187215219,
1.11));
#6736=CARTESIAN_POINT('Ctrl Pts',(0.723345349074334,-0.76816450871018,1.11));
#6737=CARTESIAN_POINT('Ctrl Pts',(0.659693842477811,-0.732108593155734,
1.11));
#6738=CARTESIAN_POINT('Ctrl Pts',(0.617709874581218,-0.732427299593869,
1.11));
#6739=CARTESIAN_POINT('',(0.617709874581218,-0.732427299593869,1.11));
#6740=CARTESIAN_POINT('',(0.614235984091218,-0.787306992783869,1.11));
#6741=CARTESIAN_POINT('',(0.529185976741217,-0.787306992783869,1.11));
#6742=CARTESIAN_POINT('',(0.614235984091218,-0.787306992783869,1.11));
#6743=CARTESIAN_POINT('',(0.614235984091218,-0.880002509683869,1.11));
#6744=CARTESIAN_POINT('Ctrl Pts',(0.614235984091218,-0.880002509683869,
1.11));
#6745=CARTESIAN_POINT('Ctrl Pts',(0.632968178516489,-0.876747745484724,
1.11));
#6746=CARTESIAN_POINT('Ctrl Pts',(0.68068428075779,-0.868278952286947,1.11));
#6747=CARTESIAN_POINT('Ctrl Pts',(0.682827800549683,-0.819877048244101,
1.11));
#6748=CARTESIAN_POINT('Ctrl Pts',(0.656613343149981,-0.794881627805971,
1.11));
#6749=CARTESIAN_POINT('Ctrl Pts',(0.631677205627765,-0.789352533142978,
1.11));
#6750=CARTESIAN_POINT('Ctrl Pts',(0.614235984091218,-0.787306992783869,
1.11));
#6751=CARTESIAN_POINT('',(0.529185976741217,-0.880002509683869,1.11));
#6752=CARTESIAN_POINT('',(0.529185976741217,-0.880002509683869,1.11));
#6753=CARTESIAN_POINT('Ctrl Pts',(0.529185976741217,-0.787306992783869,
1.11));
#6754=CARTESIAN_POINT('Ctrl Pts',(0.51121471555585,-0.791324234322367,1.11));
#6755=CARTESIAN_POINT('Ctrl Pts',(0.457477254441839,-0.799916372342028,
1.11));
#6756=CARTESIAN_POINT('Ctrl Pts',(0.467965618498149,-0.868479512668872,
1.11));
#6757=CARTESIAN_POINT('Ctrl Pts',(0.508677097716417,-0.878008206513624,
1.11));
#6758=CARTESIAN_POINT('Ctrl Pts',(0.529185976741217,-0.880002509683869,
1.11));
#6759=CARTESIAN_POINT('Origin',(0.412548070812707,-0.83904721784905,1.1));
#6760=CARTESIAN_POINT('',(0.533358941131218,-0.732427299593869,1.1));
#6761=CARTESIAN_POINT('',(0.543688812641217,-0.933991885963868,1.1));
#6762=CARTESIAN_POINT('Ctrl Pts',(0.533358941131218,-0.732427299593869,
1.1));
#6763=CARTESIAN_POINT('Ctrl Pts',(0.50657292140273,-0.736499302582048,1.1));
#6764=CARTESIAN_POINT('Ctrl Pts',(0.457802817220575,-0.741621706857339,
1.1));
#6765=CARTESIAN_POINT('Ctrl Pts',(0.414016502169233,-0.797829035183593,
1.1));
#6766=CARTESIAN_POINT('Ctrl Pts',(0.406831628799841,-0.858424463139513,
1.1));
#6767=CARTESIAN_POINT('Ctrl Pts',(0.455756791405955,-0.91871381675762,1.1));
#6768=CARTESIAN_POINT('Ctrl Pts',(0.506092532388407,-0.936928068779348,
1.1));
#6769=CARTESIAN_POINT('Ctrl Pts',(0.543688812641217,-0.933991885963868,
1.1));
#6770=CARTESIAN_POINT('',(0.617709874581218,-0.732427299593869,1.1));
#6771=CARTESIAN_POINT('',(0.617709874581218,-0.732427299593869,1.1));
#6772=CARTESIAN_POINT('',(0.606740281401217,-0.933991885963868,1.1));
#6773=CARTESIAN_POINT('Ctrl Pts',(0.606740281401217,-0.933991885963868,
1.1));
#6774=CARTESIAN_POINT('Ctrl Pts',(0.644459319256162,-0.936326041926443,
1.1));
#6775=CARTESIAN_POINT('Ctrl Pts',(0.693388689387267,-0.912738643420981,
1.1));
#6776=CARTESIAN_POINT('Ctrl Pts',(0.735857212575065,-0.852182187215219,
1.1));
#6777=CARTESIAN_POINT('Ctrl Pts',(0.723345349074334,-0.76816450871018,1.1));
#6778=CARTESIAN_POINT('Ctrl Pts',(0.659693842477811,-0.732108593155734,
1.1));
#6779=CARTESIAN_POINT('Ctrl Pts',(0.617709874581218,-0.732427299593869,
1.1));
#6780=CARTESIAN_POINT('',(0.543688812641217,-0.933991885963868,1.1));
#6781=CARTESIAN_POINT('',(0.614235984091218,-0.880002509683869,1.1));
#6782=CARTESIAN_POINT('',(0.614235984091218,-0.787306992783869,1.1));
#6783=CARTESIAN_POINT('Ctrl Pts',(0.614235984091218,-0.880002509683869,
1.1));
#6784=CARTESIAN_POINT('Ctrl Pts',(0.632968178516489,-0.876747745484724,
1.1));
#6785=CARTESIAN_POINT('Ctrl Pts',(0.68068428075779,-0.868278952286947,1.1));
#6786=CARTESIAN_POINT('Ctrl Pts',(0.682827800549683,-0.819877048244101,
1.1));
#6787=CARTESIAN_POINT('Ctrl Pts',(0.656613343149981,-0.794881627805971,
1.1));
#6788=CARTESIAN_POINT('Ctrl Pts',(0.631677205627765,-0.789352533142978,
1.1));
#6789=CARTESIAN_POINT('Ctrl Pts',(0.614235984091218,-0.787306992783869,
1.1));
#6790=CARTESIAN_POINT('',(0.529185976741217,-0.787306992783869,1.1));
#6791=CARTESIAN_POINT('',(0.614235984091218,-0.787306992783869,1.1));
#6792=CARTESIAN_POINT('',(0.529185976741217,-0.880002509683869,1.1));
#6793=CARTESIAN_POINT('Ctrl Pts',(0.529185976741217,-0.787306992783869,
1.1));
#6794=CARTESIAN_POINT('Ctrl Pts',(0.51121471555585,-0.791324234322367,1.1));
#6795=CARTESIAN_POINT('Ctrl Pts',(0.457477254441839,-0.799916372342028,
1.1));
#6796=CARTESIAN_POINT('Ctrl Pts',(0.467965618498149,-0.868479512668872,
1.1));
#6797=CARTESIAN_POINT('Ctrl Pts',(0.508677097716417,-0.878008206513624,
1.1));
#6798=CARTESIAN_POINT('Ctrl Pts',(0.529185976741217,-0.880002509683869,
1.1));
#6799=CARTESIAN_POINT('',(0.529185976741217,-0.880002509683869,1.1));
#6800=CARTESIAN_POINT('Ctrl Pts',(0.533358941131218,-0.732427299593869,
1.11));
#6801=CARTESIAN_POINT('Ctrl Pts',(0.533358941131218,-0.732427299593869,
1.098));
#6802=CARTESIAN_POINT('Ctrl Pts',(0.50657292140273,-0.736499302582048,1.11));
#6803=CARTESIAN_POINT('Ctrl Pts',(0.50657292140273,-0.736499302582048,1.098));
#6804=CARTESIAN_POINT('Ctrl Pts',(0.457802817220575,-0.741621706857339,
1.11));
#6805=CARTESIAN_POINT('Ctrl Pts',(0.457802817220575,-0.741621706857339,
1.098));
#6806=CARTESIAN_POINT('Ctrl Pts',(0.414016502169233,-0.797829035183593,
1.11));
#6807=CARTESIAN_POINT('Ctrl Pts',(0.414016502169233,-0.797829035183593,
1.098));
#6808=CARTESIAN_POINT('Ctrl Pts',(0.406831628799841,-0.858424463139513,
1.11));
#6809=CARTESIAN_POINT('Ctrl Pts',(0.406831628799841,-0.858424463139513,
1.098));
#6810=CARTESIAN_POINT('Ctrl Pts',(0.455756791405955,-0.91871381675762,1.11));
#6811=CARTESIAN_POINT('Ctrl Pts',(0.455756791405955,-0.91871381675762,1.098));
#6812=CARTESIAN_POINT('Ctrl Pts',(0.506092532388407,-0.936928068779348,
1.11));
#6813=CARTESIAN_POINT('Ctrl Pts',(0.506092532388407,-0.936928068779348,
1.098));
#6814=CARTESIAN_POINT('Ctrl Pts',(0.543688812641217,-0.933991885963868,
1.11));
#6815=CARTESIAN_POINT('Ctrl Pts',(0.543688812641217,-0.933991885963868,
1.098));
#6816=CARTESIAN_POINT('',(0.543688812641217,-0.933991885963868,1.11));
#6817=CARTESIAN_POINT('',(0.533358941131218,-0.732427299593869,1.11));
#6818=CARTESIAN_POINT('Origin',(0.543688812641217,-0.933991885963868,1.11));
#6819=CARTESIAN_POINT('',(0.606740281401217,-0.933991885963868,1.11));
#6820=CARTESIAN_POINT('Ctrl Pts',(0.606740281401217,-0.933991885963868,
1.11));
#6821=CARTESIAN_POINT('Ctrl Pts',(0.606740281401217,-0.933991885963868,
1.098));
#6822=CARTESIAN_POINT('Ctrl Pts',(0.644459319256162,-0.936326041926443,
1.11));
#6823=CARTESIAN_POINT('Ctrl Pts',(0.644459319256162,-0.936326041926443,
1.098));
#6824=CARTESIAN_POINT('Ctrl Pts',(0.693388689387267,-0.912738643420981,
1.11));
#6825=CARTESIAN_POINT('Ctrl Pts',(0.693388689387267,-0.912738643420981,
1.098));
#6826=CARTESIAN_POINT('Ctrl Pts',(0.735857212575065,-0.852182187215219,
1.11));
#6827=CARTESIAN_POINT('Ctrl Pts',(0.735857212575065,-0.852182187215219,
1.098));
#6828=CARTESIAN_POINT('Ctrl Pts',(0.723345349074334,-0.76816450871018,1.11));
#6829=CARTESIAN_POINT('Ctrl Pts',(0.723345349074334,-0.76816450871018,1.098));
#6830=CARTESIAN_POINT('Ctrl Pts',(0.659693842477811,-0.732108593155734,
1.11));
#6831=CARTESIAN_POINT('Ctrl Pts',(0.659693842477811,-0.732108593155734,
1.098));
#6832=CARTESIAN_POINT('Ctrl Pts',(0.617709874581218,-0.732427299593869,
1.11));
#6833=CARTESIAN_POINT('Ctrl Pts',(0.617709874581218,-0.732427299593869,
1.098));
#6834=CARTESIAN_POINT('',(0.617709874581218,-0.732427299593869,1.11));
#6835=CARTESIAN_POINT('Origin',(0.617709874581218,-0.732427299593869,1.11));
#6836=CARTESIAN_POINT('Ctrl Pts',(0.614235984091218,-0.880002509683869,
1.11));
#6837=CARTESIAN_POINT('Ctrl Pts',(0.614235984091218,-0.880002509683869,
1.098));
#6838=CARTESIAN_POINT('Ctrl Pts',(0.632968178516489,-0.876747745484724,
1.11));
#6839=CARTESIAN_POINT('Ctrl Pts',(0.632968178516489,-0.876747745484724,
1.098));
#6840=CARTESIAN_POINT('Ctrl Pts',(0.68068428075779,-0.868278952286947,1.11));
#6841=CARTESIAN_POINT('Ctrl Pts',(0.68068428075779,-0.868278952286947,1.098));
#6842=CARTESIAN_POINT('Ctrl Pts',(0.682827800549683,-0.819877048244101,
1.11));
#6843=CARTESIAN_POINT('Ctrl Pts',(0.682827800549683,-0.819877048244101,
1.098));
#6844=CARTESIAN_POINT('Ctrl Pts',(0.656613343149981,-0.794881627805971,
1.11));
#6845=CARTESIAN_POINT('Ctrl Pts',(0.656613343149981,-0.794881627805971,
1.098));
#6846=CARTESIAN_POINT('Ctrl Pts',(0.631677205627765,-0.789352533142978,
1.11));
#6847=CARTESIAN_POINT('Ctrl Pts',(0.631677205627765,-0.789352533142978,
1.098));
#6848=CARTESIAN_POINT('Ctrl Pts',(0.614235984091218,-0.787306992783869,
1.11));
#6849=CARTESIAN_POINT('Ctrl Pts',(0.614235984091218,-0.787306992783869,
1.098));
#6850=CARTESIAN_POINT('',(0.614235984091218,-0.880002509683869,1.11));
#6851=CARTESIAN_POINT('',(0.614235984091218,-0.787306992783869,1.11));
#6852=CARTESIAN_POINT('Origin',(0.614235984091218,-0.787306992783869,1.11));
#6853=CARTESIAN_POINT('',(0.529185976741217,-0.787306992783869,1.11));
#6854=CARTESIAN_POINT('Ctrl Pts',(0.529185976741217,-0.787306992783869,
1.11));
#6855=CARTESIAN_POINT('Ctrl Pts',(0.529185976741217,-0.787306992783869,
1.098));
#6856=CARTESIAN_POINT('Ctrl Pts',(0.51121471555585,-0.791324234322367,1.11));
#6857=CARTESIAN_POINT('Ctrl Pts',(0.51121471555585,-0.791324234322367,1.098));
#6858=CARTESIAN_POINT('Ctrl Pts',(0.457477254441839,-0.799916372342028,
1.11));
#6859=CARTESIAN_POINT('Ctrl Pts',(0.457477254441839,-0.799916372342028,
1.098));
#6860=CARTESIAN_POINT('Ctrl Pts',(0.467965618498149,-0.868479512668872,
1.11));
#6861=CARTESIAN_POINT('Ctrl Pts',(0.467965618498149,-0.868479512668872,
1.098));
#6862=CARTESIAN_POINT('Ctrl Pts',(0.508677097716417,-0.878008206513624,
1.11));
#6863=CARTESIAN_POINT('Ctrl Pts',(0.508677097716417,-0.878008206513624,
1.098));
#6864=CARTESIAN_POINT('Ctrl Pts',(0.529185976741217,-0.880002509683869,
1.11));
#6865=CARTESIAN_POINT('Ctrl Pts',(0.529185976741217,-0.880002509683869,
1.098));
#6866=CARTESIAN_POINT('',(0.529185976741217,-0.880002509683869,1.11));
#6867=CARTESIAN_POINT('Origin',(0.529185976741217,-0.880002509683869,1.11));
#6868=CARTESIAN_POINT('Origin',(0.462434713712358,-0.592015538010508,1.11));
#6869=CARTESIAN_POINT('',(0.521817877191218,-0.634313198277397,1.11));
#6870=CARTESIAN_POINT('',(0.521817877191218,-0.546773701687397,1.11));
#6871=CARTESIAN_POINT('Ctrl Pts',(0.521817877191218,-0.634313198277397,
1.11));
#6872=CARTESIAN_POINT('Ctrl Pts',(0.507049628636738,-0.632136544683494,
1.11));
#6873=CARTESIAN_POINT('Ctrl Pts',(0.466468649950346,-0.633996564045481,
1.11));
#6874=CARTESIAN_POINT('Ctrl Pts',(0.454208722667211,-0.560884481375401,
1.11));
#6875=CARTESIAN_POINT('Ctrl Pts',(0.503097370104488,-0.548331113052195,
1.11));
#6876=CARTESIAN_POINT('Ctrl Pts',(0.521817877191218,-0.546773701687397,
1.11));
#6877=CARTESIAN_POINT('',(0.560632559601218,-0.546773701687397,1.11));
#6878=CARTESIAN_POINT('',(0.521817877191218,-0.546773701687397,1.11));
#6879=CARTESIAN_POINT('',(0.560632559601218,-0.688197188423868,1.11));
#6880=CARTESIAN_POINT('',(0.560632559601218,-0.546773701687397,1.11));
#6881=CARTESIAN_POINT('',(0.600546449141218,-0.688197188423868,1.11));
#6882=CARTESIAN_POINT('',(0.560632559601218,-0.688197188423868,1.11));
#6883=CARTESIAN_POINT('',(0.606740281401218,-0.497481211853869,1.11));
#6884=CARTESIAN_POINT('Ctrl Pts',(0.600546449141218,-0.688197188423868,
1.11));
#6885=CARTESIAN_POINT('Ctrl Pts',(0.63198478106521,-0.687777959207642,1.11));
#6886=CARTESIAN_POINT('Ctrl Pts',(0.686295089478635,-0.68130013495791,1.11));
#6887=CARTESIAN_POINT('Ctrl Pts',(0.733749448657416,-0.625449975263299,
1.11));
#6888=CARTESIAN_POINT('Ctrl Pts',(0.732747104918922,-0.571078786221013,
1.11));
#6889=CARTESIAN_POINT('Ctrl Pts',(0.695051468128047,-0.512383124627756,
1.11));
#6890=CARTESIAN_POINT('Ctrl Pts',(0.640901915235993,-0.496933935314966,
1.11));
#6891=CARTESIAN_POINT('Ctrl Pts',(0.606740281401218,-0.497481211853869,
1.11));
#6892=CARTESIAN_POINT('',(0.529185976741217,-0.497481211853869,1.11));
#6893=CARTESIAN_POINT('',(0.606740281401218,-0.497481211853869,1.11));
#6894=CARTESIAN_POINT('',(0.493733837848136,-0.683449190917397,1.11));
#6895=CARTESIAN_POINT('Ctrl Pts',(0.529185976741217,-0.497481211853869,
1.11));
#6896=CARTESIAN_POINT('Ctrl Pts',(0.492579427383222,-0.498230499690475,
1.11));
#6897=CARTESIAN_POINT('Ctrl Pts',(0.427812225275832,-0.519898456825995,
1.11));
#6898=CARTESIAN_POINT('Ctrl Pts',(0.408249266551274,-0.591689705061592,
1.11));
#6899=CARTESIAN_POINT('Ctrl Pts',(0.423836492715862,-0.649358420560343,
1.11));
#6900=CARTESIAN_POINT('Ctrl Pts',(0.460240838906835,-0.678473555517661,
1.11));
#6901=CARTESIAN_POINT('Ctrl Pts',(0.493733837848136,-0.683449190917397,
1.11));
#6902=CARTESIAN_POINT('',(0.521817877191218,-0.683449190917397,1.11));
#6903=CARTESIAN_POINT('',(0.493733837848136,-0.683449190917397,1.11));
#6904=CARTESIAN_POINT('',(0.521817877191218,-0.683449190917397,1.11));
#6905=CARTESIAN_POINT('',(0.632037762841218,-0.635014692273869,1.11));
#6906=CARTESIAN_POINT('',(0.629965178971217,-0.548311602373868,1.11));
#6907=CARTESIAN_POINT('Ctrl Pts',(0.632037762841218,-0.635014692273869,
1.11));
#6908=CARTESIAN_POINT('Ctrl Pts',(0.646259390240654,-0.632010917610214,
1.11));
#6909=CARTESIAN_POINT('Ctrl Pts',(0.679926488842139,-0.62669963679861,1.11));
#6910=CARTESIAN_POINT('Ctrl Pts',(0.690768526954774,-0.566386154846109,
1.11));
#6911=CARTESIAN_POINT('Ctrl Pts',(0.648284967603079,-0.550453377416431,
1.11));
#6912=CARTESIAN_POINT('Ctrl Pts',(0.629965178971217,-0.548311602373868,
1.11));
#6913=CARTESIAN_POINT('',(0.606740281401218,-0.635014692273869,1.11));
#6914=CARTESIAN_POINT('',(0.606740281401218,-0.635014692273869,1.11));
#6915=CARTESIAN_POINT('',(0.606740281401218,-0.548311602373868,1.11));
#6916=CARTESIAN_POINT('',(0.606740281401218,-0.548311602373868,1.11));
#6917=CARTESIAN_POINT('',(0.629965178971217,-0.548311602373868,1.11));
#6918=CARTESIAN_POINT('Origin',(0.462434713712358,-0.592015538010508,1.1));
#6919=CARTESIAN_POINT('',(0.521817877191218,-0.634313198277397,1.1));
#6920=CARTESIAN_POINT('',(0.521817877191218,-0.546773701687397,1.1));
#6921=CARTESIAN_POINT('Ctrl Pts',(0.521817877191218,-0.634313198277397,
1.1));
#6922=CARTESIAN_POINT('Ctrl Pts',(0.507049628636738,-0.632136544683494,
1.1));
#6923=CARTESIAN_POINT('Ctrl Pts',(0.466468649950346,-0.633996564045481,
1.1));
#6924=CARTESIAN_POINT('Ctrl Pts',(0.454208722667211,-0.560884481375401,
1.1));
#6925=CARTESIAN_POINT('Ctrl Pts',(0.503097370104488,-0.548331113052195,
1.1));
#6926=CARTESIAN_POINT('Ctrl Pts',(0.521817877191218,-0.546773701687397,
1.1));
#6927=CARTESIAN_POINT('',(0.521817877191218,-0.683449190917397,1.1));
#6928=CARTESIAN_POINT('',(0.521817877191218,-0.683449190917397,1.1));
#6929=CARTESIAN_POINT('',(0.493733837848136,-0.683449190917397,1.1));
#6930=CARTESIAN_POINT('',(0.493733837848136,-0.683449190917397,1.1));
#6931=CARTESIAN_POINT('',(0.529185976741217,-0.497481211853869,1.1));
#6932=CARTESIAN_POINT('Ctrl Pts',(0.529185976741217,-0.497481211853869,
1.1));
#6933=CARTESIAN_POINT('Ctrl Pts',(0.492579427383222,-0.498230499690475,
1.1));
#6934=CARTESIAN_POINT('Ctrl Pts',(0.427812225275832,-0.519898456825995,
1.1));
#6935=CARTESIAN_POINT('Ctrl Pts',(0.408249266551274,-0.591689705061592,
1.1));
#6936=CARTESIAN_POINT('Ctrl Pts',(0.423836492715862,-0.649358420560343,
1.1));
#6937=CARTESIAN_POINT('Ctrl Pts',(0.460240838906835,-0.678473555517661,
1.1));
#6938=CARTESIAN_POINT('Ctrl Pts',(0.493733837848136,-0.683449190917397,
1.1));
#6939=CARTESIAN_POINT('',(0.606740281401218,-0.497481211853869,1.1));
#6940=CARTESIAN_POINT('',(0.606740281401218,-0.497481211853869,1.1));
#6941=CARTESIAN_POINT('',(0.600546449141218,-0.688197188423868,1.1));
#6942=CARTESIAN_POINT('Ctrl Pts',(0.600546449141218,-0.688197188423868,
1.1));
#6943=CARTESIAN_POINT('Ctrl Pts',(0.63198478106521,-0.687777959207642,1.1));
#6944=CARTESIAN_POINT('Ctrl Pts',(0.686295089478635,-0.68130013495791,1.1));
#6945=CARTESIAN_POINT('Ctrl Pts',(0.733749448657416,-0.625449975263299,
1.1));
#6946=CARTESIAN_POINT('Ctrl Pts',(0.732747104918922,-0.571078786221013,
1.1));
#6947=CARTESIAN_POINT('Ctrl Pts',(0.695051468128047,-0.512383124627756,
1.1));
#6948=CARTESIAN_POINT('Ctrl Pts',(0.640901915235993,-0.496933935314966,
1.1));
#6949=CARTESIAN_POINT('Ctrl Pts',(0.606740281401218,-0.497481211853869,
1.1));
#6950=CARTESIAN_POINT('',(0.560632559601218,-0.688197188423868,1.1));
#6951=CARTESIAN_POINT('',(0.560632559601218,-0.688197188423868,1.1));
#6952=CARTESIAN_POINT('',(0.560632559601218,-0.546773701687397,1.1));
#6953=CARTESIAN_POINT('',(0.560632559601218,-0.546773701687397,1.1));
#6954=CARTESIAN_POINT('',(0.521817877191218,-0.546773701687397,1.1));
#6955=CARTESIAN_POINT('',(0.606740281401218,-0.635014692273869,1.1));
#6956=CARTESIAN_POINT('',(0.632037762841218,-0.635014692273869,1.1));
#6957=CARTESIAN_POINT('',(0.606740281401218,-0.635014692273869,1.1));
#6958=CARTESIAN_POINT('',(0.629965178971217,-0.548311602373868,1.1));
#6959=CARTESIAN_POINT('Ctrl Pts',(0.632037762841218,-0.635014692273869,
1.1));
#6960=CARTESIAN_POINT('Ctrl Pts',(0.646259390240654,-0.632010917610214,
1.1));
#6961=CARTESIAN_POINT('Ctrl Pts',(0.679926488842139,-0.62669963679861,1.1));
#6962=CARTESIAN_POINT('Ctrl Pts',(0.690768526954774,-0.566386154846109,
1.1));
#6963=CARTESIAN_POINT('Ctrl Pts',(0.648284967603079,-0.550453377416431,
1.1));
#6964=CARTESIAN_POINT('Ctrl Pts',(0.629965178971217,-0.548311602373868,
1.1));
#6965=CARTESIAN_POINT('',(0.606740281401218,-0.548311602373868,1.1));
#6966=CARTESIAN_POINT('',(0.629965178971217,-0.548311602373868,1.1));
#6967=CARTESIAN_POINT('',(0.606740281401218,-0.548311602373868,1.1));
#6968=CARTESIAN_POINT('Ctrl Pts',(0.521817877191218,-0.634313198277397,
1.11));
#6969=CARTESIAN_POINT('Ctrl Pts',(0.521817877191218,-0.634313198277397,
1.098));
#6970=CARTESIAN_POINT('Ctrl Pts',(0.507049628636738,-0.632136544683494,
1.11));
#6971=CARTESIAN_POINT('Ctrl Pts',(0.507049628636738,-0.632136544683494,
1.098));
#6972=CARTESIAN_POINT('Ctrl Pts',(0.466468649950346,-0.633996564045481,
1.11));
#6973=CARTESIAN_POINT('Ctrl Pts',(0.466468649950346,-0.633996564045481,
1.098));
#6974=CARTESIAN_POINT('Ctrl Pts',(0.454208722667211,-0.560884481375401,
1.11));
#6975=CARTESIAN_POINT('Ctrl Pts',(0.454208722667211,-0.560884481375401,
1.098));
#6976=CARTESIAN_POINT('Ctrl Pts',(0.503097370104488,-0.548331113052195,
1.11));
#6977=CARTESIAN_POINT('Ctrl Pts',(0.503097370104488,-0.548331113052195,
1.098));
#6978=CARTESIAN_POINT('Ctrl Pts',(0.521817877191218,-0.546773701687397,
1.11));
#6979=CARTESIAN_POINT('Ctrl Pts',(0.521817877191218,-0.546773701687397,
1.098));
#6980=CARTESIAN_POINT('',(0.521817877191218,-0.546773701687397,1.11));
#6981=CARTESIAN_POINT('',(0.521817877191218,-0.634313198277397,1.11));
#6982=CARTESIAN_POINT('Origin',(0.521817877191218,-0.546773701687397,1.11));
#6983=CARTESIAN_POINT('',(0.560632559601218,-0.546773701687397,1.11));
#6984=CARTESIAN_POINT('Origin',(0.560632559601218,-0.546773701687397,1.11));
#6985=CARTESIAN_POINT('',(0.560632559601218,-0.688197188423868,1.11));
#6986=CARTESIAN_POINT('Origin',(0.560632559601218,-0.688197188423868,1.11));
#6987=CARTESIAN_POINT('',(0.600546449141218,-0.688197188423868,1.11));
#6988=CARTESIAN_POINT('Ctrl Pts',(0.600546449141218,-0.688197188423868,
1.11));
#6989=CARTESIAN_POINT('Ctrl Pts',(0.600546449141218,-0.688197188423868,
1.098));
#6990=CARTESIAN_POINT('Ctrl Pts',(0.63198478106521,-0.687777959207642,1.11));
#6991=CARTESIAN_POINT('Ctrl Pts',(0.63198478106521,-0.687777959207642,1.098));
#6992=CARTESIAN_POINT('Ctrl Pts',(0.686295089478635,-0.68130013495791,1.11));
#6993=CARTESIAN_POINT('Ctrl Pts',(0.686295089478635,-0.68130013495791,1.098));
#6994=CARTESIAN_POINT('Ctrl Pts',(0.733749448657416,-0.625449975263299,
1.11));
#6995=CARTESIAN_POINT('Ctrl Pts',(0.733749448657416,-0.625449975263299,
1.098));
#6996=CARTESIAN_POINT('Ctrl Pts',(0.732747104918922,-0.571078786221013,
1.11));
#6997=CARTESIAN_POINT('Ctrl Pts',(0.732747104918922,-0.571078786221013,
1.098));
#6998=CARTESIAN_POINT('Ctrl Pts',(0.695051468128047,-0.512383124627756,
1.11));
#6999=CARTESIAN_POINT('Ctrl Pts',(0.695051468128047,-0.512383124627756,
1.098));
#7000=CARTESIAN_POINT('Ctrl Pts',(0.640901915235993,-0.496933935314966,
1.11));
#7001=CARTESIAN_POINT('Ctrl Pts',(0.640901915235993,-0.496933935314966,
1.098));
#7002=CARTESIAN_POINT('Ctrl Pts',(0.606740281401218,-0.497481211853869,
1.11));
#7003=CARTESIAN_POINT('Ctrl Pts',(0.606740281401218,-0.497481211853869,
1.098));
#7004=CARTESIAN_POINT('',(0.606740281401218,-0.497481211853869,1.11));
#7005=CARTESIAN_POINT('Origin',(0.606740281401218,-0.497481211853869,1.11));
#7006=CARTESIAN_POINT('',(0.529185976741217,-0.497481211853869,1.11));
#7007=CARTESIAN_POINT('Ctrl Pts',(0.529185976741217,-0.497481211853869,
1.11));
#7008=CARTESIAN_POINT('Ctrl Pts',(0.529185976741217,-0.497481211853869,
1.098));
#7009=CARTESIAN_POINT('Ctrl Pts',(0.492579427383222,-0.498230499690475,
1.11));
#7010=CARTESIAN_POINT('Ctrl Pts',(0.492579427383222,-0.498230499690475,
1.098));
#7011=CARTESIAN_POINT('Ctrl Pts',(0.427812225275832,-0.519898456825995,
1.11));
#7012=CARTESIAN_POINT('Ctrl Pts',(0.427812225275832,-0.519898456825995,
1.098));
#7013=CARTESIAN_POINT('Ctrl Pts',(0.408249266551274,-0.591689705061592,
1.11));
#7014=CARTESIAN_POINT('Ctrl Pts',(0.408249266551274,-0.591689705061592,
1.098));
#7015=CARTESIAN_POINT('Ctrl Pts',(0.423836492715862,-0.649358420560343,
1.11));
#7016=CARTESIAN_POINT('Ctrl Pts',(0.423836492715862,-0.649358420560343,
1.098));
#7017=CARTESIAN_POINT('Ctrl Pts',(0.460240838906835,-0.678473555517661,
1.11));
#7018=CARTESIAN_POINT('Ctrl Pts',(0.460240838906835,-0.678473555517661,
1.098));
#7019=CARTESIAN_POINT('Ctrl Pts',(0.493733837848136,-0.683449190917397,
1.11));
#7020=CARTESIAN_POINT('Ctrl Pts',(0.493733837848136,-0.683449190917397,
1.098));
#7021=CARTESIAN_POINT('',(0.493733837848136,-0.683449190917397,1.11));
#7022=CARTESIAN_POINT('Origin',(0.493733837848136,-0.683449190917397,1.11));
#7023=CARTESIAN_POINT('',(0.521817877191218,-0.683449190917397,1.11));
#7024=CARTESIAN_POINT('Origin',(0.521817877191218,-0.683449190917397,1.11));
#7025=CARTESIAN_POINT('Ctrl Pts',(0.632037762841218,-0.635014692273869,
1.11));
#7026=CARTESIAN_POINT('Ctrl Pts',(0.632037762841218,-0.635014692273869,
1.098));
#7027=CARTESIAN_POINT('Ctrl Pts',(0.646259390240654,-0.632010917610214,
1.11));
#7028=CARTESIAN_POINT('Ctrl Pts',(0.646259390240654,-0.632010917610214,
1.098));
#7029=CARTESIAN_POINT('Ctrl Pts',(0.679926488842139,-0.62669963679861,1.11));
#7030=CARTESIAN_POINT('Ctrl Pts',(0.679926488842139,-0.62669963679861,1.098));
#7031=CARTESIAN_POINT('Ctrl Pts',(0.690768526954774,-0.566386154846109,
1.11));
#7032=CARTESIAN_POINT('Ctrl Pts',(0.690768526954774,-0.566386154846109,
1.098));
#7033=CARTESIAN_POINT('Ctrl Pts',(0.648284967603079,-0.550453377416431,
1.11));
#7034=CARTESIAN_POINT('Ctrl Pts',(0.648284967603079,-0.550453377416431,
1.098));
#7035=CARTESIAN_POINT('Ctrl Pts',(0.629965178971217,-0.548311602373868,
1.11));
#7036=CARTESIAN_POINT('Ctrl Pts',(0.629965178971217,-0.548311602373868,
1.098));
#7037=CARTESIAN_POINT('',(0.632037762841218,-0.635014692273869,1.11));
#7038=CARTESIAN_POINT('',(0.629965178971217,-0.548311602373868,1.11));
#7039=CARTESIAN_POINT('Origin',(0.629965178971217,-0.548311602373868,1.11));
#7040=CARTESIAN_POINT('',(0.606740281401218,-0.548311602373868,1.11));
#7041=CARTESIAN_POINT('Origin',(0.606740281401218,-0.548311602373868,1.11));
#7042=CARTESIAN_POINT('',(0.606740281401218,-0.635014692273869,1.11));
#7043=CARTESIAN_POINT('Origin',(0.606740281401218,-0.635014692273869,1.11));
#7044=CARTESIAN_POINT('Ctrl Pts',(0.900359771831218,-0.101823883073868,
1.11));
#7045=CARTESIAN_POINT('Ctrl Pts',(0.900359771831218,-0.101823883073868,
1.098));
#7046=CARTESIAN_POINT('Ctrl Pts',(0.92562133142968,-0.0594051178337541,
1.11));
#7047=CARTESIAN_POINT('Ctrl Pts',(0.92562133142968,-0.0594051178337541,
1.098));
#7048=CARTESIAN_POINT('Ctrl Pts',(0.89129813655194,-0.00248091656029578,
1.11));
#7049=CARTESIAN_POINT('Ctrl Pts',(0.89129813655194,-0.00248091656029578,
1.098));
#7050=CARTESIAN_POINT('Ctrl Pts',(0.845712869241218,0.00202306089613163,
1.11));
#7051=CARTESIAN_POINT('Ctrl Pts',(0.845712869241218,0.00202306089613163,
1.098));
#7052=CARTESIAN_POINT('',(0.900359771831218,-0.101823883073868,1.1));
#7053=CARTESIAN_POINT('',(0.845712869241218,0.00202306089613163,1.1));
#7054=CARTESIAN_POINT('Ctrl Pts',(0.900359771831218,-0.101823883073868,
1.1));
#7055=CARTESIAN_POINT('Ctrl Pts',(0.92562133142968,-0.0594051178337541,
1.1));
#7056=CARTESIAN_POINT('Ctrl Pts',(0.89129813655194,-0.00248091656029578,
1.1));
#7057=CARTESIAN_POINT('Ctrl Pts',(0.845712869241218,0.00202306089613163,
1.1));
#7058=CARTESIAN_POINT('',(0.845712869241218,0.00202306089613163,1.11));
#7059=CARTESIAN_POINT('',(0.845712869241218,0.00202306089613163,1.11));
#7060=CARTESIAN_POINT('',(0.900359771831218,-0.101823883073868,1.11));
#7061=CARTESIAN_POINT('Ctrl Pts',(0.900359771831218,-0.101823883073868,
1.11));
#7062=CARTESIAN_POINT('Ctrl Pts',(0.92562133142968,-0.0594051178337541,
1.11));
#7063=CARTESIAN_POINT('Ctrl Pts',(0.89129813655194,-0.00248091656029578,
1.11));
#7064=CARTESIAN_POINT('Ctrl Pts',(0.845712869241218,0.00202306089613163,
1.11));
#7065=CARTESIAN_POINT('',(0.900359771831218,-0.101823883073868,1.11));
#7066=CARTESIAN_POINT('Origin',(0.845712869241218,0.00202306089613163,1.11));
#7067=CARTESIAN_POINT('',(0.723922925301217,0.00202306089613165,1.1));
#7068=CARTESIAN_POINT('',(0.845712869241218,0.00202306089613163,1.1));
#7069=CARTESIAN_POINT('',(0.723922925301217,0.00202306089613165,1.11));
#7070=CARTESIAN_POINT('',(0.723922925301217,0.00202306089613165,1.11));
#7071=CARTESIAN_POINT('',(0.845712869241218,0.00202306089613163,1.11));
#7072=CARTESIAN_POINT('Origin',(0.723922925301217,0.00202306089613165,1.11));
#7073=CARTESIAN_POINT('',(0.723922925301217,0.0322535628761308,1.1));
#7074=CARTESIAN_POINT('',(0.723922925301217,0.00202306089613165,1.1));
#7075=CARTESIAN_POINT('',(0.723922925301217,0.0322535628761308,1.11));
#7076=CARTESIAN_POINT('',(0.723922925301217,0.0322535628761308,1.11));
#7077=CARTESIAN_POINT('',(0.723922925301217,0.00202306089613165,1.11));
#7078=CARTESIAN_POINT('Origin',(0.723922925301217,0.0322535628761308,1.11));
#7079=CARTESIAN_POINT('',(0.679627963961218,0.0322535628761308,1.1));
#7080=CARTESIAN_POINT('',(0.723922925301217,0.0322535628761308,1.1));
#7081=CARTESIAN_POINT('',(0.679627963961218,0.0322535628761308,1.11));
#7082=CARTESIAN_POINT('',(0.679627963961218,0.0322535628761308,1.11));
#7083=CARTESIAN_POINT('',(0.723922925301217,0.0322535628761308,1.11));
#7084=CARTESIAN_POINT('Origin',(0.679627963961218,0.0322535628761308,1.11));
#7085=CARTESIAN_POINT('',(0.679627963961218,0.00202306089613166,1.1));
#7086=CARTESIAN_POINT('',(0.679627963961218,0.0322535628761308,1.1));
#7087=CARTESIAN_POINT('',(0.679627963961218,0.00202306089613166,1.11));
#7088=CARTESIAN_POINT('',(0.679627963961218,0.00202306089613166,1.11));
#7089=CARTESIAN_POINT('',(0.679627963961218,0.0322535628761308,1.11));
#7090=CARTESIAN_POINT('Origin',(0.679627963961218,0.00202306089613166,1.11));
#7091=CARTESIAN_POINT('',(0.422560183481218,0.00202306089613171,1.1));
#7092=CARTESIAN_POINT('',(0.679627963961218,0.00202306089613166,1.1));
#7093=CARTESIAN_POINT('',(0.422560183481218,0.00202306089613171,1.11));
#7094=CARTESIAN_POINT('',(0.422560183481218,0.00202306089613171,1.11));
#7095=CARTESIAN_POINT('',(0.679627963961218,0.00202306089613166,1.11));
#7096=CARTESIAN_POINT('Origin',(0.422560183481218,0.00202306089613171,1.11));
#7097=CARTESIAN_POINT('',(0.422560183481218,-0.0553762011638684,1.1));
#7098=CARTESIAN_POINT('',(0.422560183481218,0.00202306089613171,1.1));
#7099=CARTESIAN_POINT('',(0.422560183481218,-0.0553762011638684,1.11));
#7100=CARTESIAN_POINT('',(0.422560183481218,-0.0553762011638684,1.11));
#7101=CARTESIAN_POINT('',(0.422560183481218,0.00202306089613171,1.11));
#7102=CARTESIAN_POINT('Origin',(0.422560183481218,-0.0553762011638684,1.11));
#7103=CARTESIAN_POINT('',(0.679627963961218,-0.0553762011638685,1.1));
#7104=CARTESIAN_POINT('',(0.422560183481218,-0.0553762011638684,1.1));
#7105=CARTESIAN_POINT('',(0.679627963961218,-0.0553762011638685,1.11));
#7106=CARTESIAN_POINT('',(0.679627963961218,-0.0553762011638685,1.11));
#7107=CARTESIAN_POINT('',(0.422560183481218,-0.0553762011638684,1.11));
#7108=CARTESIAN_POINT('Origin',(0.679627963961218,-0.0553762011638685,1.11));
#7109=CARTESIAN_POINT('',(0.679627963961218,-0.0996984923238691,1.1));
#7110=CARTESIAN_POINT('',(0.679627963961218,-0.0553762011638685,1.1));
#7111=CARTESIAN_POINT('',(0.679627963961218,-0.0996984923238691,1.11));
#7112=CARTESIAN_POINT('',(0.679627963961218,-0.0996984923238691,1.11));
#7113=CARTESIAN_POINT('',(0.679627963961218,-0.0553762011638685,1.11));
#7114=CARTESIAN_POINT('Origin',(0.679627963961218,-0.0996984923238691,1.11));
#7115=CARTESIAN_POINT('',(0.723922925301217,-0.0996984923238691,1.1));
#7116=CARTESIAN_POINT('',(0.679627963961218,-0.0996984923238691,1.1));
#7117=CARTESIAN_POINT('',(0.723922925301217,-0.0996984923238691,1.11));
#7118=CARTESIAN_POINT('',(0.723922925301217,-0.0996984923238691,1.11));
#7119=CARTESIAN_POINT('',(0.679627963961218,-0.0996984923238691,1.11));
#7120=CARTESIAN_POINT('Origin',(0.723922925301217,-0.0996984923238691,1.11));
#7121=CARTESIAN_POINT('',(0.723922925301217,-0.0553762011638685,1.1));
#7122=CARTESIAN_POINT('',(0.723922925301217,-0.0996984923238691,1.1));
#7123=CARTESIAN_POINT('',(0.723922925301217,-0.0553762011638685,1.11));
#7124=CARTESIAN_POINT('',(0.723922925301217,-0.0553762011638685,1.11));
#7125=CARTESIAN_POINT('',(0.723922925301217,-0.0996984923238691,1.11));
#7126=CARTESIAN_POINT('Origin',(0.723922925301217,-0.0553762011638685,1.11));
#7127=CARTESIAN_POINT('',(0.831879893301217,-0.0553762011638685,1.1));
#7128=CARTESIAN_POINT('',(0.723922925301217,-0.0553762011638685,1.1));
#7129=CARTESIAN_POINT('',(0.831879893301217,-0.0553762011638685,1.11));
#7130=CARTESIAN_POINT('',(0.831879893301217,-0.0553762011638685,1.11));
#7131=CARTESIAN_POINT('',(0.723922925301217,-0.0553762011638685,1.11));
#7132=CARTESIAN_POINT('Ctrl Pts',(0.831879893301217,-0.0553762011638685,
1.11));
#7133=CARTESIAN_POINT('Ctrl Pts',(0.831879893301217,-0.0553762011638685,
1.098));
#7134=CARTESIAN_POINT('Ctrl Pts',(0.851649257348864,-0.061137389845341,
1.11));
#7135=CARTESIAN_POINT('Ctrl Pts',(0.851649257348864,-0.061137389845341,
1.098));
#7136=CARTESIAN_POINT('Ctrl Pts',(0.854471396599449,-0.0847300534988118,
1.11));
#7137=CARTESIAN_POINT('Ctrl Pts',(0.854471396599449,-0.0847300534988118,
1.098));
#7138=CARTESIAN_POINT('Ctrl Pts',(0.852280954121217,-0.101823883073868,
1.11));
#7139=CARTESIAN_POINT('Ctrl Pts',(0.852280954121217,-0.101823883073868,
1.098));
#7140=CARTESIAN_POINT('',(0.852280954121217,-0.101823883073868,1.1));
#7141=CARTESIAN_POINT('Ctrl Pts',(0.831879893301217,-0.0553762011638685,
1.1));
#7142=CARTESIAN_POINT('Ctrl Pts',(0.851649257348864,-0.061137389845341,
1.1));
#7143=CARTESIAN_POINT('Ctrl Pts',(0.854471396599449,-0.0847300534988118,
1.1));
#7144=CARTESIAN_POINT('Ctrl Pts',(0.852280954121217,-0.101823883073868,
1.1));
#7145=CARTESIAN_POINT('',(0.852280954121217,-0.101823883073868,1.11));
#7146=CARTESIAN_POINT('',(0.852280954121217,-0.101823883073868,1.11));
#7147=CARTESIAN_POINT('Ctrl Pts',(0.831879893301217,-0.0553762011638685,
1.11));
#7148=CARTESIAN_POINT('Ctrl Pts',(0.851649257348864,-0.061137389845341,
1.11));
#7149=CARTESIAN_POINT('Ctrl Pts',(0.854471396599449,-0.0847300534988118,
1.11));
#7150=CARTESIAN_POINT('Ctrl Pts',(0.852280954121217,-0.101823883073868,
1.11));
#7151=CARTESIAN_POINT('Origin',(0.852280954121217,-0.101823883073868,1.11));
#7152=CARTESIAN_POINT('',(0.852280954121217,-0.101823883073868,1.1));
#7153=CARTESIAN_POINT('',(0.852280954121217,-0.101823883073868,1.11));
#7154=CARTESIAN_POINT('Origin',(0.899603880627162,-0.0356823656699858,1.11));
#7155=CARTESIAN_POINT('Origin',(0.899603880627162,-0.0356823656699858,1.1));
#7156=CARTESIAN_POINT('Ctrl Pts',(0.675613097371218,-1.16867711996387,1.11));
#7157=CARTESIAN_POINT('Ctrl Pts',(0.675613097371218,-1.16867711996387,1.098));
#7158=CARTESIAN_POINT('Ctrl Pts',(0.703288618874946,-1.16566564185428,1.11));
#7159=CARTESIAN_POINT('Ctrl Pts',(0.703288618874946,-1.16566564185428,1.098));
#7160=CARTESIAN_POINT('Ctrl Pts',(0.748004393103648,-1.11426576365948,1.11));
#7161=CARTESIAN_POINT('Ctrl Pts',(0.748004393103648,-1.11426576365948,1.098));
#7162=CARTESIAN_POINT('Ctrl Pts',(0.716928658456068,-1.05834815000043,1.11));
#7163=CARTESIAN_POINT('Ctrl Pts',(0.716928658456068,-1.05834815000043,1.098));
#7164=CARTESIAN_POINT('Ctrl Pts',(0.699151718841218,-1.03994343838387,1.11));
#7165=CARTESIAN_POINT('Ctrl Pts',(0.699151718841218,-1.03994343838387,1.098));
#7166=CARTESIAN_POINT('',(0.675613097371218,-1.16867711996387,1.1));
#7167=CARTESIAN_POINT('',(0.699151718841218,-1.03994343838387,1.1));
#7168=CARTESIAN_POINT('Ctrl Pts',(0.675613097371218,-1.16867711996387,1.1));
#7169=CARTESIAN_POINT('Ctrl Pts',(0.703288618874946,-1.16566564185428,1.1));
#7170=CARTESIAN_POINT('Ctrl Pts',(0.748004393103648,-1.11426576365948,1.1));
#7171=CARTESIAN_POINT('Ctrl Pts',(0.716928658456068,-1.05834815000043,1.1));
#7172=CARTESIAN_POINT('Ctrl Pts',(0.699151718841218,-1.03994343838387,1.1));
#7173=CARTESIAN_POINT('',(0.699151718841218,-1.03994343838387,1.11));
#7174=CARTESIAN_POINT('',(0.699151718841218,-1.03994343838387,1.11));
#7175=CARTESIAN_POINT('',(0.675613097371218,-1.16867711996387,1.11));
#7176=CARTESIAN_POINT('Ctrl Pts',(0.675613097371218,-1.16867711996387,1.11));
#7177=CARTESIAN_POINT('Ctrl Pts',(0.703288618874946,-1.16566564185428,1.11));
#7178=CARTESIAN_POINT('Ctrl Pts',(0.748004393103648,-1.11426576365948,1.11));
#7179=CARTESIAN_POINT('Ctrl Pts',(0.716928658456068,-1.05834815000043,1.11));
#7180=CARTESIAN_POINT('Ctrl Pts',(0.699151718841218,-1.03994343838387,1.11));
#7181=CARTESIAN_POINT('',(0.675613097371218,-1.16867711996387,1.11));
#7182=CARTESIAN_POINT('Origin',(0.699151718841218,-1.03994343838387,1.11));
#7183=CARTESIAN_POINT('',(0.724346478641217,-1.03994343838387,1.1));
#7184=CARTESIAN_POINT('',(0.699151718841218,-1.03994343838387,1.1));
#7185=CARTESIAN_POINT('',(0.724346478641217,-1.03994343838387,1.11));
#7186=CARTESIAN_POINT('',(0.724346478641217,-1.03994343838387,1.11));
#7187=CARTESIAN_POINT('',(0.699151718841218,-1.03994343838387,1.11));
#7188=CARTESIAN_POINT('Origin',(0.724346478641217,-1.03994343838387,1.11));
#7189=CARTESIAN_POINT('',(0.724346478641217,-0.982749080673869,1.1));
#7190=CARTESIAN_POINT('',(0.724346478641217,-1.03994343838387,1.1));
#7191=CARTESIAN_POINT('',(0.724346478641217,-0.982749080673869,1.11));
#7192=CARTESIAN_POINT('',(0.724346478641217,-0.982749080673869,1.11));
#7193=CARTESIAN_POINT('',(0.724346478641217,-1.03994343838387,1.11));
#7194=CARTESIAN_POINT('Origin',(0.724346478641217,-0.982749080673869,1.11));
#7195=CARTESIAN_POINT('',(0.422560183481218,-0.982749080673869,1.1));
#7196=CARTESIAN_POINT('',(0.724346478641217,-0.982749080673869,1.1));
#7197=CARTESIAN_POINT('',(0.422560183481218,-0.982749080673869,1.11));
#7198=CARTESIAN_POINT('',(0.422560183481218,-0.982749080673869,1.11));
#7199=CARTESIAN_POINT('',(0.724346478641217,-0.982749080673869,1.11));
#7200=CARTESIAN_POINT('Origin',(0.422560183481218,-0.982749080673869,1.11));
#7201=CARTESIAN_POINT('',(0.422560183481218,-1.03994343838387,1.1));
#7202=CARTESIAN_POINT('',(0.422560183481218,-0.982749080673869,1.1));
#7203=CARTESIAN_POINT('',(0.422560183481218,-1.03994343838387,1.11));
#7204=CARTESIAN_POINT('',(0.422560183481218,-1.03994343838387,1.11));
#7205=CARTESIAN_POINT('',(0.422560183481218,-0.982749080673869,1.11));
#7206=CARTESIAN_POINT('Origin',(0.422560183481218,-1.03994343838387,1.11));
#7207=CARTESIAN_POINT('',(0.647081158971217,-1.03994343838387,1.1));
#7208=CARTESIAN_POINT('',(0.422560183481218,-1.03994343838387,1.1));
#7209=CARTESIAN_POINT('',(0.647081158971217,-1.03994343838387,1.11));
#7210=CARTESIAN_POINT('',(0.647081158971217,-1.03994343838387,1.11));
#7211=CARTESIAN_POINT('',(0.422560183481218,-1.03994343838387,1.11));
#7212=CARTESIAN_POINT('Ctrl Pts',(0.647081158971217,-1.03994343838387,1.11));
#7213=CARTESIAN_POINT('Ctrl Pts',(0.647081158971217,-1.03994343838387,1.098));
#7214=CARTESIAN_POINT('Ctrl Pts',(0.688143366250723,-1.04094686212165,1.11));
#7215=CARTESIAN_POINT('Ctrl Pts',(0.688143366250723,-1.04094686212165,1.098));
#7216=CARTESIAN_POINT('Ctrl Pts',(0.689880762246282,-1.11318217334557,1.11));
#7217=CARTESIAN_POINT('Ctrl Pts',(0.689880762246282,-1.11318217334557,1.098));
#7218=CARTESIAN_POINT('Ctrl Pts',(0.644647708021217,-1.11245159816387,1.11));
#7219=CARTESIAN_POINT('Ctrl Pts',(0.644647708021217,-1.11245159816387,1.098));
#7220=CARTESIAN_POINT('',(0.644647708021217,-1.11245159816387,1.1));
#7221=CARTESIAN_POINT('Ctrl Pts',(0.647081158971217,-1.03994343838387,1.1));
#7222=CARTESIAN_POINT('Ctrl Pts',(0.688143366250723,-1.04094686212165,1.1));
#7223=CARTESIAN_POINT('Ctrl Pts',(0.689880762246282,-1.11318217334557,1.1));
#7224=CARTESIAN_POINT('Ctrl Pts',(0.644647708021217,-1.11245159816387,1.1));
#7225=CARTESIAN_POINT('',(0.644647708021217,-1.11245159816387,1.11));
#7226=CARTESIAN_POINT('',(0.644647708021217,-1.11245159816387,1.11));
#7227=CARTESIAN_POINT('Ctrl Pts',(0.647081158971217,-1.03994343838387,1.11));
#7228=CARTESIAN_POINT('Ctrl Pts',(0.688143366250723,-1.04094686212165,1.11));
#7229=CARTESIAN_POINT('Ctrl Pts',(0.689880762246282,-1.11318217334557,1.11));
#7230=CARTESIAN_POINT('Ctrl Pts',(0.644647708021217,-1.11245159816387,1.11));
#7231=CARTESIAN_POINT('Origin',(0.644647708021217,-1.11245159816387,1.11));
#7232=CARTESIAN_POINT('',(0.422983736821217,-1.11245159816387,1.1));
#7233=CARTESIAN_POINT('',(0.644647708021217,-1.11245159816387,1.1));
#7234=CARTESIAN_POINT('',(0.422983736821217,-1.11245159816387,1.11));
#7235=CARTESIAN_POINT('',(0.422983736821217,-1.11245159816387,1.11));
#7236=CARTESIAN_POINT('',(0.644647708021217,-1.11245159816387,1.11));
#7237=CARTESIAN_POINT('Origin',(0.422983736821217,-1.11245159816387,1.11));
#7238=CARTESIAN_POINT('',(0.422983736821217,-1.16867711996387,1.1));
#7239=CARTESIAN_POINT('',(0.422983736821217,-1.11245159816387,1.1));
#7240=CARTESIAN_POINT('',(0.422983736821217,-1.16867711996387,1.11));
#7241=CARTESIAN_POINT('',(0.422983736821217,-1.16867711996387,1.11));
#7242=CARTESIAN_POINT('',(0.422983736821217,-1.11245159816387,1.11));
#7243=CARTESIAN_POINT('Origin',(0.422983736821217,-1.16867711996387,1.11));
#7244=CARTESIAN_POINT('',(0.422983736821217,-1.16867711996387,1.1));
#7245=CARTESIAN_POINT('',(0.422983736821217,-1.16867711996387,1.11));
#7246=CARTESIAN_POINT('Origin',(0.729009957894893,-1.11347837619431,1.11));
#7247=CARTESIAN_POINT('Origin',(0.729009957894893,-1.11347837619431,1.1));
#7248=CARTESIAN_POINT('Ctrl Pts',(0.675613097371218,-0.445416475423869,
1.11));
#7249=CARTESIAN_POINT('Ctrl Pts',(0.675613097371218,-0.445416475423869,
1.098));
#7250=CARTESIAN_POINT('Ctrl Pts',(0.703288618874946,-0.442404997287204,
1.11));
#7251=CARTESIAN_POINT('Ctrl Pts',(0.703288618874946,-0.442404997287204,
1.098));
#7252=CARTESIAN_POINT('Ctrl Pts',(0.748004393103648,-0.3910051190924,1.11));
#7253=CARTESIAN_POINT('Ctrl Pts',(0.748004393103648,-0.3910051190924,1.098));
#7254=CARTESIAN_POINT('Ctrl Pts',(0.716928658456068,-0.335087505433351,
1.11));
#7255=CARTESIAN_POINT('Ctrl Pts',(0.716928658456068,-0.335087505433351,
1.098));
#7256=CARTESIAN_POINT('Ctrl Pts',(0.699151718841218,-0.316682793843868,
1.11));
#7257=CARTESIAN_POINT('Ctrl Pts',(0.699151718841218,-0.316682793843868,
1.098));
#7258=CARTESIAN_POINT('',(0.675613097371218,-0.445416475423869,1.1));
#7259=CARTESIAN_POINT('',(0.699151718841218,-0.316682793843868,1.1));
#7260=CARTESIAN_POINT('Ctrl Pts',(0.675613097371218,-0.445416475423869,
1.1));
#7261=CARTESIAN_POINT('Ctrl Pts',(0.703288618874946,-0.442404997287204,
1.1));
#7262=CARTESIAN_POINT('Ctrl Pts',(0.748004393103648,-0.3910051190924,1.1));
#7263=CARTESIAN_POINT('Ctrl Pts',(0.716928658456068,-0.335087505433351,
1.1));
#7264=CARTESIAN_POINT('Ctrl Pts',(0.699151718841218,-0.316682793843868,
1.1));
#7265=CARTESIAN_POINT('',(0.699151718841218,-0.316682793843868,1.11));
#7266=CARTESIAN_POINT('',(0.699151718841218,-0.316682793843868,1.11));
#7267=CARTESIAN_POINT('',(0.675613097371218,-0.445416475423869,1.11));
#7268=CARTESIAN_POINT('Ctrl Pts',(0.675613097371218,-0.445416475423869,
1.11));
#7269=CARTESIAN_POINT('Ctrl Pts',(0.703288618874946,-0.442404997287204,
1.11));
#7270=CARTESIAN_POINT('Ctrl Pts',(0.748004393103648,-0.3910051190924,1.11));
#7271=CARTESIAN_POINT('Ctrl Pts',(0.716928658456068,-0.335087505433351,
1.11));
#7272=CARTESIAN_POINT('Ctrl Pts',(0.699151718841218,-0.316682793843868,
1.11));
#7273=CARTESIAN_POINT('',(0.675613097371218,-0.445416475423869,1.11));
#7274=CARTESIAN_POINT('Origin',(0.699151718841218,-0.316682793843868,1.11));
#7275=CARTESIAN_POINT('',(0.724346478641217,-0.316682793843868,1.1));
#7276=CARTESIAN_POINT('',(0.699151718841218,-0.316682793843868,1.1));
#7277=CARTESIAN_POINT('',(0.724346478641217,-0.316682793843868,1.11));
#7278=CARTESIAN_POINT('',(0.724346478641217,-0.316682793843868,1.11));
#7279=CARTESIAN_POINT('',(0.699151718841218,-0.316682793843868,1.11));
#7280=CARTESIAN_POINT('Origin',(0.724346478641217,-0.316682793843868,1.11));
#7281=CARTESIAN_POINT('',(0.724346478641217,-0.259488436063868,1.1));
#7282=CARTESIAN_POINT('',(0.724346478641217,-0.316682793843868,1.1));
#7283=CARTESIAN_POINT('',(0.724346478641217,-0.259488436063868,1.11));
#7284=CARTESIAN_POINT('',(0.724346478641217,-0.259488436063868,1.11));
#7285=CARTESIAN_POINT('',(0.724346478641217,-0.316682793843868,1.11));
#7286=CARTESIAN_POINT('Origin',(0.724346478641217,-0.259488436063868,1.11));
#7287=CARTESIAN_POINT('',(0.422560183481218,-0.259488436063868,1.1));
#7288=CARTESIAN_POINT('',(0.724346478641217,-0.259488436063868,1.1));
#7289=CARTESIAN_POINT('',(0.422560183481218,-0.259488436063868,1.11));
#7290=CARTESIAN_POINT('',(0.422560183481218,-0.259488436063868,1.11));
#7291=CARTESIAN_POINT('',(0.724346478641217,-0.259488436063868,1.11));
#7292=CARTESIAN_POINT('Origin',(0.422560183481218,-0.259488436063868,1.11));
#7293=CARTESIAN_POINT('',(0.422560183481218,-0.316682793843868,1.1));
#7294=CARTESIAN_POINT('',(0.422560183481218,-0.259488436063868,1.1));
#7295=CARTESIAN_POINT('',(0.422560183481218,-0.316682793843868,1.11));
#7296=CARTESIAN_POINT('',(0.422560183481218,-0.316682793843868,1.11));
#7297=CARTESIAN_POINT('',(0.422560183481218,-0.259488436063868,1.11));
#7298=CARTESIAN_POINT('Origin',(0.422560183481218,-0.316682793843868,1.11));
#7299=CARTESIAN_POINT('',(0.647081158971217,-0.316682793843868,1.1));
#7300=CARTESIAN_POINT('',(0.422560183481218,-0.316682793843868,1.1));
#7301=CARTESIAN_POINT('',(0.647081158971217,-0.316682793843868,1.11));
#7302=CARTESIAN_POINT('',(0.647081158971217,-0.316682793843868,1.11));
#7303=CARTESIAN_POINT('',(0.422560183481218,-0.316682793843868,1.11));
#7304=CARTESIAN_POINT('Ctrl Pts',(0.647081158971217,-0.316682793843868,
1.11));
#7305=CARTESIAN_POINT('Ctrl Pts',(0.647081158971217,-0.316682793843868,
1.098));
#7306=CARTESIAN_POINT('Ctrl Pts',(0.688143366250723,-0.317686217554577,
1.11));
#7307=CARTESIAN_POINT('Ctrl Pts',(0.688143366250723,-0.317686217554577,
1.098));
#7308=CARTESIAN_POINT('Ctrl Pts',(0.689880762246283,-0.38992152877849,1.11));
#7309=CARTESIAN_POINT('Ctrl Pts',(0.689880762246283,-0.38992152877849,1.098));
#7310=CARTESIAN_POINT('Ctrl Pts',(0.644647708021217,-0.389190953623868,
1.11));
#7311=CARTESIAN_POINT('Ctrl Pts',(0.644647708021217,-0.389190953623868,
1.098));
#7312=CARTESIAN_POINT('',(0.644647708021217,-0.389190953623868,1.1));
#7313=CARTESIAN_POINT('Ctrl Pts',(0.647081158971217,-0.316682793843868,
1.1));
#7314=CARTESIAN_POINT('Ctrl Pts',(0.688143366250723,-0.317686217554577,
1.1));
#7315=CARTESIAN_POINT('Ctrl Pts',(0.689880762246283,-0.38992152877849,1.1));
#7316=CARTESIAN_POINT('Ctrl Pts',(0.644647708021217,-0.389190953623868,
1.1));
#7317=CARTESIAN_POINT('',(0.644647708021217,-0.389190953623868,1.11));
#7318=CARTESIAN_POINT('',(0.644647708021217,-0.389190953623868,1.11));
#7319=CARTESIAN_POINT('Ctrl Pts',(0.647081158971217,-0.316682793843868,
1.11));
#7320=CARTESIAN_POINT('Ctrl Pts',(0.688143366250723,-0.317686217554577,
1.11));
#7321=CARTESIAN_POINT('Ctrl Pts',(0.689880762246283,-0.38992152877849,1.11));
#7322=CARTESIAN_POINT('Ctrl Pts',(0.644647708021217,-0.389190953623868,
1.11));
#7323=CARTESIAN_POINT('Origin',(0.644647708021217,-0.389190953623868,1.11));
#7324=CARTESIAN_POINT('',(0.422983736821218,-0.389190953623868,1.1));
#7325=CARTESIAN_POINT('',(0.644647708021217,-0.389190953623868,1.1));
#7326=CARTESIAN_POINT('',(0.422983736821218,-0.389190953623868,1.11));
#7327=CARTESIAN_POINT('',(0.422983736821218,-0.389190953623868,1.11));
#7328=CARTESIAN_POINT('',(0.644647708021217,-0.389190953623868,1.11));
#7329=CARTESIAN_POINT('Origin',(0.422983736821218,-0.389190953623868,1.11));
#7330=CARTESIAN_POINT('',(0.422983736821218,-0.445416475423869,1.1));
#7331=CARTESIAN_POINT('',(0.422983736821218,-0.389190953623868,1.1));
#7332=CARTESIAN_POINT('',(0.422983736821218,-0.445416475423869,1.11));
#7333=CARTESIAN_POINT('',(0.422983736821218,-0.445416475423869,1.11));
#7334=CARTESIAN_POINT('',(0.422983736821218,-0.389190953623868,1.11));
#7335=CARTESIAN_POINT('Origin',(0.422983736821218,-0.445416475423869,1.11));
#7336=CARTESIAN_POINT('',(0.422983736821218,-0.445416475423869,1.1));
#7337=CARTESIAN_POINT('',(0.422983736821218,-0.445416475423869,1.11));
#7338=CARTESIAN_POINT('Origin',(0.729009957894893,-0.390217731627236,1.11));
#7339=CARTESIAN_POINT('Origin',(0.729009957894893,-0.390217731627236,1.1));
#7340=CARTESIAN_POINT('Ctrl Pts',(0.675189544031217,0.0730146887361316,
1.11));
#7341=CARTESIAN_POINT('Ctrl Pts',(0.675189544031217,0.0730146887361316,
1.098));
#7342=CARTESIAN_POINT('Ctrl Pts',(0.702865065573836,0.0760261668607796,
1.11));
#7343=CARTESIAN_POINT('Ctrl Pts',(0.702865065573836,0.0760261668607796,
1.098));
#7344=CARTESIAN_POINT('Ctrl Pts',(0.74758083980254,0.127426045055584,1.11));
#7345=CARTESIAN_POINT('Ctrl Pts',(0.74758083980254,0.127426045055584,1.098));
#7346=CARTESIAN_POINT('Ctrl Pts',(0.716505105154957,0.183343658714634,1.11));
#7347=CARTESIAN_POINT('Ctrl Pts',(0.716505105154957,0.183343658714634,1.098));
#7348=CARTESIAN_POINT('Ctrl Pts',(0.698728165571218,0.201748370316131,1.11));
#7349=CARTESIAN_POINT('Ctrl Pts',(0.698728165571218,0.201748370316131,1.098));
#7350=CARTESIAN_POINT('',(0.675189544031217,0.0730146887361316,1.1));
#7351=CARTESIAN_POINT('',(0.698728165571218,0.201748370316131,1.1));
#7352=CARTESIAN_POINT('Ctrl Pts',(0.675189544031217,0.0730146887361316,
1.1));
#7353=CARTESIAN_POINT('Ctrl Pts',(0.702865065573836,0.0760261668607796,
1.1));
#7354=CARTESIAN_POINT('Ctrl Pts',(0.74758083980254,0.127426045055584,1.1));
#7355=CARTESIAN_POINT('Ctrl Pts',(0.716505105154957,0.183343658714634,1.1));
#7356=CARTESIAN_POINT('Ctrl Pts',(0.698728165571218,0.201748370316131,1.1));
#7357=CARTESIAN_POINT('',(0.698728165571218,0.201748370316131,1.11));
#7358=CARTESIAN_POINT('',(0.698728165571218,0.201748370316131,1.11));
#7359=CARTESIAN_POINT('',(0.675189544031217,0.0730146887361316,1.11));
#7360=CARTESIAN_POINT('Ctrl Pts',(0.675189544031217,0.0730146887361316,
1.11));
#7361=CARTESIAN_POINT('Ctrl Pts',(0.702865065573836,0.0760261668607796,
1.11));
#7362=CARTESIAN_POINT('Ctrl Pts',(0.74758083980254,0.127426045055584,1.11));
#7363=CARTESIAN_POINT('Ctrl Pts',(0.716505105154957,0.183343658714634,1.11));
#7364=CARTESIAN_POINT('Ctrl Pts',(0.698728165571218,0.201748370316131,1.11));
#7365=CARTESIAN_POINT('',(0.675189544031217,0.0730146887361316,1.11));
#7366=CARTESIAN_POINT('Origin',(0.698728165571218,0.201748370316131,1.11));
#7367=CARTESIAN_POINT('',(0.723922925301217,0.201748370316131,1.1));
#7368=CARTESIAN_POINT('',(0.698728165571218,0.201748370316131,1.1));
#7369=CARTESIAN_POINT('',(0.723922925301217,0.201748370316131,1.11));
#7370=CARTESIAN_POINT('',(0.723922925301217,0.201748370316131,1.11));
#7371=CARTESIAN_POINT('',(0.698728165571218,0.201748370316131,1.11));
#7372=CARTESIAN_POINT('Origin',(0.723922925301217,0.201748370316131,1.11));
#7373=CARTESIAN_POINT('',(0.723922925301217,0.258942728026131,1.1));
#7374=CARTESIAN_POINT('',(0.723922925301217,0.201748370316131,1.1));
#7375=CARTESIAN_POINT('',(0.723922925301217,0.258942728026131,1.11));
#7376=CARTESIAN_POINT('',(0.723922925301217,0.258942728026131,1.11));
#7377=CARTESIAN_POINT('',(0.723922925301217,0.201748370316131,1.11));
#7378=CARTESIAN_POINT('Origin',(0.723922925301217,0.258942728026131,1.11));
#7379=CARTESIAN_POINT('',(0.422136630211218,0.258942728026131,1.1));
#7380=CARTESIAN_POINT('',(0.723922925301217,0.258942728026131,1.1));
#7381=CARTESIAN_POINT('',(0.422136630211218,0.258942728026131,1.11));
#7382=CARTESIAN_POINT('',(0.422136630211218,0.258942728026131,1.11));
#7383=CARTESIAN_POINT('',(0.723922925301217,0.258942728026131,1.11));
#7384=CARTESIAN_POINT('Origin',(0.422136630211218,0.258942728026131,1.11));
#7385=CARTESIAN_POINT('',(0.422136630211218,0.201748370316131,1.1));
#7386=CARTESIAN_POINT('',(0.422136630211218,0.258942728026131,1.1));
#7387=CARTESIAN_POINT('',(0.422136630211218,0.201748370316131,1.11));
#7388=CARTESIAN_POINT('',(0.422136630211218,0.201748370316131,1.11));
#7389=CARTESIAN_POINT('',(0.422136630211218,0.258942728026131,1.11));
#7390=CARTESIAN_POINT('Origin',(0.422136630211218,0.201748370316131,1.11));
#7391=CARTESIAN_POINT('',(0.646657605701218,0.201748370316131,1.1));
#7392=CARTESIAN_POINT('',(0.422136630211218,0.201748370316131,1.1));
#7393=CARTESIAN_POINT('',(0.646657605701218,0.201748370316131,1.11));
#7394=CARTESIAN_POINT('',(0.646657605701218,0.201748370316131,1.11));
#7395=CARTESIAN_POINT('',(0.422136630211218,0.201748370316131,1.11));
#7396=CARTESIAN_POINT('Ctrl Pts',(0.646657605701218,0.201748370316131,1.11));
#7397=CARTESIAN_POINT('Ctrl Pts',(0.646657605701218,0.201748370316131,1.098));
#7398=CARTESIAN_POINT('Ctrl Pts',(0.687719812949614,0.200744946593407,1.11));
#7399=CARTESIAN_POINT('Ctrl Pts',(0.687719812949614,0.200744946593407,1.098));
#7400=CARTESIAN_POINT('Ctrl Pts',(0.689457208945173,0.128509635369493,1.11));
#7401=CARTESIAN_POINT('Ctrl Pts',(0.689457208945173,0.128509635369493,1.098));
#7402=CARTESIAN_POINT('Ctrl Pts',(0.644224154681217,0.129240210536132,1.11));
#7403=CARTESIAN_POINT('Ctrl Pts',(0.644224154681217,0.129240210536132,1.098));
#7404=CARTESIAN_POINT('',(0.644224154681217,0.129240210536132,1.1));
#7405=CARTESIAN_POINT('Ctrl Pts',(0.646657605701218,0.201748370316131,1.1));
#7406=CARTESIAN_POINT('Ctrl Pts',(0.687719812949614,0.200744946593407,1.1));
#7407=CARTESIAN_POINT('Ctrl Pts',(0.689457208945173,0.128509635369493,1.1));
#7408=CARTESIAN_POINT('Ctrl Pts',(0.644224154681217,0.129240210536132,1.1));
#7409=CARTESIAN_POINT('',(0.644224154681217,0.129240210536132,1.11));
#7410=CARTESIAN_POINT('',(0.644224154681217,0.129240210536132,1.11));
#7411=CARTESIAN_POINT('Ctrl Pts',(0.646657605701218,0.201748370316131,1.11));
#7412=CARTESIAN_POINT('Ctrl Pts',(0.687719812949614,0.200744946593407,1.11));
#7413=CARTESIAN_POINT('Ctrl Pts',(0.689457208945173,0.128509635369493,1.11));
#7414=CARTESIAN_POINT('Ctrl Pts',(0.644224154681217,0.129240210536132,1.11));
#7415=CARTESIAN_POINT('Origin',(0.644224154681217,0.129240210536132,1.11));
#7416=CARTESIAN_POINT('',(0.422560183481218,0.129240210536132,1.1));
#7417=CARTESIAN_POINT('',(0.644224154681217,0.129240210536132,1.1));
#7418=CARTESIAN_POINT('',(0.422560183481218,0.129240210536132,1.11));
#7419=CARTESIAN_POINT('',(0.422560183481218,0.129240210536132,1.11));
#7420=CARTESIAN_POINT('',(0.644224154681217,0.129240210536132,1.11));
#7421=CARTESIAN_POINT('Origin',(0.422560183481218,0.129240210536132,1.11));
#7422=CARTESIAN_POINT('',(0.422560183481218,0.0730146887361316,1.1));
#7423=CARTESIAN_POINT('',(0.422560183481218,0.129240210536132,1.1));
#7424=CARTESIAN_POINT('',(0.422560183481218,0.0730146887361316,1.11));
#7425=CARTESIAN_POINT('',(0.422560183481218,0.0730146887361316,1.11));
#7426=CARTESIAN_POINT('',(0.422560183481218,0.129240210536132,1.11));
#7427=CARTESIAN_POINT('Origin',(0.422560183481218,0.0730146887361316,1.11));
#7428=CARTESIAN_POINT('',(0.422560183481218,0.0730146887361316,1.1));
#7429=CARTESIAN_POINT('',(0.422560183481218,0.0730146887361316,1.11));
#7430=CARTESIAN_POINT('Origin',(0.728586404593784,0.128213432520748,1.11));
#7431=CARTESIAN_POINT('Origin',(0.728586404593784,0.128213432520748,1.1));
#7432=CARTESIAN_POINT('Ctrl Pts',(0.474189458031218,0.692586494946131,1.11));
#7433=CARTESIAN_POINT('Ctrl Pts',(0.474189458031218,0.692586494946131,1.098));
#7434=CARTESIAN_POINT('Ctrl Pts',(0.435132048511106,0.773382777618683,1.11));
#7435=CARTESIAN_POINT('Ctrl Pts',(0.435132048511106,0.773382777618683,1.098));
#7436=CARTESIAN_POINT('Ctrl Pts',(0.433962609357869,0.904775161240093,1.11));
#7437=CARTESIAN_POINT('Ctrl Pts',(0.433962609357869,0.904775161240093,1.098));
#7438=CARTESIAN_POINT('Ctrl Pts',(0.509877176132042,1.06680003927493,1.11));
#7439=CARTESIAN_POINT('Ctrl Pts',(0.509877176132042,1.06680003927493,1.098));
#7440=CARTESIAN_POINT('Ctrl Pts',(0.648434105536459,1.14107441192237,1.11));
#7441=CARTESIAN_POINT('Ctrl Pts',(0.648434105536459,1.14107441192237,1.098));
#7442=CARTESIAN_POINT('Ctrl Pts',(0.751563336273755,1.09165904268873,1.11));
#7443=CARTESIAN_POINT('Ctrl Pts',(0.751563336273755,1.09165904268873,1.098));
#7444=CARTESIAN_POINT('Ctrl Pts',(0.779696664091218,1.05035079232613,1.11));
#7445=CARTESIAN_POINT('Ctrl Pts',(0.779696664091218,1.05035079232613,1.098));
#7446=CARTESIAN_POINT('',(0.474189458031218,0.692586494946131,1.1));
#7447=CARTESIAN_POINT('',(0.779696664091218,1.05035079232613,1.1));
#7448=CARTESIAN_POINT('Ctrl Pts',(0.474189458031218,0.692586494946131,1.1));
#7449=CARTESIAN_POINT('Ctrl Pts',(0.435132048511106,0.773382777618683,1.1));
#7450=CARTESIAN_POINT('Ctrl Pts',(0.433962609357869,0.904775161240093,1.1));
#7451=CARTESIAN_POINT('Ctrl Pts',(0.509877176132042,1.06680003927493,1.1));
#7452=CARTESIAN_POINT('Ctrl Pts',(0.648434105536459,1.14107441192237,1.1));
#7453=CARTESIAN_POINT('Ctrl Pts',(0.751563336273755,1.09165904268873,1.1));
#7454=CARTESIAN_POINT('Ctrl Pts',(0.779696664091218,1.05035079232613,1.1));
#7455=CARTESIAN_POINT('',(0.779696664091218,1.05035079232613,1.11));
#7456=CARTESIAN_POINT('',(0.779696664091218,1.05035079232613,1.11));
#7457=CARTESIAN_POINT('',(0.474189458031218,0.692586494946131,1.11));
#7458=CARTESIAN_POINT('Ctrl Pts',(0.474189458031218,0.692586494946131,1.11));
#7459=CARTESIAN_POINT('Ctrl Pts',(0.435132048511106,0.773382777618683,1.11));
#7460=CARTESIAN_POINT('Ctrl Pts',(0.433962609357869,0.904775161240093,1.11));
#7461=CARTESIAN_POINT('Ctrl Pts',(0.509877176132042,1.06680003927493,1.11));
#7462=CARTESIAN_POINT('Ctrl Pts',(0.648434105536459,1.14107441192237,1.11));
#7463=CARTESIAN_POINT('Ctrl Pts',(0.751563336273755,1.09165904268873,1.11));
#7464=CARTESIAN_POINT('Ctrl Pts',(0.779696664091218,1.05035079232613,1.11));
#7465=CARTESIAN_POINT('',(0.474189458031218,0.692586494946131,1.11));
#7466=CARTESIAN_POINT('Origin',(0.779696664091218,1.05035079232613,1.11));
#7467=CARTESIAN_POINT('',(0.817135837471218,1.06840968772613,1.1));
#7468=CARTESIAN_POINT('',(0.779696664091218,1.05035079232613,1.1));
#7469=CARTESIAN_POINT('',(0.817135837471218,1.06840968772613,1.11));
#7470=CARTESIAN_POINT('',(0.817135837471218,1.06840968772613,1.11));
#7471=CARTESIAN_POINT('',(0.779696664091218,1.05035079232613,1.11));
#7472=CARTESIAN_POINT('Ctrl Pts',(0.817135837471218,1.06840968772613,1.11));
#7473=CARTESIAN_POINT('Ctrl Pts',(0.817135837471218,1.06840968772613,1.098));
#7474=CARTESIAN_POINT('Ctrl Pts',(0.791182325273567,1.11800259253999,1.11));
#7475=CARTESIAN_POINT('Ctrl Pts',(0.791182325273567,1.11800259253999,1.098));
#7476=CARTESIAN_POINT('Ctrl Pts',(0.707345213841425,1.21631544492819,1.11));
#7477=CARTESIAN_POINT('Ctrl Pts',(0.707345213841425,1.21631544492819,1.098));
#7478=CARTESIAN_POINT('Ctrl Pts',(0.546161099694185,1.17792525432134,1.11));
#7479=CARTESIAN_POINT('Ctrl Pts',(0.546161099694185,1.17792525432134,1.098));
#7480=CARTESIAN_POINT('Ctrl Pts',(0.477410986590149,1.08587239751141,1.11));
#7481=CARTESIAN_POINT('Ctrl Pts',(0.477410986590149,1.08587239751141,1.098));
#7482=CARTESIAN_POINT('Ctrl Pts',(0.425864545732397,0.984960695925417,1.11));
#7483=CARTESIAN_POINT('Ctrl Pts',(0.425864545732397,0.984960695925417,1.098));
#7484=CARTESIAN_POINT('Ctrl Pts',(0.409379067271666,0.830131161639978,1.11));
#7485=CARTESIAN_POINT('Ctrl Pts',(0.409379067271666,0.830131161639978,1.098));
#7486=CARTESIAN_POINT('Ctrl Pts',(0.433779028249075,0.711026416396127,1.11));
#7487=CARTESIAN_POINT('Ctrl Pts',(0.433779028249075,0.711026416396127,1.098));
#7488=CARTESIAN_POINT('Ctrl Pts',(0.474189458031218,0.656486927876132,1.11));
#7489=CARTESIAN_POINT('Ctrl Pts',(0.474189458031218,0.656486927876132,1.098));
#7490=CARTESIAN_POINT('',(0.474189458031218,0.656486927876132,1.1));
#7491=CARTESIAN_POINT('Ctrl Pts',(0.817135837471218,1.06840968772613,1.1));
#7492=CARTESIAN_POINT('Ctrl Pts',(0.791182325273567,1.11800259253999,1.1));
#7493=CARTESIAN_POINT('Ctrl Pts',(0.707345213841425,1.21631544492819,1.1));
#7494=CARTESIAN_POINT('Ctrl Pts',(0.546161099694185,1.17792525432134,1.1));
#7495=CARTESIAN_POINT('Ctrl Pts',(0.477410986590149,1.08587239751141,1.1));
#7496=CARTESIAN_POINT('Ctrl Pts',(0.425864545732397,0.984960695925417,1.1));
#7497=CARTESIAN_POINT('Ctrl Pts',(0.409379067271666,0.830131161639978,1.1));
#7498=CARTESIAN_POINT('Ctrl Pts',(0.433779028249075,0.711026416396127,1.1));
#7499=CARTESIAN_POINT('Ctrl Pts',(0.474189458031218,0.656486927876132,1.1));
#7500=CARTESIAN_POINT('',(0.474189458031218,0.656486927876132,1.11));
#7501=CARTESIAN_POINT('',(0.474189458031218,0.656486927876132,1.11));
#7502=CARTESIAN_POINT('Ctrl Pts',(0.817135837471218,1.06840968772613,1.11));
#7503=CARTESIAN_POINT('Ctrl Pts',(0.791182325273567,1.11800259253999,1.11));
#7504=CARTESIAN_POINT('Ctrl Pts',(0.707345213841425,1.21631544492819,1.11));
#7505=CARTESIAN_POINT('Ctrl Pts',(0.546161099694185,1.17792525432134,1.11));
#7506=CARTESIAN_POINT('Ctrl Pts',(0.477410986590149,1.08587239751141,1.11));
#7507=CARTESIAN_POINT('Ctrl Pts',(0.425864545732397,0.984960695925417,1.11));
#7508=CARTESIAN_POINT('Ctrl Pts',(0.409379067271666,0.830131161639978,1.11));
#7509=CARTESIAN_POINT('Ctrl Pts',(0.433779028249075,0.711026416396127,1.11));
#7510=CARTESIAN_POINT('Ctrl Pts',(0.474189458031218,0.656486927876132,1.11));
#7511=CARTESIAN_POINT('Origin',(0.474189458031218,0.656486927876132,1.11));
#7512=CARTESIAN_POINT('',(0.838118617341025,0.738227097826502,1.1));
#7513=CARTESIAN_POINT('',(0.474189458031218,0.656486927876132,1.1));
#7514=CARTESIAN_POINT('',(0.838118617341025,0.738227097826502,1.11));
#7515=CARTESIAN_POINT('',(0.838118617341025,0.738227097826502,1.11));
#7516=CARTESIAN_POINT('',(0.474189458031218,0.656486927876132,1.11));
#7517=CARTESIAN_POINT('Origin',(0.833039517302887,0.768605468698022,1.11));
#7518=CARTESIAN_POINT('',(0.863806221441217,0.767172782246131,1.1));
#7519=CARTESIAN_POINT('Origin',(0.833039517302887,0.768605468698022,1.1));
#7520=CARTESIAN_POINT('',(0.863806221441217,0.767172782246131,1.11));
#7521=CARTESIAN_POINT('',(0.863806221441217,0.767172782246131,1.11));
#7522=CARTESIAN_POINT('Origin',(0.833039517302887,0.768605468698022,1.11));
#7523=CARTESIAN_POINT('Origin',(0.863806221441217,0.767172782246131,1.11));
#7524=CARTESIAN_POINT('',(0.870260103841218,0.854761564366131,1.1));
#7525=CARTESIAN_POINT('',(0.863806221441217,0.767172782246131,1.1));
#7526=CARTESIAN_POINT('',(0.870260103841218,0.854761564366131,1.11));
#7527=CARTESIAN_POINT('',(0.870260103841218,0.854761564366131,1.11));
#7528=CARTESIAN_POINT('',(0.863806221441217,0.767172782246131,1.11));
#7529=CARTESIAN_POINT('Origin',(0.870260103841218,0.854761564366131,1.11));
#7530=CARTESIAN_POINT('',(0.844222403131218,0.854761564366131,1.1));
#7531=CARTESIAN_POINT('',(0.870260103841218,0.854761564366131,1.1));
#7532=CARTESIAN_POINT('',(0.844222403131218,0.854761564366131,1.11));
#7533=CARTESIAN_POINT('',(0.844222403131218,0.854761564366131,1.11));
#7534=CARTESIAN_POINT('',(0.870260103841218,0.854761564366131,1.11));
#7535=CARTESIAN_POINT('Origin',(0.844222403131218,0.854761564366131,1.11));
#7536=CARTESIAN_POINT('',(0.845633024193275,0.78945979684709,1.1));
#7537=CARTESIAN_POINT('',(0.844222403131218,0.854761564366131,1.1));
#7538=CARTESIAN_POINT('',(0.845633024193275,0.78945979684709,1.11));
#7539=CARTESIAN_POINT('',(0.845633024193275,0.78945979684709,1.11));
#7540=CARTESIAN_POINT('',(0.844222403131218,0.854761564366131,1.11));
#7541=CARTESIAN_POINT('Origin',(0.833791680534882,0.787355012583008,1.11));
#7542=CARTESIAN_POINT('',(0.834332681611218,0.775340236086131,1.1));
#7543=CARTESIAN_POINT('Origin',(0.833791680534882,0.787355012583008,1.1));
#7544=CARTESIAN_POINT('',(0.834332681611218,0.775340236086131,1.11));
#7545=CARTESIAN_POINT('',(0.834332681611218,0.775340236086131,1.11));
#7546=CARTESIAN_POINT('Origin',(0.833791680534882,0.787355012583008,1.11));
#7547=CARTESIAN_POINT('Origin',(0.834332681611218,0.775340236086131,1.11));
#7548=CARTESIAN_POINT('',(0.834332681611218,0.775340236086131,1.1));
#7549=CARTESIAN_POINT('',(0.834332681611218,0.775340236086131,1.11));
#7550=CARTESIAN_POINT('Origin',(0.491246950185637,1.01901309928099,1.11));
#7551=CARTESIAN_POINT('Origin',(0.491246950185637,1.01901309928099,1.1));
#7552=CARTESIAN_POINT('Origin',(0.814225862011217,-0.162627607943868,1.11));
#7553=CARTESIAN_POINT('',(0.814225862011217,-0.199918322732617,1.1));
#7554=CARTESIAN_POINT('Origin',(0.814225862011217,-0.162627607943868,1.1));
#7555=CARTESIAN_POINT('',(0.814225862011217,-0.199918322732617,1.11));
#7556=CARTESIAN_POINT('',(0.814225862011217,-0.199918322732617,1.11));
#7557=CARTESIAN_POINT('Origin',(0.814225862011217,-0.162627607943868,1.11));
#7558=CARTESIAN_POINT('Origin',(0.814225862011217,-0.162627607943868,1.11));
#7559=CARTESIAN_POINT('Origin',(0.814225862011217,-0.162627607943868,1.1));
#7560=CARTESIAN_POINT('Origin',(0.837864106991217,0.959794169036131,1.11));
#7561=CARTESIAN_POINT('',(0.837864106991217,0.883072526563587,1.1));
#7562=CARTESIAN_POINT('Origin',(0.837864106991217,0.959794169036131,1.1));
#7563=CARTESIAN_POINT('',(0.837864106991217,0.883072526563587,1.11));
#7564=CARTESIAN_POINT('',(0.837864106991217,0.883072526563587,1.11));
#7565=CARTESIAN_POINT('Origin',(0.837864106991217,0.959794169036131,1.11));
#7566=CARTESIAN_POINT('Origin',(0.837864106991217,0.959794169036131,1.11));
#7567=CARTESIAN_POINT('Origin',(0.837864106991217,0.959794169036131,1.1));
#7568=CARTESIAN_POINT('Origin',(0.422560183481218,-0.190195221373869,1.11));
#7569=CARTESIAN_POINT('',(0.422560183481218,-0.190195221373869,1.1));
#7570=CARTESIAN_POINT('',(0.723922925301217,-0.190195221373869,1.1));
#7571=CARTESIAN_POINT('',(0.422560183481218,-0.190195221373869,1.1));
#7572=CARTESIAN_POINT('',(0.723922925301217,-0.190195221373869,1.11));
#7573=CARTESIAN_POINT('',(0.723922925301217,-0.190195221373869,1.11));
#7574=CARTESIAN_POINT('',(0.422560183481218,-0.190195221373869,1.11));
#7575=CARTESIAN_POINT('',(0.422560183481218,-0.190195221373869,1.11));
#7576=CARTESIAN_POINT('',(0.422560183481218,-0.190195221373869,1.11));
#7577=CARTESIAN_POINT('Origin',(0.723922925301217,-0.190195221373869,1.11));
#7578=CARTESIAN_POINT('',(0.723922925301217,-0.133470635973869,1.1));
#7579=CARTESIAN_POINT('',(0.723922925301217,-0.190195221373869,1.1));
#7580=CARTESIAN_POINT('',(0.723922925301217,-0.133470635973869,1.11));
#7581=CARTESIAN_POINT('',(0.723922925301217,-0.133470635973869,1.11));
#7582=CARTESIAN_POINT('',(0.723922925301217,-0.190195221373869,1.11));
#7583=CARTESIAN_POINT('Origin',(0.723922925301217,-0.133470635973869,1.11));
#7584=CARTESIAN_POINT('',(0.422560183481218,-0.133470635973869,1.1));
#7585=CARTESIAN_POINT('',(0.723922925301217,-0.133470635973869,1.1));
#7586=CARTESIAN_POINT('',(0.422560183481218,-0.133470635973869,1.11));
#7587=CARTESIAN_POINT('',(0.422560183481218,-0.133470635973869,1.11));
#7588=CARTESIAN_POINT('',(0.723922925301217,-0.133470635973869,1.11));
#7589=CARTESIAN_POINT('Origin',(0.422560183481218,-0.133470635973869,1.11));
#7590=CARTESIAN_POINT('',(0.422560183481218,-0.133470635973869,1.1));
#7591=CARTESIAN_POINT('',(0.422560183481218,-0.133470635973869,1.11));
#7592=CARTESIAN_POINT('Origin',(0.,0.,1.11));
#7593=CARTESIAN_POINT('Origin',(0.,0.,1.1));
#7594=CARTESIAN_POINT('Origin',(0.422136630211218,0.333014989576132,1.11));
#7595=CARTESIAN_POINT('',(0.422136630211218,0.333014989576132,1.1));
#7596=CARTESIAN_POINT('',(0.873540673301218,0.333014989576132,1.1));
#7597=CARTESIAN_POINT('',(0.422136630211218,0.333014989576132,1.1));
#7598=CARTESIAN_POINT('',(0.873540673301218,0.333014989576132,1.11));
#7599=CARTESIAN_POINT('',(0.873540673301218,0.333014989576132,1.11));
#7600=CARTESIAN_POINT('',(0.422136630211218,0.333014989576132,1.11));
#7601=CARTESIAN_POINT('',(0.422136630211218,0.333014989576132,1.11));
#7602=CARTESIAN_POINT('',(0.422136630211218,0.333014989576132,1.11));
#7603=CARTESIAN_POINT('Origin',(0.873540673301218,0.333014989576132,1.11));
#7604=CARTESIAN_POINT('',(0.873540673301218,0.394572982506131,1.1));
#7605=CARTESIAN_POINT('',(0.873540673301218,0.333014989576132,1.1));
#7606=CARTESIAN_POINT('',(0.873540673301218,0.394572982506131,1.11));
#7607=CARTESIAN_POINT('',(0.873540673301218,0.394572982506131,1.11));
#7608=CARTESIAN_POINT('',(0.873540673301218,0.333014989576132,1.11));
#7609=CARTESIAN_POINT('Origin',(0.873540673301218,0.394572982506131,1.11));
#7610=CARTESIAN_POINT('',(0.422136630211218,0.394572982506131,1.1));
#7611=CARTESIAN_POINT('',(0.873540673301218,0.394572982506131,1.1));
#7612=CARTESIAN_POINT('',(0.422136630211218,0.394572982506131,1.11));
#7613=CARTESIAN_POINT('',(0.422136630211218,0.394572982506131,1.11));
#7614=CARTESIAN_POINT('',(0.873540673301218,0.394572982506131,1.11));
#7615=CARTESIAN_POINT('Origin',(0.422136630211218,0.394572982506131,1.11));
#7616=CARTESIAN_POINT('',(0.422136630211218,0.394572982506131,1.1));
#7617=CARTESIAN_POINT('',(0.422136630211218,0.394572982506131,1.11));
#7618=CARTESIAN_POINT('Origin',(0.,0.,1.11));
#7619=CARTESIAN_POINT('Origin',(0.,0.,1.1));
#7620=CARTESIAN_POINT('Origin',(0.723922925301217,1.00563122295613,1.11));
#7621=CARTESIAN_POINT('',(0.723922925301217,1.00563122295613,1.1));
#7622=CARTESIAN_POINT('',(0.491406513761218,0.951124408356131,1.1));
#7623=CARTESIAN_POINT('',(0.723922925301217,1.00563122295613,1.1));
#7624=CARTESIAN_POINT('',(0.491406513761218,0.951124408356131,1.11));
#7625=CARTESIAN_POINT('',(0.491406513761218,0.951124408356131,1.11));
#7626=CARTESIAN_POINT('',(0.723922925301217,1.00563122295613,1.11));
#7627=CARTESIAN_POINT('',(0.723922925301217,1.00563122295613,1.11));
#7628=CARTESIAN_POINT('',(0.723922925301217,1.00563122295613,1.11));
#7629=CARTESIAN_POINT('Origin',(0.491406513761218,0.951124408356131,1.11));
#7630=CARTESIAN_POINT('',(0.491406513761218,0.807612795286131,1.1));
#7631=CARTESIAN_POINT('',(0.491406513761218,0.951124408356131,1.1));
#7632=CARTESIAN_POINT('',(0.491406513761218,0.807612795286131,1.11));
#7633=CARTESIAN_POINT('',(0.491406513761218,0.807612795286131,1.11));
#7634=CARTESIAN_POINT('',(0.491406513761218,0.951124408356131,1.11));
#7635=CARTESIAN_POINT('Origin',(0.491406513761218,0.807612795286131,1.11));
#7636=CARTESIAN_POINT('',(0.723922925301217,0.862119609886132,1.1));
#7637=CARTESIAN_POINT('',(0.491406513761218,0.807612795286131,1.1));
#7638=CARTESIAN_POINT('',(0.723922925301217,0.862119609886132,1.11));
#7639=CARTESIAN_POINT('',(0.723922925301217,0.862119609886132,1.11));
#7640=CARTESIAN_POINT('',(0.491406513761218,0.807612795286131,1.11));
#7641=CARTESIAN_POINT('Origin',(0.723922925301217,0.862119609886132,1.11));
#7642=CARTESIAN_POINT('',(0.723922925301217,0.862119609886132,1.1));
#7643=CARTESIAN_POINT('',(0.723922925301217,0.862119609886132,1.11));
#7644=CARTESIAN_POINT('Origin',(0.,0.,1.11));
#7645=CARTESIAN_POINT('Origin',(0.,0.,1.1));
#7646=UNCERTAINTY_MEASURE_WITH_UNIT(LENGTH_MEASURE(0.01),#7650,
'DISTANCE_ACCURACY_VALUE',
'Maximum model space distance between geometric entities at asserted c
onnectivities');
#7647=UNCERTAINTY_MEASURE_WITH_UNIT(LENGTH_MEASURE(0.01),#7650,
'DISTANCE_ACCURACY_VALUE',
'Maximum model space distance between geometric entities at asserted c
onnectivities');
#7648=(
GEOMETRIC_REPRESENTATION_CONTEXT(3)
GLOBAL_UNCERTAINTY_ASSIGNED_CONTEXT((#7646))
GLOBAL_UNIT_ASSIGNED_CONTEXT((#7650,#7651,#7652))
REPRESENTATION_CONTEXT('','3D')
);
#7649=(
GEOMETRIC_REPRESENTATION_CONTEXT(3)
GLOBAL_UNCERTAINTY_ASSIGNED_CONTEXT((#7647))
GLOBAL_UNIT_ASSIGNED_CONTEXT((#7650,#7651,#7652))
REPRESENTATION_CONTEXT('','3D')
);
#7650=(
LENGTH_UNIT()
NAMED_UNIT(*)
SI_UNIT(.MILLI.,.METRE.)
);
#7651=(
NAMED_UNIT(*)
PLANE_ANGLE_UNIT()
SI_UNIT($,.RADIAN.)
);
#7652=(
NAMED_UNIT(*)
SI_UNIT($,.STERADIAN.)
SOLID_ANGLE_UNIT()
);
#7653=SHAPE_DEFINITION_REPRESENTATION(#7654,#7655);
#7654=PRODUCT_DEFINITION_SHAPE('',$,#7657);
#7655=SHAPE_REPRESENTATION('',(#4514),#7648);
#7656=PRODUCT_DEFINITION_CONTEXT('part definition',#7661,'design');
#7657=PRODUCT_DEFINITION('Product','Product',#7658,#7656);
#7658=PRODUCT_DEFINITION_FORMATION('',$,#7663);
#7659=PRODUCT_RELATED_PRODUCT_CATEGORY('Product','Product',(#7663));
#7660=APPLICATION_PROTOCOL_DEFINITION('international standard',
'automotive_design',2009,#7661);
#7661=APPLICATION_CONTEXT(
'Core Data for Automotive Mechanical Design Process');
#7662=PRODUCT_CONTEXT('part definition',#7661,'mechanical');
#7663=PRODUCT('Product','Product',$,(#7662));
#7664=PRESENTATION_STYLE_ASSIGNMENT((#7668));
#7665=PRESENTATION_STYLE_ASSIGNMENT((#7669));
#7666=PRESENTATION_STYLE_ASSIGNMENT((#7670));
#7667=PRESENTATION_STYLE_ASSIGNMENT((#7671));
#7668=SURFACE_STYLE_USAGE(.BOTH.,#7672);
#7669=SURFACE_STYLE_USAGE(.BOTH.,#7673);
#7670=SURFACE_STYLE_USAGE(.BOTH.,#7674);
#7671=SURFACE_STYLE_USAGE(.BOTH.,#7675);
#7672=SURFACE_SIDE_STYLE('',(#7676));
#7673=SURFACE_SIDE_STYLE('',(#7677));
#7674=SURFACE_SIDE_STYLE('',(#7678));
#7675=SURFACE_SIDE_STYLE('',(#7679));
#7676=SURFACE_STYLE_FILL_AREA(#7680);
#7677=SURFACE_STYLE_FILL_AREA(#7681);
#7678=SURFACE_STYLE_FILL_AREA(#7682);
#7679=SURFACE_STYLE_FILL_AREA(#7683);
#7680=FILL_AREA_STYLE('',(#7684));
#7681=FILL_AREA_STYLE('DIC 5',(#7685));
#7682=FILL_AREA_STYLE('',(#7686));
#7683=FILL_AREA_STYLE('',(#7687));
#7684=FILL_AREA_STYLE_COLOUR('',#7688);
#7685=FILL_AREA_STYLE_COLOUR('DIC 5',#7689);
#7686=FILL_AREA_STYLE_COLOUR('',#7690);
#7687=FILL_AREA_STYLE_COLOUR('',#7691);
#7688=COLOUR_RGB('',1.,1.,1.);
#7689=COLOUR_RGB('DIC 5',0.996078431372549,0.717647058823529,0.611764705882353);
#7690=COLOUR_RGB('',0.329411764705882,0.329411764705882,0.329411764705882);
#7691=COLOUR_RGB('',0.866666666666667,0.866666666666667,0.866666666666667);
ENDSEC;
END-ISO-10303-21;
