ISO-10303-21;
HEADER;
FILE_DESCRIPTION (( 'STEP AP214' ),
    '1' );
FILE_NAME ('SIR5607DP-T1-RE3.STEP',
    '2025-07-08T11:12:57',
    ( '' ),
    ( '' ),
    'SwSTEP 2.0',
    'SolidWorks 2023',
    '' );
FILE_SCHEMA (( 'AUTOMOTIVE_DESIGN' ));
ENDSEC;

DATA;
#1 = VERTEX_POINT ( 'NONE', #29 ) ;
#2 = ORIENTED_EDGE ( 'NONE', *, *, #4502, .F. ) ;
#3 = CARTESIAN_POINT ( 'NONE',  ( -0.4449999999999999512, 1.879999999999999893, 0.000000000000000000 ) ) ;
#4 = CARTESIAN_POINT ( 'NONE',  ( 2.895000000000000018, 0.8149999999999999467, 0.3800000000000000044 ) ) ;
#5 =( NAMED_UNIT ( * ) SI_UNIT ( $, .STERADIAN. ) SOLID_ANGLE_UNIT ( ) );
#6 = UNCERTAINTY_MEASURE_WITH_UNIT (LENGTH_MEASURE( 1.000000000000000082E-05 ), #282, 'distance_accuracy_value', 'NONE');
#7 = CARTESIAN_POINT ( 'NONE',  ( -2.895000000000000018, -0.8649999999999999911, 0.000000000000000000 ) ) ;
#8 = PLANE ( 'NONE',  #5261 ) ;
#9 = UNCERTAINTY_MEASURE_WITH_UNIT (LENGTH_MEASURE( 1.000000000000000082E-05 ), #5800, 'distance_accuracy_value', 'NONE');
#10 = ORIENTED_EDGE ( 'NONE', *, *, #5296, .T. ) ;
#11 = DIRECTION ( 'NONE',  ( 0.000000000000000000, 0.000000000000000000, 1.000000000000000000 ) ) ;
#12 = DIRECTION ( 'NONE',  ( 0.000000000000000000, 0.000000000000000000, 1.000000000000000000 ) ) ;
#13 = CARTESIAN_POINT ( 'NONE',  ( 1.195000000000000062, 1.989999999999999991, 0.3800000000000000044 ) ) ;
#14 = DIRECTION ( 'NONE',  ( 1.000000000000000000, 0.000000000000000000, 0.000000000000000000 ) ) ;
#15 =( NAMED_UNIT ( * ) PLANE_ANGLE_UNIT ( ) SI_UNIT ( $, .RADIAN. ) );
#16 = FILL_AREA_STYLE_COLOUR ( '', #3514 ) ;
#17 = ADVANCED_FACE ( 'NONE', ( #2324 ), #99, .T. ) ;
#18 = PRODUCT_DEFINITION ( 'UNKNOWN', '', #2157, #724 ) ;
#19 = EDGE_CURVE ( 'NONE', #3770, #6189, #6717, .T. ) ;
#20 = SURFACE_STYLE_USAGE ( .BOTH. , #3291 ) ;
#21 = CARTESIAN_POINT ( 'NONE',  ( -3.075000000000000178, 2.034999999999999698, 0.3800000000000000044 ) ) ;
#22 = DIRECTION ( 'NONE',  ( 1.000000000000000000, 0.000000000000000000, 0.000000000000000000 ) ) ;
#23 = COLOUR_RGB ( '',0.2862745098039215508, 0.2862745098039215508, 0.2862745098039215508 ) ;
#24 = PLANE ( 'NONE',  #2591 ) ;
#25 = PLANE ( 'NONE',  #2227 ) ;
#26 = EDGE_CURVE ( 'NONE', #1474, #6143, #719, .T. ) ;
#27 = AXIS2_PLACEMENT_3D ( 'NONE', #3824, #3966, #4515 ) ;
#28 = VERTEX_POINT ( 'NONE', #6096 ) ;
#29 = CARTESIAN_POINT ( 'NONE',  ( 2.465000000000000302, 2.084999999999999964, 0.3800000000000000044 ) ) ;
#30 = EDGE_LOOP ( 'NONE', ( #7036, #5550, #4574, #6151 ) ) ;
#31 = CARTESIAN_POINT ( 'NONE',  ( 2.945000000000000284, 1.724999999999999867, 0.3800000000000000044 ) ) ;
#32 = SURFACE_SIDE_STYLE ('',( #4995 ) ) ;
#33 = FILL_AREA_STYLE_COLOUR ( '', #1789 ) ;
#34 = VECTOR ( 'NONE', #487, 1000.000000000000000 ) ;
#35 = VECTOR ( 'NONE', #1170, 999.9999999999998863 ) ;
#36 = ORIENTED_EDGE ( 'NONE', *, *, #5472, .T. ) ;
#37 = VERTEX_POINT ( 'NONE', #685 ) ;
#38 = DIRECTION ( 'NONE',  ( 0.000000000000000000, 0.000000000000000000, -1.000000000000000000 ) ) ;
#39 = SURFACE_SIDE_STYLE ('',( #3888 ) ) ;
#40 = CARTESIAN_POINT ( 'NONE',  ( -3.075000000000000178, -0.5050000000000000044, 0.3800000000000000044 ) ) ;
#41 = LINE ( 'NONE', #3852, #3172 ) ;
#42 = CARTESIAN_POINT ( 'NONE',  ( -3.075000000000000178, 2.034999999999999698, 0.000000000000000000 ) ) ;
#43 = VERTEX_POINT ( 'NONE', #5067 ) ;
#44 = ORIENTED_EDGE ( 'NONE', *, *, #3579, .F. ) ;
#45 =( GEOMETRIC_REPRESENTATION_CONTEXT ( 3 ) GLOBAL_UNCERTAINTY_ASSIGNED_CONTEXT ( ( #1554 ) ) GLOBAL_UNIT_ASSIGNED_CONTEXT ( ( #3335, #547, #2728 ) ) REPRESENTATION_CONTEXT ( 'NONE', 'WORKASPACE' ) );
#46 = CARTESIAN_POINT ( 'NONE',  ( 2.945000000000000284, -1.775000000000000133, 0.000000000000000000 ) ) ;
#47 = FACE_OUTER_BOUND ( 'NONE', #3299, .T. ) ;
#48 =( NAMED_UNIT ( * ) SI_UNIT ( $, .STERADIAN. ) SOLID_ANGLE_UNIT ( ) );
#49 = DIRECTION ( 'NONE',  ( 0.000000000000000000, 0.000000000000000000, 1.000000000000000000 ) ) ;
#50 = FILL_AREA_STYLE_COLOUR ( '', #3055 ) ;
#51 = PRESENTATION_LAYER_ASSIGNMENT (  '', '', ( #2344 ) ) ;
#52 = ORIENTED_EDGE ( 'NONE', *, *, #5882, .T. ) ;
#53 = EDGE_CURVE ( 'NONE', #4510, #2602, #6613, .T. ) ;
#54 = DIRECTION ( 'NONE',  ( 0.000000000000000000, 0.000000000000000000, 1.000000000000000000 ) ) ;
#55 = SURFACE_STYLE_USAGE ( .BOTH. , #4981 ) ;
#56 = LINE ( 'NONE', #2250, #4422 ) ;
#57 = PRESENTATION_LAYER_ASSIGNMENT (  '', '', ( #6527 ) ) ;
#58 = LINE ( 'NONE', #6127, #5586 ) ;
#59 = CARTESIAN_POINT ( 'NONE',  ( 2.895000000000000018, 1.675000000000000044, 0.000000000000000000 ) ) ;
#60 = EDGE_CURVE ( 'NONE', #3946, #289, #2258, .T. ) ;
#61 = PRESENTATION_STYLE_ASSIGNMENT (( #2119 ) ) ;
#62 = PRESENTATION_LAYER_ASSIGNMENT (  '', '', ( #6642 ) ) ;
#63 = EDGE_CURVE ( 'NONE', #6581, #2892, #133, .T. ) ;
#64 = DIRECTION ( 'NONE',  ( 0.7071067811865400232, 0.7071067811865550112, 0.000000000000000000 ) ) ;
#65 = ORIENTED_EDGE ( 'NONE', *, *, #1993, .F. ) ;
#66 = LINE ( 'NONE', #7116, #5926 ) ;
#67 = SURFACE_STYLE_USAGE ( .BOTH. , #32 ) ;
#68 = EDGE_CURVE ( 'NONE', #301, #294, #5643, .T. ) ;
#69 = VECTOR ( 'NONE', #4163, 1000.000000000000000 ) ;
#70 = DIRECTION ( 'NONE',  ( 1.000000000000000000, 0.000000000000000000, 0.000000000000000000 ) ) ;
#71 = EDGE_CURVE ( 'NONE', #6143, #987, #1262, .T. ) ;
#72 = EDGE_LOOP ( 'NONE', ( #709, #1217, #2737, #5066 ) ) ;
#73 = ORIENTED_EDGE ( 'NONE', *, *, #3223, .F. ) ;
#74 = CARTESIAN_POINT ( 'NONE',  ( 2.465000000000000302, -1.724999999999999867, 0.000000000000000000 ) ) ;
#75 = SURFACE_SIDE_STYLE ('',( #3277 ) ) ;
#76 = FACE_OUTER_BOUND ( 'NONE', #7046, .T. ) ;
#77 =( LENGTH_UNIT ( ) NAMED_UNIT ( * ) SI_UNIT ( .MILLI., .METRE. ) );
#78 = AXIS2_PLACEMENT_3D ( 'NONE', #5519, #2777, #4254 ) ;
#79 = VECTOR ( 'NONE', #6032, 1000.000000000000000 ) ;
#80 = ORIENTED_EDGE ( 'NONE', *, *, #1313, .T. ) ;
#81 = ORIENTED_EDGE ( 'NONE', *, *, #1357, .T. ) ;
#82 =( GEOMETRIC_REPRESENTATION_CONTEXT ( 3 ) GLOBAL_UNCERTAINTY_ASSIGNED_CONTEXT ( ( #139 ) ) GLOBAL_UNIT_ASSIGNED_CONTEXT ( ( #372, #4174, #1949 ) ) REPRESENTATION_CONTEXT ( 'NONE', 'WORKASPACE' ) );
#83 = DIRECTION ( 'NONE',  ( 0.7071067811865570096, -0.7071067811865380248, 0.000000000000000000 ) ) ;
#84 = DIRECTION ( 'NONE',  ( 1.000000000000000000, 0.000000000000000000, 0.000000000000000000 ) ) ;
#85 = CARTESIAN_POINT ( 'NONE',  ( -2.945000000000000284, 1.724999999999999867, 0.000000000000000000 ) ) ;
#86 = DIRECTION ( 'NONE',  ( -1.000000000000000000, 0.000000000000000000, 0.000000000000000000 ) ) ;
#87 = DIRECTION ( 'NONE',  ( 1.000000000000000000, 0.000000000000000000, 0.000000000000000000 ) ) ;
#88 = STYLED_ITEM ( 'NONE', ( #5410 ), #6647 ) ;
#89 = MECHANICAL_DESIGN_GEOMETRIC_PRESENTATION_REPRESENTATION (  '', ( #5267 ), #4218 ) ;
#90 = ORIENTED_EDGE ( 'NONE', *, *, #5853, .F. ) ;
#91 = LINE ( 'NONE', #2935, #562 ) ;
#92 = STYLED_ITEM ( 'NONE', ( #1073 ), #7134 ) ;
#94 = PLANE ( 'NONE',  #6753 ) ;
#93 = AXIS2_PLACEMENT_3D ( 'NONE', #6308, #5753, #312 ) ;
#95 = LINE ( 'NONE', #4083, #5603 ) ;
#96 = CARTESIAN_POINT ( 'NONE',  ( 2.895000000000000018, -0.4550000000000000155, 0.3300000000000000155 ) ) ;
#97 = DIRECTION ( 'NONE',  ( 0.000000000000000000, 1.000000000000000000, 0.000000000000000000 ) ) ;
#98 = ORIENTED_EDGE ( 'NONE', *, *, #1784, .T. ) ;
#99 = PLANE ( 'NONE',  #4351 ) ;
#100 = FACE_OUTER_BOUND ( 'NONE', #4211, .T. ) ;
#101 = FILL_AREA_STYLE ('',( #3575 ) ) ;
#102 = DIRECTION ( 'NONE',  ( 0.000000000000000000, 0.000000000000000000, -1.000000000000000000 ) ) ;
#103 = EDGE_CURVE ( 'NONE', #2203, #2668, #2909, .T. ) ;
#104 = VECTOR ( 'NONE', #2640, 1000.000000000000000 ) ;
#105 = EDGE_CURVE ( 'NONE', #2246, #3946, #6132, .T. ) ;
#106 = ADVANCED_FACE ( 'NONE', ( #1652 ), #1119, .T. ) ;
#107 = ORIENTED_EDGE ( 'NONE', *, *, #1782, .T. ) ;
#108 = VERTEX_POINT ( 'NONE', #1401 ) ;
#109 = LINE ( 'NONE', #3849, #975 ) ;
#110 = SURFACE_STYLE_USAGE ( .BOTH. , #4634 ) ;
#111 =( LENGTH_UNIT ( ) NAMED_UNIT ( * ) SI_UNIT ( .MILLI., .METRE. ) );
#112 = VECTOR ( 'NONE', #3210, 1000.000000000000000 ) ;
#113 = CARTESIAN_POINT ( 'NONE',  ( 2.945000000000000284, 2.034999999999999698, 0.000000000000000000 ) ) ;
#114 = MANIFOLD_SOLID_BREP ( 'Trans_Vishay_SIR696DP-T1-GE3_eec.STEP<1>[2]', #4475 ) ;
#115 = EDGE_CURVE ( 'NONE', #135, #5701, #4160, .T. ) ;
#116 = EDGE_LOOP ( 'NONE', ( #845, #716, #1385, #1120 ) ) ;
#117 = ORIENTED_EDGE ( 'NONE', *, *, #4194, .T. ) ;
#118 = SURFACE_STYLE_USAGE ( .BOTH. , #5524 ) ;
#119 = SURFACE_SIDE_STYLE ('',( #4039 ) ) ;
#120 = DIRECTION ( 'NONE',  ( 0.000000000000000000, 0.000000000000000000, -1.000000000000000000 ) ) ;
#121 = LINE ( 'NONE', #4365, #2670 ) ;
#122 = CARTESIAN_POINT ( 'NONE',  ( 2.945000000000000284, -1.224999999999999867, 0.3300000000000000155 ) ) ;
#123 = SHAPE_REPRESENTATION ( 'Vishay SIR186DP-T1-RE3 1.STEP', ( #2862 ), #3197 ) ;
#124 = APPLICATION_CONTEXT ( 'automotive_design' ) ;
#125 = VERTEX_POINT ( 'NONE', #3584 ) ;
#126 = CARTESIAN_POINT ( 'NONE',  ( -2.945000000000000284, -0.8149999999999999467, 0.3800000000000000044 ) ) ;
#127 =( NAMED_UNIT ( * ) PLANE_ANGLE_UNIT ( ) SI_UNIT ( $, .RADIAN. ) );
#128 =( LENGTH_UNIT ( ) NAMED_UNIT ( * ) SI_UNIT ( .MILLI., .METRE. ) );
#129 = SURFACE_STYLE_FILL_AREA ( #1755 ) ;
#130 = CARTESIAN_POINT ( 'NONE',  ( -2.465000000000000302, -2.135000000000000231, 0.000000000000000000 ) ) ;
#131 = ORIENTED_EDGE ( 'NONE', *, *, #4757, .F. ) ;
#132 = ORIENTED_EDGE ( 'NONE', *, *, #4941, .F. ) ;
#133 = LINE ( 'NONE', #4455, #1716 ) ;
#134 = LINE ( 'NONE', #800, #6412 ) ;
#135 = VERTEX_POINT ( 'NONE', #320 ) ;
#136 = SURFACE_SIDE_STYLE ('',( #314 ) ) ;
#137 =( NAMED_UNIT ( * ) SI_UNIT ( $, .STERADIAN. ) SOLID_ANGLE_UNIT ( ) );
#138 = CARTESIAN_POINT ( 'NONE',  ( -2.945000000000000284, 0.7649999999999999023, 0.000000000000000000 ) ) ;
#139 = UNCERTAINTY_MEASURE_WITH_UNIT (LENGTH_MEASURE( 1.000000000000000082E-05 ), #372, 'distance_accuracy_value', 'NONE');
#140 = STYLED_ITEM ( 'NONE', ( #1460 ), #1819 ) ;
#141 = ORIENTED_EDGE ( 'NONE', *, *, #787, .T. ) ;
#142 = VERTEX_POINT ( 'NONE', #4020 ) ;
#143 = CARTESIAN_POINT ( 'NONE',  ( 2.945000000000000284, 1.724999999999999867, 0.3300000000000000155 ) ) ;
#144 = MECHANICAL_DESIGN_GEOMETRIC_PRESENTATION_REPRESENTATION (  '', ( #3242 ), #1982 ) ;
#145 =( LENGTH_UNIT ( ) NAMED_UNIT ( * ) SI_UNIT ( .MILLI., .METRE. ) );
#146 = EDGE_CURVE ( 'NONE', #4820, #3864, #5799, .T. ) ;
#147 = DIRECTION ( 'NONE',  ( 0.000000000000000000, 1.000000000000000000, 0.000000000000000000 ) ) ;
#148 = CARTESIAN_POINT ( 'NONE',  ( -2.945000000000000284, 1.224999999999999867, 0.3300000000000040123 ) ) ;
#149 =( LENGTH_UNIT ( ) NAMED_UNIT ( * ) SI_UNIT ( .MILLI., .METRE. ) );
#150 = EDGE_CURVE ( 'NONE', #1409, #2016, #5721, .T. ) ;
#151 = EDGE_CURVE ( 'NONE', #3193, #5689, #874, .T. ) ;
#152 = VECTOR ( 'NONE', #6833, 1000.000000000000000 ) ;
#153 = ORIENTED_EDGE ( 'NONE', *, *, #1695, .T. ) ;
#154 = ORIENTED_EDGE ( 'NONE', *, *, #150, .F. ) ;
#155 = CARTESIAN_POINT ( 'NONE',  ( 3.075000000000000178, -0.5050000000000000044, 0.3800000000000000044 ) ) ;
#156 = DIRECTION ( 'NONE',  ( 4.550094363217860219E-16, 1.000000000000000000, 0.000000000000000000 ) ) ;
#157 = EDGE_CURVE ( 'NONE', #659, #1687, #3047, .T. ) ;
#158 = LINE ( 'NONE', #1711, #1674 ) ;
#159 = CARTESIAN_POINT ( 'NONE',  ( -0.8299999999999999600, 2.449999999999999734, 0.000000000000000000 ) ) ;
#160 =( GEOMETRIC_REPRESENTATION_CONTEXT ( 3 ) GLOBAL_UNCERTAINTY_ASSIGNED_CONTEXT ( ( #6297 ) ) GLOBAL_UNIT_ASSIGNED_CONTEXT ( ( #2690, #5983, #3221 ) ) REPRESENTATION_CONTEXT ( 'NONE', 'WORKASPACE' ) );
#161 = FACE_OUTER_BOUND ( 'NONE', #2978, .T. ) ;
#162 = UNCERTAINTY_MEASURE_WITH_UNIT (LENGTH_MEASURE( 1.000000000000000082E-05 ), #5323, 'distance_accuracy_value', 'NONE');
#163 = EDGE_CURVE ( 'NONE', #2242, #3712, #3476, .T. ) ;
#164 = MANIFOLD_SOLID_BREP ( 'Trans_Vishay_SIR696DP-T1-GE3_eec.STEP<1>[4]', #1041 ) ;
#165 = ORIENTED_EDGE ( 'NONE', *, *, #4632, .F. ) ;
#166 = DIRECTION ( 'NONE',  ( 0.7071067811865550112, -0.7071067811865400232, 0.000000000000000000 ) ) ;
#167 = DIRECTION ( 'NONE',  ( -1.000000000000000000, 0.000000000000000000, 0.000000000000000000 ) ) ;
#168 = CARTESIAN_POINT ( 'NONE',  ( -2.465000000000000302, -0.8649999999999999911, 0.000000000000000000 ) ) ;
#169 = DIRECTION ( 'NONE',  ( -0.000000000000000000, 1.000000000000000000, 0.000000000000000000 ) ) ;
#170 = LINE ( 'NONE', #6786, #5475 ) ;
#172 = LINE ( 'NONE', #1222, #2570 ) ;
#171 = VECTOR ( 'NONE', #5286, 1000.000000000000000 ) ;
#173 = CARTESIAN_POINT ( 'NONE',  ( -0.8299999999999999600, 2.423826859021799951, 0.000000000000000000 ) ) ;
#174 = ORIENTED_EDGE ( 'NONE', *, *, #6735, .T. ) ;
#175 = ORIENTED_EDGE ( 'NONE', *, *, #3979, .T. ) ;
#176 = FILL_AREA_STYLE_COLOUR ( '', #3774 ) ;
#177 =( NAMED_UNIT ( * ) PLANE_ANGLE_UNIT ( ) SI_UNIT ( $, .RADIAN. ) );
#178 = PRESENTATION_STYLE_ASSIGNMENT (( #688 ) ) ;
#179 = PLANE ( 'NONE',  #980 ) ;
#180 = VECTOR ( 'NONE', #5034, 1000.000000000000000 ) ;
#181 = ORIENTED_EDGE ( 'NONE', *, *, #734, .T. ) ;
#182 = ORIENTED_EDGE ( 'NONE', *, *, #3500, .F. ) ;
#184 = DIRECTION ( 'NONE',  ( 1.000000000000000000, 0.000000000000000000, 0.000000000000000000 ) ) ;
#183 = VECTOR ( 'NONE', #6015, 1000.000000000000000 ) ;
#185 = CARTESIAN_POINT ( 'NONE',  ( -2.895000000000000018, -2.135000000000000231, 0.3800000000000000044 ) ) ;
#186 = FILL_AREA_STYLE ('',( #1202 ) ) ;
#187 = FACE_OUTER_BOUND ( 'NONE', #1068, .T. ) ;
#188 = DIRECTION ( 'NONE',  ( 1.000000000000000000, 0.000000000000000000, 0.000000000000000000 ) ) ;
#189 = CARTESIAN_POINT ( 'NONE',  ( 0.8299999999999999600, -2.575000000000000178, 0.000000000000000000 ) ) ;
#190 = ADVANCED_FACE ( 'NONE', ( #6897 ), #1934, .F. ) ;
#191 = ORIENTED_EDGE ( 'NONE', *, *, #5429, .T. ) ;
#192 = EDGE_LOOP ( 'NONE', ( #5891, #5687, #4581, #2431 ) ) ;
#193 = FILL_AREA_STYLE_COLOUR ( '', #1368 ) ;
#194 = CARTESIAN_POINT ( 'NONE',  ( -3.075000000000000178, 1.724999999999999867, 0.000000000000000000 ) ) ;
#195 = CARTESIAN_POINT ( 'NONE',  ( 2.945000000000000284, -2.084999999999999964, 0.000000000000000000 ) ) ;
#196 = AXIS2_PLACEMENT_3D ( 'NONE', #7057, #2127, #5375 ) ;
#197 = FILL_AREA_STYLE ('',( #2493 ) ) ;
#198 =( NAMED_UNIT ( * ) SI_UNIT ( $, .STERADIAN. ) SOLID_ANGLE_UNIT ( ) );
#199 = FILL_AREA_STYLE_COLOUR ( '', #4788 ) ;
#200 = ADVANCED_FACE ( 'NONE', ( #5421 ), #3726, .T. ) ;
#201 = AXIS2_PLACEMENT_3D ( 'NONE', #6876, #1909, #4102 ) ;
#202 = EDGE_LOOP ( 'NONE', ( #4126, #4566, #2132, #788 ) ) ;
#203 = EDGE_CURVE ( 'NONE', #5487, #6839, #4809, .T. ) ;
#204 = EDGE_CURVE ( 'NONE', #142, #2771, #3760, .T. ) ;
#205 = FILL_AREA_STYLE_COLOUR ( '', #2404 ) ;
#206 = LINE ( 'NONE', #6821, #453 ) ;
#207 = SURFACE_STYLE_USAGE ( .BOTH. , #3364 ) ;
#208 = MECHANICAL_DESIGN_GEOMETRIC_PRESENTATION_REPRESENTATION (  '', ( #2616 ), #4217 ) ;
#209 = ADVANCED_FACE ( 'NONE', ( #1475 ), #1047, .T. ) ;
#210 =( GEOMETRIC_REPRESENTATION_CONTEXT ( 3 ) GLOBAL_UNCERTAINTY_ASSIGNED_CONTEXT ( ( #3882 ) ) GLOBAL_UNIT_ASSIGNED_CONTEXT ( ( #2034, #2070, #2608 ) ) REPRESENTATION_CONTEXT ( 'NONE', 'WORKASPACE' ) );
#211 = ORIENTED_EDGE ( 'NONE', *, *, #4061, .T. ) ;
#212 = ORIENTED_EDGE ( 'NONE', *, *, #3045, .T. ) ;
#213 = CARTESIAN_POINT ( 'NONE',  ( 0.9650000000000000799, 2.189999999999999947, 0.000000000000000000 ) ) ;
#214 = DIRECTION ( 'NONE',  ( -1.000000000000000000, -9.424643672539529398E-17, -8.966949475172358999E-16 ) ) ;
#215 = ORIENTED_EDGE ( 'NONE', *, *, #4148, .F. ) ;
#216 = CARTESIAN_POINT ( 'NONE',  ( 2.465000000000000302, 2.084999999999999964, 0.000000000000000000 ) ) ;
#217 =( GEOMETRIC_REPRESENTATION_CONTEXT ( 3 ) GLOBAL_UNCERTAINTY_ASSIGNED_CONTEXT ( ( #6362 ) ) GLOBAL_UNIT_ASSIGNED_CONTEXT ( ( #6121, #4548, #3931 ) ) REPRESENTATION_CONTEXT ( 'NONE', 'WORKASPACE' ) );
#218 = UNCERTAINTY_MEASURE_WITH_UNIT (LENGTH_MEASURE( 1.000000000000000082E-05 ), #6550, 'distance_accuracy_value', 'NONE');
#219 = VECTOR ( 'NONE', #1685, 1000.000000000000000 ) ;
#220 = ORIENTED_EDGE ( 'NONE', *, *, #4813, .T. ) ;
#221 = VERTEX_POINT ( 'NONE', #2615 ) ;
#222 = CARTESIAN_POINT ( 'NONE',  ( 2.945000000000000284, 0.7649999999999999023, 0.3800000000000000044 ) ) ;
#223 = VERTEX_POINT ( 'NONE', #6473 ) ;
#224 = DIRECTION ( 'NONE',  ( 0.000000000000000000, 0.000000000000000000, -1.000000000000000000 ) ) ;
#225 = CARTESIAN_POINT ( 'NONE',  ( 2.465000000000000302, -0.8649999999999999911, 0.000000000000000000 ) ) ;
#226 = SURFACE_STYLE_USAGE ( .BOTH. , #1454 ) ;
#227 =( NAMED_UNIT ( * ) PLANE_ANGLE_UNIT ( ) SI_UNIT ( $, .RADIAN. ) );
#228 = MANIFOLD_SOLID_BREP ( 'Trans_Vishay_SIR696DP-T1-GE3_eec.STEP<1>', #4814 ) ;
#229 =( GEOMETRIC_REPRESENTATION_CONTEXT ( 3 ) GLOBAL_UNCERTAINTY_ASSIGNED_CONTEXT ( ( #6380 ) ) GLOBAL_UNIT_ASSIGNED_CONTEXT ( ( #3715, #4298, #2534 ) ) REPRESENTATION_CONTEXT ( 'NONE', 'WORKASPACE' ) );
#230 = EDGE_LOOP ( 'NONE', ( #815, #6907, #3954, #6736 ) ) ;
#231 = VERTEX_POINT ( 'NONE', #1644 ) ;
#232 = FACE_OUTER_BOUND ( 'NONE', #2548, .T. ) ;
#233 = DIRECTION ( 'NONE',  ( 0.000000000000000000, -1.000000000000000000, 0.000000000000000000 ) ) ;
#234 = DIRECTION ( 'NONE',  ( 1.000000000000000000, 0.000000000000000000, 0.000000000000000000 ) ) ;
#235 = UNCERTAINTY_MEASURE_WITH_UNIT (LENGTH_MEASURE( 1.000000000000000082E-05 ), #6307, 'distance_accuracy_value', 'NONE');
#236 = STYLED_ITEM ( 'NONE', ( #1905 ), #1011 ) ;
#237 = EDGE_LOOP ( 'NONE', ( #6373, #5588, #612, #3759 ) ) ;
#238 = LINE ( 'NONE', #5636, #1831 ) ;
#239 = DIRECTION ( 'NONE',  ( 0.000000000000000000, 1.000000000000000000, 0.000000000000000000 ) ) ;
#240 = CARTESIAN_POINT ( 'NONE',  ( -2.945000000000000284, 1.224999999999999867, 0.3300000000000040123 ) ) ;
#241 = EDGE_CURVE ( 'NONE', #548, #2727, #434, .T. ) ;
#242 = CARTESIAN_POINT ( 'NONE',  ( -2.895000000000000018, 0.4049999999999999711, 0.000000000000000000 ) ) ;
#243 = DIRECTION ( 'NONE',  ( 0.000000000000000000, 0.000000000000000000, 1.000000000000000000 ) ) ;
#244 =( LENGTH_UNIT ( ) NAMED_UNIT ( * ) SI_UNIT ( .MILLI., .METRE. ) );
#245 = EDGE_CURVE ( 'NONE', #759, #5625, #6084, .T. ) ;
#246 = ORIENTED_EDGE ( 'NONE', *, *, #3402, .F. ) ;
#247 = CARTESIAN_POINT ( 'NONE',  ( 2.895000000000000018, 0.4049999999999999711, 0.000000000000000000 ) ) ;
#248 = ORIENTED_EDGE ( 'NONE', *, *, #4757, .T. ) ;
#249 = ADVANCED_FACE ( 'NONE', ( #1677 ), #1786, .T. ) ;
#250 = CARTESIAN_POINT ( 'NONE',  ( -2.465000000000000302, 0.8149999999999999467, 0.3800000000000000044 ) ) ;
#251 = DIRECTION ( 'NONE',  ( 0.000000000000000000, 0.000000000000000000, 1.000000000000000000 ) ) ;
#252 = ORIENTED_EDGE ( 'NONE', *, *, #431, .F. ) ;
#253 = ORIENTED_EDGE ( 'NONE', *, *, #103, .T. ) ;
#254 = ORIENTED_EDGE ( 'NONE', *, *, #5526, .F. ) ;
#255 = DIRECTION ( 'NONE',  ( -1.132880637372609972E-16, 1.000000000000000000, 0.000000000000000000 ) ) ;
#256 = LINE ( 'NONE', #4600, #4673 ) ;
#257 = DIRECTION ( 'NONE',  ( 0.000000000000000000, 1.000000000000000000, 0.000000000000000000 ) ) ;
#258 =( GEOMETRIC_REPRESENTATION_CONTEXT ( 3 ) GLOBAL_UNCERTAINTY_ASSIGNED_CONTEXT ( ( #4326 ) ) GLOBAL_UNIT_ASSIGNED_CONTEXT ( ( #6057, #1123, #5951 ) ) REPRESENTATION_CONTEXT ( 'NONE', 'WORKASPACE' ) );
#259 = MECHANICAL_DESIGN_GEOMETRIC_PRESENTATION_REPRESENTATION (  '', ( #3607 ), #3259 ) ;
#260 = PRESENTATION_LAYER_ASSIGNMENT (  '', '', ( #3812 ) ) ;
#261 = ORIENTED_EDGE ( 'NONE', *, *, #2087, .F. ) ;
#262 = ORIENTED_EDGE ( 'NONE', *, *, #6061, .F. ) ;
#263 = CARTESIAN_POINT ( 'NONE',  ( -1.447500000000000009, 0.4049999999999999711, 0.000000000000000000 ) ) ;
#264 = PLANE ( 'NONE',  #474 ) ;
#265 = CARTESIAN_POINT ( 'NONE',  ( -2.895000000000000018, 1.675000000000000044, 0.000000000000000000 ) ) ;
#266 = CONTEXT_DEPENDENT_SHAPE_REPRESENTATION ( #1864, #2031 ) ;
#267 = APPLICATION_CONTEXT ( 'automotive_design' ) ;
#268 = DIRECTION ( 'NONE',  ( -1.000000000000000000, 0.000000000000000000, 0.000000000000000000 ) ) ;
#269 = PRESENTATION_LAYER_ASSIGNMENT (  '', '', ( #3362 ) ) ;
#270 = ORIENTED_EDGE ( 'NONE', *, *, #3281, .F. ) ;
#271 = VECTOR ( 'NONE', #365, 1000.000000000000000 ) ;
#272 = DIRECTION ( 'NONE',  ( 0.000000000000000000, 0.000000000000000000, 1.000000000000000000 ) ) ;
#273 = CARTESIAN_POINT ( 'NONE',  ( -3.075000000000000178, -1.775000000000000133, 0.3800000000000000044 ) ) ;
#274 = DIRECTION ( 'NONE',  ( -0.000000000000000000, 1.000000000000000000, 0.000000000000000000 ) ) ;
#275 = LINE ( 'NONE', #5898, #3287 ) ;
#276 =( NAMED_UNIT ( * ) SI_UNIT ( $, .STERADIAN. ) SOLID_ANGLE_UNIT ( ) );
#277 = FILL_AREA_STYLE_COLOUR ( '', #2380 ) ;
#278 = STYLED_ITEM ( 'NONE', ( #766 ), #3398 ) ;
#279 = STYLED_ITEM ( 'NONE', ( #6789 ), #2578 ) ;
#280 = EDGE_CURVE ( 'NONE', #6754, #1166, #4485, .T. ) ;
#281 = ORIENTED_EDGE ( 'NONE', *, *, #63, .F. ) ;
#282 =( LENGTH_UNIT ( ) NAMED_UNIT ( * ) SI_UNIT ( .MILLI., .METRE. ) );
#283 = MECHANICAL_DESIGN_GEOMETRIC_PRESENTATION_REPRESENTATION (  '', ( #3262 ), #2237 ) ;
#284 = LINE ( 'NONE', #5140, #1338 ) ;
#285 = DIRECTION ( 'NONE',  ( 0.000000000000000000, -1.000000000000000000, 0.000000000000000000 ) ) ;
#286 = UNCERTAINTY_MEASURE_WITH_UNIT (LENGTH_MEASURE( 1.000000000000000082E-05 ), #4577, 'distance_accuracy_value', 'NONE');
#287 = VECTOR ( 'NONE', #6039, 1000.000000000000000 ) ;
#288 = EDGE_CURVE ( 'NONE', #3876, #4348, #1184, .T. ) ;
#289 = VERTEX_POINT ( 'NONE', #3865 ) ;
#290 = EDGE_CURVE ( 'NONE', #2771, #2624, #2180, .T. ) ;
#291 = ORIENTED_EDGE ( 'NONE', *, *, #1492, .T. ) ;
#292 = LINE ( 'NONE', #222, #6277 ) ;
#293 = EDGE_CURVE ( 'NONE', #2892, #6189, #6164, .T. ) ;
#294 = VERTEX_POINT ( 'NONE', #126 ) ;
#295 = CARTESIAN_POINT ( 'NONE',  ( -0.5799999999999999600, 2.423826859021799951, 0.3300000000000000155 ) ) ;
#296 = FILL_AREA_STYLE ('',( #3024 ) ) ;
#297 = CARTESIAN_POINT ( 'NONE',  ( -2.945000000000000284, 2.034999999999999698, 0.000000000000000000 ) ) ;
#298 = AXIS2_PLACEMENT_3D ( 'NONE', #297, #2278, #84 ) ;
#299 = PLANE ( 'NONE',  #1415 ) ;
#300 = ORIENTED_EDGE ( 'NONE', *, *, #3181, .T. ) ;
#301 = VERTEX_POINT ( 'NONE', #2790 ) ;
#302 = CARTESIAN_POINT ( 'NONE',  ( 2.465000000000000302, 0.8149999999999999467, 0.000000000000000000 ) ) ;
#303 = CARTESIAN_POINT ( 'NONE',  ( 2.945000000000000284, 0.4550000000000000155, 0.3300000000000000155 ) ) ;
#304 =( LENGTH_UNIT ( ) NAMED_UNIT ( * ) SI_UNIT ( .MILLI., .METRE. ) );
#305 = CARTESIAN_POINT ( 'NONE',  ( -2.895000000000000018, -0.4550000000000000155, 0.000000000000000000 ) ) ;
#306 = CARTESIAN_POINT ( 'NONE',  ( -2.895000000000000018, -1.724999999999999867, 0.000000000000000000 ) ) ;
#307 = UNCERTAINTY_MEASURE_WITH_UNIT (LENGTH_MEASURE( 1.000000000000000082E-05 ), #6513, 'distance_accuracy_value', 'NONE');
#308 = VECTOR ( 'NONE', #6050, 999.9999999999998863 ) ;
#309 = ORIENTED_EDGE ( 'NONE', *, *, #5607, .T. ) ;
#310 = PRESENTATION_LAYER_ASSIGNMENT (  '', '', ( #544 ) ) ;
#311 = CARTESIAN_POINT ( 'NONE',  ( 2.945000000000000284, -1.224999999999999867, 0.3300000000000000155 ) ) ;
#312 = DIRECTION ( 'NONE',  ( 0.000000000000000000, 0.000000000000000000, -1.000000000000000000 ) ) ;
#313 = CARTESIAN_POINT ( 'NONE',  ( -0.9650000000000000799, -2.189999999999999947, 0.000000000000000000 ) ) ;
#314 = SURFACE_STYLE_FILL_AREA ( #3001 ) ;
#315 = FILL_AREA_STYLE ('',( #3041 ) ) ;
#316 =( NAMED_UNIT ( * ) PLANE_ANGLE_UNIT ( ) SI_UNIT ( $, .RADIAN. ) );
#317 = MECHANICAL_DESIGN_GEOMETRIC_PRESENTATION_REPRESENTATION (  '', ( #3071 ), #1359 ) ;
#318 = VECTOR ( 'NONE', #3780, 1000.000000000000000 ) ;
#319 = ORIENTED_EDGE ( 'NONE', *, *, #516, .F. ) ;
#320 = CARTESIAN_POINT ( 'NONE',  ( 2.465000000000000302, 0.4049999999999999711, 0.000000000000000000 ) ) ;
#321 =( GEOMETRIC_REPRESENTATION_CONTEXT ( 3 ) GLOBAL_UNCERTAINTY_ASSIGNED_CONTEXT ( ( #3306 ) ) GLOBAL_UNIT_ASSIGNED_CONTEXT ( ( #1666, #2847, #2775 ) ) REPRESENTATION_CONTEXT ( 'NONE', 'WORKASPACE' ) );
#322 = LINE ( 'NONE', #4734, #5344 ) ;
#323 = ORIENTED_EDGE ( 'NONE', *, *, #4072, .F. ) ;
#324 = CARTESIAN_POINT ( 'NONE',  ( 2.895000000000000018, 1.675000000000000044, 0.000000000000000000 ) ) ;
#325 = DIRECTION ( 'NONE',  ( 0.7071067811865474617, -0.7071067811865474617, 0.000000000000000000 ) ) ;
#326 = VECTOR ( 'NONE', #5537, 1000.000000000000000 ) ;
#327 = PRESENTATION_LAYER_ASSIGNMENT (  '', '', ( #6672 ) ) ;
#328 = ORIENTED_EDGE ( 'NONE', *, *, #5129, .F. ) ;
#329 = ORIENTED_EDGE ( 'NONE', *, *, #4507, .T. ) ;
#330 = CARTESIAN_POINT ( 'NONE',  ( 2.465000000000000302, -1.879999999999999893, 0.000000000000000000 ) ) ;
#331 = ORIENTED_EDGE ( 'NONE', *, *, #2699, .T. ) ;
#332 = LINE ( 'NONE', #6941, #1165 ) ;
#333 = FACE_OUTER_BOUND ( 'NONE', #3308, .T. ) ;
#334 = CARTESIAN_POINT ( 'NONE',  ( 2.945000000000000284, -0.8149999999999999467, 0.000000000000000000 ) ) ;
#335 = ADVANCED_FACE ( 'NONE', ( #5534 ), #677, .T. ) ;
#336 = PLANE ( 'NONE',  #201 ) ;
#337 = EDGE_CURVE ( 'NONE', #1416, #4378, #639, .T. ) ;
#338 = EDGE_CURVE ( 'NONE', #4236, #5231, #1724, .T. ) ;
#339 = ORIENTED_EDGE ( 'NONE', *, *, #6342, .F. ) ;
#340 = ORIENTED_EDGE ( 'NONE', *, *, #5038, .F. ) ;
#341 = FACE_OUTER_BOUND ( 'NONE', #5987, .T. ) ;
#342 = ORIENTED_EDGE ( 'NONE', *, *, #4282, .T. ) ;
#343 = DIRECTION ( 'NONE',  ( -0.000000000000000000, 1.000000000000000000, 0.000000000000000000 ) ) ;
#344 = DIRECTION ( 'NONE',  ( -0.000000000000000000, 1.000000000000000000, 0.000000000000000000 ) ) ;
#345 = APPLICATION_PROTOCOL_DEFINITION ( 'draft international standard', 'automotive_design', 1998, #4542 ) ;
#346 = ADVANCED_FACE ( 'NONE', ( #1114 ), #4405, .F. ) ;
#347 = LINE ( 'NONE', #1991, #2492 ) ;
#348 = MANIFOLD_SOLID_BREP ( 'Trans_Vishay_SIR696DP-T1-GE3_eec.STEP<1>[1]', #6218 ) ;
#349 = AXIS2_PLACEMENT_3D ( 'NONE', #4980, #2864, #54 ) ;
#350 = EDGE_LOOP ( 'NONE', ( #4738, #5515, #4210, #2684 ) ) ;
#351 = VERTEX_POINT ( 'NONE', #6926 ) ;
#352 = DIRECTION ( 'NONE',  ( 0.000000000000000000, 0.000000000000000000, 1.000000000000000000 ) ) ;
#353 = DIRECTION ( 'NONE',  ( 0.000000000000000000, 0.000000000000000000, 1.000000000000000000 ) ) ;
#354 = DIRECTION ( 'NONE',  ( -0.7071067811865441310, 0.7071067811865510144, 0.000000000000000000 ) ) ;
#355 = DIRECTION ( 'NONE',  ( 0.000000000000000000, 0.000000000000000000, 1.000000000000000000 ) ) ;
#356 = CARTESIAN_POINT ( 'NONE',  ( 2.945000000000000284, 2.034999999999999698, 0.000000000000000000 ) ) ;
#357 = SURFACE_STYLE_FILL_AREA ( #6392 ) ;
#358 = AXIS2_PLACEMENT_3D ( 'NONE', #5304, #3604, #417 ) ;
#359 = VERTEX_POINT ( 'NONE', #4685 ) ;
#360 =( NAMED_UNIT ( * ) PLANE_ANGLE_UNIT ( ) SI_UNIT ( $, .RADIAN. ) );
#361 = MECHANICAL_DESIGN_GEOMETRIC_PRESENTATION_REPRESENTATION (  '', ( #236 ), #1513 ) ;
#362 = CARTESIAN_POINT ( 'NONE',  ( 2.945000000000000284, -0.5050000000000000044, 0.000000000000000000 ) ) ;
#363 = ORIENTED_EDGE ( 'NONE', *, *, #6052, .T. ) ;
#364 = FACE_OUTER_BOUND ( 'NONE', #5180, .T. ) ;
#365 = DIRECTION ( 'NONE',  ( 0.000000000000000000, -1.000000000000000000, 0.000000000000000000 ) ) ;
#366 = SHAPE_REPRESENTATION ( 'Vishay SIR186DP-T1-RE3 2.STEP', ( #2862 ), #4807 ) ;
#367 = ORIENTED_EDGE ( 'NONE', *, *, #6026, .F. ) ;
#368 = ORIENTED_EDGE ( 'NONE', *, *, #4202, .T. ) ;
#369 = ORIENTED_EDGE ( 'NONE', *, *, #695, .T. ) ;
#370 = SURFACE_STYLE_FILL_AREA ( #5911 ) ;
#371 = CARTESIAN_POINT ( 'NONE',  ( -2.945000000000000284, -2.084999999999999964, 0.3300000000000000155 ) ) ;
#372 =( LENGTH_UNIT ( ) NAMED_UNIT ( * ) SI_UNIT ( .MILLI., .METRE. ) );
#373 = PRODUCT_DEFINITION_SHAPE ( 'NONE', 'NONE',  #7154 ) ;
#374 = EDGE_CURVE ( 'NONE', #5476, #998, #5986, .T. ) ;
#375 = VERTEX_POINT ( 'NONE', #4010 ) ;
#376 = EDGE_LOOP ( 'NONE', ( #2767, #2600, #4862, #2945 ) ) ;
#377 = LINE ( 'NONE', #2559, #1414 ) ;
#378 = VECTOR ( 'NONE', #1624, 1000.000000000000000 ) ;
#379 = CARTESIAN_POINT ( 'NONE',  ( -2.465000000000000302, 2.084999999999999964, 0.000000000000000000 ) ) ;
#380 = DIRECTION ( 'NONE',  ( 1.000000000000000000, 0.000000000000000000, 0.000000000000000000 ) ) ;
#381 = EDGE_CURVE ( 'NONE', #5917, #3656, #4582, .T. ) ;
#382 = CONTEXT_DEPENDENT_SHAPE_REPRESENTATION ( #5284, #373 ) ;
#383 = CARTESIAN_POINT ( 'NONE',  ( 1.765000000000000124, -0.5950000000000000844, 0.000000000000000000 ) ) ;
#384 = ORIENTED_EDGE ( 'NONE', *, *, #5747, .F. ) ;
#385 =( GEOMETRIC_REPRESENTATION_CONTEXT ( 3 ) GLOBAL_UNCERTAINTY_ASSIGNED_CONTEXT ( ( #6523 ) ) GLOBAL_UNIT_ASSIGNED_CONTEXT ( ( #6816, #2995, #2348 ) ) REPRESENTATION_CONTEXT ( 'NONE', 'WORKASPACE' ) );
#386 = EDGE_CURVE ( 'NONE', #5136, #4783, #6348, .T. ) ;
#387 = VERTEX_POINT ( 'NONE', #3503 ) ;
#388 = EDGE_LOOP ( 'NONE', ( #727, #7085, #1272, #4960, #98, #6761 ) ) ;
#389 = LINE ( 'NONE', #4647, #5736 ) ;
#390 = EDGE_CURVE ( 'NONE', #6189, #3631, #3464, .T. ) ;
#391 = FACE_BOUND ( 'NONE', #4950, .T. ) ;
#392 = AXIS2_PLACEMENT_3D ( 'NONE', #5856, #2092, #5338 ) ;
#393 = CARTESIAN_POINT ( 'NONE',  ( -2.465000000000000302, 0.4049999999999999711, 0.3300000000000000155 ) ) ;
#394 = EDGE_CURVE ( 'NONE', #3629, #6859, #3432, .T. ) ;
#395 = DIRECTION ( 'NONE',  ( 0.000000000000000000, -1.000000000000000000, 0.000000000000000000 ) ) ;
#396 = PRESENTATION_LAYER_ASSIGNMENT (  '', '', ( #2322 ) ) ;
#397 = SURFACE_SIDE_STYLE ('',( #4225 ) ) ;
#398 =( NAMED_UNIT ( * ) SI_UNIT ( $, .STERADIAN. ) SOLID_ANGLE_UNIT ( ) );
#399 = VECTOR ( 'NONE', #6477, 999.9999999999998863 ) ;
#400 = ORIENTED_EDGE ( 'NONE', *, *, #2974, .T. ) ;
#401 = CARTESIAN_POINT ( 'NONE',  ( -2.465000000000000302, -0.8649999999999999911, 0.000000000000000000 ) ) ;
#402 = FILL_AREA_STYLE ('',( #3116 ) ) ;
#403 = DIRECTION ( 'NONE',  ( -1.000000000000000000, 0.000000000000000000, 0.000000000000000000 ) ) ;
#405 = LINE ( 'NONE', #2510, #506 ) ;
#404 = AXIS2_PLACEMENT_3D ( 'NONE', #4926, #1664, #1699 ) ;
#406 = VECTOR ( 'NONE', #4490, 1000.000000000000000 ) ;
#407 = ORIENTED_EDGE ( 'NONE', *, *, #146, .T. ) ;
#408 = FACE_OUTER_BOUND ( 'NONE', #2708, .T. ) ;
#409 = ORIENTED_EDGE ( 'NONE', *, *, #2037, .F. ) ;
#410 = FACE_OUTER_BOUND ( 'NONE', #5428, .T. ) ;
#411 = FILL_AREA_STYLE_COLOUR ( '', #6077 ) ;
#412 = MECHANICAL_DESIGN_GEOMETRIC_PRESENTATION_REPRESENTATION (  '', ( #4990 ), #4304 ) ;
#413 = ORIENTED_EDGE ( 'NONE', *, *, #4854, .T. ) ;
#414 = EDGE_LOOP ( 'NONE', ( #4387, #3378, #4093, #684 ) ) ;
#416 = CARTESIAN_POINT ( 'NONE',  ( 2.945000000000000284, -2.084999999999999964, 0.000000000000000000 ) ) ;
#415 = COLOUR_RGB ( '',0.2862745098039215508, 0.2862745098039215508, 0.2862745098039215508 ) ;
#417 = DIRECTION ( 'NONE',  ( 0.000000000000000000, 0.000000000000000000, -1.000000000000000000 ) ) ;
#418 = FILL_AREA_STYLE_COLOUR ( '', #4103 ) ;
#419 = DIRECTION ( 'NONE',  ( -0.7071067811865400232, 0.7071067811865550112, 0.000000000000000000 ) ) ;
#420 = EDGE_CURVE ( 'NONE', #3069, #587, #238, .T. ) ;
#421 = STYLED_ITEM ( 'NONE', ( #4997 ), #4551 ) ;
#422 = VERTEX_POINT ( 'NONE', #1323 ) ;
#423 = ORIENTED_EDGE ( 'NONE', *, *, #5651, .F. ) ;
#424 = DIRECTION ( 'NONE',  ( 1.000000000000000000, 0.000000000000000000, 0.000000000000000000 ) ) ;
#425 = DIRECTION ( 'NONE',  ( -0.1039620511844979861, 0.1039620511844979861, -0.9891328443778538704 ) ) ;
#426 = CIRCLE ( 'NONE', #5708, 0.2182106758090371357 ) ;
#427 = CARTESIAN_POINT ( 'NONE',  ( -2.945000000000000284, -1.775000000000000133, 0.3300000000000000155 ) ) ;
#428 = DIRECTION ( 'NONE',  ( 1.907599698668650031E-16, 1.000000000000000000, 0.000000000000000000 ) ) ;
#429 = FILL_AREA_STYLE_COLOUR ( '', #1012 ) ;
#430 = DIRECTION ( 'NONE',  ( 1.000000000000000000, 0.000000000000000000, 0.000000000000000000 ) ) ;
#431 = EDGE_CURVE ( 'NONE', #3318, #6002, #863, .T. ) ;
#432 = EDGE_CURVE ( 'NONE', #4790, #4029, #2426, .T. ) ;
#433 = EDGE_CURVE ( 'NONE', #5925, #4815, #4079, .T. ) ;
#434 = LINE ( 'NONE', #4520, #2062 ) ;
#435 = DIRECTION ( 'NONE',  ( 0.000000000000000000, 0.000000000000000000, 1.000000000000000000 ) ) ;
#436 = STYLED_ITEM ( 'NONE', ( #5389 ), #6246 ) ;
#437 = MECHANICAL_DESIGN_GEOMETRIC_PRESENTATION_REPRESENTATION (  '', ( #1688 ), #5248 ) ;
#438 =( NAMED_UNIT ( * ) SI_UNIT ( $, .STERADIAN. ) SOLID_ANGLE_UNIT ( ) );
#439 = EDGE_CURVE ( 'NONE', #5487, #726, #3541, .T. ) ;
#440 = STYLED_ITEM ( 'NONE', ( #1778 ), #6603 ) ;
#441 = VECTOR ( 'NONE', #958, 1000.000000000000000 ) ;
#442 = ORIENTED_EDGE ( 'NONE', *, *, #2012, .T. ) ;
#443 = EDGE_LOOP ( 'NONE', ( #1349, #3590, #5048, #970 ) ) ;
#444 = PLANE ( 'NONE',  #4865 ) ;
#445 = ORIENTED_EDGE ( 'NONE', *, *, #2825, .T. ) ;
#446 = DIRECTION ( 'NONE',  ( -2.176907891421880063E-15, -1.000000000000000000, 0.000000000000000000 ) ) ;
#447 = CARTESIAN_POINT ( 'NONE',  ( -0.9650000000000000799, 2.189999999999999947, 0.3300000000000000155 ) ) ;
#448 = CARTESIAN_POINT ( 'NONE',  ( 2.465000000000000302, 1.879999999999999893, 0.000000000000000000 ) ) ;
#449 = LINE ( 'NONE', #484, #5488 ) ;
#450 = VECTOR ( 'NONE', #681, 1000.000000000000000 ) ;
#451 = COLOUR_RGB ( '',0.2862745098039215508, 0.2862745098039215508, 0.2862745098039215508 ) ;
#452 = EDGE_LOOP ( 'NONE', ( #2475, #4526, #6198, #4654, #805, #5103, #3284, #6509, #4158, #6414, #5686, #4759, #2407, #1417, #5214, #4694, #3457, #6462, #5731, #756, #2024, #4320, #6335, #5242, #6161, #5725, #5843, #3340, #5177, #1200, #5173, #3955, #1143, #1627, #1494, #6463, #5710, #6044, #4415, #6605, #5884, #1175, #80, #81, #3133, #2259, #6976, #2487, #4930, #3894, #2371, #174 ) ) ;
#453 = VECTOR ( 'NONE', #1851, 1000.000000000000000 ) ;
#454 = DIRECTION ( 'NONE',  ( 0.000000000000000000, 0.000000000000000000, -1.000000000000000000 ) ) ;
#455 =( NAMED_UNIT ( * ) PLANE_ANGLE_UNIT ( ) SI_UNIT ( $, .RADIAN. ) );
#456 = DIRECTION ( 'NONE',  ( 1.000000000000000000, 0.000000000000000000, 0.000000000000000000 ) ) ;
#457 = LINE ( 'NONE', #1034, #3237 ) ;
#458 = DIRECTION ( 'NONE',  ( -1.000000000000000000, 4.550094363217860219E-16, 0.000000000000000000 ) ) ;
#459 = ORIENTED_EDGE ( 'NONE', *, *, #7144, .F. ) ;
#460 = ORIENTED_EDGE ( 'NONE', *, *, #6779, .F. ) ;
#461 = CARTESIAN_POINT ( 'NONE',  ( -2.895000000000000018, 2.084999999999999964, 0.3300000000000000155 ) ) ;
#462 = FACE_OUTER_BOUND ( 'NONE', #613, .T. ) ;
#463 = STYLED_ITEM ( 'NONE', ( #4055 ), #164 ) ;
#464 = CARTESIAN_POINT ( 'NONE',  ( -0.9650000000000000799, 2.189999999999999947, 0.000000000000000000 ) ) ;
#465 =( LENGTH_UNIT ( ) NAMED_UNIT ( * ) SI_UNIT ( .MILLI., .METRE. ) );
#466 = DIRECTION ( 'NONE',  ( 0.000000000000000000, 1.000000000000000000, 0.000000000000000000 ) ) ;
#467 = MECHANICAL_DESIGN_GEOMETRIC_PRESENTATION_REPRESENTATION (  '', ( #5512 ), #229 ) ;
#468 = ADVANCED_FACE ( 'NONE', ( #5752 ), #2353, .F. ) ;
#469 = SURFACE_STYLE_FILL_AREA ( #6398 ) ;
#470 = CARTESIAN_POINT ( 'NONE',  ( 2.757742740085070032, 1.879999999999999893, 0.000000000000000000 ) ) ;
#471 = DIRECTION ( 'NONE',  ( 0.000000000000000000, 0.000000000000000000, 1.000000000000000000 ) ) ;
#472 = PLANE ( 'NONE',  #7129 ) ;
#474 = AXIS2_PLACEMENT_3D ( 'NONE', #194, #5226, #5741 ) ;
#473 = FACE_OUTER_BOUND ( 'NONE', #3046, .T. ) ;
#475 = DIRECTION ( 'NONE',  ( 0.000000000000000000, 0.000000000000000000, -1.000000000000000000 ) ) ;
#476 = EDGE_CURVE ( 'NONE', #4123, #5700, #1003, .T. ) ;
#477 = COLOUR_RGB ( '',0.2862745098039215508, 0.2862745098039215508, 0.2862745098039215508 ) ;
#478 = ADVANCED_FACE ( 'NONE', ( #6992 ), #3173, .T. ) ;
#479 = ORIENTED_EDGE ( 'NONE', *, *, #6026, .T. ) ;
#480 = DIRECTION ( 'NONE',  ( 0.000000000000000000, 0.000000000000000000, 1.000000000000000000 ) ) ;
#481 = VERTEX_POINT ( 'NONE', #4834 ) ;
#482 = CARTESIAN_POINT ( 'NONE',  ( -2.945000000000000284, -0.8149999999999999467, 0.3300000000000000155 ) ) ;
#483 = CARTESIAN_POINT ( 'NONE',  ( 0.5799999999999999600, 2.423826859021799951, 0.3800000000000000044 ) ) ;
#484 = CARTESIAN_POINT ( 'NONE',  ( -2.945000000000000284, -0.5050000000000000044, 0.000000000000000000 ) ) ;
#485 = ORIENTED_EDGE ( 'NONE', *, *, #381, .T. ) ;
#486 = ORIENTED_EDGE ( 'NONE', *, *, #2757, .F. ) ;
#487 = DIRECTION ( 'NONE',  ( 0.000000000000000000, 0.000000000000000000, 1.000000000000000000 ) ) ;
#488 = LINE ( 'NONE', #5374, #5660 ) ;
#489 = CARTESIAN_POINT ( 'NONE',  ( 3.075000000000000178, -0.5050000000000000044, 0.000000000000000000 ) ) ;
#490 = ORIENTED_EDGE ( 'NONE', *, *, #68, .T. ) ;
#491 = AXIS2_PLACEMENT_3D ( 'NONE', #7062, #6501, #5352 ) ;
#492 = ORIENTED_EDGE ( 'NONE', *, *, #476, .F. ) ;
#493 = ORIENTED_EDGE ( 'NONE', *, *, #555, .T. ) ;
#494 = CARTESIAN_POINT ( 'NONE',  ( 3.075000000000000178, 2.034999999999999698, 0.3800000000000000044 ) ) ;
#495 = LINE ( 'NONE', #1071, #7094 ) ;
#496 = LINE ( 'NONE', #5383, #6716 ) ;
#497 = CARTESIAN_POINT ( 'NONE',  ( 0.000000000000000000, -2.893885316736099471E-16, 0.000000000000000000 ) ) ;
#498 = DIRECTION ( 'NONE',  ( 0.000000000000000000, 0.000000000000000000, 1.000000000000000000 ) ) ;
#499 = VECTOR ( 'NONE', #6120, 1000.000000000000000 ) ;
#500 = VECTOR ( 'NONE', #5006, 1000.000000000000114 ) ;
#501 = DIRECTION ( 'NONE',  ( 0.000000000000000000, 1.000000000000000000, 0.000000000000000000 ) ) ;
#502 = DIRECTION ( 'NONE',  ( 0.000000000000000000, 0.000000000000000000, 1.000000000000000000 ) ) ;
#503 = CARTESIAN_POINT ( 'NONE',  ( 3.075000000000000178, 0.7649999999999999023, 0.000000000000000000 ) ) ;
#504 = DIRECTION ( 'NONE',  ( 0.000000000000000000, 0.000000000000000000, 1.000000000000000000 ) ) ;
#505 = LINE ( 'NONE', #5572, #1676 ) ;
#506 = VECTOR ( 'NONE', #2583, 1000.000000000000114 ) ;
#507 = EDGE_CURVE ( 'NONE', #4630, #6839, #1465, .T. ) ;
#508 = ORIENTED_EDGE ( 'NONE', *, *, #4026, .T. ) ;
#509 = CARTESIAN_POINT ( 'NONE',  ( -2.945000000000000284, 2.034999999999999698, 0.3800000000000000044 ) ) ;
#510 =( GEOMETRIC_REPRESENTATION_CONTEXT ( 3 ) GLOBAL_UNCERTAINTY_ASSIGNED_CONTEXT ( ( #6809 ) ) GLOBAL_UNIT_ASSIGNED_CONTEXT ( ( #1821, #6170, #5167 ) ) REPRESENTATION_CONTEXT ( 'NONE', 'WORKASPACE' ) );
#511 = EDGE_LOOP ( 'NONE', ( #4219, #6152, #6496, #3821 ) ) ;
#512 = CARTESIAN_POINT ( 'NONE',  ( -3.075000000000000178, -0.8149999999999999467, 0.3800000000000000044 ) ) ;
#513 = FACE_OUTER_BOUND ( 'NONE', #3803, .T. ) ;
#514 = LINE ( 'NONE', #1092, #3138 ) ;
#515 = UNCERTAINTY_MEASURE_WITH_UNIT (LENGTH_MEASURE( 1.000000000000000082E-05 ), #2711, 'distance_accuracy_value', 'NONE');
#516 = EDGE_CURVE ( 'NONE', #1456, #582, #2605, .T. ) ;
#517 = VECTOR ( 'NONE', #1841, 1000.000000000000000 ) ;
#518 = ADVANCED_FACE ( 'NONE', ( #5861 ), #6530, .T. ) ;
#519 = ADVANCED_FACE ( 'NONE', ( #5313 ), #2571, .T. ) ;
#520 = ORIENTED_EDGE ( 'NONE', *, *, #5213, .F. ) ;
#521 = ORIENTED_EDGE ( 'NONE', *, *, #736, .F. ) ;
#522 = DIRECTION ( 'NONE',  ( 0.8660254037844390407, -0.4999999999999995004, 0.000000000000000000 ) ) ;
#523 =( NAMED_UNIT ( * ) PLANE_ANGLE_UNIT ( ) SI_UNIT ( $, .RADIAN. ) );
#524 = DIRECTION ( 'NONE',  ( 0.000000000000000000, 0.000000000000000000, 1.000000000000000000 ) ) ;
#525 = VECTOR ( 'NONE', #3769, 999.9999999999998863 ) ;
#526 = CARTESIAN_POINT ( 'NONE',  ( -2.945000000000000284, 1.224999999999999867, 0.3300000000000040123 ) ) ;
#527 = CARTESIAN_POINT ( 'NONE',  ( 2.465000000000000302, 0.8149999999999999467, 0.3300000000000000155 ) ) ;
#528 = UNCERTAINTY_MEASURE_WITH_UNIT (LENGTH_MEASURE( 1.000000000000000082E-05 ), #3898, 'distance_accuracy_value', 'NONE');
#529 = VECTOR ( 'NONE', #4259, 1000.000000000000000 ) ;
#530 = ORIENTED_EDGE ( 'NONE', *, *, #2532, .F. ) ;
#531 = VERTEX_POINT ( 'NONE', #5894 ) ;
#532 = DIRECTION ( 'NONE',  ( 0.000000000000000000, 1.000000000000000000, 0.000000000000000000 ) ) ;
#533 = PLANE ( 'NONE',  #5826 ) ;
#534 = SURFACE_STYLE_FILL_AREA ( #3250 ) ;
#535 = STYLED_ITEM ( 'NONE', ( #1451 ), #4465 ) ;
#536 = AXIS2_PLACEMENT_3D ( 'NONE', #5325, #5243, #4776 ) ;
#537 = ORIENTED_EDGE ( 'NONE', *, *, #774, .F. ) ;
#538 = CARTESIAN_POINT ( 'NONE',  ( 2.945000000000000284, 2.449999999999999734, 0.000000000000000000 ) ) ;
#539 = DIRECTION ( 'NONE',  ( 0.000000000000000000, 1.000000000000000000, 0.000000000000000000 ) ) ;
#540 = LINE ( 'NONE', #6540, #1667 ) ;
#541 = LINE ( 'NONE', #7150, #6792 ) ;
#542 = FACE_OUTER_BOUND ( 'NONE', #5514, .T. ) ;
#543 = CARTESIAN_POINT ( 'NONE',  ( 0.8299999999999999600, -2.423826859021799951, 0.000000000000000000 ) ) ;
#544 = STYLED_ITEM ( 'NONE', ( #714 ), #5000 ) ;
#545 = ORIENTED_EDGE ( 'NONE', *, *, #6244, .F. ) ;
#547 =( NAMED_UNIT ( * ) PLANE_ANGLE_UNIT ( ) SI_UNIT ( $, .RADIAN. ) );
#546 = VECTOR ( 'NONE', #5196, 1000.000000000000000 ) ;
#548 = VERTEX_POINT ( 'NONE', #5349 ) ;
#549 = DIRECTION ( 'NONE',  ( 0.000000000000000000, -1.000000000000000000, 0.000000000000000000 ) ) ;
#550 = DIRECTION ( 'NONE',  ( 0.000000000000000000, 1.000000000000000000, 0.000000000000000000 ) ) ;
#551 = PRODUCT ( 'Trans_Vishay_SIR696DP-T1-GE3_eec.STEP', 'Trans_Vishay_SIR696DP-T1-GE3_eec.STEP', '', ( #5744 ) ) ;
#552 = ORIENTED_EDGE ( 'NONE', *, *, #923, .T. ) ;
#553 = ORIENTED_EDGE ( 'NONE', *, *, #5690, .T. ) ;
#554 = DIRECTION ( 'NONE',  ( 0.000000000000000000, 0.000000000000000000, 1.000000000000000000 ) ) ;
#555 = EDGE_CURVE ( 'NONE', #3371, #4249, #4723, .T. ) ;
#556 = PRESENTATION_LAYER_ASSIGNMENT (  '', '', ( #922 ) ) ;
#557 = PLANE ( 'NONE',  #1197 ) ;
#558 = DIRECTION ( 'NONE',  ( 0.000000000000000000, -1.000000000000000000, 0.000000000000000000 ) ) ;
#559 = EDGE_CURVE ( 'NONE', #3961, #1970, #3752, .T. ) ;
#560 = EDGE_CURVE ( 'NONE', #3600, #1, #6958, .T. ) ;
#561 = ORIENTED_EDGE ( 'NONE', *, *, #6207, .F. ) ;
#562 = VECTOR ( 'NONE', #5598, 1000.000000000000000 ) ;
#563 = ORIENTED_EDGE ( 'NONE', *, *, #1705, .F. ) ;
#564 = VERTEX_POINT ( 'NONE', #1539 ) ;
#565 = DIRECTION ( 'NONE',  ( -1.000000000000000000, 0.000000000000000000, 0.000000000000000000 ) ) ;
#566 = EDGE_CURVE ( 'NONE', #3864, #294, #5967, .T. ) ;
#567 = CARTESIAN_POINT ( 'NONE',  ( -0.5799999999999999600, -2.575000000000000178, 0.000000000000000000 ) ) ;
#568 = DIRECTION ( 'NONE',  ( 0.000000000000000000, 0.000000000000000000, 1.000000000000000000 ) ) ;
#569 = CARTESIAN_POINT ( 'NONE',  ( 2.069999999999999840, -0.4200000000000000400, 0.000000000000000000 ) ) ;
#570 = PLANE ( 'NONE',  #5503 ) ;
#571 = DIRECTION ( 'NONE',  ( 1.000000000000000000, 0.000000000000000000, 0.000000000000000000 ) ) ;
#572 = AXIS2_PLACEMENT_3D ( 'NONE', #401, #3183, #501 ) ;
#573 = ORIENTED_EDGE ( 'NONE', *, *, #1216, .T. ) ;
#574 =( NAMED_UNIT ( * ) SI_UNIT ( $, .STERADIAN. ) SOLID_ANGLE_UNIT ( ) );
#575 =( NAMED_UNIT ( * ) PLANE_ANGLE_UNIT ( ) SI_UNIT ( $, .RADIAN. ) );
#576 = DIRECTION ( 'NONE',  ( 0.000000000000000000, -1.000000000000000000, 0.000000000000000000 ) ) ;
#577 = LINE ( 'NONE', #2762, #4085 ) ;
#578 = DIRECTION ( 'NONE',  ( 1.000000000000000000, 0.000000000000000000, 0.000000000000000000 ) ) ;
#579 = AXIS2_PLACEMENT_3D ( 'NONE', #2141, #6573, #1614 ) ;
#580 = ORIENTED_EDGE ( 'NONE', *, *, #2002, .F. ) ;
#581 = COLOUR_RGB ( '',0.2862745098039215508, 0.2862745098039215508, 0.2862745098039215508 ) ;
#582 = VERTEX_POINT ( 'NONE', #5416 ) ;
#583 = LINE ( 'NONE', #31, #1205 ) ;
#584 = PRESENTATION_STYLE_ASSIGNMENT (( #2153 ) ) ;
#585 = UNCERTAINTY_MEASURE_WITH_UNIT (LENGTH_MEASURE( 1.000000000000000082E-05 ), #5007, 'distance_accuracy_value', 'NONE');
#586 = COLOUR_RGB ( '',0.2862745098039215508, 0.2862745098039215508, 0.2862745098039215508 ) ;
#587 = VERTEX_POINT ( 'NONE', #494 ) ;
#588 = ORIENTED_EDGE ( 'NONE', *, *, #6291, .F. ) ;
#589 = DIRECTION ( 'NONE',  ( -4.252870457233460798E-15, 1.000000000000000000, 0.000000000000000000 ) ) ;
#590 =( LENGTH_UNIT ( ) NAMED_UNIT ( * ) SI_UNIT ( .MILLI., .METRE. ) );
#591 = CARTESIAN_POINT ( 'NONE',  ( 0.4449999999999999512, 1.879999999999999893, 0.3800000000000000044 ) ) ;
#592 = FACE_OUTER_BOUND ( 'NONE', #3224, .T. ) ;
#593 = EDGE_CURVE ( 'NONE', #953, #5030, #7097, .T. ) ;
#594 = ORIENTED_EDGE ( 'NONE', *, *, #4421, .F. ) ;
#595 = ORIENTED_EDGE ( 'NONE', *, *, #2435, .T. ) ;
#596 = EDGE_CURVE ( 'NONE', #6771, #6323, #5277, .T. ) ;
#597 = PRESENTATION_STYLE_ASSIGNMENT (( #118 ) ) ;
#598 = DIRECTION ( 'NONE',  ( 4.510281037539690557E-15, 1.000000000000000000, 0.000000000000000000 ) ) ;
#599 = DIRECTION ( 'NONE',  ( 0.7071067811865474617, 0.7071067811865474617, 0.000000000000000000 ) ) ;
#600 = EDGE_CURVE ( 'NONE', #3702, #4970, #6599, .T. ) ;
#601 = ORIENTED_EDGE ( 'NONE', *, *, #7005, .T. ) ;
#602 = EDGE_CURVE ( 'NONE', #1944, #3961, #3786, .T. ) ;
#603 = ADVANCED_FACE ( 'NONE', ( #4397 ), #6667, .T. ) ;
#604 = CARTESIAN_POINT ( 'NONE',  ( 3.075000000000000178, 0.4550000000000000155, 0.000000000000000000 ) ) ;
#605 = CARTESIAN_POINT ( 'NONE',  ( -0.5799999999999999600, 2.423826859021799951, 0.3300000000000000155 ) ) ;
#606 = AXIS2_PLACEMENT_3D ( 'NONE', #1195, #3374, #5070 ) ;
#607 = CARTESIAN_POINT ( 'NONE',  ( 1.195000000000000062, 1.989999999999999991, 0.000000000000000000 ) ) ;
#608 = CARTESIAN_POINT ( 'NONE',  ( 2.945000000000000284, -0.8149999999999999467, 0.3800000000000000044 ) ) ;
#609 = DIRECTION ( 'NONE',  ( 0.7071067811865570096, -0.7071067811865380248, 0.000000000000000000 ) ) ;
#610 = PRODUCT ( 'SIR5607DP-T1-RE3', 'SIR5607DP-T1-RE3', '', ( #4754 ) ) ;
#611 = ORIENTED_EDGE ( 'NONE', *, *, #163, .T. ) ;
#612 = ORIENTED_EDGE ( 'NONE', *, *, #4230, .F. ) ;
#613 = EDGE_LOOP ( 'NONE', ( #6526, #3744, #131, #7052, #6115, #6932 ) ) ;
#614 = CARTESIAN_POINT ( 'NONE',  ( -2.945000000000000284, 2.034999999999999698, 0.3300000000000000155 ) ) ;
#615 = VERTEX_POINT ( 'NONE', #6116 ) ;
#616 = DIRECTION ( 'NONE',  ( 0.000000000000000000, -1.000000000000000000, 0.000000000000000000 ) ) ;
#617 = CARTESIAN_POINT ( 'NONE',  ( -2.465000000000000302, -1.724999999999999867, 0.000000000000000000 ) ) ;
#618 =( NAMED_UNIT ( * ) SI_UNIT ( $, .STERADIAN. ) SOLID_ANGLE_UNIT ( ) );
#619 = AXIS2_PLACEMENT_3D ( 'NONE', #5656, #3026, #1236 ) ;
#620 = VECTOR ( 'NONE', #5516, 999.9999999999998863 ) ;
#621 = MECHANICAL_DESIGN_GEOMETRIC_PRESENTATION_REPRESENTATION (  '', ( #1547 ), #4059 ) ;
#622 = ORIENTED_EDGE ( 'NONE', *, *, #1782, .F. ) ;
#623 = VERTEX_POINT ( 'NONE', #2857 ) ;
#624 = LINE ( 'NONE', #3886, #861 ) ;
#625 = CARTESIAN_POINT ( 'NONE',  ( -2.648310901698897268, 1.934733596112490073, 1.119900000000000118 ) ) ;
#626 = FACE_OUTER_BOUND ( 'NONE', #2950, .T. ) ;
#627 = LINE ( 'NONE', #3240, #5328 ) ;
#628 = DIRECTION ( 'NONE',  ( 0.000000000000000000, 0.000000000000000000, -1.000000000000000000 ) ) ;
#629 = SURFACE_SIDE_STYLE ('',( #6700 ) ) ;
#630 = ORIENTED_EDGE ( 'NONE', *, *, #1271, .F. ) ;
#631 = ORIENTED_EDGE ( 'NONE', *, *, #4242, .T. ) ;
#632 = DIRECTION ( 'NONE',  ( 0.000000000000000000, 0.000000000000000000, 1.000000000000000000 ) ) ;
#633 = DIRECTION ( 'NONE',  ( 0.7071067811865570096, -0.7071067811865380248, 0.000000000000000000 ) ) ;
#634 = LINE ( 'NONE', #5591, #5940 ) ;
#635 = DIRECTION ( 'NONE',  ( 1.000000000000000000, 0.000000000000000000, 0.000000000000000000 ) ) ;
#636 =( NAMED_UNIT ( * ) SI_UNIT ( $, .STERADIAN. ) SOLID_ANGLE_UNIT ( ) );
#637 = CARTESIAN_POINT ( 'NONE',  ( 2.895000000000000018, -2.135000000000000231, 0.3800000000000000044 ) ) ;
#638 = EDGE_LOOP ( 'NONE', ( #1940, #6288, #1306, #5294 ) ) ;
#639 = LINE ( 'NONE', #538, #6808 ) ;
#640 =( NAMED_UNIT ( * ) PLANE_ANGLE_UNIT ( ) SI_UNIT ( $, .RADIAN. ) );
#641 = VECTOR ( 'NONE', #4364, 1000.000000000000000 ) ;
#642 = EDGE_CURVE ( 'NONE', #872, #6665, #6004, .T. ) ;
#643 = DIRECTION ( 'NONE',  ( 1.000000000000000000, 0.000000000000000000, 0.000000000000000000 ) ) ;
#644 = CARTESIAN_POINT ( 'NONE',  ( -2.895000000000000018, -0.8649999999999999911, 0.3800000000000000044 ) ) ;
#645 = DIRECTION ( 'NONE',  ( 0.000000000000000000, 0.000000000000000000, 1.000000000000000000 ) ) ;
#646 = EDGE_CURVE ( 'NONE', #3855, #359, #4363, .T. ) ;
#647 = EDGE_CURVE ( 'NONE', #998, #5231, #1709, .T. ) ;
#648 = VERTEX_POINT ( 'NONE', #4435 ) ;
#649 = ORIENTED_EDGE ( 'NONE', *, *, #734, .F. ) ;
#650 = DIRECTION ( 'NONE',  ( -0.000000000000000000, 1.000000000000000000, 0.000000000000000000 ) ) ;
#651 = SURFACE_STYLE_USAGE ( .BOTH. , #5235 ) ;
#652 = EDGE_CURVE ( 'NONE', #2370, #4573, #2204, .T. ) ;
#653 =( NAMED_UNIT ( * ) SI_UNIT ( $, .STERADIAN. ) SOLID_ANGLE_UNIT ( ) );
#654 = VECTOR ( 'NONE', #2794, 1000.000000000000000 ) ;
#655 = CARTESIAN_POINT ( 'NONE',  ( 2.465000000000000302, 0.4049999999999999711, 0.000000000000000000 ) ) ;
#656 = UNCERTAINTY_MEASURE_WITH_UNIT (LENGTH_MEASURE( 1.000000000000000082E-05 ), #6586, 'distance_accuracy_value', 'NONE');
#657 = MECHANICAL_DESIGN_GEOMETRIC_PRESENTATION_REPRESENTATION (  '', ( #5948 ), #6545 ) ;
#658 = ORIENTED_EDGE ( 'NONE', *, *, #5796, .T. ) ;
#659 = VERTEX_POINT ( 'NONE', #4972 ) ;
#660 = CARTESIAN_POINT ( 'NONE',  ( -2.895000000000000018, 1.675000000000000044, 0.3800000000000000044 ) ) ;
#661 = FILL_AREA_STYLE ('',( #6872 ) ) ;
#662 = DIRECTION ( 'NONE',  ( -1.132880637372609972E-16, 1.000000000000000000, -1.077863926709489990E-15 ) ) ;
#663 = LINE ( 'NONE', #1769, #1360 ) ;
#664 = COLOUR_RGB ( '',0.2862745098039215508, 0.2862745098039215508, 0.2862745098039215508 ) ;
#665 = ORIENTED_EDGE ( 'NONE', *, *, #3805, .F. ) ;
#666 = PRESENTATION_LAYER_ASSIGNMENT (  '', '', ( #4669 ) ) ;
#667 = VERTEX_POINT ( 'NONE', #3896 ) ;
#668 = ORIENTED_EDGE ( 'NONE', *, *, #1524, .F. ) ;
#669 = DIRECTION ( 'NONE',  ( -1.132880637372609972E-16, 1.000000000000000000, -1.077863926709489990E-15 ) ) ;
#670 = CARTESIAN_POINT ( 'NONE',  ( 2.465000000000000302, -1.724999999999999867, 0.3800000000000000044 ) ) ;
#671 = LINE ( 'NONE', #4003, #1566 ) ;
#672 = LINE ( 'NONE', #5054, #5202 ) ;
#673 = FILL_AREA_STYLE ('',( #199 ) ) ;
#674 = VECTOR ( 'NONE', #777, 1000.000000000000000 ) ;
#675 = ORIENTED_EDGE ( 'NONE', *, *, #1044, .F. ) ;
#676 = VERTEX_POINT ( 'NONE', #5559 ) ;
#677 = PLANE ( 'NONE',  #349 ) ;
#678 = CARTESIAN_POINT ( 'NONE',  ( 2.465000000000000302, -2.135000000000000231, 0.3800000000000000044 ) ) ;
#679 = COLOUR_RGB ( '',0.2862745098039215508, 0.2862745098039215508, 0.2862745098039215508 ) ;
#680 = CARTESIAN_POINT ( 'NONE',  ( -0.8299999999999999600, -1.989999999999999991, 0.000000000000000000 ) ) ;
#681 = DIRECTION ( 'NONE',  ( -1.000000000000000000, 0.000000000000000000, 0.000000000000000000 ) ) ;
#682 = EDGE_CURVE ( 'NONE', #3724, #4887, #3350, .T. ) ;
#683 = ORIENTED_EDGE ( 'NONE', *, *, #2261, .T. ) ;
#684 = ORIENTED_EDGE ( 'NONE', *, *, #5090, .F. ) ;
#685 = CARTESIAN_POINT ( 'NONE',  ( -0.9650000000000000799, -1.989999999999999991, 0.3300000000000000155 ) ) ;
#686 =( LENGTH_UNIT ( ) NAMED_UNIT ( * ) SI_UNIT ( .MILLI., .METRE. ) );
#687 = EDGE_CURVE ( 'NONE', #4856, #5379, #6630, .T. ) ;
#689 =( GEOMETRIC_REPRESENTATION_CONTEXT ( 3 ) GLOBAL_UNCERTAINTY_ASSIGNED_CONTEXT ( ( #162 ) ) GLOBAL_UNIT_ASSIGNED_CONTEXT ( ( #5323, #6434, #1577 ) ) REPRESENTATION_CONTEXT ( 'NONE', 'WORKASPACE' ) );
#688 = SURFACE_STYLE_USAGE ( .BOTH. , #4655 ) ;
#690 = LINE ( 'NONE', #2405, #3251 ) ;
#691 = EDGE_CURVE ( 'NONE', #1273, #4379, #3285, .T. ) ;
#692 = VECTOR ( 'NONE', #2718, 1000.000000000000000 ) ;
#693 = EDGE_LOOP ( 'NONE', ( #5275, #2188, #588, #3099 ) ) ;
#694 = ORIENTED_EDGE ( 'NONE', *, *, #60, .F. ) ;
#695 = EDGE_CURVE ( 'NONE', #3234, #3475, #1745, .T. ) ;
#696 = FACE_OUTER_BOUND ( 'NONE', #4443, .T. ) ;
#697 = CARTESIAN_POINT ( 'NONE',  ( -3.075000000000000178, 1.724999999999999867, 0.000000000000000000 ) ) ;
#698 = CARTESIAN_POINT ( 'NONE',  ( 2.465000000000000302, -1.879999999999999893, 0.3300000000000000155 ) ) ;
#699 = AXIS2_PLACEMENT_3D ( 'NONE', #6706, #565, #2748 ) ;
#700 = DIRECTION ( 'NONE',  ( 0.000000000000000000, 0.000000000000000000, -1.000000000000000000 ) ) ;
#701 = UNCERTAINTY_MEASURE_WITH_UNIT (LENGTH_MEASURE( 1.000000000000000082E-05 ), #4598, 'distance_accuracy_value', 'NONE');
#702 = ORIENTED_EDGE ( 'NONE', *, *, #3709, .T. ) ;
#703 = ORIENTED_EDGE ( 'NONE', *, *, #3106, .F. ) ;
#704 = FILL_AREA_STYLE ('',( #193 ) ) ;
#705 = FACE_OUTER_BOUND ( 'NONE', #2014, .T. ) ;
#706 = CARTESIAN_POINT ( 'NONE',  ( 0.000000000000000000, -2.893885316736099471E-16, 0.000000000000000000 ) ) ;
#707 = PLANE ( 'NONE',  #1898 ) ;
#708 = LINE ( 'NONE', #1181, #5134 ) ;
#709 = ORIENTED_EDGE ( 'NONE', *, *, #2565, .F. ) ;
#710 = DIRECTION ( 'NONE',  ( 0.000000000000000000, 1.000000000000000000, 0.000000000000000000 ) ) ;
#711 = DIRECTION ( 'NONE',  ( 0.000000000000000000, 0.000000000000000000, -1.000000000000000000 ) ) ;
#712 = LINE ( 'NONE', #5895, #1104 ) ;
#713 = DIRECTION ( 'NONE',  ( 0.000000000000000000, 0.000000000000000000, 1.000000000000000000 ) ) ;
#714 = PRESENTATION_STYLE_ASSIGNMENT (( #4084 ) ) ;
#715 =( NAMED_UNIT ( * ) SI_UNIT ( $, .STERADIAN. ) SOLID_ANGLE_UNIT ( ) );
#716 = ORIENTED_EDGE ( 'NONE', *, *, #4977, .T. ) ;
#717 = EDGE_LOOP ( 'NONE', ( #220, #1293, #537, #3054, #6896, #1849 ) ) ;
#718 = STYLED_ITEM ( 'NONE', ( #6023 ), #1261 ) ;
#719 = LINE ( 'NONE', #5577, #1493 ) ;
#720 = PLANE ( 'NONE',  #992 ) ;
#721 = SURFACE_STYLE_USAGE ( .BOTH. , #1896 ) ;
#722 = LINE ( 'NONE', #3414, #859 ) ;
#723 = ADVANCED_FACE ( 'NONE', ( #4478 ), #3857, .T. ) ;
#724 = PRODUCT_DEFINITION_CONTEXT ( 'detailed design', #4542, 'design' ) ;
#725 = PRESENTATION_LAYER_ASSIGNMENT (  '', '', ( #1412 ) ) ;
#726 = VERTEX_POINT ( 'NONE', #46 ) ;
#727 = ORIENTED_EDGE ( 'NONE', *, *, #3412, .T. ) ;
#728 = DIRECTION ( 'NONE',  ( 0.000000000000000000, 0.000000000000000000, 1.000000000000000000 ) ) ;
#729 = VECTOR ( 'NONE', #1132, 1000.000000000000000 ) ;
#730 = PRESENTATION_LAYER_ASSIGNMENT (  '', '', ( #3244 ) ) ;
#731 = SURFACE_STYLE_FILL_AREA ( #661 ) ;
#732 = FILL_AREA_STYLE ('',( #6144 ) ) ;
#733 = DIRECTION ( 'NONE',  ( 0.000000000000000000, -1.000000000000000000, 0.000000000000000000 ) ) ;
#734 = EDGE_CURVE ( 'NONE', #7051, #4067, #3926, .T. ) ;
#735 = CARTESIAN_POINT ( 'NONE',  ( -0.4449999999999999512, 2.189999999999999947, 0.3300000000000000155 ) ) ;
#736 = EDGE_CURVE ( 'NONE', #3483, #4856, #3389, .T. ) ;
#737 = ADVANCED_FACE ( 'NONE', ( #6078 ), #5050, .F. ) ;
#738 = VECTOR ( 'NONE', #5178, 1000.000000000000114 ) ;
#739 = VERTEX_POINT ( 'NONE', #5087 ) ;
#740 = ORIENTED_EDGE ( 'NONE', *, *, #337, .F. ) ;
#741 = LINE ( 'NONE', #1916, #5143 ) ;
#742 = CARTESIAN_POINT ( 'NONE',  ( 2.895000000000000018, 2.084999999999999964, 0.3800000000000000044 ) ) ;
#743 = VECTOR ( 'NONE', #3236, 1000.000000000000114 ) ;
#744 = CARTESIAN_POINT ( 'NONE',  ( 0.8299999999999999600, 2.423826859021799951, 0.000000000000000000 ) ) ;
#745 = SHAPE_REPRESENTATION_RELATIONSHIP ( 'NONE' , 'NONE' ,  #123, #6582 ) ;
#746 = PRESENTATION_LAYER_ASSIGNMENT (  '', '', ( #2802 ) ) ;
#747 = EDGE_CURVE ( 'NONE', #6220, #4396, #3460, .T. ) ;
#748 = LINE ( 'NONE', #5633, #781 ) ;
#749 = AXIS2_PLACEMENT_3D ( 'NONE', #3732, #3157, #6939 ) ;
#750 = ORIENTED_EDGE ( 'NONE', *, *, #1908, .T. ) ;
#751 = SURFACE_STYLE_FILL_AREA ( #6854 ) ;
#752 = DIRECTION ( 'NONE',  ( -1.000000000000000000, 0.000000000000000000, 0.000000000000000000 ) ) ;
#753 = FACE_OUTER_BOUND ( 'NONE', #6498, .T. ) ;
#754 = CARTESIAN_POINT ( 'NONE',  ( -1.739999999999999991, -0.5700000000000089440, 0.000000000000000000 ) ) ;
#755 = SURFACE_STYLE_USAGE ( .BOTH. , #1931 ) ;
#756 = ORIENTED_EDGE ( 'NONE', *, *, #2388, .T. ) ;
#757 = ORIENTED_EDGE ( 'NONE', *, *, #1125, .T. ) ;
#758 = PLANE ( 'NONE',  #3377 ) ;
#759 = VERTEX_POINT ( 'NONE', #1917 ) ;
#760 = FILL_AREA_STYLE ('',( #6901 ) ) ;
#761 = CARTESIAN_POINT ( 'NONE',  ( -2.465000000000000302, -0.4550000000000000155, 0.3300000000000000155 ) ) ;
#762 = VECTOR ( 'NONE', #5402, 1000.000000000000000 ) ;
#763 = EDGE_LOOP ( 'NONE', ( #4086, #6278, #5779, #6219 ) ) ;
#764 = ORIENTED_EDGE ( 'NONE', *, *, #2217, .T. ) ;
#766 = PRESENTATION_STYLE_ASSIGNMENT (( #5688 ) ) ;
#765 = AXIS2_PLACEMENT_3D ( 'NONE', #6360, #1516, #2076 ) ;
#767 = ORIENTED_EDGE ( 'NONE', *, *, #4237, .T. ) ;
#768 = VERTEX_POINT ( 'NONE', #3498 ) ;
#769 = DIRECTION ( 'NONE',  ( -1.000000000000000000, -1.132880637372609972E-16, 0.000000000000000000 ) ) ;
#770 = LINE ( 'NONE', #2413, #1544 ) ;
#771 =( LENGTH_UNIT ( ) NAMED_UNIT ( * ) SI_UNIT ( .MILLI., .METRE. ) );
#772 = FACE_OUTER_BOUND ( 'NONE', #4284, .T. ) ;
#773 = COLOUR_RGB ( '',0.2862745098039215508, 0.2862745098039215508, 0.2862745098039215508 ) ;
#774 = EDGE_CURVE ( 'NONE', #1105, #531, #5122, .T. ) ;
#775 = ORIENTED_EDGE ( 'NONE', *, *, #6832, .F. ) ;
#776 = ORIENTED_EDGE ( 'NONE', *, *, #5396, .T. ) ;
#777 = DIRECTION ( 'NONE',  ( 1.000000000000000000, 0.000000000000000000, 0.000000000000000000 ) ) ;
#778 = LINE ( 'NONE', #2420, #5872 ) ;
#779 = CARTESIAN_POINT ( 'NONE',  ( 3.075000000000000178, -0.5050000000000000044, 0.000000000000000000 ) ) ;
#780 = VECTOR ( 'NONE', #7138, 1000.000000000000000 ) ;
#781 = VECTOR ( 'NONE', #234, 1000.000000000000000 ) ;
#782 = LINE ( 'NONE', #6378, #4732 ) ;
#783 = ADVANCED_FACE ( 'NONE', ( #705 ), #264, .T. ) ;
#784 = CARTESIAN_POINT ( 'NONE',  ( -3.496208217925000028, -2.303393376368000123, -0.5876260711209999599 ) ) ;
#785 = STYLED_ITEM ( 'NONE', ( #2421 ), #6608 ) ;
#786 = COLOUR_RGB ( '',0.2862745098039215508, 0.2862745098039215508, 0.2862745098039215508 ) ;
#787 = EDGE_CURVE ( 'NONE', #4880, #1142, #778, .T. ) ;
#788 = ORIENTED_EDGE ( 'NONE', *, *, #6433, .F. ) ;
#789 = DIRECTION ( 'NONE',  ( 0.000000000000000000, -1.000000000000000000, 0.000000000000000000 ) ) ;
#790 = DIRECTION ( 'NONE',  ( -1.000000000000000000, -1.132880637372609972E-16, 0.000000000000000000 ) ) ;
#791 =( NAMED_UNIT ( * ) SI_UNIT ( $, .STERADIAN. ) SOLID_ANGLE_UNIT ( ) );
#792 = CARTESIAN_POINT ( 'NONE',  ( 3.075000000000000178, -2.084999999999999964, 0.000000000000000000 ) ) ;
#793 = FILL_AREA_STYLE_COLOUR ( '', #773 ) ;
#794 = VECTOR ( 'NONE', #1258, 1000.000000000000000 ) ;
#795 = CARTESIAN_POINT ( 'NONE',  ( 0.5799999999999999600, 2.423826859021799951, 0.000000000000000000 ) ) ;
#796 = VECTOR ( 'NONE', #713, 1000.000000000000000 ) ;
#797 = AXIS2_PLACEMENT_3D ( 'NONE', #4838, #5942, #6574 ) ;
#798 = ORIENTED_EDGE ( 'NONE', *, *, #3805, .T. ) ;
#799 =( LENGTH_UNIT ( ) NAMED_UNIT ( * ) SI_UNIT ( .MILLI., .METRE. ) );
#800 = CARTESIAN_POINT ( 'NONE',  ( 3.075000000000000178, 0.4550000000000000155, 0.3800000000000000044 ) ) ;
#801 = VERTEX_POINT ( 'NONE', #856 ) ;
#802 = DIRECTION ( 'NONE',  ( 0.000000000000000000, 0.000000000000000000, 1.000000000000000000 ) ) ;
#803 = LINE ( 'NONE', #3987, #6270 ) ;
#804 = UNCERTAINTY_MEASURE_WITH_UNIT (LENGTH_MEASURE( 1.000000000000000082E-05 ), #7128, 'distance_accuracy_value', 'NONE');
#805 = ORIENTED_EDGE ( 'NONE', *, *, #3890, .T. ) ;
#806 = EDGE_LOOP ( 'NONE', ( #1879, #844, #776, #3915 ) ) ;
#807 =( LENGTH_UNIT ( ) NAMED_UNIT ( * ) SI_UNIT ( .MILLI., .METRE. ) );
#808 = ORIENTED_EDGE ( 'NONE', *, *, #5882, .F. ) ;
#809 = ORIENTED_EDGE ( 'NONE', *, *, #2220, .F. ) ;
#810 = CARTESIAN_POINT ( 'NONE',  ( 3.075000000000000178, -2.084999999999999964, 0.3800000000000000044 ) ) ;
#811 = LINE ( 'NONE', #697, #1309 ) ;
#812 = DIRECTION ( 'NONE',  ( 0.000000000000000000, -1.000000000000000000, 0.000000000000000000 ) ) ;
#813 = DIRECTION ( 'NONE',  ( 0.000000000000000000, 0.000000000000000000, -1.000000000000000000 ) ) ;
#814 = PRESENTATION_LAYER_ASSIGNMENT (  '', '', ( #6925 ) ) ;
#815 = ORIENTED_EDGE ( 'NONE', *, *, #3145, .F. ) ;
#816 = ORIENTED_EDGE ( 'NONE', *, *, #3845, .F. ) ;
#817 = PLANE ( 'NONE',  #5377 ) ;
#818 = CARTESIAN_POINT ( 'NONE',  ( -2.895000000000000018, -0.4550000000000000155, 0.3300000000000000155 ) ) ;
#819 = DIRECTION ( 'NONE',  ( -0.000000000000000000, 1.000000000000000000, 0.000000000000000000 ) ) ;
#820 = VECTOR ( 'NONE', #4252, 1000.000000000000000 ) ;
#821 = DIRECTION ( 'NONE',  ( 0.000000000000000000, 0.000000000000000000, 1.000000000000000000 ) ) ;
#822 = APPLICATION_PROTOCOL_DEFINITION ( 'draft international standard', 'automotive_design', 1998, #1604 ) ;
#823 = CARTESIAN_POINT ( 'NONE',  ( 2.757742740085070032, 0.6099999999999999867, 0.000000000000000000 ) ) ;
#824 = UNCERTAINTY_MEASURE_WITH_UNIT (LENGTH_MEASURE( 1.000000000000000082E-05 ), #2507, 'distance_accuracy_value', 'NONE');
#825 = ADVANCED_FACE ( 'NONE', ( #5628 ), #4109, .T. ) ;
#826 = EDGE_CURVE ( 'NONE', #1538, #1474, #2993, .T. ) ;
#827 = ORIENTED_EDGE ( 'NONE', *, *, #3223, .T. ) ;
#828 = FILL_AREA_STYLE_COLOUR ( '', #4227 ) ;
#829 = DIRECTION ( 'NONE',  ( 0.7071067811865570096, -0.7071067811865380248, 0.000000000000000000 ) ) ;
#830 = DIRECTION ( 'NONE',  ( 1.000000000000000000, -1.907599698668650031E-16, 0.000000000000000000 ) ) ;
#831 = LINE ( 'NONE', #6354, #5445 ) ;
#832 = FILL_AREA_STYLE ('',( #5757 ) ) ;
#833 = EDGE_CURVE ( 'NONE', #3532, #2283, #1777, .T. ) ;
#834 = ADVANCED_FACE ( 'NONE', ( #2345 ), #1318, .F. ) ;
#835 = ADVANCED_FACE ( 'NONE', ( #962 ), #995, .F. ) ;
#836 = ORIENTED_EDGE ( 'NONE', *, *, #6282, .T. ) ;
#837 = DIRECTION ( 'NONE',  ( 1.000000000000000000, 0.000000000000000000, 0.000000000000000000 ) ) ;
#838 = LINE ( 'NONE', #5611, #5830 ) ;
#839 = CARTESIAN_POINT ( 'NONE',  ( -2.895000000000000018, 0.4049999999999999711, 0.3800000000000000044 ) ) ;
#840 = COLOUR_RGB ( '',0.2862745098039215508, 0.2862745098039215508, 0.2862745098039215508 ) ;
#841 = ORIENTED_EDGE ( 'NONE', *, *, #4778, .F. ) ;
#842 = ORIENTED_EDGE ( 'NONE', *, *, #288, .F. ) ;
#843 =( NAMED_UNIT ( * ) SI_UNIT ( $, .STERADIAN. ) SOLID_ANGLE_UNIT ( ) );
#844 = ORIENTED_EDGE ( 'NONE', *, *, #4585, .T. ) ;
#845 = ORIENTED_EDGE ( 'NONE', *, *, #4711, .F. ) ;
#846 =( LENGTH_UNIT ( ) NAMED_UNIT ( * ) SI_UNIT ( .MILLI., .METRE. ) );
#847 = DIRECTION ( 'NONE',  ( 0.000000000000000000, 0.000000000000000000, 1.000000000000000000 ) ) ;
#848 = DIRECTION ( 'NONE',  ( -0.000000000000000000, 1.000000000000000000, 0.000000000000000000 ) ) ;
#849 = DIRECTION ( 'NONE',  ( 1.000000000000000000, 0.000000000000000000, 0.000000000000000000 ) ) ;
#850 = MECHANICAL_DESIGN_GEOMETRIC_PRESENTATION_REPRESENTATION (  '', ( #5786 ), #4614 ) ;
#851 = PRESENTATION_STYLE_ASSIGNMENT (( #226 ) ) ;
#852 = FILL_AREA_STYLE_COLOUR ( '', #2339 ) ;
#853 = ORIENTED_EDGE ( 'NONE', *, *, #826, .F. ) ;
#854 = ORIENTED_EDGE ( 'NONE', *, *, #5038, .T. ) ;
#855 = CARTESIAN_POINT ( 'NONE',  ( 2.465000000000000302, -1.724999999999999867, 0.000000000000000000 ) ) ;
#856 = CARTESIAN_POINT ( 'NONE',  ( 2.895000000000000018, 2.084999999999999964, 0.3300000000000000155 ) ) ;
#857 = PRESENTATION_STYLE_ASSIGNMENT (( #3642 ) ) ;
#858 = FACE_OUTER_BOUND ( 'NONE', #4312, .T. ) ;
#859 = VECTOR ( 'NONE', #5108, 1000.000000000000000 ) ;
#860 = EDGE_LOOP ( 'NONE', ( #2837, #6945, #3749, #2424 ) ) ;
#861 = VECTOR ( 'NONE', #7126, 1000.000000000000000 ) ;
#862 = VECTOR ( 'NONE', #1010, 1000.000000000000000 ) ;
#863 = LINE ( 'NONE', #311, #5868 ) ;
#864 = CARTESIAN_POINT ( 'NONE',  ( 2.945000000000000284, -2.084999999999999964, 0.000000000000000000 ) ) ;
#865 = LINE ( 'NONE', #5527, #6874 ) ;
#866 = FILL_AREA_STYLE_COLOUR ( '', #23 ) ;
#867 = DIRECTION ( 'NONE',  ( -0.000000000000000000, 1.000000000000000000, 0.000000000000000000 ) ) ;
#868 = PRESENTATION_STYLE_ASSIGNMENT (( #4691 ) ) ;
#869 = SURFACE_SIDE_STYLE ('',( #2320 ) ) ;
#870 = MECHANICAL_DESIGN_GEOMETRIC_PRESENTATION_REPRESENTATION (  '', ( #2003 ), #5449 ) ;
#871 = VECTOR ( 'NONE', #3421, 1000.000000000000000 ) ;
#872 = VERTEX_POINT ( 'NONE', #303 ) ;
#873 = EDGE_CURVE ( 'NONE', #2624, #4123, #1459, .T. ) ;
#874 = LINE ( 'NONE', #1296, #2631 ) ;
#875 =( NAMED_UNIT ( * ) PLANE_ANGLE_UNIT ( ) SI_UNIT ( $, .RADIAN. ) );
#876 = AXIS2_PLACEMENT_3D ( 'NONE', #362, #951, #2542 ) ;
#877 = VERTEX_POINT ( 'NONE', #4751 ) ;
#878 = CARTESIAN_POINT ( 'NONE',  ( 2.465000000000000302, 1.675000000000000044, 0.3800000000000000044 ) ) ;
#879 = ADVANCED_FACE ( 'NONE', ( #5857 ), #4287, .T. ) ;
#880 = EDGE_CURVE ( 'NONE', #2151, #6262, #4792, .T. ) ;
#881 = VECTOR ( 'NONE', #5096, 1000.000000000000000 ) ;
#882 = EDGE_CURVE ( 'NONE', #7106, #2246, #1419, .T. ) ;
#883 = ORIENTED_EDGE ( 'NONE', *, *, #1526, .F. ) ;
#884 = VERTEX_POINT ( 'NONE', #937 ) ;
#885 = CARTESIAN_POINT ( 'NONE',  ( -2.465000000000000302, -1.724999999999999867, 0.000000000000000000 ) ) ;
#886 = EDGE_LOOP ( 'NONE', ( #1801, #368, #6181, #4641 ) ) ;
#887 = ORIENTED_EDGE ( 'NONE', *, *, #3139, .F. ) ;
#888 = CARTESIAN_POINT ( 'NONE',  ( 3.075000000000000178, 1.724999999999999867, 0.000000000000000000 ) ) ;
#889 = SURFACE_STYLE_USAGE ( .BOTH. , #3965 ) ;
#890 = VECTOR ( 'NONE', #5297, 1000.000000000000000 ) ;
#891 =( NAMED_UNIT ( * ) SI_UNIT ( $, .STERADIAN. ) SOLID_ANGLE_UNIT ( ) );
#892 = CARTESIAN_POINT ( 'NONE',  ( 2.895000000000000018, 0.4049999999999999711, 0.000000000000000000 ) ) ;
#893 = STYLED_ITEM ( 'NONE', ( #1366 ), #4988 ) ;
#894 = ORIENTED_EDGE ( 'NONE', *, *, #4589, .F. ) ;
#895 = ORIENTED_EDGE ( 'NONE', *, *, #3098, .F. ) ;
#896 = PLANE ( 'NONE',  #392 ) ;
#897 = ORIENTED_EDGE ( 'NONE', *, *, #6019, .F. ) ;
#898 = CARTESIAN_POINT ( 'NONE',  ( 2.465000000000000302, -2.135000000000000231, 0.000000000000000000 ) ) ;
#899 = FILL_AREA_STYLE_COLOUR ( '', #2491 ) ;
#900 = LINE ( 'NONE', #6460, #3065 ) ;
#901 = UNCERTAINTY_MEASURE_WITH_UNIT (LENGTH_MEASURE( 1.000000000000000082E-05 ), #6979, 'distance_accuracy_value', 'NONE');
#902 = AXIS2_PLACEMENT_3D ( 'NONE', #1714, #5385, #571 ) ;
#903 = ORIENTED_EDGE ( 'NONE', *, *, #6117, .T. ) ;
#904 = VECTOR ( 'NONE', #2823, 1000.000000000000000 ) ;
#905 = DIRECTION ( 'NONE',  ( 0.000000000000000000, 0.000000000000000000, 1.000000000000000000 ) ) ;
#906 = DIRECTION ( 'NONE',  ( 0.000000000000000000, 0.000000000000000000, 1.000000000000000000 ) ) ;
#907 = CARTESIAN_POINT ( 'NONE',  ( -2.895000000000000018, 2.084999999999999964, 0.000000000000000000 ) ) ;
#908 = SURFACE_STYLE_FILL_AREA ( #4765 ) ;
#909 = CARTESIAN_POINT ( 'NONE',  ( 2.945000000000000284, -0.8149999999999999467, 0.000000000000000000 ) ) ;
#910 = PRESENTATION_STYLE_ASSIGNMENT (( #6430 ) ) ;
#911 = MECHANICAL_DESIGN_GEOMETRIC_PRESENTATION_REPRESENTATION (  '', ( #915 ), #82 ) ;
#912 = VERTEX_POINT ( 'NONE', #379 ) ;
#913 =( NAMED_UNIT ( * ) SI_UNIT ( $, .STERADIAN. ) SOLID_ANGLE_UNIT ( ) );
#914 = VECTOR ( 'NONE', #1187, 1000.000000000000000 ) ;
#916 = SURFACE_STYLE_USAGE ( .BOTH. , #4125 ) ;
#915 = STYLED_ITEM ( 'NONE', ( #851 ), #5696 ) ;
#917 = ORIENTED_EDGE ( 'NONE', *, *, #3672, .F. ) ;
#918 = LINE ( 'NONE', #952, #2022 ) ;
#919 = SURFACE_STYLE_FILL_AREA ( #5804 ) ;
#920 = ADVANCED_FACE ( 'NONE', ( #3102 ), #6918, .T. ) ;
#921 = MECHANICAL_DESIGN_GEOMETRIC_PRESENTATION_REPRESENTATION (  '', ( #3191 ), #210 ) ;
#922 = STYLED_ITEM ( 'NONE', ( #5422 ), #6240 ) ;
#923 = EDGE_CURVE ( 'NONE', #2080, #3201, #7022, .T. ) ;
#924 = ORIENTED_EDGE ( 'NONE', *, *, #3098, .T. ) ;
#925 = VERTEX_POINT ( 'NONE', #4179 ) ;
#926 = CARTESIAN_POINT ( 'NONE',  ( -2.465000000000000302, -1.879999999999999893, 0.000000000000000000 ) ) ;
#927 = ORIENTED_EDGE ( 'NONE', *, *, #4895, .F. ) ;
#928 = FACE_OUTER_BOUND ( 'NONE', #4433, .T. ) ;
#929 = DIRECTION ( 'NONE',  ( 0.000000000000000000, 0.000000000000000000, 1.000000000000000000 ) ) ;
#930 = CARTESIAN_POINT ( 'NONE',  ( 0.9650000000000000799, 1.989999999999999991, 0.3800000000000000044 ) ) ;
#931 = EDGE_CURVE ( 'NONE', #1142, #3201, #4679, .T. ) ;
#932 = VECTOR ( 'NONE', #4591, 1000.000000000000000 ) ;
#933 = EDGE_CURVE ( 'NONE', #4243, #3140, #5886, .T. ) ;
#934 = ORIENTED_EDGE ( 'NONE', *, *, #374, .F. ) ;
#935 = ORIENTED_EDGE ( 'NONE', *, *, #4466, .F. ) ;
#936 = CARTESIAN_POINT ( 'NONE',  ( 3.075000000000000178, 1.724999999999999867, 0.3800000000000000044 ) ) ;
#937 = CARTESIAN_POINT ( 'NONE',  ( 0.5799999999999999600, -2.423826859021799951, 0.000000000000000000 ) ) ;
#938 = PLANE ( 'NONE',  #4214 ) ;
#939 = CARTESIAN_POINT ( 'NONE',  ( 0.4449999999999999512, -2.189999999999999947, 0.3800000000000000044 ) ) ;
#940 = SURFACE_SIDE_STYLE ('',( #6884 ) ) ;
#941 = STYLED_ITEM ( 'NONE', ( #4117 ), #348 ) ;
#942 = ORIENTED_EDGE ( 'NONE', *, *, #6564, .F. ) ;
#943 = ORIENTED_EDGE ( 'NONE', *, *, #5612, .T. ) ;
#944 = ORIENTED_EDGE ( 'NONE', *, *, #1609, .F. ) ;
#945 = CARTESIAN_POINT ( 'NONE',  ( 2.895000000000000018, -1.724999999999999867, 0.3800000000000000044 ) ) ;
#946 = CARTESIAN_POINT ( 'NONE',  ( -2.465000000000000302, -1.724999999999999867, 0.000000000000000000 ) ) ;
#947 = DIRECTION ( 'NONE',  ( -1.000000000000000000, 0.000000000000000000, 0.000000000000000000 ) ) ;
#948 = DIRECTION ( 'NONE',  ( 0.000000000000000000, -1.000000000000000000, 0.000000000000000000 ) ) ;
#949 = CARTESIAN_POINT ( 'NONE',  ( 2.895000000000000018, -0.8649999999999999911, 0.000000000000000000 ) ) ;
#950 = STYLED_ITEM ( 'NONE', ( #2480 ), #1138 ) ;
#951 = DIRECTION ( 'NONE',  ( 0.7071067811865510144, 0.7071067811865441310, 0.000000000000000000 ) ) ;
#952 = CARTESIAN_POINT ( 'NONE',  ( -2.895000000000000018, -1.724999999999999867, 0.3300000000000000155 ) ) ;
#953 = VERTEX_POINT ( 'NONE', #3164 ) ;
#954 = LINE ( 'NONE', #1942, #1322 ) ;
#955 = ORIENTED_EDGE ( 'NONE', *, *, #3321, .T. ) ;
#956 = ADVANCED_FACE ( 'NONE', ( #5371 ), #3740, .F. ) ;
#957 = DIRECTION ( 'NONE',  ( 0.000000000000000000, 1.000000000000000000, 0.000000000000000000 ) ) ;
#958 = DIRECTION ( 'NONE',  ( 0.000000000000000000, 0.000000000000000000, 1.000000000000000000 ) ) ;
#959 = EDGE_LOOP ( 'NONE', ( #580, #6770, #181, #1671 ) ) ;
#960 = ORIENTED_EDGE ( 'NONE', *, *, #2217, .F. ) ;
#961 = LINE ( 'NONE', #3134, #2321 ) ;
#962 = FACE_OUTER_BOUND ( 'NONE', #5767, .T. ) ;
#963 = EDGE_CURVE ( 'NONE', #2468, #2788, #3342, .T. ) ;
#964 = SURFACE_STYLE_FILL_AREA ( #4289 ) ;
#965 = CARTESIAN_POINT ( 'NONE',  ( 2.945000000000000284, -1.224999999999999867, 0.3300000000000000155 ) ) ;
#966 = UNCERTAINTY_MEASURE_WITH_UNIT (LENGTH_MEASURE( 1.000000000000000082E-05 ), #3986, 'distance_accuracy_value', 'NONE');
#967 = ADVANCED_FACE ( 'NONE', ( #2671 ), #1065, .T. ) ;
#968 = EDGE_CURVE ( 'NONE', #4203, #351, #5552, .T. ) ;
#969 = COLOUR_RGB ( '',0.2862745098039215508, 0.2862745098039215508, 0.2862745098039215508 ) ;
#970 = ORIENTED_EDGE ( 'NONE', *, *, #5213, .T. ) ;
#971 = ORIENTED_EDGE ( 'NONE', *, *, #2129, .F. ) ;
#972 = SURFACE_STYLE_USAGE ( .BOTH. , #1996 ) ;
#973 = EDGE_CURVE ( 'NONE', #5251, #739, #4427, .T. ) ;
#974 = FILL_AREA_STYLE_COLOUR ( '', #3958 ) ;
#975 = VECTOR ( 'NONE', #3341, 1000.000000000000000 ) ;
#976 = LINE ( 'NONE', #393, #5900 ) ;
#977 = FILL_AREA_STYLE_COLOUR ( '', #1140 ) ;
#978 = DIRECTION ( 'NONE',  ( 0.000000000000000000, 0.000000000000000000, 1.000000000000000000 ) ) ;
#979 = DIRECTION ( 'NONE',  ( -1.000000000000000000, -1.132880637372609972E-16, 0.000000000000000000 ) ) ;
#980 = AXIS2_PLACEMENT_3D ( 'NONE', #2946, #3515, #5727 ) ;
#981 = DIRECTION ( 'NONE',  ( 0.000000000000000000, -1.000000000000000000, 0.000000000000000000 ) ) ;
#982 = LINE ( 'NONE', #3153, #2477 ) ;
#983 = STYLED_ITEM ( 'NONE', ( #3044 ), #2754 ) ;
#984 = VECTOR ( 'NONE', #3840, 1000.000000000000000 ) ;
#985 = ORIENTED_EDGE ( 'NONE', *, *, #2881, .T. ) ;
#986 = PLANE ( 'NONE',  #749 ) ;
#987 = VERTEX_POINT ( 'NONE', #3813 ) ;
#988 = SURFACE_SIDE_STYLE ('',( #370 ) ) ;
#989 = SURFACE_SIDE_STYLE ('',( #4785 ) ) ;
#990 = CARTESIAN_POINT ( 'NONE',  ( 2.895000000000000018, -2.135000000000000231, 0.000000000000000000 ) ) ;
#991 = CARTESIAN_POINT ( 'NONE',  ( -2.945000000000000284, 1.724999999999999867, 0.000000000000000000 ) ) ;
#992 = AXIS2_PLACEMENT_3D ( 'NONE', #6796, #4087, #1331 ) ;
#993 = ORIENTED_EDGE ( 'NONE', *, *, #6061, .T. ) ;
#994 = SURFACE_STYLE_FILL_AREA ( #4251 ) ;
#995 = PLANE ( 'NONE',  #358 ) ;
#996 = DIRECTION ( 'NONE',  ( 0.000000000000000000, -1.000000000000000000, 0.000000000000000000 ) ) ;
#997 = LINE ( 'NONE', #1137, #6314 ) ;
#998 = VERTEX_POINT ( 'NONE', #625 ) ;
#999 = ADVANCED_FACE ( 'NONE', ( #5005 ), #5409, .F. ) ;
#1000 = EDGE_LOOP ( 'NONE', ( #4476, #1176, #757, #4271 ) ) ;
#1001 = ORIENTED_EDGE ( 'NONE', *, *, #3890, .F. ) ;
#1002 = ADVANCED_FACE ( 'NONE', ( #7087 ), #2702, .T. ) ;
#1003 = LINE ( 'NONE', #461, #6226 ) ;
#1004 = DIRECTION ( 'NONE',  ( -1.000000000000000000, 0.000000000000000000, 0.000000000000000000 ) ) ;
#1005 = SURFACE_STYLE_FILL_AREA ( #7140 ) ;
#1006 = AXIS2_PLACEMENT_3D ( 'NONE', #2365, #4593, #6215 ) ;
#1007 = CARTESIAN_POINT ( 'NONE',  ( -0.2224999999999999756, 1.989999999999999991, 0.000000000000000000 ) ) ;
#1008 = DIRECTION ( 'NONE',  ( 0.000000000000000000, 0.000000000000000000, 1.000000000000000000 ) ) ;
#1009 = FILL_AREA_STYLE_COLOUR ( '', #4781 ) ;
#1010 = DIRECTION ( 'NONE',  ( 0.000000000000000000, -1.000000000000000000, 0.000000000000000000 ) ) ;
#1011 = ADVANCED_FACE ( 'NONE', ( #2161 ), #6067, .F. ) ;
#1012 = COLOUR_RGB ( '',0.7490196078431372584, 0.7490196078431372584, 0.7490196078431372584 ) ;
#1013 = LINE ( 'NONE', #6011, #3763 ) ;
#1014 = CARTESIAN_POINT ( 'NONE',  ( 2.465000000000000302, 0.8149999999999999467, 0.3800000000000000044 ) ) ;
#1015 = ORIENTED_EDGE ( 'NONE', *, *, #2261, .F. ) ;
#1016 = LINE ( 'NONE', #324, #69 ) ;
#1017 = COLOUR_RGB ( '',0.2862745098039215508, 0.2862745098039215508, 0.2862745098039215508 ) ;
#1018 = AXIS2_PLACEMENT_3D ( 'NONE', #3608, #6988, #4216 ) ;
#1019 = CARTESIAN_POINT ( 'NONE',  ( 2.465000000000000302, 0.4049999999999999711, 0.000000000000000000 ) ) ;
#1020 = AXIS2_PLACEMENT_3D ( 'NONE', #3390, #1710, #6192 ) ;
#1021 = VECTOR ( 'NONE', #3200, 1000.000000000000000 ) ;
#1022 = ORIENTED_EDGE ( 'NONE', *, *, #4682, .T. ) ;
#1023 = LINE ( 'NONE', #1485, #3948 ) ;
#1024 = ORIENTED_EDGE ( 'NONE', *, *, #931, .T. ) ;
#1025 = PLANE ( 'NONE',  #3120 ) ;
#1026 = FILL_AREA_STYLE ('',( #2628 ) ) ;
#1027 = CARTESIAN_POINT ( 'NONE',  ( -0.8299999999999999600, 2.449999999999999734, 0.000000000000000000 ) ) ;
#1028 = PRESENTATION_LAYER_ASSIGNMENT (  '', '', ( #7133 ) ) ;
#1029 = ORIENTED_EDGE ( 'NONE', *, *, #2922, .F. ) ;
#1030 = VERTEX_POINT ( 'NONE', #185 ) ;
#1031 = VECTOR ( 'NONE', #3322, 1000.000000000000000 ) ;
#1032 = FILL_AREA_STYLE ('',( #5957 ) ) ;
#1033 = FACE_OUTER_BOUND ( 'NONE', #4660, .T. ) ;
#1034 = CARTESIAN_POINT ( 'NONE',  ( -2.895000000000000018, -2.135000000000000231, 0.000000000000000000 ) ) ;
#1035 = DIRECTION ( 'NONE',  ( 1.000000000000000000, 0.000000000000000000, 0.000000000000000000 ) ) ;
#1036 =( GEOMETRIC_REPRESENTATION_CONTEXT ( 3 ) GLOBAL_UNCERTAINTY_ASSIGNED_CONTEXT ( ( #6217 ) ) GLOBAL_UNIT_ASSIGNED_CONTEXT ( ( #1212, #3393, #198 ) ) REPRESENTATION_CONTEXT ( 'NONE', 'WORKASPACE' ) );
#1037 = ORIENTED_EDGE ( 'NONE', *, *, #2797, .T. ) ;
#1038 = EDGE_LOOP ( 'NONE', ( #5995, #5855, #2478, #2882 ) ) ;
#1039 = ORIENTED_EDGE ( 'NONE', *, *, #439, .F. ) ;
#1040 = CARTESIAN_POINT ( 'NONE',  ( -2.945000000000000284, -0.8149999999999999467, 0.3800000000000000044 ) ) ;
#1041 = CLOSED_SHELL ( 'NONE', ( #3493, #3923, #2957, #7043, #4808, #879, #6063, #3053, #518, #5474 ) ) ;
#1042 = LINE ( 'NONE', #2136, #2013 ) ;
#1043 = PLANE ( 'NONE',  #2666 ) ;
#1044 = EDGE_CURVE ( 'NONE', #6280, #3318, #1310, .T. ) ;
#1045 =( NAMED_UNIT ( * ) PLANE_ANGLE_UNIT ( ) SI_UNIT ( $, .RADIAN. ) );
#1046 = DIRECTION ( 'NONE',  ( 0.000000000000000000, 0.000000000000000000, 1.000000000000000000 ) ) ;
#1047 = PLANE ( 'NONE',  #579 ) ;
#1048 = SURFACE_STYLE_FILL_AREA ( #6539 ) ;
#1049 = CARTESIAN_POINT ( 'NONE',  ( -3.075000000000000178, 0.4550000000000000155, 0.3800000000000000044 ) ) ;
#1050 =( LENGTH_UNIT ( ) NAMED_UNIT ( * ) SI_UNIT ( .MILLI., .METRE. ) );
#1051 = ADVANCED_FACE ( 'NONE', ( #2916 ), #5113, .T. ) ;
#1053 = STYLED_ITEM ( 'NONE', ( #597 ), #737 ) ;
#1052 = CARTESIAN_POINT ( 'NONE',  ( -3.075000000000000178, -0.8149999999999999467, 0.000000000000000000 ) ) ;
#1054 = PRESENTATION_STYLE_ASSIGNMENT (( #3296 ) ) ;
#1055 = EDGE_CURVE ( 'NONE', #3702, #108, #5621, .T. ) ;
#1056 = ADVANCED_FACE ( 'NONE', ( #696 ), #2951, .T. ) ;
#1057 = COLOUR_RGB ( '',0.2862745098039215508, 0.2862745098039215508, 0.2862745098039215508 ) ;
#1058 = ORIENTED_EDGE ( 'NONE', *, *, #4543, .T. ) ;
#1059 = ORIENTED_EDGE ( 'NONE', *, *, #2128, .F. ) ;
#1060 = DIRECTION ( 'NONE',  ( 1.000000000000000000, -4.550094363217860219E-16, 0.000000000000000000 ) ) ;
#1061 = CARTESIAN_POINT ( 'NONE',  ( -2.465000000000000302, 1.675000000000000044, 0.000000000000000000 ) ) ;
#1062 = LINE ( 'NONE', #991, #1021 ) ;
#1063 = VERTEX_POINT ( 'NONE', #810 ) ;
#1064 = LINE ( 'NONE', #3309, #6141 ) ;
#1065 = PLANE ( 'NONE',  #2763 ) ;
#1066 = LINE ( 'NONE', #2270, #4618 ) ;
#1067 = LINE ( 'NONE', #4358, #5019 ) ;
#1068 = EDGE_LOOP ( 'NONE', ( #4362, #2194, #6940, #3158 ) ) ;
#1069 = DIRECTION ( 'NONE',  ( 1.000000000000000000, 0.000000000000000000, 0.000000000000000000 ) ) ;
#1070 = CARTESIAN_POINT ( 'NONE',  ( -2.874777666791120456, 2.379777666791120350, 0.9981208709751409058 ) ) ;
#1071 = CARTESIAN_POINT ( 'NONE',  ( -3.075000000000000178, 2.034999999999999698, 0.3800000000000000044 ) ) ;
#1072 = DIRECTION ( 'NONE',  ( -1.000000000000000000, 0.000000000000000000, 0.000000000000000000 ) ) ;
#1073 = PRESENTATION_STYLE_ASSIGNMENT (( #1110 ) ) ;
#1074 = MECHANICAL_DESIGN_GEOMETRIC_PRESENTATION_REPRESENTATION (  '', ( #140 ), #7066 ) ;
#1075 = PRESENTATION_LAYER_ASSIGNMENT (  '', '', ( #3242 ) ) ;
#1076 = ORIENTED_EDGE ( 'NONE', *, *, #6790, .F. ) ;
#1077 = VECTOR ( 'NONE', #1135, 999.9999999999998863 ) ;
#1078 = DIRECTION ( 'NONE',  ( 0.000000000000000000, 0.000000000000000000, -1.000000000000000000 ) ) ;
#1079 = CARTESIAN_POINT ( 'NONE',  ( -2.945000000000000284, -2.084999999999999964, 0.000000000000000000 ) ) ;
#1080 = DIRECTION ( 'NONE',  ( 0.000000000000000000, 1.000000000000000000, 0.000000000000000000 ) ) ;
#1081 = CARTESIAN_POINT ( 'NONE',  ( -2.945000000000000284, 1.724999999999999867, 0.3800000000000000044 ) ) ;
#1082 = DIRECTION ( 'NONE',  ( 0.7071067811865380248, -0.7071067811865570096, 0.000000000000000000 ) ) ;
#1083 = COLOUR_RGB ( '',0.2862745098039215508, 0.2862745098039215508, 0.2862745098039215508 ) ;
#1084 = EDGE_CURVE ( 'NONE', #5254, #1743, #1803, .T. ) ;
#1085 = ADVANCED_FACE ( 'NONE', ( #5184 ), #6326, .T. ) ;
#1086 = VERTEX_POINT ( 'NONE', #5219 ) ;
#1087 = DIRECTION ( 'NONE',  ( -1.000000000000000000, 1.516698121072619908E-16, 0.000000000000000000 ) ) ;
#1088 = EDGE_CURVE ( 'NONE', #667, #1086, #332, .T. ) ;
#1089 = VECTOR ( 'NONE', #4474, 1000.000000000000000 ) ;
#1090 = ORIENTED_EDGE ( 'NONE', *, *, #241, .F. ) ;
#1091 =( NAMED_UNIT ( * ) PLANE_ANGLE_UNIT ( ) SI_UNIT ( $, .RADIAN. ) );
#1092 = CARTESIAN_POINT ( 'NONE',  ( 1.447500000000000009, -1.724999999999999867, 0.000000000000000000 ) ) ;
#1093 = UNCERTAINTY_MEASURE_WITH_UNIT (LENGTH_MEASURE( 1.000000000000000082E-05 ), #6203, 'distance_accuracy_value', 'NONE');
#1094 = VECTOR ( 'NONE', #5908, 1000.000000000000000 ) ;
#1095 = ORIENTED_EDGE ( 'NONE', *, *, #2125, .T. ) ;
#1096 = LINE ( 'NONE', #2160, #5200 ) ;
#1097 = CARTESIAN_POINT ( 'NONE',  ( 2.705000000000000071, -2.324999999999999734, 0.000000000000000000 ) ) ;
#1098 = CARTESIAN_POINT ( 'NONE',  ( 0.5799999999999999600, 2.423826859021799951, 0.000000000000000000 ) ) ;
#1099 = AXIS2_PLACEMENT_3D ( 'NONE', #1079, #2182, #3795 ) ;
#1100 = CARTESIAN_POINT ( 'NONE',  ( -0.5975000000000000311, -1.879999999999999893, 0.000000000000000000 ) ) ;
#1101 = DIRECTION ( 'NONE',  ( 1.000000000000000000, 0.000000000000000000, 0.000000000000000000 ) ) ;
#1102 = UNCERTAINTY_MEASURE_WITH_UNIT (LENGTH_MEASURE( 1.000000000000000082E-05 ), #145, 'distance_accuracy_value', 'NONE');
#1103 = ORIENTED_EDGE ( 'NONE', *, *, #4024, .T. ) ;
#1104 = VECTOR ( 'NONE', #5863, 1000.000000000000000 ) ;
#1105 = VERTEX_POINT ( 'NONE', #2587 ) ;
#1106 = ORIENTED_EDGE ( 'NONE', *, *, #1908, .F. ) ;
#1107 = CARTESIAN_POINT ( 'NONE',  ( 2.465000000000000302, 0.4049999999999999711, 0.3800000000000000044 ) ) ;
#1108 = DIRECTION ( 'NONE',  ( -1.000000000000000000, 0.000000000000000000, 0.000000000000000000 ) ) ;
#1109 = LINE ( 'NONE', #3323, #2784 ) ;
#1110 = SURFACE_STYLE_USAGE ( .BOTH. , #2643 ) ;
#1111 = VECTOR ( 'NONE', #6741, 1000.000000000000114 ) ;
#1112 = VECTOR ( 'NONE', #403, 1000.000000000000000 ) ;
#1113 = ORIENTED_EDGE ( 'NONE', *, *, #293, .T. ) ;
#1114 = FACE_OUTER_BOUND ( 'NONE', #717, .T. ) ;
#1115 = CARTESIAN_POINT ( 'NONE',  ( 2.895000000000000018, -2.135000000000000231, 0.3800000000000000044 ) ) ;
#1116 = DIRECTION ( 'NONE',  ( 0.000000000000000000, 0.000000000000000000, 1.000000000000000000 ) ) ;
#1117 = CARTESIAN_POINT ( 'NONE',  ( 2.945000000000000284, -2.449999999999999734, 0.000000000000000000 ) ) ;
#1118 = PRESENTATION_LAYER_ASSIGNMENT (  '', '', ( #4204 ) ) ;
#1119 = PLANE ( 'NONE',  #5985 ) ;
#1120 = ORIENTED_EDGE ( 'NONE', *, *, #2048, .F. ) ;
#1122 = CARTESIAN_POINT ( 'NONE',  ( 2.945000000000000284, -0.8149999999999999467, 0.3300000000000000155 ) ) ;
#1121 = VECTOR ( 'NONE', #6744, 1000.000000000000000 ) ;
#1123 =( NAMED_UNIT ( * ) PLANE_ANGLE_UNIT ( ) SI_UNIT ( $, .RADIAN. ) );
#1124 = SURFACE_STYLE_FILL_AREA ( #6587 ) ;
#1125 = EDGE_CURVE ( 'NONE', #2934, #6859, #4743, .T. ) ;
#1126 = AXIS2_PLACEMENT_3D ( 'NONE', #2026, #4213, #6458 ) ;
#1127 = PRESENTATION_LAYER_ASSIGNMENT (  '', '', ( #4449 ) ) ;
#1128 = EDGE_CURVE ( 'NONE', #2331, #2080, #2017, .T. ) ;
#1129 = PRODUCT_DEFINITION_SHAPE ( 'NONE', 'NONE',  #5566 ) ;
#1130 = ORIENTED_EDGE ( 'NONE', *, *, #3449, .T. ) ;
#1131 = ORIENTED_EDGE ( 'NONE', *, *, #2660, .T. ) ;
#1132 = DIRECTION ( 'NONE',  ( 1.000000000000000000, 0.000000000000000000, 0.000000000000000000 ) ) ;
#1133 = CARTESIAN_POINT ( 'NONE',  ( -3.075000000000000178, -1.775000000000000133, 0.000000000000000000 ) ) ;
#1134 = PRESENTATION_LAYER_ASSIGNMENT (  '', '', ( #6903 ) ) ;
#1135 = DIRECTION ( 'NONE',  ( 0.4999999999999995004, 0.8660254037844390407, 0.000000000000000000 ) ) ;
#1136 = EDGE_CURVE ( 'NONE', #6571, #6628, #1521, .T. ) ;
#1137 = CARTESIAN_POINT ( 'NONE',  ( 2.945000000000000284, -1.775000000000000133, 0.000000000000000000 ) ) ;
#1138 = ADVANCED_FACE ( 'NONE', ( #5877 ), #3060, .F. ) ;
#1139 = ADVANCED_FACE ( 'NONE', ( #5255 ), #3023, .T. ) ;
#1140 = COLOUR_RGB ( '',0.2862745098039215508, 0.2862745098039215508, 0.2862745098039215508 ) ;
#1141 =( GEOMETRIC_REPRESENTATION_CONTEXT ( 3 ) GLOBAL_UNCERTAINTY_ASSIGNED_CONTEXT ( ( #6652 ) ) GLOBAL_UNIT_ASSIGNED_CONTEXT ( ( #6199, #640, #2827 ) ) REPRESENTATION_CONTEXT ( 'NONE', 'WORKASPACE' ) );
#1142 = VERTEX_POINT ( 'NONE', #4274 ) ;
#1143 = ORIENTED_EDGE ( 'NONE', *, *, #6105, .T. ) ;
#1144 = FILL_AREA_STYLE_COLOUR ( '', #4130 ) ;
#1145 = PLANE ( 'NONE',  #5839 ) ;
#1146 =( NAMED_UNIT ( * ) SI_UNIT ( $, .STERADIAN. ) SOLID_ANGLE_UNIT ( ) );
#1147 = DIRECTION ( 'NONE',  ( -1.000000000000000000, 4.550094363217860219E-16, 0.000000000000000000 ) ) ;
#1148 = PRESENTATION_STYLE_ASSIGNMENT (( #3790 ) ) ;
#1149 =( LENGTH_UNIT ( ) NAMED_UNIT ( * ) SI_UNIT ( .MILLI., .METRE. ) );
#1150 = VECTOR ( 'NONE', #6054, 1000.000000000000000 ) ;
#1151 = SURFACE_STYLE_FILL_AREA ( #6085 ) ;
#1152 = LINE ( 'NONE', #4946, #6520 ) ;
#1153 = LINE ( 'NONE', #3365, #6787 ) ;
#1154 = CARTESIAN_POINT ( 'NONE',  ( 2.945000000000000284, -1.224999999999999867, 0.3300000000000000155 ) ) ;
#1155 = SURFACE_SIDE_STYLE ('',( #6091 ) ) ;
#1156 = VERTEX_POINT ( 'NONE', #1380 ) ;
#1157 = DIRECTION ( 'NONE',  ( 0.000000000000000000, -1.000000000000000000, 0.000000000000000000 ) ) ;
#1158 = VECTOR ( 'NONE', #4761, 1000.000000000000000 ) ;
#1159 = ORIENTED_EDGE ( 'NONE', *, *, #6478, .F. ) ;
#1160 = PLANE ( 'NONE',  #1209 ) ;
#1161 = ORIENTED_EDGE ( 'NONE', *, *, #3402, .T. ) ;
#1162 = LINE ( 'NONE', #5546, #180 ) ;
#1163 = CARTESIAN_POINT ( 'NONE',  ( 0.8299999999999999600, 2.423826859021799951, 0.000000000000000000 ) ) ;
#1164 = UNCERTAINTY_MEASURE_WITH_UNIT (LENGTH_MEASURE( 1.000000000000000082E-05 ), #465, 'distance_accuracy_value', 'NONE');
#1165 = VECTOR ( 'NONE', #6977, 1000.000000000000000 ) ;
#1166 = VERTEX_POINT ( 'NONE', #3557 ) ;
#1167 = ORIENTED_EDGE ( 'NONE', *, *, #3500, .T. ) ;
#1168 = PLANE ( 'NONE',  #2212 ) ;
#1169 = DIRECTION ( 'NONE',  ( 0.000000000000000000, -1.000000000000000000, 0.000000000000000000 ) ) ;
#1170 = DIRECTION ( 'NONE',  ( -0.7071067811865441310, 0.7071067811865510144, 0.000000000000000000 ) ) ;
#1171 = CARTESIAN_POINT ( 'NONE',  ( -2.945000000000000284, -0.5050000000000000044, 0.3800000000000000044 ) ) ;
#1172 = CARTESIAN_POINT ( 'NONE',  ( 3.075000000000000178, -0.5050000000000000044, 0.000000000000000000 ) ) ;
#1173 = VERTEX_POINT ( 'NONE', #5434 ) ;
#1174 = EDGE_CURVE ( 'NONE', #6211, #6336, #6585, .T. ) ;
#1175 = ORIENTED_EDGE ( 'NONE', *, *, #53, .T. ) ;
#1176 = ORIENTED_EDGE ( 'NONE', *, *, #6781, .T. ) ;
#1177 = CARTESIAN_POINT ( 'NONE',  ( 0.8299999999999999600, -2.575000000000000178, 0.3800000000000000044 ) ) ;
#1178 = EDGE_CURVE ( 'NONE', #4066, #5595, #5545, .T. ) ;
#1179 = CARTESIAN_POINT ( 'NONE',  ( 1.232500000000000151, 1.675000000000000044, 0.000000000000000000 ) ) ;
#1180 = EDGE_CURVE ( 'NONE', #2291, #5030, #5401, .T. ) ;
#1181 = CARTESIAN_POINT ( 'NONE',  ( 2.465000000000000302, 1.675000000000000044, 0.3300000000000000155 ) ) ;
#1182 = MECHANICAL_DESIGN_GEOMETRIC_PRESENTATION_REPRESENTATION (  '', ( #4610 ), #6843 ) ;
#1183 = ORIENTED_EDGE ( 'NONE', *, *, #1742, .F. ) ;
#1184 = LINE ( 'NONE', #5597, #6579 ) ;
#1185 = FACE_OUTER_BOUND ( 'NONE', #3739, .T. ) ;
#1186 = CARTESIAN_POINT ( 'NONE',  ( 3.075000000000000178, 1.724999999999999867, 0.000000000000000000 ) ) ;
#1187 = DIRECTION ( 'NONE',  ( 0.000000000000000000, 0.000000000000000000, 1.000000000000000000 ) ) ;
#1188 =( GEOMETRIC_REPRESENTATION_CONTEXT ( 3 ) GLOBAL_UNCERTAINTY_ASSIGNED_CONTEXT ( ( #7025 ) ) GLOBAL_UNIT_ASSIGNED_CONTEXT ( ( #2838, #4459, #5033 ) ) REPRESENTATION_CONTEXT ( 'NONE', 'WORKASPACE' ) );
#1189 = DIRECTION ( 'NONE',  ( -1.000000000000000000, 0.000000000000000000, 0.000000000000000000 ) ) ;
#1190 = CARTESIAN_POINT ( 'NONE',  ( -0.5799999999999999600, 2.449999999999999734, 0.000000000000000000 ) ) ;
#1191 = LINE ( 'NONE', #4280, #1472 ) ;
#1192 = ORIENTED_EDGE ( 'NONE', *, *, #4585, .F. ) ;
#1193 = CARTESIAN_POINT ( 'NONE',  ( 0.9650000000000000799, -1.989999999999999991, 0.000000000000000000 ) ) ;
#1194 = LINE ( 'NONE', #2801, #984 ) ;
#1195 = CARTESIAN_POINT ( 'NONE',  ( -3.010000000000000231, 1.879999999999999893, 0.3300000000000000155 ) ) ;
#1196 = CARTESIAN_POINT ( 'NONE',  ( 2.895000000000000018, 2.084999999999999964, 0.000000000000000000 ) ) ;
#1197 = AXIS2_PLACEMENT_3D ( 'NONE', #3779, #1740, #3919 ) ;
#1198 = VECTOR ( 'NONE', #4450, 1000.000000000000000 ) ;
#1199 = ORIENTED_EDGE ( 'NONE', *, *, #596, .T. ) ;
#1200 = ORIENTED_EDGE ( 'NONE', *, *, #652, .T. ) ;
#1201 = LINE ( 'NONE', #3380, #4968 ) ;
#1202 = FILL_AREA_STYLE_COLOUR ( '', #5728 ) ;
#1203 = FACE_OUTER_BOUND ( 'NONE', #5763, .T. ) ;
#1204 =( NAMED_UNIT ( * ) SI_UNIT ( $, .STERADIAN. ) SOLID_ANGLE_UNIT ( ) );
#1205 = VECTOR ( 'NONE', #2226, 1000.000000000000000 ) ;
#1206 = MECHANICAL_DESIGN_GEOMETRIC_PRESENTATION_REPRESENTATION (  '', ( #279 ), #510 ) ;
#1207 = ORIENTED_EDGE ( 'NONE', *, *, #873, .F. ) ;
#1208 = ORIENTED_EDGE ( 'NONE', *, *, #2535, .F. ) ;
#1209 = AXIS2_PLACEMENT_3D ( 'NONE', #3911, #650, #4845 ) ;
#1210 = DIRECTION ( 'NONE',  ( 0.000000000000000000, 0.000000000000000000, 1.000000000000000000 ) ) ;
#1211 = DIRECTION ( 'NONE',  ( 0.000000000000000000, 0.000000000000000000, -1.000000000000000000 ) ) ;
#1212 =( LENGTH_UNIT ( ) NAMED_UNIT ( * ) SI_UNIT ( .MILLI., .METRE. ) );
#1213 = PLANE ( 'NONE',  #5367 ) ;
#1214 = EDGE_CURVE ( 'NONE', #2410, #2246, #7077, .T. ) ;
#1215 = VECTOR ( 'NONE', #568, 1000.000000000000000 ) ;
#1216 = EDGE_CURVE ( 'NONE', #531, #3483, #4919, .T. ) ;
#1217 = ORIENTED_EDGE ( 'NONE', *, *, #5596, .T. ) ;
#1218 =( NAMED_UNIT ( * ) SI_UNIT ( $, .STERADIAN. ) SOLID_ANGLE_UNIT ( ) );
#1219 = CARTESIAN_POINT ( 'NONE',  ( -2.945000000000000284, -2.084999999999999964, 0.000000000000000000 ) ) ;
#1220 = FILL_AREA_STYLE ('',( #2285 ) ) ;
#1221 = DIRECTION ( 'NONE',  ( 9.424643672539529398E-17, -1.000000000000000000, 0.000000000000000000 ) ) ;
#1222 = CARTESIAN_POINT ( 'NONE',  ( 2.945000000000000284, 2.449999999999999734, 0.000000000000000000 ) ) ;
#1223 = PLANE ( 'NONE',  #4906 ) ;
#1224 = EDGE_CURVE ( 'NONE', #4456, #3663, #4881, .T. ) ;
#1225 = ORIENTED_EDGE ( 'NONE', *, *, #2786, .F. ) ;
#1226 =( GEOMETRIC_REPRESENTATION_CONTEXT ( 3 ) GLOBAL_UNCERTAINTY_ASSIGNED_CONTEXT ( ( #2156 ) ) GLOBAL_UNIT_ASSIGNED_CONTEXT ( ( #6248, #1299, #3478 ) ) REPRESENTATION_CONTEXT ( 'NONE', 'WORKASPACE' ) );
#1227 = ORIENTED_EDGE ( 'NONE', *, *, #3359, .F. ) ;
#1228 = VERTEX_POINT ( 'NONE', #482 ) ;
#1229 = VECTOR ( 'NONE', #1442, 1000.000000000000000 ) ;
#1230 = LINE ( 'NONE', #3446, #4626 ) ;
#1231 = UNCERTAINTY_MEASURE_WITH_UNIT (LENGTH_MEASURE( 1.000000000000000082E-05 ), #2936, 'distance_accuracy_value', 'NONE');
#1232 = COLOUR_RGB ( '',0.7490196078431372584, 0.7490196078431372584, 0.7490196078431372584 ) ;
#1233 = ORIENTED_EDGE ( 'NONE', *, *, #647, .F. ) ;
#1234 = ORIENTED_EDGE ( 'NONE', *, *, #6346, .T. ) ;
#1235 = SURFACE_STYLE_USAGE ( .BOTH. , #39 ) ;
#1236 = DIRECTION ( 'NONE',  ( 1.000000000000000000, 0.000000000000000000, 0.000000000000000000 ) ) ;
#1237 = DIRECTION ( 'NONE',  ( 0.000000000000000000, 0.000000000000000000, 1.000000000000000000 ) ) ;
#1238 = VECTOR ( 'NONE', #633, 1000.000000000000000 ) ;
#1239 = DIRECTION ( 'NONE',  ( 0.000000000000000000, 1.000000000000000000, 0.000000000000000000 ) ) ;
#1240 = VECTOR ( 'NONE', #7103, 1000.000000000000000 ) ;
#1241 = VERTEX_POINT ( 'NONE', #1690 ) ;
#1242 = ORIENTED_EDGE ( 'NONE', *, *, #3671, .T. ) ;
#1243 = VECTOR ( 'NONE', #1981, 1000.000000000000000 ) ;
#1244 = SURFACE_STYLE_FILL_AREA ( #6191 ) ;
#1245 = LINE ( 'NONE', #4436, #2612 ) ;
#1246 = DIRECTION ( 'NONE',  ( 1.000000000000000000, 0.000000000000000000, 0.000000000000000000 ) ) ;
#1247 = LINE ( 'NONE', #6669, #5322 ) ;
#1248 = CARTESIAN_POINT ( 'NONE',  ( 2.757742740085070032, 0.6099999999999999867, 0.3800000000000000044 ) ) ;
#1249 = UNCERTAINTY_MEASURE_WITH_UNIT (LENGTH_MEASURE( 1.000000000000000082E-05 ), #799, 'distance_accuracy_value', 'NONE');
#1250 = AXIS2_PLACEMENT_3D ( 'NONE', #2183, #6089, #1080 ) ;
#1251 = ORIENTED_EDGE ( 'NONE', *, *, #593, .T. ) ;
#1252 = ADVANCED_FACE ( 'NONE', ( #4349 ), #5468, .T. ) ;
#1253 = CARTESIAN_POINT ( 'NONE',  ( -0.5799999999999999600, 2.423826859021799951, 0.000000000000000000 ) ) ;
#1254 =( NAMED_UNIT ( * ) PLANE_ANGLE_UNIT ( ) SI_UNIT ( $, .RADIAN. ) );
#1255 = CARTESIAN_POINT ( 'NONE',  ( 2.465000000000000302, -0.8649999999999999911, 0.3800000000000000044 ) ) ;
#1256 = DIRECTION ( 'NONE',  ( 0.000000000000000000, 0.000000000000000000, 1.000000000000000000 ) ) ;
#1257 = LINE ( 'NONE', #3906, #2330 ) ;
#1258 = DIRECTION ( 'NONE',  ( 0.000000000000000000, -1.000000000000000000, 0.000000000000000000 ) ) ;
#1259 =( GEOMETRIC_REPRESENTATION_CONTEXT ( 3 ) GLOBAL_UNCERTAINTY_ASSIGNED_CONTEXT ( ( #1249 ) ) GLOBAL_UNIT_ASSIGNED_CONTEXT ( ( #799, #1893, #5761 ) ) REPRESENTATION_CONTEXT ( 'NONE', 'WORKASPACE' ) );
#1260 = ORIENTED_EDGE ( 'NONE', *, *, #5343, .T. ) ;
#1261 = ADVANCED_FACE ( 'NONE', ( #3804 ), #3228, .F. ) ;
#1262 = LINE ( 'NONE', #3441, #1150 ) ;
#1263 = CARTESIAN_POINT ( 'NONE',  ( -2.895000000000000018, -0.4550000000000000155, 0.000000000000000000 ) ) ;
#1264 =( LENGTH_UNIT ( ) NAMED_UNIT ( * ) SI_UNIT ( .MILLI., .METRE. ) );
#1266 = VECTOR ( 'NONE', #166, 1000.000000000000000 ) ;
#1265 = PLANE ( 'NONE',  #3050 ) ;
#1267 = EDGE_CURVE ( 'NONE', #3998, #3069, #3771, .T. ) ;
#1268 = DIRECTION ( 'NONE',  ( 0.000000000000000000, 0.000000000000000000, 1.000000000000000000 ) ) ;
#1269 = EDGE_CURVE ( 'NONE', #1915, #3864, #3196, .T. ) ;
#1270 = PRESENTATION_LAYER_ASSIGNMENT (  '', '', ( #4128 ) ) ;
#1271 = EDGE_CURVE ( 'NONE', #3300, #4678, #6649, .T. ) ;
#1272 = ORIENTED_EDGE ( 'NONE', *, *, #5392, .T. ) ;
#1273 = VERTEX_POINT ( 'NONE', #3302 ) ;
#1274 = PLANE ( 'NONE',  #1771 ) ;
#1275 =( NAMED_UNIT ( * ) SI_UNIT ( $, .STERADIAN. ) SOLID_ANGLE_UNIT ( ) );
#1276 = LINE ( 'NONE', #3455, #4338 ) ;
#1277 = FACE_OUTER_BOUND ( 'NONE', #1568, .T. ) ;
#1278 = DIRECTION ( 'NONE',  ( 1.000000000000000000, -1.516698121072619908E-16, 0.000000000000000000 ) ) ;
#1279 = VECTOR ( 'NONE', #2740, 1000.000000000000000 ) ;
#1280 = ORIENTED_EDGE ( 'NONE', *, *, #6924, .T. ) ;
#1281 = ORIENTED_EDGE ( 'NONE', *, *, #1444, .T. ) ;
#1282 = LINE ( 'NONE', #263, #674 ) ;
#1283 = DIRECTION ( 'NONE',  ( -1.000000000000000000, 0.000000000000000000, 0.000000000000000000 ) ) ;
#1284 = CARTESIAN_POINT ( 'NONE',  ( -2.465000000000000302, -0.8649999999999999911, 0.3800000000000000044 ) ) ;
#1285 = SURFACE_SIDE_STYLE ('',( #1815 ) ) ;
#1286 = ORIENTED_EDGE ( 'NONE', *, *, #6827, .F. ) ;
#1287 = DIRECTION ( 'NONE',  ( 0.000000000000000000, 0.000000000000000000, 1.000000000000000000 ) ) ;
#1288 = CARTESIAN_POINT ( 'NONE',  ( -2.945000000000000284, 2.449999999999999734, 0.000000000000000000 ) ) ;
#1289 = DIRECTION ( 'NONE',  ( -1.000000000000000000, 0.000000000000000000, 0.000000000000000000 ) ) ;
#1290 = CARTESIAN_POINT ( 'NONE',  ( -2.895000000000000018, 0.4049999999999999711, 0.000000000000000000 ) ) ;
#1291 = DIRECTION ( 'NONE',  ( 0.7071067811865474617, -0.7071067811865474617, 0.000000000000000000 ) ) ;
#1292 = DIRECTION ( 'NONE',  ( 4.550094363217860219E-16, 1.000000000000000000, 0.000000000000000000 ) ) ;
#1293 = ORIENTED_EDGE ( 'NONE', *, *, #1216, .F. ) ;
#1294 = EDGE_LOOP ( 'NONE', ( #887, #5002, #894, #5147 ) ) ;
#1295 = VECTOR ( 'NONE', #1966, 1000.000000000000000 ) ;
#1296 = CARTESIAN_POINT ( 'NONE',  ( 0.000000000000000000, -2.366967654140120114, 1.119999999999999885 ) ) ;
#1297 = FILL_AREA_STYLE_COLOUR ( '', #3836 ) ;
#1298 = EDGE_LOOP ( 'NONE', ( #2379, #2948, #3936, #4063 ) ) ;
#1299 =( NAMED_UNIT ( * ) PLANE_ANGLE_UNIT ( ) SI_UNIT ( $, .RADIAN. ) );
#1300 = DIRECTION ( 'NONE',  ( 1.000000000000000000, 2.707861035671120257E-15, 0.000000000000000000 ) ) ;
#1301 = VECTOR ( 'NONE', #599, 1000.000000000000114 ) ;
#1302 = EDGE_CURVE ( 'NONE', #1503, #2717, #3734, .T. ) ;
#1303 = PRODUCT_DEFINITION ( 'UNKNOWN', '', #5978, #5473 ) ;
#1304 = ADVANCED_FACE ( 'NONE', ( #3878 ), #1025, .F. ) ;
#1305 = VERTEX_POINT ( 'NONE', #2326 ) ;
#1306 = ORIENTED_EDGE ( 'NONE', *, *, #5246, .T. ) ;
#1307 = CARTESIAN_POINT ( 'NONE',  ( -0.5799999999999999600, -2.449999999999999734, 0.000000000000000000 ) ) ;
#1308 = VECTOR ( 'NONE', #554, 1000.000000000000000 ) ;
#1309 = VECTOR ( 'NONE', #5737, 1000.000000000000000 ) ;
#1310 = LINE ( 'NONE', #5654, #6235 ) ;
#1311 = FILL_AREA_STYLE ('',( #6257 ) ) ;
#1312 = CARTESIAN_POINT ( 'NONE',  ( 2.895000000000000018, 0.8149999999999999467, 0.000000000000000000 ) ) ;
#1313 = EDGE_CURVE ( 'NONE', #2602, #1904, #6720, .T. ) ;
#1314 = STYLED_ITEM ( 'NONE', ( #4812 ), #2432 ) ;
#1315 = ORIENTED_EDGE ( 'NONE', *, *, #3311, .T. ) ;
#1316 = EDGE_LOOP ( 'NONE', ( #6590, #6990, #3885, #1130 ) ) ;
#1317 = CARTESIAN_POINT ( 'NONE',  ( 0.9650000000000000799, -1.989999999999999991, 0.3800000000000000044 ) ) ;
#1318 = PLANE ( 'NONE',  #1957 ) ;
#1319 =( NAMED_UNIT ( * ) PLANE_ANGLE_UNIT ( ) SI_UNIT ( $, .RADIAN. ) );
#1320 = DIRECTION ( 'NONE',  ( 0.000000000000000000, 0.000000000000000000, -1.000000000000000000 ) ) ;
#1321 =( NAMED_UNIT ( * ) SI_UNIT ( $, .STERADIAN. ) SOLID_ANGLE_UNIT ( ) );
#1322 = VECTOR ( 'NONE', #4133, 1000.000000000000114 ) ;
#1323 = CARTESIAN_POINT ( 'NONE',  ( -2.895000000000000018, -2.135000000000000231, 0.000000000000000000 ) ) ;
#1324 = CARTESIAN_POINT ( 'NONE',  ( 0.8299999999999999600, -2.423826859021799951, 0.3800000000000000044 ) ) ;
#1325 = CARTESIAN_POINT ( 'NONE',  ( -2.945000000000000284, -1.775000000000000133, 0.3800000000000000044 ) ) ;
#1326 = CARTESIAN_POINT ( 'NONE',  ( -2.465000000000000302, 1.675000000000000044, 0.000000000000000000 ) ) ;
#1327 =( NAMED_UNIT ( * ) SI_UNIT ( $, .STERADIAN. ) SOLID_ANGLE_UNIT ( ) );
#1328 =( GEOMETRIC_REPRESENTATION_CONTEXT ( 3 ) GLOBAL_UNCERTAINTY_ASSIGNED_CONTEXT ( ( #1231 ) ) GLOBAL_UNIT_ASSIGNED_CONTEXT ( ( #2936, #4584, #1817 ) ) REPRESENTATION_CONTEXT ( 'NONE', 'WORKASPACE' ) );
#1329 = ORIENTED_EDGE ( 'NONE', *, *, #4502, .T. ) ;
#1330 = SURFACE_STYLE_FILL_AREA ( #1438 ) ;
#1331 = DIRECTION ( 'NONE',  ( 0.000000000000000000, 0.000000000000000000, -1.000000000000000000 ) ) ;
#1332 = ORIENTED_EDGE ( 'NONE', *, *, #2834, .F. ) ;
#1333 = DIRECTION ( 'NONE',  ( 0.000000000000000000, 0.000000000000000000, 1.000000000000000000 ) ) ;
#1334 = DIRECTION ( 'NONE',  ( -1.000000000000000000, 0.000000000000000000, 0.000000000000000000 ) ) ;
#1335 = AXIS2_PLACEMENT_3D ( 'NONE', #3928, #2821, #3427 ) ;
#1336 = ORIENTED_EDGE ( 'NONE', *, *, #5082, .F. ) ;
#1337 = ORIENTED_EDGE ( 'NONE', *, *, #4198, .T. ) ;
#1339 = LINE ( 'NONE', #4568, #5807 ) ;
#1338 = VECTOR ( 'NONE', #1333, 1000.000000000000000 ) ;
#1340 = ORIENTED_EDGE ( 'NONE', *, *, #5027, .F. ) ;
#1341 = ORIENTED_EDGE ( 'NONE', *, *, #3745, .T. ) ;
#1342 = ADVANCED_FACE ( 'NONE', ( #6351 ), #4153, .F. ) ;
#1343 = SURFACE_STYLE_USAGE ( .BOTH. , #3486 ) ;
#1344 = LINE ( 'NONE', #5077, #2105 ) ;
#1345 = CARTESIAN_POINT ( 'NONE',  ( 2.895000000000000018, -1.724999999999999867, 0.000000000000000000 ) ) ;
#1346 = LINE ( 'NONE', #1808, #4276 ) ;
#1347 = ADVANCED_FACE ( 'NONE', ( #6757 ), #6388, .T. ) ;
#1348 = STYLED_ITEM ( 'NONE', ( #5531 ), #5126 ) ;
#1349 = ORIENTED_EDGE ( 'NONE', *, *, #4935, .F. ) ;
#1350 = ORIENTED_EDGE ( 'NONE', *, *, #7123, .F. ) ;
#1351 = ADVANCED_FACE ( 'NONE', ( #4188 ), #1043, .T. ) ;
#1352 = FILL_AREA_STYLE_COLOUR ( '', #6898 ) ;
#1353 =( GEOMETRIC_REPRESENTATION_CONTEXT ( 3 ) GLOBAL_UNCERTAINTY_ASSIGNED_CONTEXT ( ( #4957 ) ) GLOBAL_UNIT_ASSIGNED_CONTEXT ( ( #2214, #575, #2759 ) ) REPRESENTATION_CONTEXT ( 'NONE', 'WORKASPACE' ) );
#1354 = MECHANICAL_DESIGN_GEOMETRIC_PRESENTATION_REPRESENTATION (  '', ( #6552 ), #7122 ) ;
#1355 = CARTESIAN_POINT ( 'NONE',  ( 2.465000000000000302, 0.8149999999999999467, 0.3300000000000000155 ) ) ;
#1356 = LINE ( 'NONE', #2061, #6895 ) ;
#1357 = EDGE_CURVE ( 'NONE', #1904, #1456, #5970, .T. ) ;
#1358 = EDGE_CURVE ( 'NONE', #4820, #4339, #4260, .T. ) ;
#1359 =( GEOMETRIC_REPRESENTATION_CONTEXT ( 3 ) GLOBAL_UNCERTAINTY_ASSIGNED_CONTEXT ( ( #804 ) ) GLOBAL_UNIT_ASSIGNED_CONTEXT ( ( #7128, #3814, #5 ) ) REPRESENTATION_CONTEXT ( 'NONE', 'WORKASPACE' ) );
#1360 = VECTOR ( 'NONE', #1237, 1000.000000000000000 ) ;
#1361 = ORIENTED_EDGE ( 'NONE', *, *, #245, .F. ) ;
#1362 = CARTESIAN_POINT ( 'NONE',  ( -0.4449999999999999512, -1.989999999999999991, 0.3300000000000000155 ) ) ;
#1363 = FACE_OUTER_BOUND ( 'NONE', #5589, .T. ) ;
#1364 = LINE ( 'NONE', #6890, #4999 ) ;
#1365 =( LENGTH_UNIT ( ) NAMED_UNIT ( * ) SI_UNIT ( .MILLI., .METRE. ) );
#1366 = PRESENTATION_STYLE_ASSIGNMENT (( #4615 ) ) ;
#1367 = AXIS2_PLACEMENT_3D ( 'NONE', #6594, #1597, #3778 ) ;
#1368 = COLOUR_RGB ( '',0.2862745098039215508, 0.2862745098039215508, 0.2862745098039215508 ) ;
#1369 = CARTESIAN_POINT ( 'NONE',  ( -1.232500000000000151, -1.724999999999999867, 0.000000000000000000 ) ) ;
#1370 = VERTEX_POINT ( 'NONE', #2607 ) ;
#1371 = SURFACE_SIDE_STYLE ('',( #3443 ) ) ;
#1372 = ORIENTED_EDGE ( 'NONE', *, *, #5309, .T. ) ;
#1373 =( LENGTH_UNIT ( ) NAMED_UNIT ( * ) SI_UNIT ( .MILLI., .METRE. ) );
#1374 = DIRECTION ( 'NONE',  ( 0.000000000000000000, 1.000000000000000000, 0.000000000000000000 ) ) ;
#1375 = UNCERTAINTY_MEASURE_WITH_UNIT (LENGTH_MEASURE( 1.000000000000000082E-05 ), #1545, 'distance_accuracy_value', 'NONE');
#1376 = COLOUR_RGB ( '',0.7490196078431372584, 0.7490196078431372584, 0.7490196078431372584 ) ;
#1377 = ORIENTED_EDGE ( 'NONE', *, *, #6294, .T. ) ;
#1378 = VERTEX_POINT ( 'NONE', #6007 ) ;
#1379 = EDGE_LOOP ( 'NONE', ( #5739, #4879, #2914, #5549 ) ) ;
#1380 = CARTESIAN_POINT ( 'NONE',  ( -2.465000000000000302, -2.135000000000000231, 0.3300000000000000155 ) ) ;
#1381 = DIRECTION ( 'NONE',  ( -1.132880637372609972E-16, 1.000000000000000000, 0.000000000000000000 ) ) ;
#1382 = CARTESIAN_POINT ( 'NONE',  ( 2.861967654140120221, 2.366967654140120114, 1.119999999999999885 ) ) ;
#1383 = DIRECTION ( 'NONE',  ( -0.4999999999999995004, -0.8660254037844390407, 0.000000000000000000 ) ) ;
#1384 = CARTESIAN_POINT ( 'NONE',  ( -2.945000000000000284, 0.4550000000000000155, 0.3800000000000000044 ) ) ;
#1385 = ORIENTED_EDGE ( 'NONE', *, *, #6746, .F. ) ;
#1386 = EDGE_LOOP ( 'NONE', ( #5009, #6662, #3556, #3519 ) ) ;
#1387 = DIRECTION ( 'NONE',  ( 0.000000000000000000, 0.9945218953682734009, -0.1045284632676540537 ) ) ;
#1388 =( LENGTH_UNIT ( ) NAMED_UNIT ( * ) SI_UNIT ( .MILLI., .METRE. ) );
#1389 = VECTOR ( 'NONE', #11, 1000.000000000000000 ) ;
#1390 = DIRECTION ( 'NONE',  ( 0.000000000000000000, 0.000000000000000000, 1.000000000000000000 ) ) ;
#1391 = EDGE_CURVE ( 'NONE', #5689, #5065, #496, .T. ) ;
#1392 = MECHANICAL_DESIGN_GEOMETRIC_PRESENTATION_REPRESENTATION (  '', ( #950 ), #1840 ) ;
#1393 = ORIENTED_EDGE ( 'NONE', *, *, #2166, .F. ) ;
#1394 = EDGE_CURVE ( 'NONE', #2788, #3855, #1468, .T. ) ;
#1395 = EDGE_CURVE ( 'NONE', #5379, #2051, #976, .T. ) ;
#1396 = DIRECTION ( 'NONE',  ( 0.000000000000000000, 1.000000000000000000, 0.000000000000000000 ) ) ;
#1397 = DIRECTION ( 'NONE',  ( 0.000000000000000000, 0.000000000000000000, 1.000000000000000000 ) ) ;
#1398 = DIRECTION ( 'NONE',  ( 0.000000000000000000, 0.000000000000000000, 1.000000000000000000 ) ) ;
#1399 = DIRECTION ( 'NONE',  ( 0.000000000000000000, 0.000000000000000000, 1.000000000000000000 ) ) ;
#1400 = ORIENTED_EDGE ( 'NONE', *, *, #3139, .T. ) ;
#1401 = CARTESIAN_POINT ( 'NONE',  ( -2.945000000000000284, -0.5050000000000000044, 0.000000000000000000 ) ) ;
#1402 = PLANE ( 'NONE',  #876 ) ;
#1403 = DIRECTION ( 'NONE',  ( 1.000000000000000000, 0.000000000000000000, 0.000000000000000000 ) ) ;
#1404 = DIRECTION ( 'NONE',  ( 0.000000000000000000, 0.000000000000000000, -1.000000000000000000 ) ) ;
#1405 = VECTOR ( 'NONE', #4334, 1000.000000000000000 ) ;
#1406 = VERTEX_POINT ( 'NONE', #464 ) ;
#1407 = ORIENTED_EDGE ( 'NONE', *, *, #4984, .F. ) ;
#1408 = LINE ( 'NONE', #330, #1094 ) ;
#1409 = VERTEX_POINT ( 'NONE', #7031 ) ;
#1410 = LINE ( 'NONE', #5772, #1111 ) ;
#1411 = PRESENTATION_STYLE_ASSIGNMENT (( #1523 ) ) ;
#1412 = STYLED_ITEM ( 'NONE', ( #3073 ), #1738 ) ;
#1413 = FILL_AREA_STYLE_COLOUR ( '', #3180 ) ;
#1414 = VECTOR ( 'NONE', #1530, 1000.000000000000000 ) ;
#1415 = AXIS2_PLACEMENT_3D ( 'NONE', #6485, #7013, #4745 ) ;
#1416 = VERTEX_POINT ( 'NONE', #6995 ) ;
#1417 = ORIENTED_EDGE ( 'NONE', *, *, #566, .T. ) ;
#1418 = CARTESIAN_POINT ( 'NONE',  ( -2.895000000000000018, 2.084999999999999964, 0.000000000000000000 ) ) ;
#1419 = LINE ( 'NONE', #6517, #820 ) ;
#1420 = LINE ( 'NONE', #5228, #6954 ) ;
#1421 = ITEM_DEFINED_TRANSFORMATION ( 'NONE', 'NONE', #5274,  #2862 ) ;
#1422 = FACE_OUTER_BOUND ( 'NONE', #6075, .T. ) ;
#1423 =( GEOMETRIC_REPRESENTATION_CONTEXT ( 3 ) GLOBAL_UNCERTAINTY_ASSIGNED_CONTEXT ( ( #307 ) ) GLOBAL_UNIT_ASSIGNED_CONTEXT ( ( #6513, #2118, #618 ) ) REPRESENTATION_CONTEXT ( 'NONE', 'WORKASPACE' ) );
#1424 = ORIENTED_EDGE ( 'NONE', *, *, #5396, .F. ) ;
#1425 = EDGE_LOOP ( 'NONE', ( #1039, #5522, #5433, #5910 ) ) ;
#1426 =( GEOMETRIC_REPRESENTATION_CONTEXT ( 3 ) GLOBAL_UNCERTAINTY_ASSIGNED_CONTEXT ( ( #2240 ) ) GLOBAL_UNIT_ASSIGNED_CONTEXT ( ( #6311, #5866, #276 ) ) REPRESENTATION_CONTEXT ( 'NONE', 'WORKASPACE' ) );
#1427 = FILL_AREA_STYLE ('',( #1570 ) ) ;
#1428 = CARTESIAN_POINT ( 'NONE',  ( 2.895000000000000018, 1.675000000000000044, 0.000000000000000000 ) ) ;
#1429 = CARTESIAN_POINT ( 'NONE',  ( -2.465000000000000302, 2.084999999999999964, 0.3300000000000000155 ) ) ;
#1430 = PRESENTATION_STYLE_ASSIGNMENT (( #6176 ) ) ;
#1431 = PLANE ( 'NONE',  #7017 ) ;
#1432 = EDGE_CURVE ( 'NONE', #2656, #3225, #2538, .T. ) ;
#1433 = LINE ( 'NONE', #3081, #2366 ) ;
#1434 = PRESENTATION_STYLE_ASSIGNMENT (( #6998 ) ) ;
#1435 = EDGE_CURVE ( 'NONE', #7058, #2151, #2680, .T. ) ;
#1436 = VECTOR ( 'NONE', #7053, 1000.000000000000000 ) ;
#1437 = ORIENTED_EDGE ( 'NONE', *, *, #2880, .F. ) ;
#1438 = FILL_AREA_STYLE ('',( #176 ) ) ;
#1439 =( NAMED_UNIT ( * ) SI_UNIT ( $, .STERADIAN. ) SOLID_ANGLE_UNIT ( ) );
#1440 = ORIENTED_EDGE ( 'NONE', *, *, #3845, .T. ) ;
#1441 = ADVANCED_FACE ( 'NONE', ( #1608 ), #2138, .T. ) ;
#1442 = DIRECTION ( 'NONE',  ( 0.000000000000000000, 0.000000000000000000, 1.000000000000000000 ) ) ;
#1443 = FILL_AREA_STYLE ('',( #6722 ) ) ;
#1444 = EDGE_CURVE ( 'NONE', #1228, #4456, #1998, .T. ) ;
#1445 = STYLED_ITEM ( 'NONE', ( #2173 ), #4279 ) ;
#1446 = EDGE_LOOP ( 'NONE', ( #2274, #6836, #3962, #3550 ) ) ;
#1447 = VERTEX_POINT ( 'NONE', #4803 ) ;
#1448 = LINE ( 'NONE', #6444, #1883 ) ;
#1449 = ORIENTED_EDGE ( 'NONE', *, *, #26, .T. ) ;
#1450 = DIRECTION ( 'NONE',  ( 0.000000000000000000, -1.000000000000000000, 0.000000000000000000 ) ) ;
#1451 = PRESENTATION_STYLE_ASSIGNMENT (( #3126 ) ) ;
#1452 = VECTOR ( 'NONE', #4744, 1000.000000000000000 ) ;
#1453 = SURFACE_STYLE_USAGE ( .BOTH. , #5298 ) ;
#1454 = SURFACE_SIDE_STYLE ('',( #3525 ) ) ;
#1455 = VECTOR ( 'NONE', #3622, 1000.000000000000000 ) ;
#1456 = VERTEX_POINT ( 'NONE', #4223 ) ;
#1457 = ORIENTED_EDGE ( 'NONE', *, *, #4110, .F. ) ;
#1458 = DIRECTION ( 'NONE',  ( -0.7071067811865441310, 0.7071067811865510144, 0.000000000000000000 ) ) ;
#1459 = LINE ( 'NONE', #2595, #5290 ) ;
#1460 = PRESENTATION_STYLE_ASSIGNMENT (( #6521 ) ) ;
#1461 = APPLICATION_PROTOCOL_DEFINITION ( 'draft international standard', 'automotive_design', 1998, #6466 ) ;
#1462 = PRESENTATION_STYLE_ASSIGNMENT (( #2562 ) ) ;
#1463 = MECHANICAL_DESIGN_GEOMETRIC_PRESENTATION_REPRESENTATION (  '', ( #6887 ), #2713 ) ;
#1464 = VERTEX_POINT ( 'NONE', #6469 ) ;
#1465 = LINE ( 'NONE', #945, #5397 ) ;
#1466 = PLANE ( 'NONE',  #3538 ) ;
#1467 = PLANE ( 'NONE',  #5692 ) ;
#1468 = LINE ( 'NONE', #4869, #4730 ) ;
#1469 = CARTESIAN_POINT ( 'NONE',  ( 0.8299999999999999600, 2.575000000000000178, 0.000000000000000000 ) ) ;
#1470 = DIRECTION ( 'NONE',  ( 2.176907891421880063E-15, 1.000000000000000000, 0.000000000000000000 ) ) ;
#1471 = CARTESIAN_POINT ( 'NONE',  ( 0.9650000000000000799, -2.189999999999999947, 0.000000000000000000 ) ) ;
#1472 = VECTOR ( 'NONE', #2796, 1000.000000000000000 ) ;
#1473 = EDGE_CURVE ( 'NONE', #1484, #6563, #3686, .T. ) ;
#1474 = VERTEX_POINT ( 'NONE', #2069 ) ;
#1475 = FACE_OUTER_BOUND ( 'NONE', #6805, .T. ) ;
#1476 = VECTOR ( 'NONE', #847, 1000.000000000000000 ) ;
#1478 = FACE_OUTER_BOUND ( 'NONE', #3339, .T. ) ;
#1477 = MECHANICAL_DESIGN_GEOMETRIC_PRESENTATION_REPRESENTATION (  '', ( #6672 ), #4453 ) ;
#1479 = FACE_OUTER_BOUND ( 'NONE', #4661, .T. ) ;
#1480 = VECTOR ( 'NONE', #239, 1000.000000000000000 ) ;
#1481 = EDGE_CURVE ( 'NONE', #1156, #43, #3651, .T. ) ;
#1482 = ORIENTED_EDGE ( 'NONE', *, *, #2621, .F. ) ;
#1483 = EDGE_CURVE ( 'NONE', #1871, #2203, #3719, .T. ) ;
#1484 = VERTEX_POINT ( 'NONE', #2642 ) ;
#1485 = CARTESIAN_POINT ( 'NONE',  ( 2.945000000000000284, -2.084999999999999964, 0.000000000000000000 ) ) ;
#1486 = ADVANCED_FACE ( 'NONE', ( #4836 ), #2104, .F. ) ;
#1487 = ORIENTED_EDGE ( 'NONE', *, *, #3979, .F. ) ;
#1488 = CARTESIAN_POINT ( 'NONE',  ( -0.9650000000000000799, -1.989999999999999991, 0.000000000000000000 ) ) ;
#1489 = AXIS2_PLACEMENT_3D ( 'NONE', #6776, #4516, #3354 ) ;
#1490 = PLANE ( 'NONE',  #2222 ) ;
#1491 = CARTESIAN_POINT ( 'NONE',  ( 0.9650000000000000799, -2.189999999999999947, 0.000000000000000000 ) ) ;
#1492 = EDGE_CURVE ( 'NONE', #5701, #2016, #6080, .T. ) ;
#1493 = VECTOR ( 'NONE', #2224, 1000.000000000000000 ) ;
#1494 = ORIENTED_EDGE ( 'NONE', *, *, #4157, .T. ) ;
#1495 = VERTEX_POINT ( 'NONE', #3428 ) ;
#1496 = LINE ( 'NONE', #3640, #5808 ) ;
#1497 = DIRECTION ( 'NONE',  ( 1.000000000000000000, 0.000000000000000000, 0.000000000000000000 ) ) ;
#1498 = LINE ( 'NONE', #2094, #79 ) ;
#1499 =( LENGTH_UNIT ( ) NAMED_UNIT ( * ) SI_UNIT ( .MILLI., .METRE. ) );
#1500 = DIRECTION ( 'NONE',  ( 0.000000000000000000, -1.000000000000000000, 0.000000000000000000 ) ) ;
#1501 = MECHANICAL_DESIGN_GEOMETRIC_PRESENTATION_REPRESENTATION (  '', ( #941 ), #4359 ) ;
#1502 = VECTOR ( 'NONE', #1563, 1000.000000000000000 ) ;
#1503 = VERTEX_POINT ( 'NONE', #5528 ) ;
#1504 = EDGE_LOOP ( 'NONE', ( #2976, #407, #6694, #1535 ) ) ;
#1505 = CARTESIAN_POINT ( 'NONE',  ( 2.465000000000000302, 2.084999999999999964, 0.000000000000000000 ) ) ;
#1506 = CARTESIAN_POINT ( 'NONE',  ( -0.8299999999999999600, 2.423826859021799951, 0.3300000000000000155 ) ) ;
#1507 = LINE ( 'NONE', #3574, #3617 ) ;
#1508 = DIRECTION ( 'NONE',  ( -0.000000000000000000, 1.000000000000000000, 0.000000000000000000 ) ) ;
#1509 = PLANE ( 'NONE',  #5151 ) ;
#1510 = CARTESIAN_POINT ( 'NONE',  ( -2.465000000000000302, -1.879999999999999893, 0.3800000000000000044 ) ) ;
#1511 = CARTESIAN_POINT ( 'NONE',  ( -2.945000000000000284, 2.449999999999999734, 0.000000000000000000 ) ) ;
#1512 = PLANE ( 'NONE',  #1929 ) ;
#1513 =( GEOMETRIC_REPRESENTATION_CONTEXT ( 3 ) GLOBAL_UNCERTAINTY_ASSIGNED_CONTEXT ( ( #6461 ) ) GLOBAL_UNIT_ASSIGNED_CONTEXT ( ( #4098, #2302, #1275 ) ) REPRESENTATION_CONTEXT ( 'NONE', 'WORKASPACE' ) );
#1514 = FILL_AREA_STYLE_COLOUR ( '', #4923 ) ;
#1515 = PRESENTATION_STYLE_ASSIGNMENT (( #2041 ) ) ;
#1516 = DIRECTION ( 'NONE',  ( 1.000000000000000000, 0.000000000000000000, 0.000000000000000000 ) ) ;
#1517 = PRESENTATION_STYLE_ASSIGNMENT (( #2011 ) ) ;
#1518 = VERTEX_POINT ( 'NONE', #3860 ) ;
#1519 = DIRECTION ( 'NONE',  ( -2.176907891421880063E-15, -1.000000000000000000, 0.000000000000000000 ) ) ;
#1520 = ORIENTED_EDGE ( 'NONE', *, *, #1824, .T. ) ;
#1521 = LINE ( 'NONE', #3632, #4021 ) ;
#1522 = CARTESIAN_POINT ( 'NONE',  ( -2.945000000000000284, -2.449999999999999734, 0.000000000000000000 ) ) ;
#1523 = SURFACE_STYLE_USAGE ( .BOTH. , #2629 ) ;
#1524 = EDGE_CURVE ( 'NONE', #3600, #4243, #6040, .T. ) ;
#1525 = DIRECTION ( 'NONE',  ( -1.000000000000000000, 0.000000000000000000, 0.000000000000000000 ) ) ;
#1526 = EDGE_CURVE ( 'NONE', #3663, #3225, #1247, .T. ) ;
#1527 = EDGE_CURVE ( 'NONE', #2399, #359, #1109, .T. ) ;
#1528 = ORIENTED_EDGE ( 'NONE', *, *, #1567, .F. ) ;
#1529 = ORIENTED_EDGE ( 'NONE', *, *, #4202, .F. ) ;
#1530 = DIRECTION ( 'NONE',  ( 0.000000000000000000, 1.000000000000000000, 0.000000000000000000 ) ) ;
#1531 = PRESENTATION_LAYER_ASSIGNMENT (  '', '', ( #4610 ) ) ;
#1532 = DIRECTION ( 'NONE',  ( -1.000000000000000000, -1.516698121072619908E-16, 0.000000000000000000 ) ) ;
#1533 = EDGE_CURVE ( 'NONE', #1305, #4783, #121, .T. ) ;
#1534 = CARTESIAN_POINT ( 'NONE',  ( 0.9650000000000000799, 2.189999999999999947, 0.000000000000000000 ) ) ;
#1535 = ORIENTED_EDGE ( 'NONE', *, *, #3181, .F. ) ;
#1536 = VECTOR ( 'NONE', #4578, 1000.000000000000000 ) ;
#1537 = VERTEX_POINT ( 'NONE', #3288 ) ;
#1538 = VERTEX_POINT ( 'NONE', #4974 ) ;
#1539 = CARTESIAN_POINT ( 'NONE',  ( -2.465000000000000302, 1.675000000000000044, 0.3800000000000000044 ) ) ;
#1540 = CARTESIAN_POINT ( 'NONE',  ( 2.945000000000000284, 1.724999999999999867, 0.000000000000000000 ) ) ;
#1541 = DIRECTION ( 'NONE',  ( 0.7071067811865570096, -0.7071067811865380248, 0.000000000000000000 ) ) ;
#1542 = CARTESIAN_POINT ( 'NONE',  ( -2.465000000000000302, -1.724999999999999867, 0.3300000000000000155 ) ) ;
#1543 = FACE_OUTER_BOUND ( 'NONE', #4702, .T. ) ;
#1544 = VECTOR ( 'NONE', #6842, 1000.000000000000000 ) ;
#1545 =( LENGTH_UNIT ( ) NAMED_UNIT ( * ) SI_UNIT ( .MILLI., .METRE. ) );
#1546 = CARTESIAN_POINT ( 'NONE',  ( 2.465000000000000302, 0.8375000000000000222, 0.000000000000000000 ) ) ;
#1547 = STYLED_ITEM ( 'NONE', ( #6619 ), #2221 ) ;
#1548 = PRESENTATION_STYLE_ASSIGNMENT (( #5869 ) ) ;
#1549 = CARTESIAN_POINT ( 'NONE',  ( -0.8299999999999999600, -2.449999999999999734, 0.3300000000000000155 ) ) ;
#1550 = CARTESIAN_POINT ( 'NONE',  ( 2.465000000000000302, -0.8649999999999999911, 0.000000000000000000 ) ) ;
#1551 = VECTOR ( 'NONE', #6056, 1000.000000000000000 ) ;
#1552 = ORIENTED_EDGE ( 'NONE', *, *, #3883, .F. ) ;
#1553 = LINE ( 'NONE', #5876, #3605 ) ;
#1554 = UNCERTAINTY_MEASURE_WITH_UNIT (LENGTH_MEASURE( 1.000000000000000082E-05 ), #3335, 'distance_accuracy_value', 'NONE');
#1555 = ORIENTED_EDGE ( 'NONE', *, *, #4943, .F. ) ;
#1556 = CARTESIAN_POINT ( 'NONE',  ( 3.075000000000000178, 1.724999999999999867, 0.000000000000000000 ) ) ;
#1557 = LINE ( 'NONE', #3772, #2356 ) ;
#1558 = LINE ( 'NONE', #2085, #3870 ) ;
#1559 = PRESENTATION_LAYER_ASSIGNMENT (  '', '', ( #4990 ) ) ;
#1560 = EDGE_CURVE ( 'NONE', #912, #582, #672, .T. ) ;
#1561 = ORIENTED_EDGE ( 'NONE', *, *, #390, .F. ) ;
#1562 = AXIS2_PLACEMENT_3D ( 'NONE', #2499, #3685, #1887 ) ;
#1563 = DIRECTION ( 'NONE',  ( 0.000000000000000000, 0.000000000000000000, -1.000000000000000000 ) ) ;
#1564 = SURFACE_SIDE_STYLE ('',( #964 ) ) ;
#1565 = FACE_OUTER_BOUND ( 'NONE', #7136, .T. ) ;
#1566 = VECTOR ( 'NONE', #1246, 1000.000000000000000 ) ;
#1567 = EDGE_CURVE ( 'NONE', #1944, #5618, #2860, .T. ) ;
#1568 = EDGE_LOOP ( 'NONE', ( #4355, #369, #767, #5345, #4918, #5813, #6375, #3067, #5504, #6634, #827, #4240, #5907, #5798, #5111, #1707, #191, #5440, #1022, #2991, #6683, #553, #5285, #3510, #4498, #2700, #3423, #493, #4872, #2891, #4599, #836, #3502, #943, #2787, #5818, #5010, #3405, #3900, #4971, #2440, #5069, #2768, #4078, #1783, #6212, #2090, #2121, #1449, #1972, #2546, #3701 ) ) ;
#1569 = ORIENTED_EDGE ( 'NONE', *, *, #3705, .F. ) ;
#1570 = FILL_AREA_STYLE_COLOUR ( '', #3781 ) ;
#1571 = EDGE_CURVE ( 'NONE', #3085, #6220, #4439, .T. ) ;
#1572 = DIRECTION ( 'NONE',  ( -1.000000000000000000, 0.000000000000000000, 0.000000000000000000 ) ) ;
#1573 = EDGE_CURVE ( 'NONE', #925, #5251, #5562, .T. ) ;
#1574 = LINE ( 'NONE', #3755, #1764 ) ;
#1575 = AXIS2_PLACEMENT_3D ( 'NONE', #3616, #4262, #5282 ) ;
#1576 = EDGE_LOOP ( 'NONE', ( #3327, #445, #3713, #3154 ) ) ;
#1577 =( NAMED_UNIT ( * ) SI_UNIT ( $, .STERADIAN. ) SOLID_ANGLE_UNIT ( ) );
#1578 = LINE ( 'NONE', #3764, #5685 ) ;
#1579 = CARTESIAN_POINT ( 'NONE',  ( 0.5799999999999999600, 2.575000000000000178, 0.000000000000000000 ) ) ;
#1580 = VECTOR ( 'NONE', #5051, 1000.000000000000000 ) ;
#1581 = VECTOR ( 'NONE', #2930, 1000.000000000000000 ) ;
#1582 = CARTESIAN_POINT ( 'NONE',  ( -3.075000000000000178, -0.5050000000000000044, 0.3800000000000000044 ) ) ;
#1583 = AXIS2_PLACEMENT_3D ( 'NONE', #6942, #3633, #6408 ) ;
#1584 = PRESENTATION_LAYER_ASSIGNMENT (  '', '', ( #7008 ) ) ;
#1585 = EDGE_LOOP ( 'NONE', ( #5606, #3837, #5181, #4044 ) ) ;
#1586 = DIRECTION ( 'NONE',  ( -0.7071067811865550112, -0.7071067811865400232, 0.000000000000000000 ) ) ;
#1587 = ORIENTED_EDGE ( 'NONE', *, *, #1214, .F. ) ;
#1588 = CARTESIAN_POINT ( 'NONE',  ( 2.945000000000000284, -0.5050000000000000044, 0.000000000000000000 ) ) ;
#1589 = CARTESIAN_POINT ( 'NONE',  ( -2.945000000000000284, -2.449999999999999734, 0.000000000000000000 ) ) ;
#1590 = CARTESIAN_POINT ( 'NONE',  ( -2.465000000000000302, 1.675000000000000044, 0.3300000000000000155 ) ) ;
#1591 =( NAMED_UNIT ( * ) SI_UNIT ( $, .STERADIAN. ) SOLID_ANGLE_UNIT ( ) );
#1592 = STYLED_ITEM ( 'NONE', ( #4374 ), #6909 ) ;
#1593 = ORIENTED_EDGE ( 'NONE', *, *, #600, .T. ) ;
#1594 = ORIENTED_EDGE ( 'NONE', *, *, #6150, .F. ) ;
#1595 = SURFACE_STYLE_USAGE ( .BOTH. , #4286 ) ;
#1596 = DIRECTION ( 'NONE',  ( -0.7071067811865550112, 0.7071067811865400232, 0.000000000000000000 ) ) ;
#1597 = DIRECTION ( 'NONE',  ( -0.8660254037844387076, -0.4999999999999998890, 0.000000000000000000 ) ) ;
#1598 = LINE ( 'NONE', #7, #6142 ) ;
#1599 = CARTESIAN_POINT ( 'NONE',  ( -2.211889550080823330, 1.934733596112490073, 1.119900000000000118 ) ) ;
#1600 = ORIENTED_EDGE ( 'NONE', *, *, #386, .T. ) ;
#1601 = ORIENTED_EDGE ( 'NONE', *, *, #6645, .F. ) ;
#1602 = VERTEX_POINT ( 'NONE', #85 ) ;
#1603 = CARTESIAN_POINT ( 'NONE',  ( -2.895000000000000018, 0.4049999999999999711, 0.3300000000000000155 ) ) ;
#1604 = APPLICATION_CONTEXT ( 'automotive_design' ) ;
#1605 = LINE ( 'NONE', #6005, #6074 ) ;
#1606 = VECTOR ( 'NONE', #1793, 1000.000000000000000 ) ;
#1607 = CARTESIAN_POINT ( 'NONE',  ( -0.4450000000000049472, 0.9949999999999999956, 0.000000000000000000 ) ) ;
#1608 = FACE_OUTER_BOUND ( 'NONE', #2168, .T. ) ;
#1609 = EDGE_CURVE ( 'NONE', #548, #6035, #2207, .T. ) ;
#1610 = AXIS2_PLACEMENT_3D ( 'NONE', #2101, #2677, #3613 ) ;
#1611 = EDGE_CURVE ( 'NONE', #3347, #3300, #2279, .T. ) ;
#1612 = EDGE_CURVE ( 'NONE', #884, #6654, #3353, .T. ) ;
#1613 = VERTEX_POINT ( 'NONE', #1748 ) ;
#1614 = DIRECTION ( 'NONE',  ( 1.000000000000000000, 0.000000000000000000, 0.000000000000000000 ) ) ;
#1615 = FACE_OUTER_BOUND ( 'NONE', #3171, .T. ) ;
#1616 = PLANE ( 'NONE',  #1099 ) ;
#1617 =( NAMED_UNIT ( * ) SI_UNIT ( $, .STERADIAN. ) SOLID_ANGLE_UNIT ( ) );
#1618 = LINE ( 'NONE', #4948, #3160 ) ;
#1619 = DIRECTION ( 'NONE',  ( 1.132880637372609972E-16, -1.000000000000000000, 0.000000000000000000 ) ) ;
#1620 = ADVANCED_FACE ( 'NONE', ( #3929 ), #5592, .F. ) ;
#1621 = MECHANICAL_DESIGN_GEOMETRIC_PRESENTATION_REPRESENTATION (  '', ( #3561 ), #3215 ) ;
#1622 = ORIENTED_EDGE ( 'NONE', *, *, #4778, .T. ) ;
#1623 = FILL_AREA_STYLE ('',( #2015 ) ) ;
#1624 = DIRECTION ( 'NONE',  ( 1.132880637372609972E-16, -1.000000000000000000, 0.000000000000000000 ) ) ;
#1625 = SURFACE_STYLE_USAGE ( .BOTH. , #2769 ) ;
#1626 = PLANE ( 'NONE',  #2912 ) ;
#1627 = ORIENTED_EDGE ( 'NONE', *, *, #5529, .T. ) ;
#1628 = ORIENTED_EDGE ( 'NONE', *, *, #3492, .F. ) ;
#1629 = LINE ( 'NONE', #5477, #1308 ) ;
#1630 = DIRECTION ( 'NONE',  ( -0.000000000000000000, 1.000000000000000000, 0.000000000000000000 ) ) ;
#1631 = PRESENTATION_STYLE_ASSIGNMENT (( #5887 ) ) ;
#1632 = LINE ( 'NONE', #1100, #1983 ) ;
#1633 = FACE_OUTER_BOUND ( 'NONE', #3982, .T. ) ;
#1634 = ORIENTED_EDGE ( 'NONE', *, *, #1055, .T. ) ;
#1635 = VECTOR ( 'NONE', #7101, 1000.000000000000000 ) ;
#1636 = ORIENTED_EDGE ( 'NONE', *, *, #6162, .T. ) ;
#1637 = CARTESIAN_POINT ( 'NONE',  ( -2.095000000000000195, -0.3950000000000000178, 0.000000000000000000 ) ) ;
#1638 = CARTESIAN_POINT ( 'NONE',  ( -2.945000000000000284, 1.724999999999999867, 0.000000000000000000 ) ) ;
#1639 = DIRECTION ( 'NONE',  ( -0.7071067811865441310, 0.7071067811865510144, 0.000000000000000000 ) ) ;
#1640 = PLANE ( 'NONE',  #1797 ) ;
#1641 = VECTOR ( 'NONE', #1046, 1000.000000000000000 ) ;
#1642 = AXIS2_PLACEMENT_3D ( 'NONE', #3063, #1980, #2589 ) ;
#1643 = EDGE_CURVE ( 'NONE', #4107, #6905, #782, .T. ) ;
#1644 = CARTESIAN_POINT ( 'NONE',  ( 2.895000000000000018, -0.4550000000000000155, 0.000000000000000000 ) ) ;
#1645 = FACE_OUTER_BOUND ( 'NONE', #2149, .T. ) ;
#1646 = CARTESIAN_POINT ( 'NONE',  ( -2.412500000000000089, -1.347499999999999920, 0.000000000000000000 ) ) ;
#1647 = CARTESIAN_POINT ( 'NONE',  ( 3.075000000000000178, -2.084999999999999964, 0.000000000000000000 ) ) ;
#1648 = EDGE_CURVE ( 'NONE', #5368, #4379, #5194, .T. ) ;
#1649 = UNCERTAINTY_MEASURE_WITH_UNIT (LENGTH_MEASURE( 1.000000000000000082E-05 ), #6359, 'distance_accuracy_value', 'NONE');
#1650 = AXIS2_PLACEMENT_3D ( 'NONE', #3586, #6361, #3624 ) ;
#1651 = EDGE_CURVE ( 'NONE', #6133, #1156, #1420, .T. ) ;
#1652 = FACE_OUTER_BOUND ( 'NONE', #1386, .T. ) ;
#1653 = ORIENTED_EDGE ( 'NONE', *, *, #6010, .F. ) ;
#1654 = CARTESIAN_POINT ( 'NONE',  ( -1.195000000000000062, -1.879999999999999893, 0.000000000000000000 ) ) ;
#1655 = VECTOR ( 'NONE', #2267, 1000.000000000000000 ) ;
#1656 = ORIENTED_EDGE ( 'NONE', *, *, #5079, .F. ) ;
#1657 = DIRECTION ( 'NONE',  ( -0.7071067811865441310, -0.7071067811865510144, 0.000000000000000000 ) ) ;
#1658 = SURFACE_STYLE_USAGE ( .BOTH. , #4920 ) ;
#1659 = ADVANCED_FACE ( 'NONE', ( #5665 ), #3568, .T. ) ;
#1660 =( LENGTH_UNIT ( ) NAMED_UNIT ( * ) SI_UNIT ( .MILLI., .METRE. ) );
#1661 = EDGE_CURVE ( 'NONE', #6968, #3693, #5632, .T. ) ;
#1662 = PRODUCT_DEFINITION_CONTEXT ( 'detailed design', #6466, 'design' ) ;
#1663 = ORIENTED_EDGE ( 'NONE', *, *, #3216, .T. ) ;
#1664 = DIRECTION ( 'NONE',  ( 0.000000000000000000, -1.000000000000000000, 0.000000000000000000 ) ) ;
#1665 = DIRECTION ( 'NONE',  ( 0.7071067811865474617, 0.7071067811865474617, 0.000000000000000000 ) ) ;
#1666 =( LENGTH_UNIT ( ) NAMED_UNIT ( * ) SI_UNIT ( .MILLI., .METRE. ) );
#1667 = VECTOR ( 'NONE', #2720, 999.9999999999998863 ) ;
#1668 = PRESENTATION_STYLE_ASSIGNMENT (( #2238 ) ) ;
#1669 = FILL_AREA_STYLE ('',( #2200 ) ) ;
#1670 = VECTOR ( 'NONE', #7100, 1000.000000000000000 ) ;
#1671 = ORIENTED_EDGE ( 'NONE', *, *, #4559, .F. ) ;
#1672 = CARTESIAN_POINT ( 'NONE',  ( -2.648310901698897268, 1.934733596112490073, -6.623158270370040235 ) ) ;
#1673 = LINE ( 'NONE', #6631, #780 ) ;
#1674 = VECTOR ( 'NONE', #3897, 1000.000000000000000 ) ;
#1675 = VERTEX_POINT ( 'NONE', #1355 ) ;
#1676 = VECTOR ( 'NONE', #3366, 1000.000000000000000 ) ;
#1677 = FACE_OUTER_BOUND ( 'NONE', #1446, .T. ) ;
#1678 = DIRECTION ( 'NONE',  ( 1.000000000000000000, 0.000000000000000000, 0.000000000000000000 ) ) ;
#1679 = DIRECTION ( 'NONE',  ( -0.000000000000000000, 1.000000000000000000, 0.000000000000000000 ) ) ;
#1680 = FACE_OUTER_BOUND ( 'NONE', #2506, .T. ) ;
#1681 = LINE ( 'NONE', #1579, #4779 ) ;
#1682 = FILL_AREA_STYLE ('',( #2219 ) ) ;
#1683 =( GEOMETRIC_REPRESENTATION_CONTEXT ( 3 ) GLOBAL_UNCERTAINTY_ASSIGNED_CONTEXT ( ( #4463 ) ) GLOBAL_UNIT_ASSIGNED_CONTEXT ( ( #5600, #1820, #3976 ) ) REPRESENTATION_CONTEXT ( 'NONE', 'WORKASPACE' ) );
#1684 = EDGE_CURVE ( 'NONE', #3989, #4348, #5743, .T. ) ;
#1685 = DIRECTION ( 'NONE',  ( -1.000000000000000000, 0.000000000000000000, 0.000000000000000000 ) ) ;
#1686 = MECHANICAL_DESIGN_GEOMETRIC_PRESENTATION_REPRESENTATION (  '', ( #1919 ), #4441 ) ;
#1687 = VERTEX_POINT ( 'NONE', #1847 ) ;
#1689 = DIRECTION ( 'NONE',  ( -0.7071067811865475727, -0.7071067811865475727, 0.000000000000000000 ) ) ;
#1688 = STYLED_ITEM ( 'NONE', ( #2861 ), #5262 ) ;
#1690 = CARTESIAN_POINT ( 'NONE',  ( 0.8299999999999999600, -2.423826859021799951, 0.3800000000000000044 ) ) ;
#1691 =( LENGTH_UNIT ( ) NAMED_UNIT ( * ) SI_UNIT ( .MILLI., .METRE. ) );
#1692 = EDGE_CURVE ( 'NONE', #481, #3810, #2929, .T. ) ;
#1693 = AXIS2_PLACEMENT_3D ( 'NONE', #4144, #2994, #1918 ) ;
#1694 = STYLED_ITEM ( 'NONE', ( #6259 ), #5567 ) ;
#1695 = EDGE_CURVE ( 'NONE', #3770, #5312, #4644, .T. ) ;
#1696 = ADVANCED_FACE ( 'NONE', ( #5125 ), #1921, .T. ) ;
#1697 = ORIENTED_EDGE ( 'NONE', *, *, #736, .T. ) ;
#1698 = VERTEX_POINT ( 'NONE', #159 ) ;
#1699 = DIRECTION ( 'NONE',  ( 0.000000000000000000, 0.000000000000000000, -1.000000000000000000 ) ) ;
#1700 = PLANE ( 'NONE',  #6082 ) ;
#1701 = PRESENTATION_LAYER_ASSIGNMENT (  '', '', ( #2849 ) ) ;
#1702 = CARTESIAN_POINT ( 'NONE',  ( 0.01727390857197759824, -1.389318103339880039, 0.000000000000000000 ) ) ;
#1703 = LINE ( 'NONE', #698, #5723 ) ;
#1704 = CARTESIAN_POINT ( 'NONE',  ( 2.465000000000000302, -2.135000000000000231, 0.000000000000000000 ) ) ;
#1705 = EDGE_CURVE ( 'NONE', #5929, #223, #4040, .T. ) ;
#1706 =( GEOMETRIC_REPRESENTATION_CONTEXT ( 3 ) GLOBAL_UNCERTAINTY_ASSIGNED_CONTEXT ( ( #6060 ) ) GLOBAL_UNIT_ASSIGNED_CONTEXT ( ( #3363, #127, #1787 ) ) REPRESENTATION_CONTEXT ( 'NONE', 'WORKASPACE' ) );
#1707 = ORIENTED_EDGE ( 'NONE', *, *, #2210, .T. ) ;
#1708 = EDGE_LOOP ( 'NONE', ( #3336, #3209, #459, #1233 ) ) ;
#1709 = LINE ( 'NONE', #1672, #2293 ) ;
#1710 = DIRECTION ( 'NONE',  ( 0.7071067811865400232, 0.7071067811865550112, 0.000000000000000000 ) ) ;
#1711 = CARTESIAN_POINT ( 'NONE',  ( -2.375000000000000000, 1.334999999999999964, 0.000000000000000000 ) ) ;
#1712 = CARTESIAN_POINT ( 'NONE',  ( 1.232500000000000151, -2.135000000000000231, 0.000000000000000000 ) ) ;
#1713 = CARTESIAN_POINT ( 'NONE',  ( -3.496208217925000028, -2.303393376368000123, -0.6376260711210000043 ) ) ;
#1714 = CARTESIAN_POINT ( 'NONE',  ( -2.465000000000000302, 2.084999999999999964, 0.000000000000000000 ) ) ;
#1715 = AXIS2_PLACEMENT_3D ( 'NONE', #2822, #5016, #1780 ) ;
#1716 = VECTOR ( 'NONE', #6680, 1000.000000000000000 ) ;
#1717 = EDGE_LOOP ( 'NONE', ( #6041, #3124, #3121, #3531 ) ) ;
#1718 =( LENGTH_UNIT ( ) NAMED_UNIT ( * ) SI_UNIT ( .MILLI., .METRE. ) );
#1719 = CARTESIAN_POINT ( 'NONE',  ( 0.4449999999999999512, 2.189999999999999947, 0.000000000000000000 ) ) ;
#1720 = FILL_AREA_STYLE ('',( #4947 ) ) ;
#1721 = DIRECTION ( 'NONE',  ( -0.7071067811865474617, 0.7071067811865474617, 0.000000000000000000 ) ) ;
#1722 = LINE ( 'NONE', #2393, #4175 ) ;
#1723 = LINE ( 'NONE', #3907, #2036 ) ;
#1724 = CIRCLE ( 'NONE', #3551, 0.2182106758090371357 ) ;
#1725 = ORIENTED_EDGE ( 'NONE', *, *, #1684, .T. ) ;
#1726 = CARTESIAN_POINT ( 'NONE',  ( -2.945000000000000284, -0.8149999999999999467, 0.000000000000000000 ) ) ;
#1727 = VECTOR ( 'NONE', #3704, 1000.000000000000000 ) ;
#1728 = EDGE_LOOP ( 'NONE', ( #339, #212, #5533, #4780 ) ) ;
#1729 = PLANE ( 'NONE',  #2813 ) ;
#1730 = SURFACE_STYLE_FILL_AREA ( #1925 ) ;
#1731 = FILL_AREA_STYLE_COLOUR ( '', #2123 ) ;
#1732 = DIRECTION ( 'NONE',  ( -0.7071067811865475727, 0.7071067811865475727, 0.000000000000000000 ) ) ;
#1733 = UNCERTAINTY_MEASURE_WITH_UNIT (LENGTH_MEASURE( 1.000000000000000082E-05 ), #6008, 'distance_accuracy_value', 'NONE');
#1734 = MECHANICAL_DESIGN_GEOMETRIC_PRESENTATION_REPRESENTATION (  '', ( #6476 ), #6112 ) ;
#1735 = ORIENTED_EDGE ( 'NONE', *, *, #1866, .F. ) ;
#1736 = ORIENTED_EDGE ( 'NONE', *, *, #1394, .T. ) ;
#1737 = CARTESIAN_POINT ( 'NONE',  ( 0.8299999999999999600, -2.423826859021799951, 0.000000000000000000 ) ) ;
#1738 = ADVANCED_FACE ( 'NONE', ( #858 ), #3033, .F. ) ;
#1739 = DIRECTION ( 'NONE',  ( 1.000000000000000000, 0.000000000000000000, 0.000000000000000000 ) ) ;
#1740 = DIRECTION ( 'NONE',  ( -0.000000000000000000, 1.000000000000000000, 0.000000000000000000 ) ) ;
#1741 =( NAMED_UNIT ( * ) PLANE_ANGLE_UNIT ( ) SI_UNIT ( $, .RADIAN. ) );
#1742 = EDGE_CURVE ( 'NONE', #4067, #3532, #2126, .T. ) ;
#1743 = VERTEX_POINT ( 'NONE', #3707 ) ;
#1744 = EDGE_LOOP ( 'NONE', ( #6840, #442, #6846, #2924 ) ) ;
#1745 = LINE ( 'NONE', #7137, #5520 ) ;
#1746 = EDGE_CURVE ( 'NONE', #5626, #3917, #6494, .T. ) ;
#1747 = CARTESIAN_POINT ( 'NONE',  ( -2.895000000000000018, 1.675000000000000044, 0.3300000000000000155 ) ) ;
#1748 = CARTESIAN_POINT ( 'NONE',  ( 2.945000000000000284, -1.775000000000000133, 0.3300000000000000155 ) ) ;
#1749 = DIRECTION ( 'NONE',  ( 1.000000000000000000, 0.000000000000000000, 0.000000000000000000 ) ) ;
#1750 = LINE ( 'NONE', #5666, #1581 ) ;
#1751 = ORIENTED_EDGE ( 'NONE', *, *, #2388, .F. ) ;
#1752 = LINE ( 'NONE', #5131, #881 ) ;
#1753 =( NAMED_UNIT ( * ) PLANE_ANGLE_UNIT ( ) SI_UNIT ( $, .RADIAN. ) );
#1754 =( GEOMETRIC_REPRESENTATION_CONTEXT ( 3 ) GLOBAL_UNCERTAINTY_ASSIGNED_CONTEXT ( ( #5785 ) ) GLOBAL_UNIT_ASSIGNED_CONTEXT ( ( #5271, #3679, #7090 ) ) REPRESENTATION_CONTEXT ( 'NONE', 'WORKASPACE' ) );
#1755 = FILL_AREA_STYLE ('',( #6274 ) ) ;
#1756 = DIRECTION ( 'NONE',  ( 0.000000000000000000, 0.000000000000000000, 1.000000000000000000 ) ) ;
#1757 = MECHANICAL_DESIGN_GEOMETRIC_PRESENTATION_REPRESENTATION (  '', ( #3017 ), #3473 ) ;
#1758 = ORIENTED_EDGE ( 'NONE', *, *, #2002, .T. ) ;
#1759 = DIRECTION ( 'NONE',  ( 1.132880637372609972E-16, -1.000000000000000000, 0.000000000000000000 ) ) ;
#1760 = CARTESIAN_POINT ( 'NONE',  ( 2.945000000000000284, 1.724999999999999867, 0.3800000000000000044 ) ) ;
#1761 = DIRECTION ( 'NONE',  ( 0.000000000000000000, 0.000000000000000000, 1.000000000000000000 ) ) ;
#1762 = FILL_AREA_STYLE ('',( #1731 ) ) ;
#1763 = DIRECTION ( 'NONE',  ( 1.907599698668639923E-16, -1.000000000000000000, 0.000000000000000000 ) ) ;
#1764 = VECTOR ( 'NONE', #3214, 1000.000000000000000 ) ;
#1765 = ORIENTED_EDGE ( 'NONE', *, *, #602, .F. ) ;
#1766 = ORIENTED_EDGE ( 'NONE', *, *, #6955, .T. ) ;
#1767 = CARTESIAN_POINT ( 'NONE',  ( -2.895000000000000018, -2.135000000000000231, 0.000000000000000000 ) ) ;
#1768 = CARTESIAN_POINT ( 'NONE',  ( 2.945000000000000284, -0.5050000000000000044, 0.000000000000000000 ) ) ;
#1769 = CARTESIAN_POINT ( 'NONE',  ( 0.4449999999999999512, 1.879999999999999893, 0.000000000000000000 ) ) ;
#1770 = CARTESIAN_POINT ( 'NONE',  ( -2.861967654140120221, 2.366967654140120114, 1.119999999999999885 ) ) ;
#1771 = AXIS2_PLACEMENT_3D ( 'NONE', #4031, #2884, #6324 ) ;
#1772 = STYLED_ITEM ( 'NONE', ( #3345 ), #2917 ) ;
#1773 = VERTEX_POINT ( 'NONE', #939 ) ;
#1774 = EDGE_CURVE ( 'NONE', #3395, #6372, #6557, .T. ) ;
#1775 = ORIENTED_EDGE ( 'NONE', *, *, #5309, .F. ) ;
#1776 = ORIENTED_EDGE ( 'NONE', *, *, #4896, .T. ) ;
#1777 = LINE ( 'NONE', #6738, #2527 ) ;
#1778 = PRESENTATION_STYLE_ASSIGNMENT (( #4547 ) ) ;
#1779 = PLANE ( 'NONE',  #298 ) ;
#1780 = DIRECTION ( 'NONE',  ( 1.000000000000000000, 0.000000000000000000, 0.000000000000000000 ) ) ;
#1781 = PRESENTATION_LAYER_ASSIGNMENT (  '', '', ( #1891 ) ) ;
#1782 = EDGE_CURVE ( 'NONE', #3512, #2370, #5961, .T. ) ;
#1783 = ORIENTED_EDGE ( 'NONE', *, *, #6150, .T. ) ;
#1784 = EDGE_CURVE ( 'NONE', #1899, #1944, #488, .T. ) ;
#1785 = EDGE_CURVE ( 'NONE', #676, #6133, #457, .T. ) ;
#1786 = PLANE ( 'NONE',  #5052 ) ;
#1787 =( NAMED_UNIT ( * ) SI_UNIT ( $, .STERADIAN. ) SOLID_ANGLE_UNIT ( ) );
#1788 = CARTESIAN_POINT ( 'NONE',  ( 2.465000000000000302, -0.8649999999999999911, 0.3300000000000000155 ) ) ;
#1789 = COLOUR_RGB ( '',0.2862745098039215508, 0.2862745098039215508, 0.2862745098039215508 ) ;
#1790 = LINE ( 'NONE', #3975, #3993 ) ;
#1791 = EDGE_LOOP ( 'NONE', ( #5224, #1663, #261, #486 ) ) ;
#1792 = ORIENTED_EDGE ( 'NONE', *, *, #4931, .F. ) ;
#1793 = DIRECTION ( 'NONE',  ( -0.4999999999999998890, -0.8660254037844387076, 0.000000000000000000 ) ) ;
#1794 = LINE ( 'NONE', #1263, #7089 ) ;
#1795 =( NAMED_UNIT ( * ) SI_UNIT ( $, .STERADIAN. ) SOLID_ANGLE_UNIT ( ) );
#1796 = FILL_AREA_STYLE ('',( #5107 ) ) ;
#1797 = AXIS2_PLACEMENT_3D ( 'NONE', #5971, #3754, #4337 ) ;
#1798 = FACE_OUTER_BOUND ( 'NONE', #3972, .T. ) ;
#1799 = UNCERTAINTY_MEASURE_WITH_UNIT (LENGTH_MEASURE( 1.000000000000000082E-05 ), #2572, 'distance_accuracy_value', 'NONE');
#1800 = ORIENTED_EDGE ( 'NONE', *, *, #4414, .T. ) ;
#1801 = ORIENTED_EDGE ( 'NONE', *, *, #4900, .F. ) ;
#1802 = FILL_AREA_STYLE ('',( #5620 ) ) ;
#1803 = LINE ( 'NONE', #6764, #4253 ) ;
#1804 = CARTESIAN_POINT ( 'NONE',  ( 0.000000000000000000, -2.775557561562889872E-16, 1.119900000000000118 ) ) ;
#1805 = CARTESIAN_POINT ( 'NONE',  ( -2.465000000000000302, -2.135000000000000231, 0.000000000000000000 ) ) ;
#1806 = DIRECTION ( 'NONE',  ( 0.000000000000000000, 1.000000000000000000, 0.000000000000000000 ) ) ;
#1807 = PRESENTATION_LAYER_ASSIGNMENT (  '', '', ( #5023 ) ) ;
#1808 = CARTESIAN_POINT ( 'NONE',  ( -0.8299999999999999600, 1.287500000000000089, 0.000000000000000000 ) ) ;
#1809 = AXIS2_PLACEMENT_3D ( 'NONE', #6944, #6371, #3598 ) ;
#1810 = ORIENTED_EDGE ( 'NONE', *, *, #5759, .T. ) ;
#1811 = VERTEX_POINT ( 'NONE', #2528 ) ;
#1812 = COLOUR_RGB ( '',0.2862745098039215508, 0.2862745098039215508, 0.2862745098039215508 ) ;
#1813 = FACE_OUTER_BOUND ( 'NONE', #4623, .T. ) ;
#1814 = DIRECTION ( 'NONE',  ( 0.000000000000000000, 0.000000000000000000, 1.000000000000000000 ) ) ;
#1815 = SURFACE_STYLE_FILL_AREA ( #673 ) ;
#1816 = UNCERTAINTY_MEASURE_WITH_UNIT (LENGTH_MEASURE( 1.000000000000000082E-05 ), #2038, 'distance_accuracy_value', 'NONE');
#1817 =( NAMED_UNIT ( * ) SI_UNIT ( $, .STERADIAN. ) SOLID_ANGLE_UNIT ( ) );
#1818 = SURFACE_STYLE_FILL_AREA ( #2971 ) ;
#1819 = ADVANCED_FACE ( 'NONE', ( #2095 ), #6459, .F. ) ;
#1820 =( NAMED_UNIT ( * ) PLANE_ANGLE_UNIT ( ) SI_UNIT ( $, .RADIAN. ) );
#1821 =( LENGTH_UNIT ( ) NAMED_UNIT ( * ) SI_UNIT ( .MILLI., .METRE. ) );
#1822 = LINE ( 'NONE', #4015, #2726 ) ;
#1823 = EDGE_CURVE ( 'NONE', #125, #6065, #2597, .T. ) ;
#1824 = EDGE_CURVE ( 'NONE', #4054, #4790, #1598, .T. ) ;
#1825 =( GEOMETRIC_REPRESENTATION_CONTEXT ( 3 ) GLOBAL_UNCERTAINTY_ASSIGNED_CONTEXT ( ( #824 ) ) GLOBAL_UNIT_ASSIGNED_CONTEXT ( ( #2507, #2943, #913 ) ) REPRESENTATION_CONTEXT ( 'NONE', 'WORKASPACE' ) );
#1826 = EDGE_LOOP ( 'NONE', ( #6937, #2694, #3009, #5557 ) ) ;
#1827 = ORIENTED_EDGE ( 'NONE', *, *, #2660, .F. ) ;
#1828 = ORIENTED_EDGE ( 'NONE', *, *, #5796, .F. ) ;
#1829 = ADVANCED_FACE ( 'NONE', ( #6625 ), #557, .T. ) ;
#1831 = VECTOR ( 'NONE', #2458, 1000.000000000000000 ) ;
#1830 = CARTESIAN_POINT ( 'NONE',  ( 3.075000000000000178, -1.775000000000000133, 0.3800000000000000044 ) ) ;
#1832 = DIRECTION ( 'NONE',  ( 1.000000000000000000, 0.000000000000000000, 0.000000000000000000 ) ) ;
#1833 = AXIS2_PLACEMENT_3D ( 'NONE', #898, #2489, #5269 ) ;
#1834 = ORIENTED_EDGE ( 'NONE', *, *, #7006, .F. ) ;
#1835 = ORIENTED_EDGE ( 'NONE', *, *, #4404, .T. ) ;
#1836 = SURFACE_SIDE_STYLE ('',( #5076 ) ) ;
#1837 = DIRECTION ( 'NONE',  ( 1.000000000000000000, 0.000000000000000000, 0.000000000000000000 ) ) ;
#1838 = DIRECTION ( 'NONE',  ( 0.000000000000000000, 0.000000000000000000, 1.000000000000000000 ) ) ;
#1839 = DIRECTION ( 'NONE',  ( -0.8660254037844387076, 0.4999999999999998890, 0.000000000000000000 ) ) ;
#1840 =( GEOMETRIC_REPRESENTATION_CONTEXT ( 3 ) GLOBAL_UNCERTAINTY_ASSIGNED_CONTEXT ( ( #5482 ) ) GLOBAL_UNIT_ASSIGNED_CONTEXT ( ( #846, #3666, #3594 ) ) REPRESENTATION_CONTEXT ( 'NONE', 'WORKASPACE' ) );
#1841 = DIRECTION ( 'NONE',  ( 1.000000000000000000, 0.000000000000000000, 0.000000000000000000 ) ) ;
#1842 = ORIENTED_EDGE ( 'NONE', *, *, #1055, .F. ) ;
#1843 = ORIENTED_EDGE ( 'NONE', *, *, #4772, .T. ) ;
#1844 =( LENGTH_UNIT ( ) NAMED_UNIT ( * ) SI_UNIT ( .MILLI., .METRE. ) );
#1845 = DIRECTION ( 'NONE',  ( 0.000000000000000000, 0.000000000000000000, -1.000000000000000000 ) ) ;
#1846 = FILL_AREA_STYLE ('',( #4479 ) ) ;
#1847 = CARTESIAN_POINT ( 'NONE',  ( 3.075000000000000178, -1.775000000000000133, 0.3800000000000000044 ) ) ;
#1848 = LINE ( 'NONE', #5160, #2604 ) ;
#1849 = ORIENTED_EDGE ( 'NONE', *, *, #5759, .F. ) ;
#1850 = DIRECTION ( 'NONE',  ( -1.000000000000000000, 0.000000000000000000, 0.000000000000000000 ) ) ;
#1851 = DIRECTION ( 'NONE',  ( -0.7071067811865570096, -0.7071067811865380248, 0.000000000000000000 ) ) ;
#1852 = CYLINDRICAL_SURFACE ( 'NONE', #3386, 0.2182106758090371357 ) ;
#1853 = LINE ( 'NONE', #96, #3973 ) ;
#1854 = EDGE_CURVE ( 'NONE', #2908, #4294, #1632, .T. ) ;
#1855 = ORIENTED_EDGE ( 'NONE', *, *, #2622, .F. ) ;
#1856 = VECTOR ( 'NONE', #2574, 1000.000000000000000 ) ;
#1857 = DIRECTION ( 'NONE',  ( 0.000000000000000000, 0.000000000000000000, 1.000000000000000000 ) ) ;
#1858 = PRESENTATION_STYLE_ASSIGNMENT (( #5176 ) ) ;
#1859 = EDGE_CURVE ( 'NONE', #3225, #1228, #5999, .T. ) ;
#1860 = FACE_OUTER_BOUND ( 'NONE', #4712, .T. ) ;
#1861 = UNCERTAINTY_MEASURE_WITH_UNIT (LENGTH_MEASURE( 1.000000000000000082E-05 ), #4728, 'distance_accuracy_value', 'NONE');
#1862 = VECTOR ( 'NONE', #821, 1000.000000000000000 ) ;
#1863 = ADVANCED_FACE ( 'NONE', ( #5045 ), #3384, .F. ) ;
#1864 =( REPRESENTATION_RELATIONSHIP ('NONE','NONE', #5511, #123 ) REPRESENTATION_RELATIONSHIP_WITH_TRANSFORMATION ( #1421 )SHAPE_REPRESENTATION_RELATIONSHIP( ) );
#1865 = ORIENTED_EDGE ( 'NONE', *, *, #1993, .T. ) ;
#1866 = EDGE_CURVE ( 'NONE', #3631, #5312, #1066, .T. ) ;
#1867 = EDGE_LOOP ( 'NONE', ( #6497, #2883, #6747, #3078, #4934, #6528, #6553, #3156, #3682, #252, #675, #132 ) ) ;
#1868 = CARTESIAN_POINT ( 'NONE',  ( 2.945000000000000284, 0.7649999999999999023, 0.000000000000000000 ) ) ;
#1869 = EDGE_CURVE ( 'NONE', #6336, #4887, #627, .T. ) ;
#1870 = COLOUR_RGB ( '',0.2862745098039215508, 0.2862745098039215508, 0.2862745098039215508 ) ;
#1871 = VERTEX_POINT ( 'NONE', #7131 ) ;
#1872 = FACE_OUTER_BOUND ( 'NONE', #511, .T. ) ;
#1873 = LINE ( 'NONE', #6875, #6149 ) ;
#1874 = CARTESIAN_POINT ( 'NONE',  ( 2.861967654140120221, -2.366967654140120114, 1.119999999999999885 ) ) ;
#1875 = DIRECTION ( 'NONE',  ( 0.000000000000000000, 0.000000000000000000, 1.000000000000000000 ) ) ;
#1876 = VECTOR ( 'NONE', #6101, 1000.000000000000000 ) ;
#1877 = UNCERTAINTY_MEASURE_WITH_UNIT (LENGTH_MEASURE( 1.000000000000000082E-05 ), #4700, 'distance_accuracy_value', 'NONE');
#1878 = ORIENTED_EDGE ( 'NONE', *, *, #5649, .F. ) ;
#1879 = ORIENTED_EDGE ( 'NONE', *, *, #747, .F. ) ;
#1880 =( NAMED_UNIT ( * ) SI_UNIT ( $, .STERADIAN. ) SOLID_ANGLE_UNIT ( ) );
#1881 = VECTOR ( 'NONE', #2372, 1000.000000000000000 ) ;
#1882 = CARTESIAN_POINT ( 'NONE',  ( -2.648310901698897268, 1.934733596112490073, 1.119999999999999885 ) ) ;
#1883 = VECTOR ( 'NONE', #5844, 1000.000000000000000 ) ;
#1884 = VERTEX_POINT ( 'NONE', #4357 ) ;
#1885 = CARTESIAN_POINT ( 'NONE',  ( -2.945000000000000284, 2.034999999999999698, 0.000000000000000000 ) ) ;
#1886 = LINE ( 'NONE', #4080, #7020 ) ;
#1887 = DIRECTION ( 'NONE',  ( 0.000000000000000000, 0.000000000000000000, 1.000000000000000000 ) ) ;
#1888 =( NAMED_UNIT ( * ) SI_UNIT ( $, .STERADIAN. ) SOLID_ANGLE_UNIT ( ) );
#1889 = PLANE ( 'NONE',  #7113 ) ;
#1890 = PRESENTATION_STYLE_ASSIGNMENT (( #6206 ) ) ;
#1891 = STYLED_ITEM ( 'NONE', ( #6309 ), #4028 ) ;
#1892 = ORIENTED_EDGE ( 'NONE', *, *, #2974, .F. ) ;
#1893 =( NAMED_UNIT ( * ) PLANE_ANGLE_UNIT ( ) SI_UNIT ( $, .RADIAN. ) );
#1894 = DIRECTION ( 'NONE',  ( 1.000000000000000000, 0.000000000000000000, 0.000000000000000000 ) ) ;
#1895 = ORIENTED_EDGE ( 'NONE', *, *, #5649, .T. ) ;
#1896 = SURFACE_SIDE_STYLE ('',( #6831 ) ) ;
#1897 = CARTESIAN_POINT ( 'NONE',  ( 0.8299999999999999600, 2.575000000000000178, 0.000000000000000000 ) ) ;
#1898 = AXIS2_PLACEMENT_3D ( 'NONE', #6155, #848, #4437 ) ;
#1899 = VERTEX_POINT ( 'NONE', #3815 ) ;
#1900 = ORIENTED_EDGE ( 'NONE', *, *, #5395, .T. ) ;
#1902 = DIRECTION ( 'NONE',  ( 0.000000000000000000, 1.000000000000000000, 0.000000000000000000 ) ) ;
#1901 =( GEOMETRIC_REPRESENTATION_CONTEXT ( 3 ) GLOBAL_UNCERTAINTY_ASSIGNED_CONTEXT ( ( #4885 ) ) GLOBAL_UNIT_ASSIGNED_CONTEXT ( ( #1373, #2469, #137 ) ) REPRESENTATION_CONTEXT ( 'NONE', 'WORKASPACE' ) );
#1903 = EDGE_LOOP ( 'NONE', ( #2292, #2632, #5156, #5301 ) ) ;
#1904 = VERTEX_POINT ( 'NONE', #591 ) ;
#1905 = PRESENTATION_STYLE_ASSIGNMENT (( #110 ) ) ;
#1906 = LINE ( 'NONE', #5771, #1476 ) ;
#1907 = CARTESIAN_POINT ( 'NONE',  ( -2.465000000000000302, 0.4049999999999999711, 0.3300000000000000155 ) ) ;
#1908 = EDGE_CURVE ( 'NONE', #1484, #3908, #4392, .T. ) ;
#1909 = DIRECTION ( 'NONE',  ( -0.7071067811865475727, -0.7071067811865475727, 0.000000000000000000 ) ) ;
#1910 = DIRECTION ( 'NONE',  ( 0.000000000000000000, 0.000000000000000000, 1.000000000000000000 ) ) ;
#1911 = ADVANCED_FACE ( 'NONE', ( #4473 ), #2741, .T. ) ;
#1912 =( GEOMETRIC_REPRESENTATION_CONTEXT ( 3 ) GLOBAL_UNCERTAINTY_ASSIGNED_CONTEXT ( ( #1093 ) ) GLOBAL_UNIT_ASSIGNED_CONTEXT ( ( #6203, #3399, #6823 ) ) REPRESENTATION_CONTEXT ( 'NONE', 'WORKASPACE' ) );
#1913 = EDGE_CURVE ( 'NONE', #1495, #1537, #3313, .T. ) ;
#1914 = ORIENTED_EDGE ( 'NONE', *, *, #1859, .F. ) ;
#1915 = VERTEX_POINT ( 'NONE', #40 ) ;
#1916 = CARTESIAN_POINT ( 'NONE',  ( -1.777500000000000080, 0.5575000000000130962, 0.000000000000000000 ) ) ;
#1917 = CARTESIAN_POINT ( 'NONE',  ( -2.895000000000000018, -0.4550000000000000155, 0.3800000000000000044 ) ) ;
#1918 = DIRECTION ( 'NONE',  ( 0.000000000000000000, 0.000000000000000000, 1.000000000000000000 ) ) ;
#1919 = STYLED_ITEM ( 'NONE', ( #3174 ), #6518 ) ;
#1920 = VECTOR ( 'NONE', #3241, 1000.000000000000000 ) ;
#1921 = PLANE ( 'NONE',  #2093 ) ;
#1922 = CARTESIAN_POINT ( 'NONE',  ( -2.465000000000000302, -2.135000000000000231, 0.3800000000000000044 ) ) ;
#1923 = CARTESIAN_POINT ( 'NONE',  ( 2.945000000000000284, -2.449999999999999734, 0.000000000000000000 ) ) ;
#1924 = DIRECTION ( 'NONE',  ( 0.4999999999999998890, 0.8660254037844387076, 0.000000000000000000 ) ) ;
#1925 = FILL_AREA_STYLE ('',( #866 ) ) ;
#1926 = CARTESIAN_POINT ( 'NONE',  ( 2.945000000000000284, 0.7649999999999999023, 0.000000000000000000 ) ) ;
#1927 = SURFACE_SIDE_STYLE ('',( #6892 ) ) ;
#1928 =( GEOMETRIC_REPRESENTATION_CONTEXT ( 3 ) GLOBAL_UNCERTAINTY_ASSIGNED_CONTEXT ( ( #5037 ) ) GLOBAL_UNIT_ASSIGNED_CONTEXT ( ( #2198, #4391, #7055 ) ) REPRESENTATION_CONTEXT ( 'NONE', 'WORKASPACE' ) );
#1929 = AXIS2_PLACEMENT_3D ( 'NONE', #6916, #4677, #2419 ) ;
#1930 =( NAMED_UNIT ( * ) PLANE_ANGLE_UNIT ( ) SI_UNIT ( $, .RADIAN. ) );
#1931 = SURFACE_SIDE_STYLE ('',( #3005 ) ) ;
#1932 = STYLED_ITEM ( 'NONE', ( #1148 ), #7139 ) ;
#1933 = ORIENTED_EDGE ( 'NONE', *, *, #3581, .T. ) ;
#1934 = PLANE ( 'NONE',  #572 ) ;
#1935 = CARTESIAN_POINT ( 'NONE',  ( 0.8299999999999999600, 2.575000000000000178, 0.3800000000000000044 ) ) ;
#1936 = EDGE_LOOP ( 'NONE', ( #1208, #5769, #4273, #1653 ) ) ;
#1937 = FILL_AREA_STYLE_COLOUR ( '', #5797 ) ;
#1938 = UNCERTAINTY_MEASURE_WITH_UNIT (LENGTH_MEASURE( 1.000000000000000082E-05 ), #4904, 'distance_accuracy_value', 'NONE');
#1939 = CLOSED_SHELL ( 'NONE', ( #5172, #2078, #2657, #920, #4335, #1829, #4672, #200, #3659, #2439, #2707, #967, #1696, #4853, #723, #3057, #5707, #5314, #5703, #3488, #1911, #6611, #2931, #825, #3838, #6702, #1085, #2229, #1441, #6688, #5480, #1252, #5697, #3190, #2346, #106, #2044, #519, #3012, #6791, #3438, #7050, #5751, #2045, #3880, #7091, #2256, #4332, #4060, #4368, #1051, #783, #2176, #1659 ) ) ;
#1940 = ORIENTED_EDGE ( 'NONE', *, *, #2932, .F. ) ;
#1941 = EDGE_LOOP ( 'NONE', ( #4330, #1242, #1601, #4664 ) ) ;
#1942 = CARTESIAN_POINT ( 'NONE',  ( 2.387499999999999734, -1.372500000000000053, 0.000000000000000000 ) ) ;
#1943 = VERTEX_POINT ( 'NONE', #4965 ) ;
#1944 = VERTEX_POINT ( 'NONE', #3889 ) ;
#1945 = FILL_AREA_STYLE_COLOUR ( '', #477 ) ;
#1946 = PLANE ( 'NONE',  #1583 ) ;
#1947 = PLANE ( 'NONE',  #1335 ) ;
#1948 =( NAMED_UNIT ( * ) PLANE_ANGLE_UNIT ( ) SI_UNIT ( $, .RADIAN. ) );
#1949 =( NAMED_UNIT ( * ) SI_UNIT ( $, .STERADIAN. ) SOLID_ANGLE_UNIT ( ) );
#1950 = MECHANICAL_DESIGN_GEOMETRIC_PRESENTATION_REPRESENTATION (  '', ( #6925 ), #4580 ) ;
#1951 = EDGE_CURVE ( 'NONE', #6002, #623, #6107, .T. ) ;
#1952 = ORIENTED_EDGE ( 'NONE', *, *, #2705, .T. ) ;
#1953 = VERTEX_POINT ( 'NONE', #225 ) ;
#1954 = LINE ( 'NONE', #302, #6788 ) ;
#1955 = ORIENTED_EDGE ( 'NONE', *, *, #3529, .T. ) ;
#1956 = DIRECTION ( 'NONE',  ( 0.000000000000000000, 0.000000000000000000, 1.000000000000000000 ) ) ;
#1957 = AXIS2_PLACEMENT_3D ( 'NONE', #3534, #1956, #4715 ) ;
#1958 = EDGE_CURVE ( 'NONE', #2658, #6336, #811, .T. ) ;
#1959 = SURFACE_STYLE_USAGE ( .BOTH. , #4004 ) ;
#1960 = EDGE_CURVE ( 'NONE', #6665, #1409, #4571, .T. ) ;
#1961 = SHAPE_DEFINITION_REPRESENTATION ( #2205, #366 ) ;
#1962 = PRESENTATION_LAYER_ASSIGNMENT (  '', '', ( #3561 ) ) ;
#1963 = EDGE_CURVE ( 'NONE', #6323, #5368, #2336, .T. ) ;
#1964 = ORIENTED_EDGE ( 'NONE', *, *, #439, .T. ) ;
#1965 = DIRECTION ( 'NONE',  ( 0.000000000000000000, 0.000000000000000000, 1.000000000000000000 ) ) ;
#1966 = DIRECTION ( 'NONE',  ( 4.252870457233460798E-15, -1.000000000000000000, 0.000000000000000000 ) ) ;
#1967 = EDGE_CURVE ( 'NONE', #231, #3946, #5152, .T. ) ;
#1968 = PLANE ( 'NONE',  #3537 ) ;
#1969 = SURFACE_STYLE_USAGE ( .BOTH. , #5795 ) ;
#1970 = VERTEX_POINT ( 'NONE', #6731 ) ;
#1971 = FILL_AREA_STYLE ('',( #6933 ) ) ;
#1972 = ORIENTED_EDGE ( 'NONE', *, *, #71, .T. ) ;
#1973 = LINE ( 'NONE', #5393, #3853 ) ;
#1974 = VECTOR ( 'NONE', #4381, 1000.000000000000000 ) ;
#1975 = VERTEX_POINT ( 'NONE', #1382 ) ;
#1976 = ORIENTED_EDGE ( 'NONE', *, *, #3748, .T. ) ;
#1977 = CARTESIAN_POINT ( 'NONE',  ( 2.895000000000000018, -0.4550000000000000155, 0.000000000000000000 ) ) ;
#1978 = ORIENTED_EDGE ( 'NONE', *, *, #53, .F. ) ;
#1979 = LINE ( 'NONE', #7012, #762 ) ;
#1980 = DIRECTION ( 'NONE',  ( -0.7071067811865400232, 0.7071067811865550112, 0.000000000000000000 ) ) ;
#1981 = DIRECTION ( 'NONE',  ( 0.000000000000000000, 0.000000000000000000, 1.000000000000000000 ) ) ;
#1982 =( GEOMETRIC_REPRESENTATION_CONTEXT ( 3 ) GLOBAL_UNCERTAINTY_ASSIGNED_CONTEXT ( ( #3422 ) ) GLOBAL_UNIT_ASSIGNED_CONTEXT ( ( #4714, #4827, #4322 ) ) REPRESENTATION_CONTEXT ( 'NONE', 'WORKASPACE' ) );
#1983 = VECTOR ( 'NONE', #6595, 1000.000000000000000 ) ;
#1984 = ORIENTED_EDGE ( 'NONE', *, *, #5171, .T. ) ;
#1985 = ORIENTED_EDGE ( 'NONE', *, *, #4148, .T. ) ;
#1986 = DIRECTION ( 'NONE',  ( 0.7071067811865475727, -0.7071067811865475727, 0.000000000000000000 ) ) ;
#1987 = SURFACE_STYLE_USAGE ( .BOTH. , #2524 ) ;
#1988 = DIRECTION ( 'NONE',  ( 1.000000000000000000, 0.000000000000000000, 0.000000000000000000 ) ) ;
#1989 = DIRECTION ( 'NONE',  ( 0.000000000000000000, 0.000000000000000000, 1.000000000000000000 ) ) ;
#1990 = PRODUCT_CONTEXT ( 'NONE', #124, 'mechanical' ) ;
#1991 = CARTESIAN_POINT ( 'NONE',  ( 2.465000000000000302, 2.084999999999999964, 0.000000000000000000 ) ) ;
#1992 = STYLED_ITEM ( 'NONE', ( #1517 ), #2397 ) ;
#1993 = EDGE_CURVE ( 'NONE', #6003, #6347, #1344, .T. ) ;
#1994 = ORIENTED_EDGE ( 'NONE', *, *, #2305, .T. ) ;
#1995 = VECTOR ( 'NONE', #498, 1000.000000000000000 ) ;
#1996 = SURFACE_SIDE_STYLE ('',( #4867 ) ) ;
#1997 = PLANE ( 'NONE',  #2854 ) ;
#1998 = LINE ( 'NONE', #3112, #1405 ) ;
#1999 = PRESENTATION_STYLE_ASSIGNMENT (( #4261 ) ) ;
#2000 = CARTESIAN_POINT ( 'NONE',  ( -0.5799999999999999600, -2.423826859021799951, 0.3300000000000000155 ) ) ;
#2001 = FILL_AREA_STYLE ('',( #5238 ) ) ;
#2002 = EDGE_CURVE ( 'NONE', #3656, #7027, #770, .T. ) ;
#2003 = STYLED_ITEM ( 'NONE', ( #6838 ), #3349 ) ;
#2004 = EDGE_CURVE ( 'NONE', #3307, #422, #2919, .T. ) ;
#2005 = EDGE_CURVE ( 'NONE', #615, #125, #1873, .T. ) ;
#2006 = ORIENTED_EDGE ( 'NONE', *, *, #687, .F. ) ;
#2007 = SURFACE_SIDE_STYLE ('',( #469 ) ) ;
#2008 = PLANE ( 'NONE',  #4412 ) ;
#2009 = COLOUR_RGB ( '',0.2862745098039215508, 0.2862745098039215508, 0.2862745098039215508 ) ;
#2010 = CARTESIAN_POINT ( 'NONE',  ( 2.465000000000000302, -0.8649999999999999911, 0.000000000000000000 ) ) ;
#2011 = SURFACE_STYLE_USAGE ( .BOTH. , #4269 ) ;
#2012 = EDGE_CURVE ( 'NONE', #5733, #4107, #3559, .T. ) ;
#2013 = VECTOR ( 'NONE', #4300, 1000.000000000000000 ) ;
#2014 = EDGE_LOOP ( 'NONE', ( #4167, #5635, #2049, #5661 ) ) ;
#2015 = FILL_AREA_STYLE_COLOUR ( '', #4753 ) ;
#2016 = VERTEX_POINT ( 'NONE', #6290 ) ;
#2017 = LINE ( 'NONE', #6446, #2073 ) ;
#2018 = FILL_AREA_STYLE ('',( #4848 ) ) ;
#2019 = PRESENTATION_LAYER_ASSIGNMENT (  '', '', ( #421 ) ) ;
#2020 = SURFACE_STYLE_FILL_AREA ( #4245 ) ;
#2021 = LINE ( 'NONE', #4208, #441 ) ;
#2022 = VECTOR ( 'NONE', #3118, 1000.000000000000000 ) ;
#2023 = ORIENTED_EDGE ( 'NONE', *, *, #5246, .F. ) ;
#2024 = ORIENTED_EDGE ( 'NONE', *, *, #1963, .T. ) ;
#2025 = CARTESIAN_POINT ( 'NONE',  ( -2.895000000000000018, 2.084999999999999964, 0.000000000000000000 ) ) ;
#2026 = CARTESIAN_POINT ( 'NONE',  ( 2.945000000000000284, 0.4550000000000000155, 0.000000000000000000 ) ) ;
#2027 = LINE ( 'NONE', #306, #3750 ) ;
#2028 = MECHANICAL_DESIGN_GEOMETRIC_PRESENTATION_REPRESENTATION (  '', ( #893 ), #1683 ) ;
#2029 = ORIENTED_EDGE ( 'NONE', *, *, #5614, .F. ) ;
#2030 = ORIENTED_EDGE ( 'NONE', *, *, #3003, .T. ) ;
#2031 = PRODUCT_DEFINITION_SHAPE ( 'NONE', 'NONE',  #7155 ) ;
#2032 = DIRECTION ( 'NONE',  ( 0.000000000000000000, 0.000000000000000000, 1.000000000000000000 ) ) ;
#2033 = DIRECTION ( 'NONE',  ( 1.000000000000000000, 0.000000000000000000, 0.000000000000000000 ) ) ;
#2034 =( LENGTH_UNIT ( ) NAMED_UNIT ( * ) SI_UNIT ( .MILLI., .METRE. ) );
#2035 = PLANE ( 'NONE',  #3714 ) ;
#2036 = VECTOR ( 'NONE', #5026, 1000.000000000000000 ) ;
#2037 = EDGE_CURVE ( 'NONE', #6002, #3085, #3995, .T. ) ;
#2038 =( LENGTH_UNIT ( ) NAMED_UNIT ( * ) SI_UNIT ( .MILLI., .METRE. ) );
#2039 =( GEOMETRIC_REPRESENTATION_CONTEXT ( 3 ) GLOBAL_UNCERTAINTY_ASSIGNED_CONTEXT ( ( #3376 ) ) GLOBAL_UNIT_ASSIGNED_CONTEXT ( ( #6873, #5185, #4100 ) ) REPRESENTATION_CONTEXT ( 'NONE', 'WORKASPACE' ) );
#2041 = SURFACE_STYLE_USAGE ( .BOTH. , #4775 ) ;
#2040 = VECTOR ( 'NONE', #3030, 1000.000000000000000 ) ;
#2042 = EDGE_LOOP ( 'NONE', ( #1528, #4684, #4096, #4833 ) ) ;
#2043 = LINE ( 'NONE', #6475, #3282 ) ;
#2044 = ADVANCED_FACE ( 'NONE', ( #187 ), #5773, .T. ) ;
#2045 = ADVANCED_FACE ( 'NONE', ( #6224 ), #4539, .T. ) ;
#2046 =( GEOMETRIC_REPRESENTATION_CONTEXT ( 3 ) GLOBAL_UNCERTAINTY_ASSIGNED_CONTEXT ( ( #1164 ) ) GLOBAL_UNIT_ASSIGNED_CONTEXT ( ( #465, #4940, #4366 ) ) REPRESENTATION_CONTEXT ( 'NONE', 'WORKASPACE' ) );
#2047 = MECHANICAL_DESIGN_GEOMETRIC_PRESENTATION_REPRESENTATION (  '', ( #4462 ), #6329 ) ;
#2048 = EDGE_CURVE ( 'NONE', #6102, #289, #4034, .T. ) ;
#2049 = ORIENTED_EDGE ( 'NONE', *, *, #1869, .F. ) ;
#2050 = LINE ( 'NONE', #926, #6159 ) ;
#2051 = VERTEX_POINT ( 'NONE', #1907 ) ;
#2052 = CARTESIAN_POINT ( 'NONE',  ( 2.945000000000000284, -2.449999999999999734, 0.000000000000000000 ) ) ;
#2053 = PRODUCT_DEFINITION_FORMATION_WITH_SPECIFIED_SOURCE ( 'ANY', '', #610, .NOT_KNOWN. ) ;
#2054 =( LENGTH_UNIT ( ) NAMED_UNIT ( * ) SI_UNIT ( .MILLI., .METRE. ) );
#2055 = SURFACE_STYLE_FILL_AREA ( #7014 ) ;
#2056 = PRESENTATION_LAYER_ASSIGNMENT (  '', '', ( #463 ) ) ;
#2057 = ORIENTED_EDGE ( 'NONE', *, *, #4942, .F. ) ;
#2058 = ORIENTED_EDGE ( 'NONE', *, *, #2012, .F. ) ;
#2059 = CARTESIAN_POINT ( 'NONE',  ( 2.945000000000000284, 0.7649999999999999023, 0.000000000000000000 ) ) ;
#2060 = DIRECTION ( 'NONE',  ( 0.7071067811865441310, 0.7071067811865510144, 0.000000000000000000 ) ) ;
#2061 = CARTESIAN_POINT ( 'NONE',  ( 2.895000000000000018, 2.084999999999999964, 0.000000000000000000 ) ) ;
#2062 = VECTOR ( 'NONE', #3396, 1000.000000000000000 ) ;
#2063 = VERTEX_POINT ( 'NONE', #4101 ) ;
#2064 = AXIS2_PLACEMENT_3D ( 'NONE', #6813, #3031, #1845 ) ;
#2065 = ORIENTED_EDGE ( 'NONE', *, *, #2880, .T. ) ;
#2066 = ORIENTED_EDGE ( 'NONE', *, *, #6487, .F. ) ;
#2067 = CARTESIAN_POINT ( 'NONE',  ( 0.4450000000000179923, -1.879999999999999893, 0.000000000000000000 ) ) ;
#2068 =( NAMED_UNIT ( * ) SI_UNIT ( $, .STERADIAN. ) SOLID_ANGLE_UNIT ( ) );
#2069 = CARTESIAN_POINT ( 'NONE',  ( -3.075000000000000178, 0.4550000000000000155, 0.000000000000000000 ) ) ;
#2070 =( NAMED_UNIT ( * ) PLANE_ANGLE_UNIT ( ) SI_UNIT ( $, .RADIAN. ) );
#2071 = SURFACE_STYLE_USAGE ( .BOTH. , #3149 ) ;
#2072 = DIRECTION ( 'NONE',  ( 0.000000000000000000, 1.000000000000000000, 0.000000000000000000 ) ) ;
#2073 = VECTOR ( 'NONE', #1450, 1000.000000000000000 ) ;
#2074 = ORIENTED_EDGE ( 'NONE', *, *, #4464, .T. ) ;
#2075 = SURFACE_STYLE_USAGE ( .BOTH. , #5902 ) ;
#2076 = DIRECTION ( 'NONE',  ( 0.000000000000000000, 1.000000000000000000, 0.000000000000000000 ) ) ;
#2077 = ORIENTED_EDGE ( 'NONE', *, *, #71, .F. ) ;
#2078 = ADVANCED_FACE ( 'NONE', ( #1277 ), #6330, .F. ) ;
#2079 = ADVANCED_FACE ( 'NONE', ( #5222 ), #299, .F. ) ;
#2080 = VERTEX_POINT ( 'NONE', #448 ) ;
#2081 = CARTESIAN_POINT ( 'NONE',  ( 2.465000000000000302, -1.724999999999999867, 0.3300000000000000155 ) ) ;
#2082 = ORIENTED_EDGE ( 'NONE', *, *, #5211, .F. ) ;
#2083 = DIRECTION ( 'NONE',  ( 1.000000000000000000, 9.424643672539529398E-17, 0.000000000000000000 ) ) ;
#2084 = FILL_AREA_STYLE ('',( #5258 ) ) ;
#2085 = CARTESIAN_POINT ( 'NONE',  ( 2.465000000000000302, -1.724999999999999867, 0.000000000000000000 ) ) ;
#2086 = VECTOR ( 'NONE', #4847, 1000.000000000000000 ) ;
#2087 = EDGE_CURVE ( 'NONE', #4925, #3914, #4173, .T. ) ;
#2088 = ADVANCED_FACE ( 'NONE', ( #410 ), #6370, .F. ) ;
#2089 = EDGE_CURVE ( 'NONE', #3431, #759, #4708, .T. ) ;
#2090 = ORIENTED_EDGE ( 'NONE', *, *, #4984, .T. ) ;
#2091 = ORIENTED_EDGE ( 'NONE', *, *, #204, .T. ) ;
#2092 = DIRECTION ( 'NONE',  ( 0.000000000000000000, -1.000000000000000000, 0.000000000000000000 ) ) ;
#2093 = AXIS2_PLACEMENT_3D ( 'NONE', #305, #4112, #1390 ) ;
#2094 = CARTESIAN_POINT ( 'NONE',  ( 2.895000000000000018, 0.4049999999999999711, 0.3800000000000000044 ) ) ;
#2095 = FACE_OUTER_BOUND ( 'NONE', #2800, .T. ) ;
#2096 = CARTESIAN_POINT ( 'NONE',  ( -2.895000000000000018, -1.724999999999999867, 0.3800000000000000044 ) ) ;
#2097 = UNCERTAINTY_MEASURE_WITH_UNIT (LENGTH_MEASURE( 1.000000000000000082E-05 ), #590, 'distance_accuracy_value', 'NONE');
#2098 = VERTEX_POINT ( 'NONE', #3698 ) ;
#2099 = MECHANICAL_DESIGN_GEOMETRIC_PRESENTATION_REPRESENTATION (  '', ( #3812 ), #385 ) ;
#2100 = ORIENTED_EDGE ( 'NONE', *, *, #2839, .F. ) ;
#2101 = CARTESIAN_POINT ( 'NONE',  ( 1.195000000000000062, 1.989999999999999991, 0.000000000000000000 ) ) ;
#2102 = FILL_AREA_STYLE_COLOUR ( '', #4897 ) ;
#2103 = LINE ( 'NONE', #6567, #3729 ) ;
#2104 = PLANE ( 'NONE',  #27 ) ;
#2105 = VECTOR ( 'NONE', #257, 1000.000000000000000 ) ;
#2106 = LINE ( 'NONE', #2778, #1641 ) ;
#2107 = AXIS2_PLACEMENT_3D ( 'NONE', #6863, #1763, #102 ) ;
#2108 = CARTESIAN_POINT ( 'NONE',  ( -3.075000000000000178, 0.4550000000000000155, 0.000000000000000000 ) ) ;
#2109 = PLANE ( 'NONE',  #2502 ) ;
#2110 =( NAMED_UNIT ( * ) SI_UNIT ( $, .STERADIAN. ) SOLID_ANGLE_UNIT ( ) );
#2111 = DIRECTION ( 'NONE',  ( 0.000000000000000000, 0.000000000000000000, 1.000000000000000000 ) ) ;
#2113 = CARTESIAN_POINT ( 'NONE',  ( 2.945000000000000284, 1.724999999999999867, 0.000000000000000000 ) ) ;
#2112 = VECTOR ( 'NONE', #3194, 999.9999999999998863 ) ;
#2114 = COLOUR_RGB ( '',0.2862745098039215508, 0.2862745098039215508, 0.2862745098039215508 ) ;
#2115 = ORIENTED_EDGE ( 'NONE', *, *, #5612, .F. ) ;
#2116 = FACE_OUTER_BOUND ( 'NONE', #1717, .T. ) ;
#2117 = ORIENTED_EDGE ( 'NONE', *, *, #880, .T. ) ;
#2118 =( NAMED_UNIT ( * ) PLANE_ANGLE_UNIT ( ) SI_UNIT ( $, .RADIAN. ) );
#2119 = SURFACE_STYLE_USAGE ( .BOTH. , #6129 ) ;
#2120 =( GEOMETRIC_REPRESENTATION_CONTEXT ( 3 ) GLOBAL_UNCERTAINTY_ASSIGNED_CONTEXT ( ( #3016 ) ) GLOBAL_UNIT_ASSIGNED_CONTEXT ( ( #5351, #4725, #2460 ) ) REPRESENTATION_CONTEXT ( 'NONE', 'WORKASPACE' ) );
#2121 = ORIENTED_EDGE ( 'NONE', *, *, #826, .T. ) ;
#2122 = EDGE_LOOP ( 'NONE', ( #323, #841, #1337, #3052 ) ) ;
#2124 = CARTESIAN_POINT ( 'NONE',  ( 2.895000000000000018, 0.4049999999999999711, 0.000000000000000000 ) ) ;
#2123 = COLOUR_RGB ( '',0.2862745098039215508, 0.2862745098039215508, 0.2862745098039215508 ) ;
#2125 = EDGE_CURVE ( 'NONE', #2845, #1698, #3635, .T. ) ;
#2126 = LINE ( 'NONE', #4324, #6382 ) ;
#2127 = DIRECTION ( 'NONE',  ( 0.000000000000000000, 0.000000000000000000, 1.000000000000000000 ) ) ;
#2128 = EDGE_CURVE ( 'NONE', #987, #6515, #4786, .T. ) ;
#2129 = EDGE_CURVE ( 'NONE', #5251, #1495, #3199, .T. ) ;
#2130 = AXIS2_PLACEMENT_3D ( 'NONE', #3513, #3413, #3086 ) ;
#2131 = ORIENTED_EDGE ( 'NONE', *, *, #280, .F. ) ;
#2132 = ORIENTED_EDGE ( 'NONE', *, *, #1661, .F. ) ;
#2133 = EDGE_LOOP ( 'NONE', ( #4094, #6648, #6020, #4567 ) ) ;
#2134 = ADVANCED_FACE ( 'NONE', ( #7048 ), #1490, .F. ) ;
#2135 = LINE ( 'NONE', #1540, #5036 ) ;
#2136 = CARTESIAN_POINT ( 'NONE',  ( -3.075000000000000178, 0.7649999999999999023, 0.3800000000000000044 ) ) ;
#2137 = STYLED_ITEM ( 'NONE', ( #2539 ), #5073 ) ;
#2138 = PLANE ( 'NONE',  #491 ) ;
#2139 = DIRECTION ( 'NONE',  ( 1.000000000000000000, -4.550094363217860219E-16, 0.000000000000000000 ) ) ;
#2140 = SURFACE_SIDE_STYLE ('',( #3899 ) ) ;
#2141 = CARTESIAN_POINT ( 'NONE',  ( 2.945000000000000284, 2.449999999999999734, 0.000000000000000000 ) ) ;
#2142 = CARTESIAN_POINT ( 'NONE',  ( 0.9650000000000000799, 1.989999999999999991, 0.000000000000000000 ) ) ;
#2143 = CARTESIAN_POINT ( 'NONE',  ( 2.895000000000000018, -2.135000000000000231, 0.000000000000000000 ) ) ;
#2144 = LINE ( 'NONE', #3331, #6650 ) ;
#2145 = COLOUR_RGB ( '',0.2862745098039215508, 0.2862745098039215508, 0.2862745098039215508 ) ;
#2146 = LINE ( 'NONE', #1582, #4062 ) ;
#2147 = MECHANICAL_DESIGN_GEOMETRIC_PRESENTATION_REPRESENTATION (  '', ( #4669 ), #2039 ) ;
#2148 = VERTEX_POINT ( 'NONE', #2664 ) ;
#2149 = EDGE_LOOP ( 'NONE', ( #5240, #6900, #6692, #4017 ) ) ;
#2150 = LINE ( 'NONE', #3226, #4296 ) ;
#2151 = VERTEX_POINT ( 'NONE', #2193 ) ;
#2152 = FILL_AREA_STYLE ('',( #2662 ) ) ;
#2153 = SURFACE_STYLE_USAGE ( .BOTH. , #4207 ) ;
#2154 = CARTESIAN_POINT ( 'NONE',  ( -2.465000000000000302, -2.135000000000000231, 0.000000000000000000 ) ) ;
#2155 = STYLED_ITEM ( 'NONE', ( #2392 ), #6997 ) ;
#2156 = UNCERTAINTY_MEASURE_WITH_UNIT (LENGTH_MEASURE( 1.000000000000000082E-05 ), #6248, 'distance_accuracy_value', 'NONE');
#2157 = PRODUCT_DEFINITION_FORMATION_WITH_SPECIFIED_SOURCE ( 'ANY', '', #5490, .NOT_KNOWN. ) ;
#2158 = VERTEX_POINT ( 'NONE', #1196 ) ;
#2159 = ORIENTED_EDGE ( 'NONE', *, *, #3051, .F. ) ;
#2160 = CARTESIAN_POINT ( 'NONE',  ( 3.075000000000000178, -2.084999999999999964, 0.000000000000000000 ) ) ;
#2161 = FACE_OUTER_BOUND ( 'NONE', #6322, .T. ) ;
#2162 = LINE ( 'NONE', #1098, #5142 ) ;
#2163 = DIRECTION ( 'NONE',  ( 0.000000000000000000, 0.000000000000000000, 1.000000000000000000 ) ) ;
#2164 = LINE ( 'NONE', #489, #318 ) ;
#2165 = STYLED_ITEM ( 'NONE', ( #1548 ), #190 ) ;
#2166 = EDGE_CURVE ( 'NONE', #7042, #108, #3375, .T. ) ;
#2167 = EDGE_LOOP ( 'NONE', ( #3731, #1183, #649, #4653, #3440, #2006 ) ) ;
#2168 = EDGE_LOOP ( 'NONE', ( #2744, #1058, #1555, #6253 ) ) ;
#2169 = EDGE_CURVE ( 'NONE', #5652, #1899, #514, .T. ) ;
#2170 = DIRECTION ( 'NONE',  ( 0.000000000000000000, -1.000000000000000000, 0.000000000000000000 ) ) ;
#2171 = LINE ( 'NONE', #1070, #2623 ) ;
#2172 = COLOUR_RGB ( '',0.2862745098039215508, 0.2862745098039215508, 0.2862745098039215508 ) ;
#2173 = PRESENTATION_STYLE_ASSIGNMENT (( #3175 ) ) ;
#2174 = SURFACE_STYLE_USAGE ( .BOTH. , #6156 ) ;
#2175 =( LENGTH_UNIT ( ) NAMED_UNIT ( * ) SI_UNIT ( .MILLI., .METRE. ) );
#2176 = ADVANCED_FACE ( 'NONE', ( #4884 ), #3879, .T. ) ;
#2177 = VECTOR ( 'NONE', #6384, 1000.000000000000000 ) ;
#2178 = ORIENTED_EDGE ( 'NONE', *, *, #4239, .F. ) ;
#2179 = EDGE_CURVE ( 'NONE', #6729, #2624, #4850, .T. ) ;
#2180 = LINE ( 'NONE', #4944, #3661 ) ;
#2181 = CARTESIAN_POINT ( 'NONE',  ( -3.075000000000000178, 0.7649999999999999023, 0.000000000000000000 ) ) ;
#2182 = DIRECTION ( 'NONE',  ( -0.7071067811865475727, -0.7071067811865475727, 0.000000000000000000 ) ) ;
#2183 = CARTESIAN_POINT ( 'NONE',  ( -0.5799999999999999600, 2.423826859021799951, 0.000000000000000000 ) ) ;
#2185 = VECTOR ( 'NONE', #4143, 1000.000000000000000 ) ;
#2184 = CARTESIAN_POINT ( 'NONE',  ( -0.8299999999999999600, -2.423826859021799951, 0.3300000000000000155 ) ) ;
#2186 = LINE ( 'NONE', #1019, #4525 ) ;
#2187 = PRESENTATION_LAYER_ASSIGNMENT (  '', '', ( #236 ) ) ;
#2188 = ORIENTED_EDGE ( 'NONE', *, *, #6689, .T. ) ;
#2189 = ORIENTED_EDGE ( 'NONE', *, *, #1573, .T. ) ;
#2190 = CARTESIAN_POINT ( 'NONE',  ( -0.8299999999999999600, -2.423826859021799951, 0.000000000000000000 ) ) ;
#2191 = ORIENTED_EDGE ( 'NONE', *, *, #4989, .F. ) ;
#2192 = DIRECTION ( 'NONE',  ( 0.000000000000000000, 0.000000000000000000, 1.000000000000000000 ) ) ;
#2193 = CARTESIAN_POINT ( 'NONE',  ( 0.9650000000000000799, -1.989999999999999991, 0.000000000000000000 ) ) ;
#2194 = ORIENTED_EDGE ( 'NONE', *, *, #2621, .T. ) ;
#2195 = ORIENTED_EDGE ( 'NONE', *, *, #3930, .T. ) ;
#2196 = LINE ( 'NONE', #4426, #729 ) ;
#2197 = DIRECTION ( 'NONE',  ( 1.000000000000000000, -4.510281037539690557E-15, 0.000000000000000000 ) ) ;
#2198 =( LENGTH_UNIT ( ) NAMED_UNIT ( * ) SI_UNIT ( .MILLI., .METRE. ) );
#2199 =( NAMED_UNIT ( * ) PLANE_ANGLE_UNIT ( ) SI_UNIT ( $, .RADIAN. ) );
#2200 = FILL_AREA_STYLE_COLOUR ( '', #664 ) ;
#2201 = VECTOR ( 'NONE', #2730, 1000.000000000000000 ) ;
#2202 = ORIENTED_EDGE ( 'NONE', *, *, #3272, .T. ) ;
#2203 = VERTEX_POINT ( 'NONE', #6651 ) ;
#2204 = LINE ( 'NONE', #1177, #3553 ) ;
#2205 = PRODUCT_DEFINITION_SHAPE ( 'NONE', 'NONE',  #18 ) ;
#2206 = DIRECTION ( 'NONE',  ( -0.7071067811865474617, 0.7071067811865474617, 0.000000000000000000 ) ) ;
#2207 = LINE ( 'NONE', #1179, #2553 ) ;
#2208 = DIRECTION ( 'NONE',  ( 0.000000000000000000, 0.000000000000000000, -1.000000000000000000 ) ) ;
#2209 = ORIENTED_EDGE ( 'NONE', *, *, #3094, .F. ) ;
#2210 = EDGE_CURVE ( 'NONE', #481, #2242, #6136, .T. ) ;
#2211 = VECTOR ( 'NONE', #6775, 1000.000000000000000 ) ;
#2212 = AXIS2_PLACEMENT_3D ( 'NONE', #1737, #522, #38 ) ;
#2213 = SURFACE_STYLE_FILL_AREA ( #5057 ) ;
#2214 =( LENGTH_UNIT ( ) NAMED_UNIT ( * ) SI_UNIT ( .MILLI., .METRE. ) );
#2215 = CARTESIAN_POINT ( 'NONE',  ( 2.465000000000000302, -2.135000000000000231, 0.000000000000000000 ) ) ;
#2216 = CARTESIAN_POINT ( 'NONE',  ( -2.465000000000000302, -2.135000000000000231, 0.3800000000000000044 ) ) ;
#2217 = EDGE_CURVE ( 'NONE', #801, #5407, #2696, .T. ) ;
#2218 = LINE ( 'NONE', #5463, #3738 ) ;
#2219 = FILL_AREA_STYLE_COLOUR ( '', #2455 ) ;
#2220 = EDGE_CURVE ( 'NONE', #3307, #6946, #3268, .T. ) ;
#2221 = ADVANCED_FACE ( 'NONE', ( #4956 ), #1626, .F. ) ;
#2222 = AXIS2_PLACEMENT_3D ( 'NONE', #2732, #6687, #4922 ) ;
#2223 = ORIENTED_EDGE ( 'NONE', *, *, #6559, .F. ) ;
#2224 = DIRECTION ( 'NONE',  ( 0.000000000000000000, 1.000000000000000000, 0.000000000000000000 ) ) ;
#2225 = ORIENTED_EDGE ( 'NONE', *, *, #1859, .T. ) ;
#2226 = DIRECTION ( 'NONE',  ( 1.000000000000000000, 0.000000000000000000, 0.000000000000000000 ) ) ;
#2227 = AXIS2_PLACEMENT_3D ( 'NONE', #2939, #6239, #4050 ) ;
#2228 = DIRECTION ( 'NONE',  ( -0.7071067811865550112, -0.7071067811865400232, 0.000000000000000000 ) ) ;
#2229 = ADVANCED_FACE ( 'NONE', ( #3230 ), #6549, .T. ) ;
#2230 = DIRECTION ( 'NONE',  ( 1.000000000000000000, 0.000000000000000000, 0.000000000000000000 ) ) ;
#2231 = UNCERTAINTY_MEASURE_WITH_UNIT (LENGTH_MEASURE( 1.000000000000000082E-05 ), #1149, 'distance_accuracy_value', 'NONE');
#2232 = ORIENTED_EDGE ( 'NONE', *, *, #6832, .T. ) ;
#2233 = ORIENTED_EDGE ( 'NONE', *, *, #390, .T. ) ;
#2234 = CARTESIAN_POINT ( 'NONE',  ( -2.945000000000000284, -1.775000000000000133, 0.3300000000000000155 ) ) ;
#2235 = FILL_AREA_STYLE ('',( #5997 ) ) ;
#2236 = PLANE ( 'NONE',  #7015 ) ;
#2237 =( GEOMETRIC_REPRESENTATION_CONTEXT ( 3 ) GLOBAL_UNCERTAINTY_ASSIGNED_CONTEXT ( ( #1649 ) ) GLOBAL_UNIT_ASSIGNED_CONTEXT ( ( #6359, #3621, #6474 ) ) REPRESENTATION_CONTEXT ( 'NONE', 'WORKASPACE' ) );
#2238 = SURFACE_STYLE_USAGE ( .BOTH. , #6145 ) ;
#2239 = CARTESIAN_POINT ( 'NONE',  ( -2.895000000000000018, 1.675000000000000044, 0.000000000000000000 ) ) ;
#2240 = UNCERTAINTY_MEASURE_WITH_UNIT (LENGTH_MEASURE( 1.000000000000000082E-05 ), #6311, 'distance_accuracy_value', 'NONE');
#2241 = ORIENTED_EDGE ( 'NONE', *, *, #6062, .F. ) ;
#2242 = VERTEX_POINT ( 'NONE', #3952 ) ;
#2243 = DIRECTION ( 'NONE',  ( 1.000000000000000000, 0.000000000000000000, 0.000000000000000000 ) ) ;
#2244 = SURFACE_STYLE_USAGE ( .BOTH. , #119 ) ;
#2245 = DIRECTION ( 'NONE',  ( 0.000000000000000000, 0.000000000000000000, 1.000000000000000000 ) ) ;
#2246 = VERTEX_POINT ( 'NONE', #6281 ) ;
#2247 = VECTOR ( 'NONE', #6678, 1000.000000000000000 ) ;
#2248 = PRESENTATION_STYLE_ASSIGNMENT (( #20 ) ) ;
#2249 = LINE ( 'NONE', #4305, #6904 ) ;
#2250 = CARTESIAN_POINT ( 'NONE',  ( -2.465000000000000302, 2.084999999999999964, 0.000000000000000000 ) ) ;
#2251 = DIRECTION ( 'NONE',  ( 0.000000000000000000, 0.000000000000000000, 1.000000000000000000 ) ) ;
#2252 = CARTESIAN_POINT ( 'NONE',  ( 2.465000000000000302, -1.724999999999999867, 0.000000000000000000 ) ) ;
#2253 = CARTESIAN_POINT ( 'NONE',  ( 1.195000000000000062, -1.989999999999999991, 0.3800000000000000044 ) ) ;
#2254 = PLANE ( 'NONE',  #4670 ) ;
#2255 = MECHANICAL_DESIGN_GEOMETRIC_PRESENTATION_REPRESENTATION (  '', ( #1348 ), #6197 ) ;
#2256 = ADVANCED_FACE ( 'NONE', ( #1860 ), #4089, .T. ) ;
#2257 = VERTEX_POINT ( 'NONE', #1897 ) ;
#2258 = LINE ( 'NONE', #6644, #219 ) ;
#2259 = ORIENTED_EDGE ( 'NONE', *, *, #3179, .T. ) ;
#2260 = VECTOR ( 'NONE', #87, 1000.000000000000000 ) ;
#2261 = EDGE_CURVE ( 'NONE', #2668, #877, #5613, .T. ) ;
#2262 = LINE ( 'NONE', #617, #6421 ) ;
#2263 = AXIS2_PLACEMENT_3D ( 'NONE', #5560, #5123, #4973 ) ;
#2264 = EDGE_CURVE ( 'NONE', #5989, #4509, #4025, .T. ) ;
#2265 = ORIENTED_EDGE ( 'NONE', *, *, #1432, .T. ) ;
#2266 = VERTEX_POINT ( 'NONE', #4625 ) ;
#2267 = DIRECTION ( 'NONE',  ( 0.000000000000000000, 0.000000000000000000, 1.000000000000000000 ) ) ;
#2268 = DIRECTION ( 'NONE',  ( 1.000000000000000000, 0.000000000000000000, 0.000000000000000000 ) ) ;
#2269 = VECTOR ( 'NONE', #5459, 1000.000000000000000 ) ;
#2270 = CARTESIAN_POINT ( 'NONE',  ( -2.945000000000000284, 1.224999999999999867, 0.3300000000000040123 ) ) ;
#2271 =( NAMED_UNIT ( * ) SI_UNIT ( $, .STERADIAN. ) SOLID_ANGLE_UNIT ( ) );
#2272 = MECHANICAL_DESIGN_GEOMETRIC_PRESENTATION_REPRESENTATION (  '', ( #1932 ), #5617 ) ;
#2273 = VECTOR ( 'NONE', #4762, 1000.000000000000000 ) ;
#2274 = ORIENTED_EDGE ( 'NONE', *, *, #3359, .T. ) ;
#2275 = EDGE_LOOP ( 'NONE', ( #1964, #1900, #1400, #4038, #1161, #3379, #2513, #6915 ) ) ;
#2276 = DIRECTION ( 'NONE',  ( -1.000000000000000000, 0.000000000000000000, 0.000000000000000000 ) ) ;
#2277 = CARTESIAN_POINT ( 'NONE',  ( -2.465000000000000302, 2.084999999999999964, 0.000000000000000000 ) ) ;
#2278 = DIRECTION ( 'NONE',  ( -0.000000000000000000, 1.000000000000000000, 0.000000000000000000 ) ) ;
#2279 = LINE ( 'NONE', #4482, #5083 ) ;
#2280 = CARTESIAN_POINT ( 'NONE',  ( -0.5799999999999999600, -2.449999999999999734, 0.3300000000000000155 ) ) ;
#2281 = AXIS2_PLACEMENT_3D ( 'NONE', #1713, #2897, #86 ) ;
#2282 = VECTOR ( 'NONE', #2647, 1000.000000000000000 ) ;
#2283 = VERTEX_POINT ( 'NONE', #2367 ) ;
#2284 =( NAMED_UNIT ( * ) PLANE_ANGLE_UNIT ( ) SI_UNIT ( $, .RADIAN. ) );
#2285 = FILL_AREA_STYLE_COLOUR ( '', #415 ) ;
#2286 =( NAMED_UNIT ( * ) SI_UNIT ( $, .STERADIAN. ) SOLID_ANGLE_UNIT ( ) );
#2287 = DIRECTION ( 'NONE',  ( -1.000000000000000000, 0.000000000000000000, 0.000000000000000000 ) ) ;
#2288 = LINE ( 'NONE', #5641, #4403 ) ;
#2289 = FILL_AREA_STYLE ('',( #3368 ) ) ;
#2290 = PRESENTATION_LAYER_ASSIGNMENT (  '', '', ( #941 ) ) ;
#2291 = VERTEX_POINT ( 'NONE', #4531 ) ;
#2292 = ORIENTED_EDGE ( 'NONE', *, *, #1178, .F. ) ;
#2293 = VECTOR ( 'NONE', #5451, 1000.000000000000000 ) ;
#2294 =( NAMED_UNIT ( * ) PLANE_ANGLE_UNIT ( ) SI_UNIT ( $, .RADIAN. ) );
#2295 = DIRECTION ( 'NONE',  ( -2.707861035671120257E-15, 1.000000000000000000, 0.000000000000000000 ) ) ;
#2296 = EDGE_CURVE ( 'NONE', #2543, #4800, #1230, .T. ) ;
#2297 = UNCERTAINTY_MEASURE_WITH_UNIT (LENGTH_MEASURE( 1.000000000000000082E-05 ), #5055, 'distance_accuracy_value', 'NONE');
#2298 = VECTOR ( 'NONE', #3522, 1000.000000000000000 ) ;
#2299 = ORIENTED_EDGE ( 'NONE', *, *, #2745, .F. ) ;
#2300 = ORIENTED_EDGE ( 'NONE', *, *, #204, .F. ) ;
#2301 = LINE ( 'NONE', #3776, #6148 ) ;
#2302 =( NAMED_UNIT ( * ) PLANE_ANGLE_UNIT ( ) SI_UNIT ( $, .RADIAN. ) );
#2303 = CARTESIAN_POINT ( 'NONE',  ( -2.465000000000000302, 1.675000000000000044, 0.3800000000000000044 ) ) ;
#2304 = DIRECTION ( 'NONE',  ( 1.000000000000000000, 0.000000000000000000, 0.000000000000000000 ) ) ;
#2305 = EDGE_CURVE ( 'NONE', #2158, #801, #722, .T. ) ;
#2306 = SURFACE_STYLE_FILL_AREA ( #2815 ) ;
#2307 = DIRECTION ( 'NONE',  ( 0.7071067811865510144, 0.7071067811865441310, 0.000000000000000000 ) ) ;
#2308 = ADVANCED_FACE ( 'NONE', ( #1798 ), #4594, .T. ) ;
#2309 = EDGE_CURVE ( 'NONE', #4029, #1105, #5684, .T. ) ;
#2310 = ORIENTED_EDGE ( 'NONE', *, *, #687, .T. ) ;
#2311 = VERTEX_POINT ( 'NONE', #138 ) ;
#2312 = ORIENTED_EDGE ( 'NONE', *, *, #4632, .T. ) ;
#2313 = CARTESIAN_POINT ( 'NONE',  ( 2.895000000000000018, 0.8149999999999999467, 0.000000000000000000 ) ) ;
#2314 = DIRECTION ( 'NONE',  ( 0.4999999999999998890, -0.8660254037844387076, 0.000000000000000000 ) ) ;
#2315 =( LENGTH_UNIT ( ) NAMED_UNIT ( * ) SI_UNIT ( .MILLI., .METRE. ) );
#2316 = AXIS2_PLACEMENT_3D ( 'NONE', #3267, #7118, #1060 ) ;
#2317 = CARTESIAN_POINT ( 'NONE',  ( 3.075000000000000178, -0.8149999999999999467, 0.000000000000000000 ) ) ;
#2318 = DIRECTION ( 'NONE',  ( 0.000000000000000000, 0.000000000000000000, -1.000000000000000000 ) ) ;
#2319 = FACE_OUTER_BOUND ( 'NONE', #4545, .T. ) ;
#2320 = SURFACE_STYLE_FILL_AREA ( #2465 ) ;
#2321 = VECTOR ( 'NONE', #2594, 1000.000000000000000 ) ;
#2322 = STYLED_ITEM ( 'NONE', ( #1411 ), #2088 ) ;
#2323 = ORIENTED_EDGE ( 'NONE', *, *, #280, .T. ) ;
#2324 = FACE_OUTER_BOUND ( 'NONE', #3243, .T. ) ;
#2325 = DIRECTION ( 'NONE',  ( 0.000000000000000000, 0.000000000000000000, 1.000000000000000000 ) ) ;
#2326 = CARTESIAN_POINT ( 'NONE',  ( -0.8299999999999999600, -2.449999999999999734, 0.000000000000000000 ) ) ;
#2327 = CARTESIAN_POINT ( 'NONE',  ( 0.8299999999999999600, -2.575000000000000178, 0.3800000000000000044 ) ) ;
#2328 = DIRECTION ( 'NONE',  ( 0.7071067811865441310, 0.7071067811865510144, 0.000000000000000000 ) ) ;
#2329 = VECTOR ( 'NONE', #1832, 1000.000000000000000 ) ;
#2330 = VECTOR ( 'NONE', #243, 1000.000000000000000 ) ;
#2331 = VERTEX_POINT ( 'NONE', #216 ) ;
#2332 = EDGE_LOOP ( 'NONE', ( #545, #5627, #384, #1482 ) ) ;
#2333 = SURFACE_STYLE_FILL_AREA ( #1802 ) ;
#2334 =( NAMED_UNIT ( * ) SI_UNIT ( $, .STERADIAN. ) SOLID_ANGLE_UNIT ( ) );
#2335 = FACE_OUTER_BOUND ( 'NONE', #2871, .T. ) ;
#2336 = LINE ( 'NONE', #2887, #6963 ) ;
#2337 = LINE ( 'NONE', #5774, #3985 ) ;
#2338 = LINE ( 'NONE', #4541, #6618 ) ;
#2339 = COLOUR_RGB ( '',0.2862745098039215508, 0.2862745098039215508, 0.2862745098039215508 ) ;
#2340 = EDGE_CURVE ( 'NONE', #953, #5766, #690, .T. ) ;
#2341 = ORIENTED_EDGE ( 'NONE', *, *, #3580, .F. ) ;
#2342 = VERTEX_POINT ( 'NONE', #2876 ) ;
#2344 = STYLED_ITEM ( 'NONE', ( #1858 ), #3696 ) ;
#2343 = PLANE ( 'NONE',  #6083 ) ;
#2345 = FACE_OUTER_BOUND ( 'NONE', #2913, .T. ) ;
#2346 = ADVANCED_FACE ( 'NONE', ( #5035 ), #179, .T. ) ;
#2347 = FILL_AREA_STYLE ('',( #2482 ) ) ;
#2348 =( NAMED_UNIT ( * ) SI_UNIT ( $, .STERADIAN. ) SOLID_ANGLE_UNIT ( ) );
#2349 = EDGE_CURVE ( 'NONE', #5929, #6413, #803, .T. ) ;
#2350 = CARTESIAN_POINT ( 'NONE',  ( 0.000000000000000000, 0.000000000000000000, 0.000000000000000000 ) ) ;
#2351 = DIRECTION ( 'NONE',  ( 1.000000000000000000, 0.000000000000000000, 0.000000000000000000 ) ) ;
#2352 = ORIENTED_EDGE ( 'NONE', *, *, #5975, .F. ) ;
#2353 = PLANE ( 'NONE',  #7152 ) ;
#2354 = CARTESIAN_POINT ( 'NONE',  ( 3.075000000000000178, 0.7649999999999999023, 0.3800000000000000044 ) ) ;
#2355 = FILL_AREA_STYLE ('',( #6166 ) ) ;
#2356 = VECTOR ( 'NONE', #929, 1000.000000000000000 ) ;
#2357 = CARTESIAN_POINT ( 'NONE',  ( 0.9650000000000000799, 1.989999999999999991, 0.000000000000000000 ) ) ;
#2358 = SURFACE_STYLE_USAGE ( .BOTH. , #1155 ) ;
#2359 = SURFACE_SIDE_STYLE ('',( #2055 ) ) ;
#2360 = VECTOR ( 'NONE', #5357, 1000.000000000000000 ) ;
#2361 = ORIENTED_EDGE ( 'NONE', *, *, #5161, .T. ) ;
#2362 = ORIENTED_EDGE ( 'NONE', *, *, #1180, .F. ) ;
#2363 = PRESENTATION_STYLE_ASSIGNMENT (( #6860 ) ) ;
#2364 = CARTESIAN_POINT ( 'NONE',  ( 0.9650000000000000799, 2.189999999999999947, 0.3800000000000000044 ) ) ;
#2365 = CARTESIAN_POINT ( 'NONE',  ( -2.465000000000000302, -2.135000000000000231, 0.000000000000000000 ) ) ;
#2366 = VECTOR ( 'NONE', #355, 1000.000000000000000 ) ;
#2367 = CARTESIAN_POINT ( 'NONE',  ( -2.945000000000000284, 1.724999999999999867, 0.3300000000000000155 ) ) ;
#2368 = UNCERTAINTY_MEASURE_WITH_UNIT (LENGTH_MEASURE( 1.000000000000000082E-05 ), #2175, 'distance_accuracy_value', 'NONE');
#2369 = VECTOR ( 'NONE', #7092, 1000.000000000000000 ) ;
#2370 = VERTEX_POINT ( 'NONE', #6759 ) ;
#2371 = ORIENTED_EDGE ( 'NONE', *, *, #3270, .T. ) ;
#2372 = DIRECTION ( 'NONE',  ( 1.000000000000000000, 0.000000000000000000, 0.000000000000000000 ) ) ;
#2373 = CARTESIAN_POINT ( 'NONE',  ( 2.945000000000000284, 0.7649999999999999023, 0.000000000000000000 ) ) ;
#2374 = SURFACE_STYLE_USAGE ( .BOTH. , #4505 ) ;
#2375 = PLANE ( 'NONE',  #4051 ) ;
#2376 = VECTOR ( 'NONE', #5914, 1000.000000000000000 ) ;
#2377 = COLOUR_RGB ( '',0.2862745098039215508, 0.2862745098039215508, 0.2862745098039215508 ) ;
#2378 = ORIENTED_EDGE ( 'NONE', *, *, #6208, .T. ) ;
#2379 = ORIENTED_EDGE ( 'NONE', *, *, #3893, .F. ) ;
#2380 = COLOUR_RGB ( '',0.2862745098039215508, 0.2862745098039215508, 0.2862745098039215508 ) ;
#2381 = SURFACE_SIDE_STYLE ('',( #6264 ) ) ;
#2382 = LINE ( 'NONE', #1747, #1238 ) ;
#2383 = SURFACE_STYLE_FILL_AREA ( #197 ) ;
#2384 = SURFACE_STYLE_USAGE ( .BOTH. , #1285 ) ;
#2385 = EDGE_CURVE ( 'NONE', #5312, #2845, #4563, .T. ) ;
#2386 = MECHANICAL_DESIGN_GEOMETRIC_PRESENTATION_REPRESENTATION (  '', ( #2155 ), #4569 ) ;
#2387 = AXIS2_PLACEMENT_3D ( 'NONE', #1288, #790, #6674 ) ;
#2388 = EDGE_CURVE ( 'NONE', #5030, #6323, #6797, .T. ) ;
#2389 = ORIENTED_EDGE ( 'NONE', *, *, #4726, .T. ) ;
#2390 = SURFACE_SIDE_STYLE ('',( #751 ) ) ;
#2391 = DIRECTION ( 'NONE',  ( 0.000000000000000000, 0.000000000000000000, 1.000000000000000000 ) ) ;
#2392 = PRESENTATION_STYLE_ASSIGNMENT (( #5021 ) ) ;
#2393 = CARTESIAN_POINT ( 'NONE',  ( 2.945000000000000284, -2.449999999999999734, 0.000000000000000000 ) ) ;
#2394 = EDGE_CURVE ( 'NONE', #2342, #1975, #6216, .T. ) ;
#2395 = VECTOR ( 'NONE', #3875, 1000.000000000000000 ) ;
#2396 = EDGE_CURVE ( 'NONE', #135, #6880, #4496, .T. ) ;
#2397 = ADVANCED_FACE ( 'NONE', ( #2436 ), #2840, .F. ) ;
#2398 = ORIENTED_EDGE ( 'NONE', *, *, #3927, .F. ) ;
#2399 = VERTEX_POINT ( 'NONE', #4129 ) ;
#2400 = DIRECTION ( 'NONE',  ( 0.000000000000000000, 0.000000000000000000, -1.000000000000000000 ) ) ;
#2401 = LINE ( 'NONE', #247, #6284 ) ;
#2402 = ORIENTED_EDGE ( 'NONE', *, *, #3404, .F. ) ;
#2404 = COLOUR_RGB ( '',0.7490196078431372584, 0.7490196078431372584, 0.7490196078431372584 ) ;
#2403 = CARTESIAN_POINT ( 'NONE',  ( -2.945000000000000284, 1.224999999999999867, 0.3300000000000040123 ) ) ;
#2405 = CARTESIAN_POINT ( 'NONE',  ( -2.945000000000000284, -1.775000000000000133, 0.000000000000000000 ) ) ;
#2406 = AXIS2_PLACEMENT_3D ( 'NONE', #2313, #156, #2894 ) ;
#2407 = ORIENTED_EDGE ( 'NONE', *, *, #1269, .T. ) ;
#2408 = ORIENTED_EDGE ( 'NONE', *, *, #963, .T. ) ;
#2409 = DIRECTION ( 'NONE',  ( 1.000000000000000000, 0.000000000000000000, 0.000000000000000000 ) ) ;
#2410 = VERTEX_POINT ( 'NONE', #5210 ) ;
#2411 =( NAMED_UNIT ( * ) PLANE_ANGLE_UNIT ( ) SI_UNIT ( $, .RADIAN. ) );
#2412 = PLANE ( 'NONE',  #5963 ) ;
#2413 = CARTESIAN_POINT ( 'NONE',  ( -1.232500000000000151, 0.8149999999999999467, 0.000000000000000000 ) ) ;
#2414 = DIRECTION ( 'NONE',  ( 0.000000000000000000, 0.000000000000000000, 1.000000000000000000 ) ) ;
#2415 = COLOUR_RGB ( '',0.2862745098039215508, 0.2862745098039215508, 0.2862745098039215508 ) ;
#2416 = PLANE ( 'NONE',  #5905 ) ;
#2417 = ORIENTED_EDGE ( 'NONE', *, *, #3316, .F. ) ;
#2418 = ORIENTED_EDGE ( 'NONE', *, *, #5842, .T. ) ;
#2419 = DIRECTION ( 'NONE',  ( 1.000000000000000000, 0.000000000000000000, 0.000000000000000000 ) ) ;
#2420 = CARTESIAN_POINT ( 'NONE',  ( -1.195000000000000062, 1.879999999999999893, 0.3300000000000000155 ) ) ;
#2421 = PRESENTATION_STYLE_ASSIGNMENT (( #5704 ) ) ;
#2422 = CARTESIAN_POINT ( 'NONE',  ( 2.895000000000000018, 1.675000000000000044, 0.3800000000000000044 ) ) ;
#2423 = DIRECTION ( 'NONE',  ( 0.000000000000000000, 0.000000000000000000, 1.000000000000000000 ) ) ;
#2424 = ORIENTED_EDGE ( 'NONE', *, *, #4941, .T. ) ;
#2425 = EDGE_CURVE ( 'NONE', #1409, #2063, #3087, .T. ) ;
#2426 = LINE ( 'NONE', #4646, #2750 ) ;
#2427 = LINE ( 'NONE', #4221, #2965 ) ;
#2428 = FACE_OUTER_BOUND ( 'NONE', #5276, .T. ) ;
#2429 = SURFACE_STYLE_FILL_AREA ( #4013 ) ;
#2430 = PLANE ( 'NONE',  #4910 ) ;
#2431 = ORIENTED_EDGE ( 'NONE', *, *, #6867, .F. ) ;
#2432 = ADVANCED_FACE ( 'NONE', ( #3049 ), #5289, .F. ) ;
#2433 = CARTESIAN_POINT ( 'NONE',  ( 3.075000000000000178, -1.775000000000000133, 0.000000000000000000 ) ) ;
#2434 = DIRECTION ( 'NONE',  ( 1.000000000000000000, 0.000000000000000000, 0.000000000000000000 ) ) ;
#2435 = EDGE_CURVE ( 'NONE', #2845, #6325, #6438, .T. ) ;
#2436 = FACE_OUTER_BOUND ( 'NONE', #4329, .T. ) ;
#2437 = EDGE_CURVE ( 'NONE', #5190, #387, #5764, .T. ) ;
#2438 = UNCERTAINTY_MEASURE_WITH_UNIT (LENGTH_MEASURE( 1.000000000000000082E-05 ), #1844, 'distance_accuracy_value', 'NONE');
#2439 = ADVANCED_FACE ( 'NONE', ( #3119 ), #3014, .T. ) ;
#2440 = ORIENTED_EDGE ( 'NONE', *, *, #1358, .T. ) ;
#2441 = ORIENTED_EDGE ( 'NONE', *, *, #2655, .F. ) ;
#2442 = ORIENTED_EDGE ( 'NONE', *, *, #507, .T. ) ;
#2443 = DIRECTION ( 'NONE',  ( -1.000000000000000000, -1.132880637372609972E-16, 0.000000000000000000 ) ) ;
#2444 = PRESENTATION_STYLE_ASSIGNMENT (( #5220 ) ) ;
#2445 = CARTESIAN_POINT ( 'NONE',  ( 1.195000000000000062, -1.989999999999999991, 0.000000000000000000 ) ) ;
#2446 = CARTESIAN_POINT ( 'NONE',  ( -2.465000000000000302, -0.8649999999999999911, 0.000000000000000000 ) ) ;
#2447 = FACE_OUTER_BOUND ( 'NONE', #4846, .T. ) ;
#2448 = ORIENTED_EDGE ( 'NONE', *, *, #6653, .T. ) ;
#2449 = EDGE_LOOP ( 'NONE', ( #4518, #5810, #6801, #6453 ) ) ;
#2450 = CARTESIAN_POINT ( 'NONE',  ( -2.465000000000000302, -2.135000000000000231, 0.000000000000000000 ) ) ;
#2451 =( LENGTH_UNIT ( ) NAMED_UNIT ( * ) SI_UNIT ( .MILLI., .METRE. ) );
#2452 = VECTOR ( 'NONE', #1902, 1000.000000000000000 ) ;
#2453 = CARTESIAN_POINT ( 'NONE',  ( -0.8299999999999999600, 2.575000000000000178, 0.000000000000000000 ) ) ;
#2454 = PRODUCT_CONTEXT ( 'NONE', #267, 'mechanical' ) ;
#2455 = COLOUR_RGB ( '',0.2862745098039215508, 0.2862745098039215508, 0.2862745098039215508 ) ;
#2456 = DIRECTION ( 'NONE',  ( 1.000000000000000000, 0.000000000000000000, 0.000000000000000000 ) ) ;
#2457 = VECTOR ( 'NONE', #3292, 1000.000000000000000 ) ;
#2458 = DIRECTION ( 'NONE',  ( 0.000000000000000000, 1.000000000000000000, 0.000000000000000000 ) ) ;
#2459 =( NAMED_UNIT ( * ) SI_UNIT ( $, .STERADIAN. ) SOLID_ANGLE_UNIT ( ) );
#2460 =( NAMED_UNIT ( * ) SI_UNIT ( $, .STERADIAN. ) SOLID_ANGLE_UNIT ( ) );
#2461 = DIRECTION ( 'NONE',  ( 0.000000000000000000, 0.000000000000000000, -1.000000000000000000 ) ) ;
#2462 = FILL_AREA_STYLE ('',( #1009 ) ) ;
#2464 = CARTESIAN_POINT ( 'NONE',  ( 0.9650000000000000799, 1.989999999999999991, 0.3800000000000000044 ) ) ;
#2463 = VECTOR ( 'NONE', #3218, 1000.000000000000000 ) ;
#2465 = FILL_AREA_STYLE ('',( #277 ) ) ;
#2466 = VECTOR ( 'NONE', #3718, 1000.000000000000000 ) ;
#2467 = EDGE_LOOP ( 'NONE', ( #2341, #6422, #5120, #1225 ) ) ;
#2468 = VERTEX_POINT ( 'NONE', #4656 ) ;
#2469 =( NAMED_UNIT ( * ) PLANE_ANGLE_UNIT ( ) SI_UNIT ( $, .RADIAN. ) );
#2470 = SURFACE_STYLE_USAGE ( .BOTH. , #6936 ) ;
#2471 = VECTOR ( 'NONE', #957, 1000.000000000000000 ) ;
#2472 = EDGE_CURVE ( 'NONE', #2765, #3193, #405, .T. ) ;
#2473 = ADVANCED_FACE ( 'NONE', ( #4777 ), #3798, .T. ) ;
#2474 = EDGE_CURVE ( 'NONE', #2729, #4203, #4345, .T. ) ;
#2475 = ORIENTED_EDGE ( 'NONE', *, *, #6062, .T. ) ;
#2476 = VERTEX_POINT ( 'NONE', #7071 ) ;
#2477 = VECTOR ( 'NONE', #435, 1000.000000000000000 ) ;
#2478 = ORIENTED_EDGE ( 'NONE', *, *, #882, .F. ) ;
#2479 = ORIENTED_EDGE ( 'NONE', *, *, #3581, .F. ) ;
#2480 = PRESENTATION_STYLE_ASSIGNMENT (( #2627 ) ) ;
#2481 = CARTESIAN_POINT ( 'NONE',  ( 2.465000000000000302, 0.8149999999999999467, 0.000000000000000000 ) ) ;
#2482 = FILL_AREA_STYLE_COLOUR ( '', #6989 ) ;
#2483 = SURFACE_STYLE_USAGE ( .BOTH. , #3487 ) ;
#2484 = EDGE_CURVE ( 'NONE', #6654, #3371, #5539, .T. ) ;
#2485 = PRESENTATION_LAYER_ASSIGNMENT (  '', '', ( #5948 ) ) ;
#2486 = VERTEX_POINT ( 'NONE', #2253 ) ;
#2487 = ORIENTED_EDGE ( 'NONE', *, *, #4230, .T. ) ;
#2488 = DIRECTION ( 'NONE',  ( 0.000000000000000000, 0.000000000000000000, -1.000000000000000000 ) ) ;
#2489 = DIRECTION ( 'NONE',  ( 0.000000000000000000, -1.000000000000000000, 0.000000000000000000 ) ) ;
#2490 =( NAMED_UNIT ( * ) PLANE_ANGLE_UNIT ( ) SI_UNIT ( $, .RADIAN. ) );
#2491 = COLOUR_RGB ( '',0.2862745098039215508, 0.2862745098039215508, 0.2862745098039215508 ) ;
#2492 = VECTOR ( 'NONE', #6951, 1000.000000000000000 ) ;
#2493 = FILL_AREA_STYLE_COLOUR ( '', #4389 ) ;
#2494 = FACE_OUTER_BOUND ( 'NONE', #5217, .T. ) ;
#2495 = VECTOR ( 'NONE', #1525, 1000.000000000000000 ) ;
#2496 = VERTEX_POINT ( 'NONE', #2113 ) ;
#2497 = CARTESIAN_POINT ( 'NONE',  ( -2.465000000000000302, 0.2024999999999999856, 0.000000000000000000 ) ) ;
#2498 =( NAMED_UNIT ( * ) PLANE_ANGLE_UNIT ( ) SI_UNIT ( $, .RADIAN. ) );
#2499 = CARTESIAN_POINT ( 'NONE',  ( -2.895000000000000018, 2.084999999999999964, 0.000000000000000000 ) ) ;
#2500 = SURFACE_STYLE_FILL_AREA ( #315 ) ;
#2501 = AXIS2_PLACEMENT_3D ( 'NONE', #4154, #5755, #395 ) ;
#2502 = AXIS2_PLACEMENT_3D ( 'NONE', #470, #502, #6607 ) ;
#2503 = CARTESIAN_POINT ( 'NONE',  ( -0.4449999999999999512, -1.989999999999999991, 0.000000000000000000 ) ) ;
#2504 = DIRECTION ( 'NONE',  ( -0.7071067811865400232, 0.7071067811865550112, 0.000000000000000000 ) ) ;
#2505 = VECTOR ( 'NONE', #4302, 1000.000000000000000 ) ;
#2506 = EDGE_LOOP ( 'NONE', ( #3100, #1332, #4018, #117 ) ) ;
#2507 =( LENGTH_UNIT ( ) NAMED_UNIT ( * ) SI_UNIT ( .MILLI., .METRE. ) );
#2508 = ORIENTED_EDGE ( 'NONE', *, *, #5532, .T. ) ;
#2509 = DIRECTION ( 'NONE',  ( 0.000000000000000000, 0.000000000000000000, 1.000000000000000000 ) ) ;
#2510 = CARTESIAN_POINT ( 'NONE',  ( -2.874777666791120456, -2.379777666791120350, 0.9981208709751409058 ) ) ;
#2511 = COLOUR_RGB ( '',0.2862745098039215508, 0.2862745098039215508, 0.2862745098039215508 ) ;
#2512 = ORIENTED_EDGE ( 'NONE', *, *, #3716, .F. ) ;
#2513 = ORIENTED_EDGE ( 'NONE', *, *, #2841, .T. ) ;
#2514 = FACE_OUTER_BOUND ( 'NONE', #4628, .T. ) ;
#2515 = ORIENTED_EDGE ( 'NONE', *, *, #5355, .F. ) ;
#2516 = ORIENTED_EDGE ( 'NONE', *, *, #5211, .T. ) ;
#2517 = EDGE_CURVE ( 'NONE', #4166, #3629, #4376, .T. ) ;
#2518 = SURFACE_SIDE_STYLE ('',( #5691 ) ) ;
#2519 = LINE ( 'NONE', #1589, #4311 ) ;
#2520 = CARTESIAN_POINT ( 'NONE',  ( 2.945000000000000284, -2.449999999999999734, 0.000000000000000000 ) ) ;
#2521 = EDGE_LOOP ( 'NONE', ( #3022, #1552, #4640, #6180, #5544, #1340, #3924, #1437, #2844, #3589, #5740, #2159, #1280, #4916, #5218, #6073, #2029, #6139, #6403, #3115, #1600, #2057, #3847, #5369, #6906, #2808, #2058, #1286, #594, #2766, #6726, #3090, #3474, #3348, #3901, #520, #960, #2676, #6489, #215, #2900, #1029, #1424, #5359 ) ) ;
#2522 = ORIENTED_EDGE ( 'NONE', *, *, #5574, .T. ) ;
#2523 = PLANE ( 'NONE',  #6025 ) ;
#2524 = SURFACE_SIDE_STYLE ('',( #5822 ) ) ;
#2525 = EDGE_CURVE ( 'NONE', #6372, #739, #2653, .T. ) ;
#2526 = DIRECTION ( 'NONE',  ( 1.000000000000000000, 0.000000000000000000, 0.000000000000000000 ) ) ;
#2527 = VECTOR ( 'NONE', #3963, 1000.000000000000000 ) ;
#2528 = CARTESIAN_POINT ( 'NONE',  ( 0.5799999999999999600, 2.575000000000000178, 0.3800000000000000044 ) ) ;
#2529 = APPLICATION_PROTOCOL_DEFINITION ( 'draft international standard', 'automotive_design', 1998, #6684 ) ;
#2530 = CARTESIAN_POINT ( 'NONE',  ( -0.8299999999999999600, -2.423826859021799951, 0.3300000000000000155 ) ) ;
#2531 = EDGE_CURVE ( 'NONE', #1602, #2311, #3258, .T. ) ;
#2532 = EDGE_CURVE ( 'NONE', #7117, #2967, #3871, .T. ) ;
#2533 = MECHANICAL_DESIGN_GEOMETRIC_PRESENTATION_REPRESENTATION (  '', ( #2879 ), #5657 ) ;
#2534 =( NAMED_UNIT ( * ) SI_UNIT ( $, .STERADIAN. ) SOLID_ANGLE_UNIT ( ) );
#2535 = EDGE_CURVE ( 'NONE', #2399, #5191, #2186, .T. ) ;
#2536 = CARTESIAN_POINT ( 'NONE',  ( -3.075000000000000178, 1.724999999999999867, 0.3800000000000000044 ) ) ;
#2537 = DIRECTION ( 'NONE',  ( 0.000000000000000000, 1.000000000000000000, 0.000000000000000000 ) ) ;
#2538 = LINE ( 'NONE', #427, #1635 ) ;
#2539 = PRESENTATION_STYLE_ASSIGNMENT (( #4805 ) ) ;
#2540 =( NAMED_UNIT ( * ) SI_UNIT ( $, .STERADIAN. ) SOLID_ANGLE_UNIT ( ) );
#2541 = ORIENTED_EDGE ( 'NONE', *, *, #3222, .T. ) ;
#2542 = DIRECTION ( 'NONE',  ( 0.000000000000000000, 0.000000000000000000, -1.000000000000000000 ) ) ;
#2543 = VERTEX_POINT ( 'NONE', #2764 ) ;
#2544 = DIRECTION ( 'NONE',  ( -1.000000000000000000, 0.000000000000000000, 0.000000000000000000 ) ) ;
#2545 = CARTESIAN_POINT ( 'NONE',  ( -2.895000000000000018, 0.4049999999999999711, 0.000000000000000000 ) ) ;
#2546 = ORIENTED_EDGE ( 'NONE', *, *, #2128, .T. ) ;
#2547 = CARTESIAN_POINT ( 'NONE',  ( 0.000000000000000000, 2.449999999999999734, 0.3300000000000000155 ) ) ;
#2548 = EDGE_LOOP ( 'NONE', ( #6029, #4500, #6691, #3092 ) ) ;
#2549 = EDGE_LOOP ( 'NONE', ( #3029, #3683, #3910, #809 ) ) ;
#2550 = PRESENTATION_STYLE_ASSIGNMENT (( #7047 ) ) ;
#2551 = LINE ( 'NONE', #334, #1452 ) ;
#2552 =( NAMED_UNIT ( * ) SI_UNIT ( $, .STERADIAN. ) SOLID_ANGLE_UNIT ( ) );
#2553 = VECTOR ( 'NONE', #4400, 1000.000000000000000 ) ;
#2554 = DIRECTION ( 'NONE',  ( 0.8660254037844387076, 0.4999999999999998890, 0.000000000000000000 ) ) ;
#2555 = AXIS2_PLACEMENT_3D ( 'NONE', #5775, #6293, #813 ) ;
#2556 = VECTOR ( 'NONE', #4823, 1000.000000000000000 ) ;
#2557 = ORIENTED_EDGE ( 'NONE', *, *, #3444, .F. ) ;
#2558 = ORIENTED_EDGE ( 'NONE', *, *, #2614, .F. ) ;
#2559 = CARTESIAN_POINT ( 'NONE',  ( 3.075000000000000178, 0.7649999999999999023, 0.3800000000000000044 ) ) ;
#2560 = PRESENTATION_STYLE_ASSIGNMENT (( #1987 ) ) ;
#2561 = FACE_OUTER_BOUND ( 'NONE', #4674, .T. ) ;
#2562 = SURFACE_STYLE_USAGE ( .BOTH. , #940 ) ;
#2563 = VECTOR ( 'NONE', #3304, 999.9999999999998863 ) ;
#2564 = ORIENTED_EDGE ( 'NONE', *, *, #2655, .T. ) ;
#2565 = EDGE_CURVE ( 'NONE', #877, #4731, #4410, .T. ) ;
#2566 = EDGE_LOOP ( 'NONE', ( #1487, #2960, #6123, #5582 ) ) ;
#2567 = EDGE_CURVE ( 'NONE', #5625, #1915, #2146, .T. ) ;
#2568 = ORIENTED_EDGE ( 'NONE', *, *, #5596, .F. ) ;
#2569 = ADVANCED_FACE ( 'NONE', ( #2795 ), #3834, .T. ) ;
#2570 = VECTOR ( 'NONE', #4587, 1000.000000000000000 ) ;
#2571 = PLANE ( 'NONE',  #1610 ) ;
#2572 =( LENGTH_UNIT ( ) NAMED_UNIT ( * ) SI_UNIT ( .MILLI., .METRE. ) );
#2573 = LINE ( 'NONE', #5829, #5115 ) ;
#2574 = DIRECTION ( 'NONE',  ( 0.000000000000000000, 1.000000000000000000, 0.000000000000000000 ) ) ;
#2575 = PRESENTATION_STYLE_ASSIGNMENT (( #2071 ) ) ;
#2576 = LINE ( 'NONE', #356, #6743 ) ;
#2577 = PRESENTATION_LAYER_ASSIGNMENT (  '', '', ( #5681 ) ) ;
#2578 = ADVANCED_FACE ( 'NONE', ( #7112 ), #25, .F. ) ;
#2579 = CARTESIAN_POINT ( 'NONE',  ( -1.447500000000000009, 1.675000000000000044, 0.000000000000000000 ) ) ;
#2580 = SURFACE_STYLE_FILL_AREA ( #5208 ) ;
#2581 = AXIS2_PLACEMENT_3D ( 'NONE', #7109, #471, #3329 ) ;
#2582 = DIRECTION ( 'NONE',  ( 0.000000000000000000, 1.000000000000000000, 0.000000000000000000 ) ) ;
#2583 = DIRECTION ( 'NONE',  ( 0.1039620511844979861, 0.1039620511844979861, 0.9891328443778538704 ) ) ;
#2584 = ORIENTED_EDGE ( 'NONE', *, *, #931, .F. ) ;
#2585 = PLANE ( 'NONE',  #2921 ) ;
#2586 = ORIENTED_EDGE ( 'NONE', *, *, #6105, .F. ) ;
#2587 = CARTESIAN_POINT ( 'NONE',  ( -2.465000000000000302, -0.4550000000000000155, 0.3300000000000000155 ) ) ;
#2588 =( GEOMETRIC_REPRESENTATION_CONTEXT ( 3 ) GLOBAL_UNCERTAINTY_ASSIGNED_CONTEXT ( ( #3953 ) ) GLOBAL_UNIT_ASSIGNED_CONTEXT ( ( #3634, #3062, #4822 ) ) REPRESENTATION_CONTEXT ( 'NONE', 'WORKASPACE' ) );
#2589 = DIRECTION ( 'NONE',  ( 0.000000000000000000, 0.000000000000000000, 1.000000000000000000 ) ) ;
#2590 = DIRECTION ( 'NONE',  ( 0.000000000000000000, 0.000000000000000000, 1.000000000000000000 ) ) ;
#2591 = AXIS2_PLACEMENT_3D ( 'NONE', #2688, #6541, #643 ) ;
#2592 = ORIENTED_EDGE ( 'NONE', *, *, #4770, .F. ) ;
#2593 = ORIENTED_EDGE ( 'NONE', *, *, #6531, .F. ) ;
#2594 = DIRECTION ( 'NONE',  ( 0.000000000000000000, 0.000000000000000000, 1.000000000000000000 ) ) ;
#2595 = CARTESIAN_POINT ( 'NONE',  ( -2.465000000000000302, 2.084999999999999964, 0.3300000000000000155 ) ) ;
#2596 = SURFACE_SIDE_STYLE ('',( #3204 ) ) ;
#2597 = LINE ( 'NONE', #7023, #3130 ) ;
#2598 = PLANE ( 'NONE',  #3517 ) ;
#2599 = UNCERTAINTY_MEASURE_WITH_UNIT (LENGTH_MEASURE( 1.000000000000000082E-05 ), #3960, 'distance_accuracy_value', 'NONE');
#2600 = ORIENTED_EDGE ( 'NONE', *, *, #6433, .T. ) ;
#2601 = VECTOR ( 'NONE', #4901, 1000.000000000000000 ) ;
#2602 = VERTEX_POINT ( 'NONE', #4014 ) ;
#2603 = ORIENTED_EDGE ( 'NONE', *, *, #4009, .F. ) ;
#2604 = VECTOR ( 'NONE', #4483, 1000.000000000000000 ) ;
#2605 = LINE ( 'NONE', #3648, #104 ) ;
#2606 = SURFACE_SIDE_STYLE ('',( #7098 ) ) ;
#2607 = CARTESIAN_POINT ( 'NONE',  ( -2.465000000000000302, 0.4049999999999999711, 0.3800000000000000044 ) ) ;
#2608 =( NAMED_UNIT ( * ) SI_UNIT ( $, .STERADIAN. ) SOLID_ANGLE_UNIT ( ) );
#2609 = EDGE_CURVE ( 'NONE', #294, #3876, #2830, .T. ) ;
#2610 = FACE_OUTER_BOUND ( 'NONE', #3674, .T. ) ;
#2611 = CARTESIAN_POINT ( 'NONE',  ( 2.465000000000000302, 1.675000000000000044, 0.3300000000000000155 ) ) ;
#2612 = VECTOR ( 'NONE', #1211, 1000.000000000000000 ) ;
#2613 = VECTOR ( 'NONE', #2414, 1000.000000000000000 ) ;
#2614 = EDGE_CURVE ( 'NONE', #1698, #3770, #172, .T. ) ;
#2615 = CARTESIAN_POINT ( 'NONE',  ( 0.5799999999999999600, 2.575000000000000178, 0.000000000000000000 ) ) ;
#2616 = STYLED_ITEM ( 'NONE', ( #2886 ), #6701 ) ;
#2618 = FACE_OUTER_BOUND ( 'NONE', #2122, .T. ) ;
#2617 =( GEOMETRIC_REPRESENTATION_CONTEXT ( 3 ) GLOBAL_UNCERTAINTY_ASSIGNED_CONTEXT ( ( #2735 ) ) GLOBAL_UNIT_ASSIGNED_CONTEXT ( ( #5320, #316, #398 ) ) REPRESENTATION_CONTEXT ( 'NONE', 'WORKASPACE' ) );
#2619 = EDGE_CURVE ( 'NONE', #1538, #5190, #1257, .T. ) ;
#2620 = LINE ( 'NONE', #5802, #1455 ) ;
#2621 = EDGE_CURVE ( 'NONE', #4826, #3494, #2904, .T. ) ;
#2622 = EDGE_CURVE ( 'NONE', #6228, #1416, #1722, .T. ) ;
#2623 = VECTOR ( 'NONE', #425, 1000.000000000000114 ) ;
#2624 = VERTEX_POINT ( 'NONE', #5099 ) ;
#2625 = DIRECTION ( 'NONE',  ( 1.000000000000000000, 0.000000000000000000, 0.000000000000000000 ) ) ;
#2626 = ORIENTED_EDGE ( 'NONE', *, *, #2437, .F. ) ;
#2627 = SURFACE_STYLE_USAGE ( .BOTH. , #5847 ) ;
#2628 = FILL_AREA_STYLE_COLOUR ( '', #5230 ) ;
#2629 = SURFACE_SIDE_STYLE ('',( #2020 ) ) ;
#2630 = CARTESIAN_POINT ( 'NONE',  ( -2.945000000000000284, 2.034999999999999698, 0.3800000000000000044 ) ) ;
#2631 = VECTOR ( 'NONE', #6357, 1000.000000000000000 ) ;
#2632 = ORIENTED_EDGE ( 'NONE', *, *, #3480, .T. ) ;
#2633 = ORIENTED_EDGE ( 'NONE', *, *, #1854, .F. ) ;
#2634 = DIRECTION ( 'NONE',  ( 0.000000000000000000, 1.000000000000000000, 0.000000000000000000 ) ) ;
#2635 = CARTESIAN_POINT ( 'NONE',  ( 2.465000000000000302, 0.4049999999999999711, 0.000000000000000000 ) ) ;
#2636 = VECTOR ( 'NONE', #710, 1000.000000000000000 ) ;
#2637 = EDGE_LOOP ( 'NONE', ( #4423, #631, #4469, #6782 ) ) ;
#2638 =( GEOMETRIC_REPRESENTATION_CONTEXT ( 3 ) GLOBAL_UNCERTAINTY_ASSIGNED_CONTEXT ( ( #4832 ) ) GLOBAL_UNIT_ASSIGNED_CONTEXT ( ( #5920, #455, #4828 ) ) REPRESENTATION_CONTEXT ( 'NONE', 'WORKASPACE' ) );
#2639 = ORIENTED_EDGE ( 'NONE', *, *, #3970, .F. ) ;
#2640 = DIRECTION ( 'NONE',  ( -2.707861035671120257E-15, 1.000000000000000000, 0.000000000000000000 ) ) ;
#2641 = PRESENTATION_STYLE_ASSIGNMENT (( #5452 ) ) ;
#2642 = CARTESIAN_POINT ( 'NONE',  ( -0.5799999999999999600, -2.423826859021799951, 0.000000000000000000 ) ) ;
#2643 = SURFACE_SIDE_STYLE ('',( #2500 ) ) ;
#2644 =( NAMED_UNIT ( * ) PLANE_ANGLE_UNIT ( ) SI_UNIT ( $, .RADIAN. ) );
#2645 = LINE ( 'NONE', #4837, #3933 ) ;
#2646 = PRESENTATION_LAYER_ASSIGNMENT (  '', '', ( #3678 ) ) ;
#2647 = DIRECTION ( 'NONE',  ( 1.000000000000000000, 0.000000000000000000, 0.000000000000000000 ) ) ;
#2648 = DIRECTION ( 'NONE',  ( 0.000000000000000000, 0.000000000000000000, 1.000000000000000000 ) ) ;
#2649 = DIRECTION ( 'NONE',  ( 0.000000000000000000, 0.000000000000000000, 1.000000000000000000 ) ) ;
#2650 = DIRECTION ( 'NONE',  ( 0.000000000000000000, 0.000000000000000000, 1.000000000000000000 ) ) ;
#2651 = ORIENTED_EDGE ( 'NONE', *, *, #432, .T. ) ;
#2652 = CARTESIAN_POINT ( 'NONE',  ( 2.465000000000000302, -0.4550000000000000155, 0.000000000000000000 ) ) ;
#2653 = LINE ( 'NONE', #1117, #7072 ) ;
#2654 = ORIENTED_EDGE ( 'NONE', *, *, #4896, .F. ) ;
#2655 = EDGE_CURVE ( 'NONE', #6298, #2656, #5716, .T. ) ;
#2656 = VERTEX_POINT ( 'NONE', #2868 ) ;
#2657 = ADVANCED_FACE ( 'NONE', ( #6824 ), #6275, .T. ) ;
#2658 = VERTEX_POINT ( 'NONE', #3400 ) ;
#2659 = CARTESIAN_POINT ( 'NONE',  ( -2.465000000000000302, -0.4550000000000000155, 0.000000000000000000 ) ) ;
#2660 = EDGE_CURVE ( 'NONE', #6298, #3663, #6128, .T. ) ;
#2661 = ORIENTED_EDGE ( 'NONE', *, *, #973, .T. ) ;
#2662 = FILL_AREA_STYLE_COLOUR ( '', #840 ) ;
#2663 = FACE_OUTER_BOUND ( 'NONE', #3406, .T. ) ;
#2664 = CARTESIAN_POINT ( 'NONE',  ( 0.9650000000000000799, -2.189999999999999947, 0.3800000000000000044 ) ) ;
#2665 = FACE_OUTER_BOUND ( 'NONE', #7035, .T. ) ;
#2666 = AXIS2_PLACEMENT_3D ( 'NONE', #5933, #1508, #3213 ) ;
#2667 = EDGE_CURVE ( 'NONE', #1173, #4510, #5573, .T. ) ;
#2668 = VERTEX_POINT ( 'NONE', #2973 ) ;
#2669 = PLANE ( 'NONE',  #3129 ) ;
#2670 = VECTOR ( 'NONE', #49, 1000.000000000000000 ) ;
#2671 = FACE_OUTER_BOUND ( 'NONE', #4742, .T. ) ;
#2672 = PLANE ( 'NONE',  #1367 ) ;
#2673 = LINE ( 'NONE', #3314, #1920 ) ;
#2674 = EDGE_LOOP ( 'NONE', ( #6580, #1994, #764, #5893 ) ) ;
#2675 = ORIENTED_EDGE ( 'NONE', *, *, #2619, .T. ) ;
#2676 = ORIENTED_EDGE ( 'NONE', *, *, #3321, .F. ) ;
#2677 = DIRECTION ( 'NONE',  ( -0.000000000000000000, 1.000000000000000000, 0.000000000000000000 ) ) ;
#2678 = PLANE ( 'NONE',  #2263 ) ;
#2679 = CARTESIAN_POINT ( 'NONE',  ( -2.895000000000000018, 1.675000000000000044, 0.000000000000000000 ) ) ;
#2680 = LINE ( 'NONE', #6568, #3578 ) ;
#2681 = SURFACE_SIDE_STYLE ('',( #3324 ) ) ;
#2682 = LINE ( 'NONE', #4870, #1240 ) ;
#2683 = VECTOR ( 'NONE', #6147, 1000.000000000000114 ) ;
#2684 = ORIENTED_EDGE ( 'NONE', *, *, #3361, .F. ) ;
#2685 = CARTESIAN_POINT ( 'NONE',  ( -2.945000000000000284, 2.034999999999999698, 0.000000000000000000 ) ) ;
#2686 = LINE ( 'NONE', #2143, #3155 ) ;
#2687 = DIRECTION ( 'NONE',  ( 0.000000000000000000, 0.000000000000000000, 1.000000000000000000 ) ) ;
#2688 = CARTESIAN_POINT ( 'NONE',  ( -2.945000000000000284, -0.5050000000000000044, 0.000000000000000000 ) ) ;
#2690 =( LENGTH_UNIT ( ) NAMED_UNIT ( * ) SI_UNIT ( .MILLI., .METRE. ) );
#2689 = VECTOR ( 'NONE', #4739, 1000.000000000000000 ) ;
#2691 = VECTOR ( 'NONE', #5885, 1000.000000000000000 ) ;
#2692 = MECHANICAL_DESIGN_GEOMETRIC_PRESENTATION_REPRESENTATION (  '', ( #4185 ), #5575 ) ;
#2693 = ORIENTED_EDGE ( 'NONE', *, *, #115, .T. ) ;
#2694 = ORIENTED_EDGE ( 'NONE', *, *, #2667, .T. ) ;
#2695 = DIRECTION ( 'NONE',  ( 0.000000000000000000, -1.000000000000000000, 0.000000000000000000 ) ) ;
#2696 = LINE ( 'NONE', #3338, #5439 ) ;
#2697 = EDGE_CURVE ( 'NONE', #4378, #6837, #4616, .T. ) ;
#2698 = COLOUR_RGB ( '',0.2862745098039215508, 0.2862745098039215508, 0.2862745098039215508 ) ;
#2699 = EDGE_CURVE ( 'NONE', #3917, #6628, #2288, .T. ) ;
#2700 = ORIENTED_EDGE ( 'NONE', *, *, #1612, .T. ) ;
#2701 = DIRECTION ( 'NONE',  ( 0.000000000000000000, 0.000000000000000000, 1.000000000000000000 ) ) ;
#2702 = PLANE ( 'NONE',  #7041 ) ;
#2703 = FILL_AREA_STYLE ('',( #4858 ) ) ;
#2704 = SURFACE_STYLE_FILL_AREA ( #4428 ) ;
#2705 = EDGE_CURVE ( 'NONE', #2668, #6905, #3943, .T. ) ;
#2706 = LINE ( 'NONE', #1534, #2369 ) ;
#2707 = ADVANCED_FACE ( 'NONE', ( #2319 ), #4523, .T. ) ;
#2708 = EDGE_LOOP ( 'NONE', ( #703, #1372, #6737, #6561 ) ) ;
#2709 = VERTEX_POINT ( 'NONE', #2464 ) ;
#2710 = DIRECTION ( 'NONE',  ( 0.000000000000000000, 0.000000000000000000, 1.000000000000000000 ) ) ;
#2711 =( LENGTH_UNIT ( ) NAMED_UNIT ( * ) SI_UNIT ( .MILLI., .METRE. ) );
#2712 = FILL_AREA_STYLE_COLOUR ( '', #4538 ) ;
#2713 =( GEOMETRIC_REPRESENTATION_CONTEXT ( 3 ) GLOBAL_UNCERTAINTY_ASSIGNED_CONTEXT ( ( #1375 ) ) GLOBAL_UNIT_ASSIGNED_CONTEXT ( ( #1545, #5237, #4766 ) ) REPRESENTATION_CONTEXT ( 'NONE', 'WORKASPACE' ) );
#2714 =( NAMED_UNIT ( * ) SI_UNIT ( $, .STERADIAN. ) SOLID_ANGLE_UNIT ( ) );
#2715 =( NAMED_UNIT ( * ) SI_UNIT ( $, .STERADIAN. ) SOLID_ANGLE_UNIT ( ) );
#2716 = AXIS2_PLACEMENT_3D ( 'NONE', #4645, #1500, #4113 ) ;
#2717 = VERTEX_POINT ( 'NONE', #909 ) ;
#2718 = DIRECTION ( 'NONE',  ( -0.7071067811865550112, -0.7071067811865400232, 0.000000000000000000 ) ) ;
#2719 = LINE ( 'NONE', #4908, #6560 ) ;
#2720 = DIRECTION ( 'NONE',  ( 0.4999999999999995004, 0.8660254037844390407, 0.000000000000000000 ) ) ;
#2721 = CARTESIAN_POINT ( 'NONE',  ( -2.945000000000000284, -0.5050000000000000044, 0.000000000000000000 ) ) ;
#2722 =( GEOMETRIC_REPRESENTATION_CONTEXT ( 3 ) GLOBAL_UNCERTAINTY_ASSIGNED_CONTEXT ( ( #286 ) ) GLOBAL_UNIT_ASSIGNED_CONTEXT ( ( #4577, #1319, #5525 ) ) REPRESENTATION_CONTEXT ( 'NONE', 'WORKASPACE' ) );
#2723 = AXIS2_PLACEMENT_3D ( 'NONE', #2446, #4637, #3560 ) ;
#2724 = DIRECTION ( 'NONE',  ( 0.000000000000000000, -1.000000000000000000, 0.000000000000000000 ) ) ;
#2725 = MECHANICAL_DESIGN_GEOMETRIC_PRESENTATION_REPRESENTATION (  '', ( #6903 ), #321 ) ;
#2726 = VECTOR ( 'NONE', #3401, 1000.000000000000000 ) ;
#2727 = VERTEX_POINT ( 'NONE', #2611 ) ;
#2728 =( NAMED_UNIT ( * ) SI_UNIT ( $, .STERADIAN. ) SOLID_ANGLE_UNIT ( ) );
#2729 = VERTEX_POINT ( 'NONE', #6965 ) ;
#2730 = DIRECTION ( 'NONE',  ( 0.000000000000000000, 0.000000000000000000, 1.000000000000000000 ) ) ;
#2731 = SURFACE_STYLE_FILL_AREA ( #7119 ) ;
#2732 = CARTESIAN_POINT ( 'NONE',  ( 2.895000000000000018, 1.675000000000000044, 0.000000000000000000 ) ) ;
#2733 = MECHANICAL_DESIGN_GEOMETRIC_PRESENTATION_REPRESENTATION (  '', ( #92 ), #2046 ) ;
#2734 = VECTOR ( 'NONE', #5569, 1000.000000000000000 ) ;
#2735 = UNCERTAINTY_MEASURE_WITH_UNIT (LENGTH_MEASURE( 1.000000000000000082E-05 ), #5320, 'distance_accuracy_value', 'NONE');
#2736 = EDGE_CURVE ( 'NONE', #4509, #4907, #2576, .T. ) ;
#2737 = ORIENTED_EDGE ( 'NONE', *, *, #6401, .T. ) ;
#2738 = ORIENTED_EDGE ( 'NONE', *, *, #2825, .F. ) ;
#2739 = CARTESIAN_POINT ( 'NONE',  ( 0.8299999999999999600, 2.423826859021799951, 0.3800000000000000044 ) ) ;
#2740 = DIRECTION ( 'NONE',  ( 1.000000000000000000, 0.000000000000000000, 0.000000000000000000 ) ) ;
#2741 = PLANE ( 'NONE',  #5205 ) ;
#2742 = LINE ( 'NONE', #5962, #4092 ) ;
#2743 = UNCERTAINTY_MEASURE_WITH_UNIT (LENGTH_MEASURE( 1.000000000000000082E-05 ), #1264, 'distance_accuracy_value', 'NONE');
#2744 = ORIENTED_EDGE ( 'NONE', *, *, #2484, .F. ) ;
#2745 = EDGE_CURVE ( 'NONE', #1884, #1953, #3084, .T. ) ;
#2746 = ORIENTED_EDGE ( 'NONE', *, *, #4895, .T. ) ;
#2747 = EDGE_LOOP ( 'NONE', ( #5250, #3132, #5787, #165 ) ) ;
#2748 = DIRECTION ( 'NONE',  ( 0.000000000000000000, 0.000000000000000000, 1.000000000000000000 ) ) ;
#2749 = CARTESIAN_POINT ( 'NONE',  ( 0.5799999999999999600, 2.575000000000000178, 0.3800000000000000044 ) ) ;
#2750 = VECTOR ( 'NONE', #4612, 1000.000000000000000 ) ;
#2751 = ADVANCED_FACE ( 'NONE', ( #5354 ), #2035, .F. ) ;
#2752 = LINE ( 'NONE', #1607, #6536 ) ;
#2753 = CARTESIAN_POINT ( 'NONE',  ( 2.399999999999999911, 1.310000000000000053, 0.000000000000000000 ) ) ;
#2754 = ADVANCED_FACE ( 'NONE', ( #4228 ), #5899, .T. ) ;
#2755 = CARTESIAN_POINT ( 'NONE',  ( 2.895000000000000018, -1.724999999999999867, 0.000000000000000000 ) ) ;
#2756 = FILL_AREA_STYLE ('',( #50 ) ) ;
#2757 = EDGE_CURVE ( 'NONE', #4249, #4925, #831, .T. ) ;
#2758 = DIRECTION ( 'NONE',  ( -1.000000000000000000, 0.000000000000000000, 0.000000000000000000 ) ) ;
#2759 =( NAMED_UNIT ( * ) SI_UNIT ( $, .STERADIAN. ) SOLID_ANGLE_UNIT ( ) );
#2760 = PLANE ( 'NONE',  #2581 ) ;
#2761 = LINE ( 'NONE', #5500, #3305 ) ;
#2763 = AXIS2_PLACEMENT_3D ( 'NONE', #3777, #1630, #2268 ) ;
#2762 = CARTESIAN_POINT ( 'NONE',  ( -0.8299999999999999600, -2.575000000000000178, 0.3300000000000000155 ) ) ;
#2764 = CARTESIAN_POINT ( 'NONE',  ( 3.075000000000000178, 0.4550000000000000155, 0.000000000000000000 ) ) ;
#2765 = VERTEX_POINT ( 'NONE', #6391 ) ;
#2766 = ORIENTED_EDGE ( 'NONE', *, *, #2435, .F. ) ;
#2767 = ORIENTED_EDGE ( 'NONE', *, *, #3316, .T. ) ;
#2768 = ORIENTED_EDGE ( 'NONE', *, *, #5834, .T. ) ;
#2769 = SURFACE_SIDE_STYLE ('',( #6058 ) ) ;
#2770 = CARTESIAN_POINT ( 'NONE',  ( 2.465000000000000302, 1.675000000000000044, 0.000000000000000000 ) ) ;
#2771 = VERTEX_POINT ( 'NONE', #4729 ) ;
#2772 = ORIENTED_EDGE ( 'NONE', *, *, #4667, .F. ) ;
#2773 = FACE_OUTER_BOUND ( 'NONE', #376, .T. ) ;
#2774 = DIRECTION ( 'NONE',  ( 0.000000000000000000, 0.000000000000000000, -1.000000000000000000 ) ) ;
#2775 =( NAMED_UNIT ( * ) SI_UNIT ( $, .STERADIAN. ) SOLID_ANGLE_UNIT ( ) );
#2776 = FILL_AREA_STYLE_COLOUR ( '', #2906 ) ;
#2777 = DIRECTION ( 'NONE',  ( -0.000000000000000000, 1.000000000000000000, 0.000000000000000000 ) ) ;
#2778 = CARTESIAN_POINT ( 'NONE',  ( -0.9650000000000000799, 2.189999999999999947, 0.000000000000000000 ) ) ;
#2779 = VECTOR ( 'NONE', #1657, 999.9999999999998863 ) ;
#2780 = ORIENTED_EDGE ( 'NONE', *, *, #6394, .T. ) ;
#2781 = ORIENTED_EDGE ( 'NONE', *, *, #3444, .T. ) ;
#2782 = PRODUCT_DEFINITION_SHAPE ( 'NONE', 'NONE',  #7156 ) ;
#2783 = CARTESIAN_POINT ( 'NONE',  ( 2.465000000000000302, 2.084999999999999964, 0.000000000000000000 ) ) ;
#2784 = VECTOR ( 'NONE', #4903, 1000.000000000000000 ) ;
#2785 = EDGE_CURVE ( 'NONE', #223, #2399, #3618, .T. ) ;
#2786 = EDGE_CURVE ( 'NONE', #615, #6211, #6537, .T. ) ;
#2787 = ORIENTED_EDGE ( 'NONE', *, *, #2340, .T. ) ;
#2788 = VERTEX_POINT ( 'NONE', #3178 ) ;
#2789 = VECTOR ( 'NONE', #4069, 1000.000000000000000 ) ;
#2790 = CARTESIAN_POINT ( 'NONE',  ( -2.945000000000000284, -0.8149999999999999467, 0.000000000000000000 ) ) ;
#2791 = PLANE ( 'NONE',  #797 ) ;
#2792 = LINE ( 'NONE', #604, #2463 ) ;
#2793 = CARTESIAN_POINT ( 'NONE',  ( -0.9650000000000000799, 1.989999999999999991, 0.000000000000000000 ) ) ;
#2794 = DIRECTION ( 'NONE',  ( 0.000000000000000000, -1.000000000000000000, 0.000000000000000000 ) ) ;
#2795 = FACE_OUTER_BOUND ( 'NONE', #860, .T. ) ;
#2796 = DIRECTION ( 'NONE',  ( 0.000000000000000000, 1.000000000000000000, 0.000000000000000000 ) ) ;
#2797 = EDGE_CURVE ( 'NONE', #4678, #135, #6187, .T. ) ;
#2798 = EDGE_LOOP ( 'NONE', ( #2100, #2984, #4533, #5112 ) ) ;
#2799 = ORIENTED_EDGE ( 'NONE', *, *, #5975, .T. ) ;
#2800 = EDGE_LOOP ( 'NONE', ( #4924, #7125, #5965, #1561 ) ) ;
#2801 = CARTESIAN_POINT ( 'NONE',  ( -3.075000000000000178, 1.724999999999999867, 0.000000000000000000 ) ) ;
#2802 = STYLED_ITEM ( 'NONE', ( #1054 ), #2569 ) ;
#2803 = ORIENTED_EDGE ( 'NONE', *, *, #3480, .F. ) ;
#2804 = CARTESIAN_POINT ( 'NONE',  ( -3.075000000000000178, 1.724999999999999867, 0.3800000000000000044 ) ) ;
#2805 = DIRECTION ( 'NONE',  ( -1.000000000000000000, 4.550094363217860219E-16, 0.000000000000000000 ) ) ;
#2806 = PRESENTATION_LAYER_ASSIGNMENT (  '', '', ( #278 ) ) ;
#2807 = EDGE_LOOP ( 'NONE', ( #6356, #5266, #4953, #808 ) ) ;
#2808 = ORIENTED_EDGE ( 'NONE', *, *, #1643, .F. ) ;
#2809 = CARTESIAN_POINT ( 'NONE',  ( -2.465000000000000302, -2.135000000000000231, 0.000000000000000000 ) ) ;
#2810 = ORIENTED_EDGE ( 'NONE', *, *, #3835, .T. ) ;
#2811 = CARTESIAN_POINT ( 'NONE',  ( 3.075000000000000178, -0.8149999999999999467, 0.3800000000000000044 ) ) ;
#2812 = DIRECTION ( 'NONE',  ( 0.000000000000000000, -1.000000000000000000, 0.000000000000000000 ) ) ;
#2813 = AXIS2_PLACEMENT_3D ( 'NONE', #5988, #1689, #3877 ) ;
#2814 = CARTESIAN_POINT ( 'NONE',  ( 2.895000000000000018, 0.8149999999999999467, 0.3300000000000000155 ) ) ;
#2815 = FILL_AREA_STYLE ('',( #3996 ) ) ;
#2816 = VECTOR ( 'NONE', #2537, 1000.000000000000000 ) ;
#2817 = ORIENTED_EDGE ( 'NONE', *, *, #2264, .F. ) ;
#2818 = ORIENTED_EDGE ( 'NONE', *, *, #4411, .F. ) ;
#2819 = CARTESIAN_POINT ( 'NONE',  ( 2.465000000000000302, -0.8649999999999999911, 0.000000000000000000 ) ) ;
#2820 = DIRECTION ( 'NONE',  ( 0.000000000000000000, 0.000000000000000000, 1.000000000000000000 ) ) ;
#2821 = DIRECTION ( 'NONE',  ( -0.000000000000000000, 1.000000000000000000, 0.000000000000000000 ) ) ;
#2822 = CARTESIAN_POINT ( 'NONE',  ( 0.000000000000000000, 0.000000000000000000, 0.000000000000000000 ) ) ;
#2823 = DIRECTION ( 'NONE',  ( 1.000000000000000000, 0.000000000000000000, 0.000000000000000000 ) ) ;
#2824 = VECTOR ( 'NONE', #5364, 999.9999999999998863 ) ;
#2825 = EDGE_CURVE ( 'NONE', #3475, #1518, #4967, .T. ) ;
#2826 = DIRECTION ( 'NONE',  ( 0.000000000000000000, 0.000000000000000000, -1.000000000000000000 ) ) ;
#2827 =( NAMED_UNIT ( * ) SI_UNIT ( $, .STERADIAN. ) SOLID_ANGLE_UNIT ( ) );
#2828 = LINE ( 'NONE', #6272, #3269 ) ;
#2829 = CARTESIAN_POINT ( 'NONE',  ( 0.5799999999999999600, 2.575000000000000178, 0.000000000000000000 ) ) ;
#2830 = LINE ( 'NONE', #644, #3481 ) ;
#2831 = DIRECTION ( 'NONE',  ( 0.7071067811865441310, 0.7071067811865510144, 0.000000000000000000 ) ) ;
#2832 = PRESENTATION_LAYER_ASSIGNMENT (  '', '', ( #893 ) ) ;
#2833 = EDGE_LOOP ( 'NONE', ( #2082, #2541, #6598, #5400 ) ) ;
#2834 = EDGE_CURVE ( 'NONE', #3629, #4378, #5046, .T. ) ;
#2835 = EDGE_LOOP ( 'NONE', ( #4979, #4818, #6242, #3518, #4932, #5540 ) ) ;
#2836 = AXIS2_PLACEMENT_3D ( 'NONE', #4077, #4549, #6710 ) ;
#2837 = ORIENTED_EDGE ( 'NONE', *, *, #6207, .T. ) ;
#2838 =( LENGTH_UNIT ( ) NAMED_UNIT ( * ) SI_UNIT ( .MILLI., .METRE. ) );
#2839 = EDGE_CURVE ( 'NONE', #6629, #6754, #5386, .T. ) ;
#2840 = PLANE ( 'NONE',  #1650 ) ;
#2841 = EDGE_CURVE ( 'NONE', #3925, #1447, #5555, .T. ) ;
#2842 = PRESENTATION_LAYER_ASSIGNMENT (  '', '', ( #440 ) ) ;
#2843 = AXIS2_PLACEMENT_3D ( 'NONE', #3636, #2554, #3668 ) ;
#2844 = ORIENTED_EDGE ( 'NONE', *, *, #559, .F. ) ;
#2845 = VERTEX_POINT ( 'NONE', #5623 ) ;
#2846 = LINE ( 'NONE', #6104, #4860 ) ;
#2847 =( NAMED_UNIT ( * ) PLANE_ANGLE_UNIT ( ) SI_UNIT ( $, .RADIAN. ) );
#2848 = PRESENTATION_LAYER_ASSIGNMENT (  '', '', ( #88 ) ) ;
#2849 = STYLED_ITEM ( 'NONE', ( #4575 ), #6111 ) ;
#2850 = CARTESIAN_POINT ( 'NONE',  ( 0.000000000000000000, -2.893885316736099471E-16, 0.000000000000000000 ) ) ;
#2851 = PRESENTATION_STYLE_ASSIGNMENT (( #2374 ) ) ;
#2852 = PLANE ( 'NONE',  #5667 ) ;
#2853 = COLOUR_RGB ( '',0.2862745098039215508, 0.2862745098039215508, 0.2862745098039215508 ) ;
#2854 = AXIS2_PLACEMENT_3D ( 'NONE', #3144, #5350, #6385 ) ;
#2855 = ORIENTED_EDGE ( 'NONE', *, *, #4996, .T. ) ;
#2856 = EDGE_LOOP ( 'NONE', ( #1457, #1725, #842, #5918 ) ) ;
#2857 = CARTESIAN_POINT ( 'NONE',  ( 2.895000000000000018, 0.8149999999999999467, 0.3300000000000000155 ) ) ;
#2858 = PLANE ( 'NONE',  #5373 ) ;
#2859 = DIRECTION ( 'NONE',  ( -0.7071067811865441310, -0.7071067811865510144, 0.000000000000000000 ) ) ;
#2860 = LINE ( 'NONE', #6601, #5901 ) ;
#2861 = PRESENTATION_STYLE_ASSIGNMENT (( #2384 ) ) ;
#2862 = AXIS2_PLACEMENT_3D ( 'NONE', #5935, #1008, #3177 ) ;
#2863 = ORIENTED_EDGE ( 'NONE', *, *, #7080, .T. ) ;
#2864 = DIRECTION ( 'NONE',  ( -1.000000000000000000, 0.000000000000000000, 0.000000000000000000 ) ) ;
#2865 = PRESENTATION_STYLE_ASSIGNMENT (( #3504 ) ) ;
#2866 = FACE_OUTER_BOUND ( 'NONE', #959, .T. ) ;
#2867 = LINE ( 'NONE', #5715, #3969 ) ;
#2868 = CARTESIAN_POINT ( 'NONE',  ( -2.895000000000000018, -1.724999999999999867, 0.3300000000000000155 ) ) ;
#2869 = CARTESIAN_POINT ( 'NONE',  ( 2.945000000000000284, 0.4550000000000000155, 0.000000000000000000 ) ) ;
#2870 = VECTOR ( 'NONE', #4150, 1000.000000000000000 ) ;
#2871 = EDGE_LOOP ( 'NONE', ( #4030, #934 ) ) ;
#2872 = ORIENTED_EDGE ( 'NONE', *, *, #2125, .F. ) ;
#2873 = DIRECTION ( 'NONE',  ( 0.000000000000000000, 0.000000000000000000, -1.000000000000000000 ) ) ;
#2874 = STYLED_ITEM ( 'NONE', ( #2560 ), #835 ) ;
#2875 = CARTESIAN_POINT ( 'NONE',  ( -2.945000000000000284, 0.4550000000000000155, 0.000000000000000000 ) ) ;
#2876 = CARTESIAN_POINT ( 'NONE',  ( 2.945000000000000284, 2.449999999999999734, 0.3300000000000000155 ) ) ;
#2877 = UNCERTAINTY_MEASURE_WITH_UNIT (LENGTH_MEASURE( 1.000000000000000082E-05 ), #1691, 'distance_accuracy_value', 'NONE');
#2878 = EDGE_CURVE ( 'NONE', #375, #4444, #1574, .T. ) ;
#2879 = STYLED_ITEM ( 'NONE', ( #2550 ), #1139 ) ;
#2880 = EDGE_CURVE ( 'NONE', #1970, #3582, #3922, .T. ) ;
#2881 = EDGE_CURVE ( 'NONE', #2158, #2331, #2645, .T. ) ;
#2882 = ORIENTED_EDGE ( 'NONE', *, *, #5521, .F. ) ;
#2883 = ORIENTED_EDGE ( 'NONE', *, *, #4996, .F. ) ;
#2884 = DIRECTION ( 'NONE',  ( 0.000000000000000000, 0.000000000000000000, 1.000000000000000000 ) ) ;
#2885 = SURFACE_STYLE_FILL_AREA ( #6184 ) ;
#2886 = PRESENTATION_STYLE_ASSIGNMENT (( #1235 ) ) ;
#2887 = CARTESIAN_POINT ( 'NONE',  ( -3.075000000000000178, -2.084999999999999964, 0.3800000000000000044 ) ) ;
#2888 =( NAMED_UNIT ( * ) PLANE_ANGLE_UNIT ( ) SI_UNIT ( $, .RADIAN. ) );
#2889 = CARTESIAN_POINT ( 'NONE',  ( -3.075000000000000178, -1.775000000000000133, 0.000000000000000000 ) ) ;
#2890 = EDGE_CURVE ( 'NONE', #1406, #3011, #2106, .T. ) ;
#2891 = ORIENTED_EDGE ( 'NONE', *, *, #2004, .T. ) ;
#2892 = VERTEX_POINT ( 'NONE', #6733 ) ;
#2893 = SURFACE_STYLE_USAGE ( .BOTH. , #2381 ) ;
#2894 = DIRECTION ( 'NONE',  ( 1.000000000000000000, -4.550094363217860219E-16, 0.000000000000000000 ) ) ;
#2895 = LINE ( 'NONE', #6193, #5117 ) ;
#2896 = PRESENTATION_STYLE_ASSIGNMENT (( #1959 ) ) ;
#2897 = DIRECTION ( 'NONE',  ( 0.000000000000000000, 0.000000000000000000, 1.000000000000000000 ) ) ;
#2898 = DIRECTION ( 'NONE',  ( 0.000000000000000000, -1.000000000000000000, 0.000000000000000000 ) ) ;
#2899 = VECTOR ( 'NONE', #2228, 1000.000000000000000 ) ;
#2900 = ORIENTED_EDGE ( 'NONE', *, *, #5934, .F. ) ;
#2901 = CARTESIAN_POINT ( 'NONE',  ( -2.430100225889860521, 1.934733596112490073, 1.119900000000000118 ) ) ;
#2902 = CARTESIAN_POINT ( 'NONE',  ( -2.945000000000000284, 0.7649999999999999023, 0.3800000000000000044 ) ) ;
#2903 = DIRECTION ( 'NONE',  ( -0.7071067811865474617, 0.7071067811865474617, 0.000000000000000000 ) ) ;
#2904 = LINE ( 'NONE', #4557, #6514 ) ;
#2905 = VECTOR ( 'NONE', #4889, 1000.000000000000000 ) ;
#2906 = COLOUR_RGB ( '',0.2862745098039215508, 0.2862745098039215508, 0.2862745098039215508 ) ;
#2907 = ORIENTED_EDGE ( 'NONE', *, *, #5690, .F. ) ;
#2908 = VERTEX_POINT ( 'NONE', #5974 ) ;
#2909 = LINE ( 'NONE', #3909, #4579 ) ;
#2910 = DIRECTION ( 'NONE',  ( 0.000000000000000000, 0.000000000000000000, -1.000000000000000000 ) ) ;
#2911 = DIRECTION ( 'NONE',  ( 1.000000000000000000, 0.000000000000000000, 0.000000000000000000 ) ) ;
#2912 = AXIS2_PLACEMENT_3D ( 'NONE', #2770, #4460, #3913 ) ;
#2913 = EDGE_LOOP ( 'NONE', ( #2661, #5966, #6664, #6622, #750, #1800, #4748, #3458, #2189 ) ) ;
#2914 = ORIENTED_EDGE ( 'NONE', *, *, #4327, .F. ) ;
#2915 = CARTESIAN_POINT ( 'NONE',  ( 2.945000000000000284, 1.724999999999999867, 0.000000000000000000 ) ) ;
#2916 = FACE_OUTER_BOUND ( 'NONE', #2467, .T. ) ;
#2917 = ADVANCED_FACE ( 'NONE', ( #4303 ), #2852, .F. ) ;
#2918 = SURFACE_SIDE_STYLE ('',( #3312 ) ) ;
#2919 = LINE ( 'NONE', #1805, #6027 ) ;
#2920 = SURFACE_STYLE_USAGE ( .BOTH. , #5694 ) ;
#2921 = AXIS2_PLACEMENT_3D ( 'NONE', #885, #3056, #3694 ) ;
#2922 = EDGE_CURVE ( 'NONE', #1675, #2727, #4506, .T. ) ;
#2923 = VERTEX_POINT ( 'NONE', #1770 ) ;
#2924 = ORIENTED_EDGE ( 'NONE', *, *, #1483, .F. ) ;
#2926 = AXIS2_PLACEMENT_3D ( 'NONE', #1719, #4875, #6088 ) ;
#2925 = CARTESIAN_POINT ( 'NONE',  ( 2.895000000000000018, -2.135000000000000231, 0.000000000000000000 ) ) ;
#2927 = EDGE_CURVE ( 'NONE', #587, #4675, #4263, .T. ) ;
#2928 = SURFACE_SIDE_STYLE ('',( #6739 ) ) ;
#2929 = LINE ( 'NONE', #744, #1862 ) ;
#2930 = DIRECTION ( 'NONE',  ( -1.000000000000000000, 4.550094363217860219E-16, 0.000000000000000000 ) ) ;
#2931 = ADVANCED_FACE ( 'NONE', ( #2447 ), #2375, .T. ) ;
#2932 = EDGE_CURVE ( 'NONE', #2908, #4815, #5695, .T. ) ;
#2933 = PRESENTATION_LAYER_ASSIGNMENT (  '', '', ( #1445 ) ) ;
#2934 = VERTEX_POINT ( 'NONE', #735 ) ;
#2935 = CARTESIAN_POINT ( 'NONE',  ( 2.945000000000000284, -1.224999999999999867, 0.3300000000000000155 ) ) ;
#2936 =( LENGTH_UNIT ( ) NAMED_UNIT ( * ) SI_UNIT ( .MILLI., .METRE. ) );
#2937 =( GEOMETRIC_REPRESENTATION_CONTEXT ( 3 ) GLOBAL_UNCERTAINTY_ASSIGNED_CONTEXT ( ( #2947 ) ) GLOBAL_UNIT_ASSIGNED_CONTEXT ( ( #3303, #1091, #3229 ) ) REPRESENTATION_CONTEXT ( 'NONE', 'WORKASPACE' ) );
#2938 = SURFACE_SIDE_STYLE ('',( #129 ) ) ;
#2939 = CARTESIAN_POINT ( 'NONE',  ( 2.945000000000000284, -1.775000000000000133, 0.000000000000000000 ) ) ;
#2940 =( GEOMETRIC_REPRESENTATION_CONTEXT ( 3 ) GLOBAL_UNCERTAINTY_ASSIGNED_CONTEXT ( ( #2877 ) ) GLOBAL_UNIT_ASSIGNED_CONTEXT ( ( #1691, #6685, #653 ) ) REPRESENTATION_CONTEXT ( 'NONE', 'WORKASPACE' ) );
#2941 = ORIENTED_EDGE ( 'NONE', *, *, #6524, .T. ) ;
#2942 = ORIENTED_EDGE ( 'NONE', *, *, #4721, .F. ) ;
#2943 =( NAMED_UNIT ( * ) PLANE_ANGLE_UNIT ( ) SI_UNIT ( $, .RADIAN. ) );
#2944 =( NAMED_UNIT ( * ) SI_UNIT ( $, .STERADIAN. ) SOLID_ANGLE_UNIT ( ) );
#2945 = ORIENTED_EDGE ( 'NONE', *, *, #933, .F. ) ;
#2946 = CARTESIAN_POINT ( 'NONE',  ( 0.9650000000000000799, -2.189999999999999947, 0.000000000000000000 ) ) ;
#2947 = UNCERTAINTY_MEASURE_WITH_UNIT (LENGTH_MEASURE( 1.000000000000000082E-05 ), #3303, 'distance_accuracy_value', 'NONE');
#2948 = ORIENTED_EDGE ( 'NONE', *, *, #290, .T. ) ;
#2949 = ORIENTED_EDGE ( 'NONE', *, *, #1951, .T. ) ;
#2950 = EDGE_LOOP ( 'NONE', ( #4135, #4633, #4534, #1529 ) ) ;
#2951 = PLANE ( 'NONE',  #3793 ) ;
#2952 = DIRECTION ( 'NONE',  ( -1.000000000000000000, 0.000000000000000000, 0.000000000000000000 ) ) ;
#2953 = CARTESIAN_POINT ( 'NONE',  ( -1.195000000000000062, 1.989999999999999991, 0.3300000000000000155 ) ) ;
#2954 = DIRECTION ( 'NONE',  ( 0.7071067811865510144, 0.7071067811865441310, 0.000000000000000000 ) ) ;
#2955 = DIRECTION ( 'NONE',  ( -1.000000000000000000, -1.132880637372609972E-16, 0.000000000000000000 ) ) ;
#2956 = PRESENTATION_LAYER_ASSIGNMENT (  '', '', ( #915 ) ) ;
#2957 = ADVANCED_FACE ( 'NONE', ( #4572 ), #5738, .T. ) ;
#2958 =( GEOMETRIC_REPRESENTATION_CONTEXT ( 3 ) GLOBAL_UNCERTAINTY_ASSIGNED_CONTEXT ( ( #3806 ) ) GLOBAL_UNIT_ASSIGNED_CONTEXT ( ( #1050, #3219, #1617 ) ) REPRESENTATION_CONTEXT ( 'NONE', 'WORKASPACE' ) );
#2959 = ORIENTED_EDGE ( 'NONE', *, *, #2969, .F. ) ;
#2960 = ORIENTED_EDGE ( 'NONE', *, *, #3492, .T. ) ;
#2961 = VECTOR ( 'NONE', #6893, 1000.000000000000000 ) ;
#2962 = FILL_AREA_STYLE ('',( #899 ) ) ;
#2963 = CARTESIAN_POINT ( 'NONE',  ( -2.945000000000000284, -2.084999999999999964, 0.3800000000000000044 ) ) ;
#2964 =( GEOMETRIC_REPRESENTATION_CONTEXT ( 3 ) GLOBAL_UNCERTAINTY_ASSIGNED_CONTEXT ( ( #4027 ) ) GLOBAL_UNIT_ASSIGNED_CONTEXT ( ( #1365, #1753, #1888 ) ) REPRESENTATION_CONTEXT ( 'NONE', 'WORKASPACE' ) );
#2965 = VECTOR ( 'NONE', #6889, 1000.000000000000000 ) ;
#2966 = ADVANCED_FACE ( 'NONE', ( #772 ), #2416, .T. ) ;
#2967 = VERTEX_POINT ( 'NONE', #189 ) ;
#2968 = EDGE_CURVE ( 'NONE', #2098, #5190, #6807, .T. ) ;
#2969 = EDGE_CURVE ( 'NONE', #2709, #3712, #2338, .T. ) ;
#2970 = FILL_AREA_STYLE_COLOUR ( '', #1017 ) ;
#2971 = FILL_AREA_STYLE ('',( #5714 ) ) ;
#2972 = PLANE ( 'NONE',  #1575 ) ;
#2973 = CARTESIAN_POINT ( 'NONE',  ( -1.195000000000000062, -1.989999999999999991, 0.000000000000000000 ) ) ;
#2974 = EDGE_CURVE ( 'NONE', #1698, #1943, #1346, .T. ) ;
#2975 = MECHANICAL_DESIGN_GEOMETRIC_PRESENTATION_REPRESENTATION (  '', ( #463 ), #1259 ) ;
#2976 = ORIENTED_EDGE ( 'NONE', *, *, #1358, .F. ) ;
#2977 = DIRECTION ( 'NONE',  ( 0.000000000000000000, -1.000000000000000000, 0.000000000000000000 ) ) ;
#2978 = EDGE_LOOP ( 'NONE', ( #2568, #1015, #1952, #4741 ) ) ;
#2979 = PRESENTATION_STYLE_ASSIGNMENT (( #721 ) ) ;
#2980 = DIRECTION ( 'NONE',  ( -1.000000000000000000, 0.000000000000000000, 0.000000000000000000 ) ) ;
#2981 = ORIENTED_EDGE ( 'NONE', *, *, #203, .F. ) ;
#2982 = ORIENTED_EDGE ( 'NONE', *, *, #5651, .T. ) ;
#2983 = LINE ( 'NONE', #5182, #2452 ) ;
#2984 = ORIENTED_EDGE ( 'NONE', *, *, #5521, .T. ) ;
#2985 = ORIENTED_EDGE ( 'NONE', *, *, #5027, .T. ) ;
#2986 = DIRECTION ( 'NONE',  ( 0.7071067811865570096, 0.7071067811865380248, 0.000000000000000000 ) ) ;
#2987 = DIRECTION ( 'NONE',  ( 0.000000000000000000, 0.000000000000000000, -1.000000000000000000 ) ) ;
#2988 = VECTOR ( 'NONE', #1596, 1000.000000000000000 ) ;
#2989 = FILL_AREA_STYLE ('',( #852 ) ) ;
#2990 = ORIENTED_EDGE ( 'NONE', *, *, #5977, .F. ) ;
#2991 = ORIENTED_EDGE ( 'NONE', *, *, #1435, .T. ) ;
#2992 = DIRECTION ( 'NONE',  ( 0.000000000000000000, -1.000000000000000000, 0.000000000000000000 ) ) ;
#2993 = LINE ( 'NONE', #4511, #6931 ) ;
#2994 = DIRECTION ( 'NONE',  ( -1.000000000000000000, 0.000000000000000000, 0.000000000000000000 ) ) ;
#2995 =( NAMED_UNIT ( * ) PLANE_ANGLE_UNIT ( ) SI_UNIT ( $, .RADIAN. ) );
#2996 = APPLICATION_PROTOCOL_DEFINITION ( 'draft international standard', 'automotive_design', 1998, #6072 ) ;
#2997 =( NAMED_UNIT ( * ) SI_UNIT ( $, .STERADIAN. ) SOLID_ANGLE_UNIT ( ) );
#2998 = ORIENTED_EDGE ( 'NONE', *, *, #1560, .T. ) ;
#2999 = PLANE ( 'NONE',  #93 ) ;
#3000 = LINE ( 'NONE', #313, #3383 ) ;
#3001 = FILL_AREA_STYLE ('',( #3950 ) ) ;
#3002 = CARTESIAN_POINT ( 'NONE',  ( 3.075000000000000178, -0.5050000000000000044, 0.3800000000000000044 ) ) ;
#3003 = EDGE_CURVE ( 'NONE', #5183, #2788, #4070, .T. ) ;
#3004 = SURFACE_STYLE_FILL_AREA ( #4650 ) ;
#3005 = SURFACE_STYLE_FILL_AREA ( #832 ) ;
#3006 = VECTOR ( 'NONE', #2695, 1000.000000000000000 ) ;
#3007 = EDGE_CURVE ( 'NONE', #2257, #6241, #3527, .T. ) ;
#3008 = EDGE_CURVE ( 'NONE', #1811, #4510, #6456, .T. ) ;
#3009 = ORIENTED_EDGE ( 'NONE', *, *, #3008, .F. ) ;
#3010 = VECTOR ( 'NONE', #6949, 1000.000000000000000 ) ;
#3011 = VERTEX_POINT ( 'NONE', #5820 ) ;
#3012 = ADVANCED_FACE ( 'NONE', ( #341 ), #5370, .T. ) ;
#3013 = DIRECTION ( 'NONE',  ( 0.000000000000000000, 1.000000000000000000, 0.000000000000000000 ) ) ;
#3014 = PLANE ( 'NONE',  #4292 ) ;
#3015 = VECTOR ( 'NONE', #6030, 1000.000000000000000 ) ;
#3016 = UNCERTAINTY_MEASURE_WITH_UNIT (LENGTH_MEASURE( 1.000000000000000082E-05 ), #5351, 'distance_accuracy_value', 'NONE');
#3017 = STYLED_ITEM ( 'NONE', ( #1668 ), #1863 ) ;
#3018 = ORIENTED_EDGE ( 'NONE', *, *, #6956, .T. ) ;
#3019 = EDGE_LOOP ( 'NONE', ( #2223, #5139, #3077, #3122 ) ) ;
#3020 = CARTESIAN_POINT ( 'NONE',  ( 2.895000000000000018, -0.4550000000000000155, 0.3300000000000000155 ) ) ;
#3021 = PRESENTATION_LAYER_ASSIGNMENT (  '', '', ( #3017 ) ) ;
#3022 = ORIENTED_EDGE ( 'NONE', *, *, #6252, .T. ) ;
#3023 = PLANE ( 'NONE',  #4385 ) ;
#3024 = FILL_AREA_STYLE_COLOUR ( '', #2377 ) ;
#3025 = CARTESIAN_POINT ( 'NONE',  ( -3.075000000000000178, -0.5050000000000000044, 0.000000000000000000 ) ) ;
#3026 = DIRECTION ( 'NONE',  ( 0.000000000000000000, 0.000000000000000000, 1.000000000000000000 ) ) ;
#3027 = VECTOR ( 'NONE', #5945, 1000.000000000000000 ) ;
#3028 = EDGE_LOOP ( 'NONE', ( #1106, #3548, #2448, #2023 ) ) ;
#3029 = ORIENTED_EDGE ( 'NONE', *, *, #3536, .F. ) ;
#3030 = DIRECTION ( 'NONE',  ( 0.000000000000000000, 1.000000000000000000, 0.000000000000000000 ) ) ;
#3031 = DIRECTION ( 'NONE',  ( 0.000000000000000000, -1.000000000000000000, 0.000000000000000000 ) ) ;
#3032 = FACE_OUTER_BOUND ( 'NONE', #4720, .T. ) ;
#3033 = PLANE ( 'NONE',  #6261 ) ;
#3034 = VECTOR ( 'NONE', #3367, 1000.000000000000000 ) ;
#3035 =( LENGTH_UNIT ( ) NAMED_UNIT ( * ) SI_UNIT ( .MILLI., .METRE. ) );
#3036 = UNCERTAINTY_MEASURE_WITH_UNIT (LENGTH_MEASURE( 1.000000000000000082E-05 ), #2054, 'distance_accuracy_value', 'NONE');
#3037 = AXIS2_PLACEMENT_3D ( 'NONE', #6829, #4056, #6861 ) ;
#3038 = CARTESIAN_POINT ( 'NONE',  ( -2.757742740085070032, -0.6600000000000000311, 0.3300000000000000155 ) ) ;
#3039 = FACE_OUTER_BOUND ( 'NONE', #3912, .T. ) ;
#3040 = CARTESIAN_POINT ( 'NONE',  ( 2.465000000000000302, -1.724999999999999867, 0.000000000000000000 ) ) ;
#3041 = FILL_AREA_STYLE_COLOUR ( '', #679 ) ;
#3042 = LINE ( 'NONE', #1510, #4886 ) ;
#3044 = PRESENTATION_STYLE_ASSIGNMENT (( #1969 ) ) ;
#3043 = VECTOR ( 'NONE', #5423, 1000.000000000000000 ) ;
#3045 = EDGE_CURVE ( 'NONE', #28, #3876, #4857, .T. ) ;
#3046 = EDGE_LOOP ( 'NONE', ( #6366, #3495, #1001, #1828 ) ) ;
#3047 = LINE ( 'NONE', #2433, #3547 ) ;
#3048 = CARTESIAN_POINT ( 'NONE',  ( -2.895000000000000018, -0.8649999999999999911, 0.3300000000000000155 ) ) ;
#3049 = FACE_OUTER_BOUND ( 'NONE', #2042, .T. ) ;
#3050 = AXIS2_PLACEMENT_3D ( 'NONE', #5683, #4624, #5647 ) ;
#3051 = EDGE_CURVE ( 'NONE', #1613, #6886, #1496, .T. ) ;
#3052 = ORIENTED_EDGE ( 'NONE', *, *, #1785, .F. ) ;
#3053 = ADVANCED_FACE ( 'NONE', ( #6416 ), #2669, .T. ) ;
#3054 = ORIENTED_EDGE ( 'NONE', *, *, #2309, .F. ) ;
#3056 = DIRECTION ( 'NONE',  ( -0.000000000000000000, 1.000000000000000000, 0.000000000000000000 ) ) ;
#3055 = COLOUR_RGB ( '',0.2862745098039215508, 0.2862745098039215508, 0.2862745098039215508 ) ;
#3057 = ADVANCED_FACE ( 'NONE', ( #5303 ), #896, .T. ) ;
#3058 = ORIENTED_EDGE ( 'NONE', *, *, #431, .T. ) ;
#3059 = ORIENTED_EDGE ( 'NONE', *, *, #4811, .T. ) ;
#3060 = PLANE ( 'NONE',  #4138 ) ;
#3061 = CARTESIAN_POINT ( 'NONE',  ( -0.9650000000000000799, 1.989999999999999991, 0.3300000000000000155 ) ) ;
#3062 =( NAMED_UNIT ( * ) PLANE_ANGLE_UNIT ( ) SI_UNIT ( $, .RADIAN. ) );
#3063 = CARTESIAN_POINT ( 'NONE',  ( -2.895000000000000018, -1.724999999999999867, 0.000000000000000000 ) ) ;
#3064 = PLANE ( 'NONE',  #2723 ) ;
#3065 = VECTOR ( 'NONE', #3074, 1000.000000000000000 ) ;
#3066 = EDGE_LOOP ( 'NONE', ( #4097, #1634, #1776, #1697 ) ) ;
#3067 = ORIENTED_EDGE ( 'NONE', *, *, #3097, .T. ) ;
#3068 = LINE ( 'NONE', #5956, #34 ) ;
#3069 = VERTEX_POINT ( 'NONE', #936 ) ;
#3070 = CARTESIAN_POINT ( 'NONE',  ( -0.4449999999999999512, 1.989999999999999991, 0.000000000000000000 ) ) ;
#3071 = STYLED_ITEM ( 'NONE', ( #1631 ), #6643 ) ;
#3072 = VECTOR ( 'NONE', #5745, 1000.000000000000000 ) ;
#3073 = PRESENTATION_STYLE_ASSIGNMENT (( #5412 ) ) ;
#3074 = DIRECTION ( 'NONE',  ( 0.000000000000000000, -1.000000000000000000, 0.000000000000000000 ) ) ;
#3075 = VECTOR ( 'NONE', #6368, 1000.000000000000000 ) ;
#3076 = VECTOR ( 'NONE', #6658, 1000.000000000000000 ) ;
#3077 = ORIENTED_EDGE ( 'NONE', *, *, #1473, .F. ) ;
#3078 = ORIENTED_EDGE ( 'NONE', *, *, #5296, .F. ) ;
#3079 = CARTESIAN_POINT ( 'NONE',  ( -2.895000000000000018, -0.8649999999999999911, 0.000000000000000000 ) ) ;
#3080 = DIRECTION ( 'NONE',  ( 1.000000000000000000, 0.000000000000000000, 0.000000000000000000 ) ) ;
#3081 = CARTESIAN_POINT ( 'NONE',  ( -0.8299999999999999600, 2.423826859021799951, 0.000000000000000000 ) ) ;
#3082 = AXIS2_PLACEMENT_3D ( 'NONE', #6310, #169, #4487 ) ;
#3083 = VECTOR ( 'NONE', #2488, 1000.000000000000000 ) ;
#3084 = LINE ( 'NONE', #949, #5915 ) ;
#3085 = VERTEX_POINT ( 'NONE', #2059 ) ;
#3086 = DIRECTION ( 'NONE',  ( -0.7071067811865570096, 0.7071067811865380248, 0.000000000000000000 ) ) ;
#3087 = LINE ( 'NONE', #5873, #399 ) ;
#3088 = VECTOR ( 'NONE', #3983, 1000.000000000000000 ) ;
#3089 =( GEOMETRIC_REPRESENTATION_CONTEXT ( 3 ) GLOBAL_UNCERTAINTY_ASSIGNED_CONTEXT ( ( #1816 ) ) GLOBAL_UNIT_ASSIGNED_CONTEXT ( ( #2038, #360, #4232 ) ) REPRESENTATION_CONTEXT ( 'NONE', 'WORKASPACE' ) );
#3090 = ORIENTED_EDGE ( 'NONE', *, *, #4194, .F. ) ;
#3091 = FACE_OUTER_BOUND ( 'NONE', #5075, .T. ) ;
#3092 = ORIENTED_EDGE ( 'NONE', *, *, #5923, .F. ) ;
#3093 = DIRECTION ( 'NONE',  ( 0.000000000000000000, 0.000000000000000000, 1.000000000000000000 ) ) ;
#3094 = EDGE_CURVE ( 'NONE', #4800, #6287, #377, .T. ) ;
#3095 = DIRECTION ( 'NONE',  ( 0.000000000000000000, 1.000000000000000000, 0.000000000000000000 ) ) ;
#3096 = MECHANICAL_DESIGN_GEOMETRIC_PRESENTATION_REPRESENTATION (  '', ( #1053 ), #4247 ) ;
#3097 = EDGE_CURVE ( 'NONE', #6065, #912, #3703, .T. ) ;
#3098 = EDGE_CURVE ( 'NONE', #3234, #564, #3068, .T. ) ;
#3099 = ORIENTED_EDGE ( 'NONE', *, *, #5916, .F. ) ;
#3100 = ORIENTED_EDGE ( 'NONE', *, *, #2697, .F. ) ;
#3101 = DIRECTION ( 'NONE',  ( 0.000000000000000000, -1.000000000000000000, 0.000000000000000000 ) ) ;
#3102 = FACE_OUTER_BOUND ( 'NONE', #693, .T. ) ;
#3103 = CARTESIAN_POINT ( 'NONE',  ( -2.945000000000000284, -1.775000000000000133, 0.000000000000000000 ) ) ;
#3104 = COLOUR_RGB ( '',0.2862745098039215508, 0.2862745098039215508, 0.2862745098039215508 ) ;
#3105 = APPLICATION_PROTOCOL_DEFINITION ( 'draft international standard', 'automotive_design', 1998, #124 ) ;
#3106 = EDGE_CURVE ( 'NONE', #5766, #667, #5919, .T. ) ;
#3107 = EDGE_LOOP ( 'NONE', ( #4074, #4270, #3638, #971 ) ) ;
#3108 = ORIENTED_EDGE ( 'NONE', *, *, #7080, .F. ) ;
#3109 = DIRECTION ( 'NONE',  ( -0.7071067811865550112, 0.7071067811865400232, 0.000000000000000000 ) ) ;
#3110 = CARTESIAN_POINT ( 'NONE',  ( -2.895000000000000018, 1.675000000000000044, 0.000000000000000000 ) ) ;
#3111 = SURFACE_STYLE_FILL_AREA ( #5280 ) ;
#3112 = CARTESIAN_POINT ( 'NONE',  ( -2.945000000000000284, -0.8149999999999999467, 0.000000000000000000 ) ) ;
#3113 = CARTESIAN_POINT ( 'NONE',  ( -2.895000000000000018, 0.8149999999999999467, 0.000000000000000000 ) ) ;
#3114 = CARTESIAN_POINT ( 'NONE',  ( 2.945000000000000284, -2.449999999999999734, 0.000000000000000000 ) ) ;
#3115 = ORIENTED_EDGE ( 'NONE', *, *, #5072, .F. ) ;
#3116 = FILL_AREA_STYLE_COLOUR ( '', #2009 ) ;
#3117 = EDGE_LOOP ( 'NONE', ( #7073, #903, #2942, #5329 ) ) ;
#3118 = DIRECTION ( 'NONE',  ( -1.000000000000000000, 0.000000000000000000, 0.000000000000000000 ) ) ;
#3119 = FACE_OUTER_BOUND ( 'NONE', #414, .T. ) ;
#3120 = AXIS2_PLACEMENT_3D ( 'NONE', #3040, #6135, #1761 ) ;
#3121 = ORIENTED_EDGE ( 'NONE', *, *, #2474, .F. ) ;
#3122 = ORIENTED_EDGE ( 'NONE', *, *, #4146, .F. ) ;
#3123 = CARTESIAN_POINT ( 'NONE',  ( -2.895000000000000018, 1.675000000000000044, 0.000000000000000000 ) ) ;
#3124 = ORIENTED_EDGE ( 'NONE', *, *, #3182, .T. ) ;
#3125 =( LENGTH_UNIT ( ) NAMED_UNIT ( * ) SI_UNIT ( .MILLI., .METRE. ) );
#3126 = SURFACE_STYLE_USAGE ( .BOTH. , #989 ) ;
#3127 = VECTOR ( 'NONE', #6709, 1000.000000000000000 ) ;
#3128 = CARTESIAN_POINT ( 'NONE',  ( -0.9650000000000000799, 1.989999999999999991, 0.3300000000000000155 ) ) ;
#3129 = AXIS2_PLACEMENT_3D ( 'NONE', #416, #3101, #454 ) ;
#3130 = VECTOR ( 'NONE', #2060, 999.9999999999998863 ) ;
#3131 = EDGE_CURVE ( 'NONE', #5378, #759, #961, .T. ) ;
#3132 = ORIENTED_EDGE ( 'NONE', *, *, #4559, .T. ) ;
#3133 = ORIENTED_EDGE ( 'NONE', *, *, #516, .T. ) ;
#3134 = CARTESIAN_POINT ( 'NONE',  ( -2.895000000000000018, -0.4550000000000000155, 0.000000000000000000 ) ) ;
#3135 = CARTESIAN_POINT ( 'NONE',  ( 0.4449999999999999512, -2.189999999999999947, 0.000000000000000000 ) ) ;
#3136 = ADVANCED_FACE ( 'NONE', ( #7086 ), #2523, .F. ) ;
#3137 = DIRECTION ( 'NONE',  ( 0.000000000000000000, -1.000000000000000000, 0.000000000000000000 ) ) ;
#3138 = VECTOR ( 'NONE', #2805, 1000.000000000000000 ) ;
#3139 = EDGE_CURVE ( 'NONE', #659, #4898, #6727, .T. ) ;
#3140 = VERTEX_POINT ( 'NONE', #6693 ) ;
#3141 = ORIENTED_EDGE ( 'NONE', *, *, #596, .F. ) ;
#3142 = COLOUR_RGB ( '',0.2862745098039215508, 0.2862745098039215508, 0.2862745098039215508 ) ;
#3143 = DIRECTION ( 'NONE',  ( 1.000000000000000000, 0.000000000000000000, 0.000000000000000000 ) ) ;
#3144 = CARTESIAN_POINT ( 'NONE',  ( 2.465000000000000302, 0.4049999999999999711, 0.000000000000000000 ) ) ;
#3145 = EDGE_CURVE ( 'NONE', #4898, #6571, #1096, .T. ) ;
#3146 = LINE ( 'NONE', #907, #6638 ) ;
#3147 = DIRECTION ( 'NONE',  ( 0.000000000000000000, 0.000000000000000000, 1.000000000000000000 ) ) ;
#3148 = EDGE_CURVE ( 'NONE', #5378, #4760, #2196, .T. ) ;
#3149 = SURFACE_SIDE_STYLE ('',( #4690 ) ) ;
#3150 = DIRECTION ( 'NONE',  ( 0.000000000000000000, 0.000000000000000000, 1.000000000000000000 ) ) ;
#3151 = COLOUR_RGB ( '',0.2862745098039215508, 0.2862745098039215508, 0.2862745098039215508 ) ;
#3152 = COLOUR_RGB ( '',0.2862745098039215508, 0.2862745098039215508, 0.2862745098039215508 ) ;
#3153 = CARTESIAN_POINT ( 'NONE',  ( 2.895000000000000018, -0.8649999999999999911, 0.000000000000000000 ) ) ;
#3154 = ORIENTED_EDGE ( 'NONE', *, *, #682, .F. ) ;
#3155 = VECTOR ( 'NONE', #1289, 1000.000000000000000 ) ;
#3156 = ORIENTED_EDGE ( 'NONE', *, *, #642, .F. ) ;
#3157 = DIRECTION ( 'NONE',  ( 0.000000000000000000, 0.000000000000000000, 1.000000000000000000 ) ) ;
#3158 = ORIENTED_EDGE ( 'NONE', *, *, #6999, .F. ) ;
#3159 = CARTESIAN_POINT ( 'NONE',  ( 2.465000000000000302, 0.8149999999999999467, 0.000000000000000000 ) ) ;
#3160 = VECTOR ( 'NONE', #3257, 1000.000000000000000 ) ;
#3161 = EDGE_LOOP ( 'NONE', ( #5542, #5817, #6009, #3058 ) ) ;
#3162 = ORIENTED_EDGE ( 'NONE', *, *, #5343, .F. ) ;
#3163 = PRESENTATION_STYLE_ASSIGNMENT (( #1595 ) ) ;
#3164 = CARTESIAN_POINT ( 'NONE',  ( -2.945000000000000284, -1.775000000000000133, 0.000000000000000000 ) ) ;
#3165 = CARTESIAN_POINT ( 'NONE',  ( 2.945000000000000284, -0.5050000000000000044, 0.3300000000000000155 ) ) ;
#3166 = DIRECTION ( 'NONE',  ( -0.7071067811865550112, -0.7071067811865400232, 0.000000000000000000 ) ) ;
#3167 = PLANE ( 'NONE',  #196 ) ;
#3168 = EDGE_LOOP ( 'NONE', ( #5576, #2863, #1361, #6103 ) ) ;
#3169 = COLOUR_RGB ( '',0.2862745098039215508, 0.2862745098039215508, 0.2862745098039215508 ) ;
#3170 = ORIENTED_EDGE ( 'NONE', *, *, #4550, .F. ) ;
#3171 = EDGE_LOOP ( 'NONE', ( #2233, #3818, #6679, #5291 ) ) ;
#3172 = VECTOR ( 'NONE', #6626, 1000.000000000000114 ) ;
#3173 = PLANE ( 'NONE',  #4238 ) ;
#3174 = PRESENTATION_STYLE_ASSIGNMENT (( #6600 ) ) ;
#3175 = SURFACE_STYLE_USAGE ( .BOTH. , #3859 ) ;
#3176 = DIRECTION ( 'NONE',  ( -1.000000000000000000, 1.907599698668650031E-16, 0.000000000000000000 ) ) ;
#3177 = DIRECTION ( 'NONE',  ( 1.000000000000000000, 0.000000000000000000, 0.000000000000000000 ) ) ;
#3178 = CARTESIAN_POINT ( 'NONE',  ( 2.895000000000000018, 0.8149999999999999467, 0.3800000000000000044 ) ) ;
#3179 = EDGE_CURVE ( 'NONE', #582, #4142, #1064, .T. ) ;
#3180 = COLOUR_RGB ( '',0.2862745098039215508, 0.2862745098039215508, 0.2862745098039215508 ) ;
#3181 = EDGE_CURVE ( 'NONE', #4339, #1915, #5442, .T. ) ;
#3182 = EDGE_CURVE ( 'NONE', #1166, #4203, #1629, .T. ) ;
#3183 = DIRECTION ( 'NONE',  ( 1.000000000000000000, 0.000000000000000000, 0.000000000000000000 ) ) ;
#3184 = LINE ( 'NONE', #2142, #4806 ) ;
#3185 = PRESENTATION_LAYER_ASSIGNMENT (  '', '', ( #2616 ) ) ;
#3187 = CARTESIAN_POINT ( 'NONE',  ( -0.4449999999999999512, -2.189999999999999947, 0.000000000000000000 ) ) ;
#3186 = MECHANICAL_DESIGN_GEOMETRIC_PRESENTATION_REPRESENTATION (  '', ( #2849 ), #3645 ) ;
#3188 = LINE ( 'NONE', #5944, #1229 ) ;
#3189 = CARTESIAN_POINT ( 'NONE',  ( 0.4449999999999999512, -2.189999999999999947, 0.000000000000000000 ) ) ;
#3190 = ADVANCED_FACE ( 'NONE', ( #6624 ), #1168, .T. ) ;
#3191 = STYLED_ITEM ( 'NONE', ( #1999 ), #7083 ) ;
#3192 = AXIS2_PLACEMENT_3D ( 'NONE', #5672, #3939, #711 ) ;
#3193 = VERTEX_POINT ( 'NONE', #6140 ) ;
#3194 = DIRECTION ( 'NONE',  ( 0.4999999999999995004, -0.8660254037844390407, 0.000000000000000000 ) ) ;
#3195 = ORIENTED_EDGE ( 'NONE', *, *, #3094, .T. ) ;
#3196 = LINE ( 'NONE', #512, #3006 ) ;
#3198 = LINE ( 'NONE', #4244, #6538 ) ;
#3197 =( GEOMETRIC_REPRESENTATION_CONTEXT ( 3 ) GLOBAL_UNCERTAINTY_ASSIGNED_CONTEXT ( ( #5616 ) ) GLOBAL_UNIT_ASSIGNED_CONTEXT ( ( #5530, #4975, #6535 ) ) REPRESENTATION_CONTEXT ( 'NONE', 'WORKASPACE' ) );
#3199 = LINE ( 'NONE', #990, #4394 ) ;
#3200 = DIRECTION ( 'NONE',  ( -1.000000000000000000, 0.000000000000000000, 0.000000000000000000 ) ) ;
#3201 = VERTEX_POINT ( 'NONE', #3 ) ;
#3202 = ORIENTED_EDGE ( 'NONE', *, *, #2340, .F. ) ;
#3203 = SURFACE_STYLE_FILL_AREA ( #1032 ) ;
#3204 = SURFACE_STYLE_FILL_AREA ( #4288 ) ;
#3205 = DIRECTION ( 'NONE',  ( 1.000000000000000000, 0.000000000000000000, 0.000000000000000000 ) ) ;
#3206 = VECTOR ( 'NONE', #1287, 1000.000000000000000 ) ;
#3207 = COLOUR_RGB ( '',0.2862745098039215508, 0.2862745098039215508, 0.2862745098039215508 ) ;
#3208 = ORIENTED_EDGE ( 'NONE', *, *, #4629, .T. ) ;
#3209 = ORIENTED_EDGE ( 'NONE', *, *, #6923, .T. ) ;
#3210 = DIRECTION ( 'NONE',  ( 1.000000000000000000, 0.000000000000000000, 0.000000000000000000 ) ) ;
#3211 =( NAMED_UNIT ( * ) PLANE_ANGLE_UNIT ( ) SI_UNIT ( $, .RADIAN. ) );
#3212 = CARTESIAN_POINT ( 'NONE',  ( -2.211889550080823330, 1.934733596112490073, 1.119999999999999885 ) ) ;
#3213 = DIRECTION ( 'NONE',  ( 1.000000000000000000, 0.000000000000000000, 0.000000000000000000 ) ) ;
#3214 = DIRECTION ( 'NONE',  ( 1.132880637372609972E-16, -1.000000000000000000, 0.000000000000000000 ) ) ;
#3215 =( GEOMETRIC_REPRESENTATION_CONTEXT ( 3 ) GLOBAL_UNCERTAINTY_ASSIGNED_CONTEXT ( ( #3681 ) ) GLOBAL_UNIT_ASSIGNED_CONTEXT ( ( #3238, #4927, #6031 ) ) REPRESENTATION_CONTEXT ( 'NONE', 'WORKASPACE' ) );
#3216 = EDGE_CURVE ( 'NONE', #3371, #3914, #109, .T. ) ;
#3217 = CARTESIAN_POINT ( 'NONE',  ( 0.8299999999999999600, 2.575000000000000178, 0.3800000000000000044 ) ) ;
#3218 = DIRECTION ( 'NONE',  ( -1.000000000000000000, 0.000000000000000000, 0.000000000000000000 ) ) ;
#3219 =( NAMED_UNIT ( * ) PLANE_ANGLE_UNIT ( ) SI_UNIT ( $, .RADIAN. ) );
#3220 = LINE ( 'NONE', #5022, #5239 ) ;
#3221 =( NAMED_UNIT ( * ) SI_UNIT ( $, .STERADIAN. ) SOLID_ANGLE_UNIT ( ) );
#3222 = EDGE_CURVE ( 'NONE', #2063, #3347, #1201, .T. ) ;
#3223 = EDGE_CURVE ( 'NONE', #5595, #6286, #2301, .T. ) ;
#3224 = EDGE_LOOP ( 'NONE', ( #7019, #7135, #798, #5678, #5662, #363, #4703, #4697 ) ) ;
#3225 = VERTEX_POINT ( 'NONE', #2234 ) ;
#3226 = CARTESIAN_POINT ( 'NONE',  ( 2.945000000000000284, 2.034999999999999698, 0.3800000000000000044 ) ) ;
#3227 = ORIENTED_EDGE ( 'NONE', *, *, #2525, .T. ) ;
#3228 = PLANE ( 'NONE',  #2316 ) ;
#3229 =( NAMED_UNIT ( * ) SI_UNIT ( $, .STERADIAN. ) SOLID_ANGLE_UNIT ( ) );
#3230 = FACE_OUTER_BOUND ( 'NONE', #1791, .T. ) ;
#3231 = EDGE_CURVE ( 'NONE', #4294, #925, #5551, .T. ) ;
#3232 = LINE ( 'NONE', #5404, #4561 ) ;
#3233 = VECTOR ( 'NONE', #3789, 1000.000000000000000 ) ;
#3234 = VERTEX_POINT ( 'NONE', #4388 ) ;
#3235 = EDGE_LOOP ( 'NONE', ( #1407, #3388, #2626, #3370 ) ) ;
#3236 = DIRECTION ( 'NONE',  ( 0.7071067811865474617, -0.7071067811865474617, 0.000000000000000000 ) ) ;
#3237 = VECTOR ( 'NONE', #5824, 1000.000000000000000 ) ;
#3238 =( LENGTH_UNIT ( ) NAMED_UNIT ( * ) SI_UNIT ( .MILLI., .METRE. ) );
#3239 = PLANE ( 'NONE',  #3644 ) ;
#3240 = CARTESIAN_POINT ( 'NONE',  ( -2.945000000000000284, 1.724999999999999867, 0.3800000000000000044 ) ) ;
#3241 = DIRECTION ( 'NONE',  ( 0.000000000000000000, -1.000000000000000000, 0.000000000000000000 ) ) ;
#3242 = STYLED_ITEM ( 'NONE', ( #3163 ), #3136 ) ;
#3243 = EDGE_LOOP ( 'NONE', ( #3846, #2030, #5430, #1350 ) ) ;
#3244 = STYLED_ITEM ( 'NONE', ( #5693 ), #2079 ) ;
#3245 = ORIENTED_EDGE ( 'NONE', *, *, #2394, .F. ) ;
#3246 = ORIENTED_EDGE ( 'NONE', *, *, #4099, .F. ) ;
#3247 = DIRECTION ( 'NONE',  ( 0.7071067811865570096, -0.7071067811865380248, 0.000000000000000000 ) ) ;
#3248 = FILL_AREA_STYLE ('',( #2102 ) ) ;
#3249 = CARTESIAN_POINT ( 'NONE',  ( 2.465000000000000302, 1.879999999999999893, 0.3300000000000000155 ) ) ;
#3250 = FILL_AREA_STYLE ('',( #6534 ) ) ;
#3251 = VECTOR ( 'NONE', #2328, 999.9999999999998863 ) ;
#3252 = MECHANICAL_DESIGN_GEOMETRIC_PRESENTATION_REPRESENTATION (  '', ( #3599 ), #5335 ) ;
#3253 = DIRECTION ( 'NONE',  ( 1.000000000000000000, 0.000000000000000000, 0.000000000000000000 ) ) ;
#3254 = CARTESIAN_POINT ( 'NONE',  ( -2.465000000000000302, -0.4550000000000000155, 0.000000000000000000 ) ) ;
#3255 = FACE_OUTER_BOUND ( 'NONE', #763, .T. ) ;
#3256 = SURFACE_STYLE_FILL_AREA ( #1720 ) ;
#3257 = DIRECTION ( 'NONE',  ( -1.000000000000000000, 0.000000000000000000, 0.000000000000000000 ) ) ;
#3258 = LINE ( 'NONE', #4842, #3592 ) ;
#3259 =( GEOMETRIC_REPRESENTATION_CONTEXT ( 3 ) GLOBAL_UNCERTAINTY_ASSIGNED_CONTEXT ( ( #4255 ) ) GLOBAL_UNIT_ASSIGNED_CONTEXT ( ( #149, #227, #6768 ) ) REPRESENTATION_CONTEXT ( 'NONE', 'WORKASPACE' ) );
#3260 = EDGE_CURVE ( 'NONE', #3712, #3810, #4499, .T. ) ;
#3261 = UNCERTAINTY_MEASURE_WITH_UNIT (LENGTH_MEASURE( 1.000000000000000082E-05 ), #686, 'distance_accuracy_value', 'NONE');
#3262 = STYLED_ITEM ( 'NONE', ( #5762 ), #3751 ) ;
#3263 = ORIENTED_EDGE ( 'NONE', *, *, #6740, .T. ) ;
#3264 = PRESENTATION_STYLE_ASSIGNMENT (( #6021 ) ) ;
#3265 = UNCERTAINTY_MEASURE_WITH_UNIT (LENGTH_MEASURE( 1.000000000000000082E-05 ), #807, 'distance_accuracy_value', 'NONE');
#3266 = ORIENTED_EDGE ( 'NONE', *, *, #6437, .T. ) ;
#3267 = CARTESIAN_POINT ( 'NONE',  ( 2.895000000000000018, -0.4550000000000000155, 0.000000000000000000 ) ) ;
#3268 = LINE ( 'NONE', #2154, #6621 ) ;
#3269 = VECTOR ( 'NONE', #2391, 1000.000000000000000 ) ;
#3270 = EDGE_CURVE ( 'NONE', #4887, #1518, #5584, .T. ) ;
#3271 = ADVANCED_FACE ( 'NONE', ( #2773 ), #4962, .T. ) ;
#3272 = EDGE_CURVE ( 'NONE', #1884, #2729, #624, .T. ) ;
#3273 = ORIENTED_EDGE ( 'NONE', *, *, #2169, .F. ) ;
#3274 = ORIENTED_EDGE ( 'NONE', *, *, #1823, .F. ) ;
#3276 = CARTESIAN_POINT ( 'NONE',  ( -3.075000000000000178, -0.5050000000000000044, 0.000000000000000000 ) ) ;
#3275 = MECHANICAL_DESIGN_GEOMETRIC_PRESENTATION_REPRESENTATION (  '', ( #3848 ), #6760 ) ;
#3277 = SURFACE_STYLE_FILL_AREA ( #2235 ) ;
#3278 = SURFACE_STYLE_USAGE ( .BOTH. , #2596 ) ;
#3279 = DIRECTION ( 'NONE',  ( 0.000000000000000000, 0.000000000000000000, 1.000000000000000000 ) ) ;
#3280 = LINE ( 'NONE', #2096, #7115 ) ;
#3281 = EDGE_CURVE ( 'NONE', #6174, #1370, #2846, .T. ) ;
#3282 = VECTOR ( 'NONE', #3690, 1000.000000000000000 ) ;
#3283 = EDGE_LOOP ( 'NONE', ( #3246, #1955, #1978, #4257 ) ) ;
#3284 = ORIENTED_EDGE ( 'NONE', *, *, #2437, .T. ) ;
#3285 = LINE ( 'NONE', #5489, #5405 ) ;
#3286 = FACE_OUTER_BOUND ( 'NONE', #3019, .T. ) ;
#3287 = VECTOR ( 'NONE', #948, 1000.000000000000000 ) ;
#3288 = CARTESIAN_POINT ( 'NONE',  ( 2.945000000000000284, -2.084999999999999964, 0.3300000000000000155 ) ) ;
#3289 = SURFACE_STYLE_USAGE ( .BOTH. , #7143 ) ;
#3290 = AXIS2_PLACEMENT_3D ( 'NONE', #2635, #558, #4393 ) ;
#3291 = SURFACE_SIDE_STYLE ('',( #2213 ) ) ;
#3292 = DIRECTION ( 'NONE',  ( 0.7071067811865570096, -0.7071067811865380248, 0.000000000000000000 ) ) ;
#3293 = DIRECTION ( 'NONE',  ( 0.000000000000000000, -1.000000000000000000, 0.000000000000000000 ) ) ;
#3294 = DIRECTION ( 'NONE',  ( 1.000000000000000000, 0.000000000000000000, 0.000000000000000000 ) ) ;
#3295 = AXIS2_PLACEMENT_3D ( 'NONE', #3070, #344, #2526 ) ;
#3296 = SURFACE_STYLE_USAGE ( .BOTH. , #5394 ) ;
#3297 = STYLED_ITEM ( 'NONE', ( #3523 ), #6835 ) ;
#3298 =( GEOMETRIC_REPRESENTATION_CONTEXT ( 3 ) GLOBAL_UNCERTAINTY_ASSIGNED_CONTEXT ( ( #5109 ) ) GLOBAL_UNIT_ASSIGNED_CONTEXT ( ( #4524, #5717, #715 ) ) REPRESENTATION_CONTEXT ( 'NONE', 'WORKASPACE' ) );
#3299 = EDGE_LOOP ( 'NONE', ( #1131, #6623, #1440, #6704, #1933, #175, #5336, #1842, #1593, #993, #485, #1758, #6938, #4321, #479, #2091, #4256, #4611, #1113, #3358, #2558, #400, #1636, #3263, #5040, #253, #683, #5605, #3856, #2508, #4162, #4596, #5523, #6934, #1865, #2799 ) ) ;
#3300 = VERTEX_POINT ( 'NONE', #3811 ) ;
#3301 = CARTESIAN_POINT ( 'NONE',  ( 3.075000000000000178, 0.7649999999999999023, 0.000000000000000000 ) ) ;
#3302 = CARTESIAN_POINT ( 'NONE',  ( -2.945000000000000284, -2.084999999999999964, 0.000000000000000000 ) ) ;
#3303 =( LENGTH_UNIT ( ) NAMED_UNIT ( * ) SI_UNIT ( .MILLI., .METRE. ) );
#3304 = DIRECTION ( 'NONE',  ( 0.4999999999999995004, -0.8660254037844390407, 0.000000000000000000 ) ) ;
#3305 = VECTOR ( 'NONE', #2251, 1000.000000000000000 ) ;
#3306 = UNCERTAINTY_MEASURE_WITH_UNIT (LENGTH_MEASURE( 1.000000000000000082E-05 ), #1666, 'distance_accuracy_value', 'NONE');
#3307 = VERTEX_POINT ( 'NONE', #2809 ) ;
#3308 = EDGE_LOOP ( 'NONE', ( #6364, #5892, #5311, #3360 ) ) ;
#3309 = CARTESIAN_POINT ( 'NONE',  ( -2.895000000000000018, 2.084999999999999964, 0.3800000000000000044 ) ) ;
#3310 = DIRECTION ( 'NONE',  ( -4.510281037539690557E-15, -1.000000000000000000, 0.000000000000000000 ) ) ;
#3311 = EDGE_CURVE ( 'NONE', #1447, #6584, #5004, .T. ) ;
#3312 = SURFACE_STYLE_FILL_AREA ( #732 ) ;
#3313 = LINE ( 'NONE', #5479, #500 ) ;
#3314 = CARTESIAN_POINT ( 'NONE',  ( -0.8299999999999999600, -0.9949999999999999956, 0.000000000000000000 ) ) ;
#3315 = EDGE_CURVE ( 'NONE', #1378, #3603, #4470, .T. ) ;
#3316 = EDGE_CURVE ( 'NONE', #4243, #5254, #6802, .T. ) ;
#3317 = MECHANICAL_DESIGN_GEOMETRIC_PRESENTATION_REPRESENTATION (  '', ( #2165 ), #689 ) ;
#3318 = VERTEX_POINT ( 'NONE', #143 ) ;
#3319 = EDGE_LOOP ( 'NONE', ( #2417, #668, #3162, #5292, #2817, #4131, #1227, #4285 ) ) ;
#3320 = FILL_AREA_STYLE ('',( #1144 ) ) ;
#3321 = EDGE_CURVE ( 'NONE', #6280, #801, #6870, .T. ) ;
#3322 = DIRECTION ( 'NONE',  ( -1.000000000000000000, 0.000000000000000000, 0.000000000000000000 ) ) ;
#3323 = CARTESIAN_POINT ( 'NONE',  ( 2.465000000000000302, 0.4049999999999999711, 0.000000000000000000 ) ) ;
#3324 = SURFACE_STYLE_FILL_AREA ( #6670 ) ;
#3325 = PLANE ( 'NONE',  #6071 ) ;
#3326 = PRESENTATION_LAYER_ASSIGNMENT (  '', '', ( #1053 ) ) ;
#3327 = ORIENTED_EDGE ( 'NONE', *, *, #4237, .F. ) ;
#3328 = DIRECTION ( 'NONE',  ( -0.7071067811865441310, -0.7071067811865510144, 0.000000000000000000 ) ) ;
#3329 = DIRECTION ( 'NONE',  ( 1.000000000000000000, 0.000000000000000000, 0.000000000000000000 ) ) ;
#3330 = CARTESIAN_POINT ( 'NONE',  ( -3.075000000000000178, -0.5050000000000000044, 0.000000000000000000 ) ) ;
#3331 = CARTESIAN_POINT ( 'NONE',  ( 2.945000000000000284, -0.5050000000000000044, 0.000000000000000000 ) ) ;
#3332 = ORIENTED_EDGE ( 'NONE', *, *, #1967, .F. ) ;
#3333 = ORIENTED_EDGE ( 'NONE', *, *, #2841, .F. ) ;
#3334 = ORIENTED_EDGE ( 'NONE', *, *, #1960, .F. ) ;
#3335 =( LENGTH_UNIT ( ) NAMED_UNIT ( * ) SI_UNIT ( .MILLI., .METRE. ) );
#3336 = ORIENTED_EDGE ( 'NONE', *, *, #4816, .T. ) ;
#3337 = DIRECTION ( 'NONE',  ( 0.000000000000000000, 0.000000000000000000, -1.000000000000000000 ) ) ;
#3338 = CARTESIAN_POINT ( 'NONE',  ( 2.465000000000000302, 2.084999999999999964, 0.3300000000000000155 ) ) ;
#3339 = EDGE_LOOP ( 'NONE', ( #6826, #3334, #2985, #4196 ) ) ;
#3340 = ORIENTED_EDGE ( 'NONE', *, *, #4327, .T. ) ;
#3341 = DIRECTION ( 'NONE',  ( 0.000000000000000000, 0.000000000000000000, 1.000000000000000000 ) ) ;
#3342 = LINE ( 'NONE', #4, #2988 ) ;
#3343 = LINE ( 'NONE', #2303, #4905 ) ;
#3344 = LINE ( 'NONE', #148, #3643 ) ;
#3345 = PRESENTATION_STYLE_ASSIGNMENT (( #5420 ) ) ;
#3346 = EDGE_CURVE ( 'NONE', #6287, #2468, #292, .T. ) ;
#3347 = VERTEX_POINT ( 'NONE', #3020 ) ;
#3348 = ORIENTED_EDGE ( 'NONE', *, *, #6956, .F. ) ;
#3349 = ADVANCED_FACE ( 'NONE', ( #5653 ), #1274, .F. ) ;
#3350 = LINE ( 'NONE', #5011, #1389 ) ;
#3351 =( NAMED_UNIT ( * ) SI_UNIT ( $, .STERADIAN. ) SOLID_ANGLE_UNIT ( ) );
#3352 = DIRECTION ( 'NONE',  ( -0.7071067811865400232, 0.7071067811865550112, 0.000000000000000000 ) ) ;
#3353 = LINE ( 'NONE', #3392, #3127 ) ;
#3354 = DIRECTION ( 'NONE',  ( 1.000000000000000000, 0.000000000000000000, 0.000000000000000000 ) ) ;
#3355 = LINE ( 'NONE', #5091, #6774 ) ;
#3356 = VECTOR ( 'NONE', #1814, 1000.000000000000000 ) ;
#3357 = EDGE_CURVE ( 'NONE', #4396, #548, #2983, .T. ) ;
#3358 = ORIENTED_EDGE ( 'NONE', *, *, #19, .F. ) ;
#3359 = EDGE_CURVE ( 'NONE', #1743, #3998, #6254, .T. ) ;
#3360 = ORIENTED_EDGE ( 'NONE', *, *, #1267, .F. ) ;
#3361 = EDGE_CURVE ( 'NONE', #3925, #6251, #1339, .T. ) ;
#3362 = STYLED_ITEM ( 'NONE', ( #5849 ), #2134 ) ;
#3363 =( LENGTH_UNIT ( ) NAMED_UNIT ( * ) SI_UNIT ( .MILLI., .METRE. ) );
#3364 = SURFACE_SIDE_STYLE ('',( #4011 ) ) ;
#3365 = CARTESIAN_POINT ( 'NONE',  ( 3.075000000000000178, 2.034999999999999698, 0.000000000000000000 ) ) ;
#3366 = DIRECTION ( 'NONE',  ( -1.132880637372609972E-16, 1.000000000000000000, -1.077863926709489990E-15 ) ) ;
#3367 = DIRECTION ( 'NONE',  ( 0.000000000000000000, 0.000000000000000000, 1.000000000000000000 ) ) ;
#3368 = FILL_AREA_STYLE_COLOUR ( '', #6899 ) ;
#3369 = AXIS2_PLACEMENT_3D ( 'NONE', #1550, #5358, #1404 ) ;
#3370 = ORIENTED_EDGE ( 'NONE', *, *, #2619, .F. ) ;
#3371 = VERTEX_POINT ( 'NONE', #5768 ) ;
#3372 = LINE ( 'NONE', #4917, #1551 ) ;
#3373 = AXIS2_PLACEMENT_3D ( 'NONE', #6641, #578, #4878 ) ;
#3374 = DIRECTION ( 'NONE',  ( 0.000000000000000000, 0.000000000000000000, 1.000000000000000000 ) ) ;
#3375 = LINE ( 'NONE', #7120, #1876 ) ;
#3376 = UNCERTAINTY_MEASURE_WITH_UNIT (LENGTH_MEASURE( 1.000000000000000082E-05 ), #6873, 'distance_accuracy_value', 'NONE');
#3377 = AXIS2_PLACEMENT_3D ( 'NONE', #4266, #4161, #5324 ) ;
#3378 = ORIENTED_EDGE ( 'NONE', *, *, #3281, .T. ) ;
#3379 = ORIENTED_EDGE ( 'NONE', *, *, #3935, .T. ) ;
#3380 = CARTESIAN_POINT ( 'NONE',  ( 2.895000000000000018, -0.4550000000000000155, 0.000000000000000000 ) ) ;
#3381 = DIRECTION ( 'NONE',  ( 1.000000000000000000, -2.176907891421880063E-15, 0.000000000000000000 ) ) ;
#3382 = CARTESIAN_POINT ( 'NONE',  ( -2.895000000000000018, 1.675000000000000044, 0.3300000000000000155 ) ) ;
#3383 = VECTOR ( 'NONE', #1397, 1000.000000000000000 ) ;
#3384 = PLANE ( 'NONE',  #4164 ) ;
#3385 = DIRECTION ( 'NONE',  ( 0.000000000000000000, 0.000000000000000000, 1.000000000000000000 ) ) ;
#3386 = AXIS2_PLACEMENT_3D ( 'NONE', #5638, #6236, #6856 ) ;
#3387 = ORIENTED_EDGE ( 'NONE', *, *, #4190, .F. ) ;
#3388 = ORIENTED_EDGE ( 'NONE', *, *, #5090, .T. ) ;
#3389 = LINE ( 'NONE', #5590, #5994 ) ;
#3390 = CARTESIAN_POINT ( 'NONE',  ( 2.945000000000000284, 2.034999999999999698, 0.000000000000000000 ) ) ;
#3391 =( LENGTH_UNIT ( ) NAMED_UNIT ( * ) SI_UNIT ( .MILLI., .METRE. ) );
#3392 = CARTESIAN_POINT ( 'NONE',  ( 0.5799999999999999600, -2.423826859021799951, 0.000000000000000000 ) ) ;
#3393 =( NAMED_UNIT ( * ) PLANE_ANGLE_UNIT ( ) SI_UNIT ( $, .RADIAN. ) );
#3394 = LINE ( 'NONE', #5593, #2260 ) ;
#3395 = VERTEX_POINT ( 'NONE', #1307 ) ;
#3396 = DIRECTION ( 'NONE',  ( 0.000000000000000000, 0.000000000000000000, 1.000000000000000000 ) ) ;
#3397 = CARTESIAN_POINT ( 'NONE',  ( 0.9650000000000000799, -1.989999999999999991, 0.3800000000000000044 ) ) ;
#3398 = ADVANCED_FACE ( 'NONE', ( #4662 ), #5732, .T. ) ;
#3399 =( NAMED_UNIT ( * ) PLANE_ANGLE_UNIT ( ) SI_UNIT ( $, .RADIAN. ) );
#3400 = CARTESIAN_POINT ( 'NONE',  ( -3.075000000000000178, 1.724999999999999867, 0.000000000000000000 ) ) ;
#3401 = DIRECTION ( 'NONE',  ( 1.000000000000000000, 0.000000000000000000, 0.000000000000000000 ) ) ;
#3402 = EDGE_CURVE ( 'NONE', #6571, #5626, #1023, .T. ) ;
#3403 = VECTOR ( 'NONE', #978, 1000.000000000000000 ) ;
#3404 = EDGE_CURVE ( 'NONE', #4731, #3564, #5949, .T. ) ;
#3405 = ORIENTED_EDGE ( 'NONE', *, *, #4110, .T. ) ;
#3406 = EDGE_LOOP ( 'NONE', ( #1024, #5001, #3416, #141 ) ) ;
#3407 = CARTESIAN_POINT ( 'NONE',  ( 2.945000000000000284, 0.7649999999999999023, 0.000000000000000000 ) ) ;
#3408 = AXIS2_PLACEMENT_3D ( 'NONE', #5227, #819, #1988 ) ;
#3410 = CARTESIAN_POINT ( 'NONE',  ( 2.895000000000000018, -2.135000000000000231, 0.3300000000000000155 ) ) ;
#3409 = AXIS2_PLACEMENT_3D ( 'NONE', #4859, #6522, #5481 ) ;
#3411 = ORIENTED_EDGE ( 'NONE', *, *, #5161, .F. ) ;
#3412 = EDGE_CURVE ( 'NONE', #5618, #2717, #954, .T. ) ;
#3413 = DIRECTION ( 'NONE',  ( -0.7071067811865380248, -0.7071067811865570096, 0.000000000000000000 ) ) ;
#3414 = CARTESIAN_POINT ( 'NONE',  ( 2.895000000000000018, 2.084999999999999964, 0.000000000000000000 ) ) ;
#3415 = MECHANICAL_DESIGN_GEOMETRIC_PRESENTATION_REPRESENTATION (  '', ( #7008 ), #3298 ) ;
#3416 = ORIENTED_EDGE ( 'NONE', *, *, #4935, .T. ) ;
#3417 = ORIENTED_EDGE ( 'NONE', *, *, #1746, .F. ) ;
#3418 = CARTESIAN_POINT ( 'NONE',  ( -3.075000000000000178, 2.034999999999999698, 0.000000000000000000 ) ) ;
#3419 = COLOUR_RGB ( '',0.2862745098039215508, 0.2862745098039215508, 0.2862745098039215508 ) ;
#3420 = VECTOR ( 'NONE', #2992, 1000.000000000000000 ) ;
#3421 = DIRECTION ( 'NONE',  ( -1.000000000000000000, 0.000000000000000000, 0.000000000000000000 ) ) ;
#3422 = UNCERTAINTY_MEASURE_WITH_UNIT (LENGTH_MEASURE( 1.000000000000000082E-05 ), #4714, 'distance_accuracy_value', 'NONE');
#3423 = ORIENTED_EDGE ( 'NONE', *, *, #2484, .T. ) ;
#3424 = ORIENTED_EDGE ( 'NONE', *, *, #6202, .T. ) ;
#3425 = CARTESIAN_POINT ( 'NONE',  ( 1.447500000000000009, 0.8149999999999999467, 0.000000000000000000 ) ) ;
#3426 = FILL_AREA_STYLE ('',( #6707 ) ) ;
#3427 = DIRECTION ( 'NONE',  ( 1.000000000000000000, 0.000000000000000000, 0.000000000000000000 ) ) ;
#3428 = CARTESIAN_POINT ( 'NONE',  ( 2.895000000000000018, -2.135000000000000231, 0.3300000000000000155 ) ) ;
#3429 = SHAPE_REPRESENTATION_RELATIONSHIP ( 'NONE' , 'NONE' ,  #366, #7099 ) ;
#3430 = LINE ( 'NONE', #6851, #6661 ) ;
#3431 = VERTEX_POINT ( 'NONE', #5361 ) ;
#3432 = LINE ( 'NONE', #1253, #5748 ) ;
#3433 = FILL_AREA_STYLE ('',( #2970 ) ) ;
#3434 = PRESENTATION_STYLE_ASSIGNMENT (( #5570 ) ) ;
#3435 = FILL_AREA_STYLE_COLOUR ( '', #2853 ) ;
#3436 = LINE ( 'NONE', #4558, #794 ) ;
#3437 = AXIS2_PLACEMENT_3D ( 'NONE', #3038, #1965, #6783 ) ;
#3438 = ADVANCED_FACE ( 'NONE', ( #6365 ), #444, .T. ) ;
#3439 = ORIENTED_EDGE ( 'NONE', *, *, #2922, .T. ) ;
#3440 = ORIENTED_EDGE ( 'NONE', *, *, #1395, .F. ) ;
#3441 = CARTESIAN_POINT ( 'NONE',  ( -3.075000000000000178, 0.7649999999999999023, 0.000000000000000000 ) ) ;
#3442 = MECHANICAL_DESIGN_GEOMETRIC_PRESENTATION_REPRESENTATION (  '', ( #2874 ), #2638 ) ;
#3443 = SURFACE_STYLE_FILL_AREA ( #5138 ) ;
#3444 = EDGE_CURVE ( 'NONE', #6102, #231, #6974, .T. ) ;
#3445 = FACE_OUTER_BOUND ( 'NONE', #3028, .T. ) ;
#3446 = CARTESIAN_POINT ( 'NONE',  ( 3.075000000000000178, 0.4550000000000000155, 0.000000000000000000 ) ) ;
#3447 = UNCERTAINTY_MEASURE_WITH_UNIT (LENGTH_MEASURE( 1.000000000000000082E-05 ), #3391, 'distance_accuracy_value', 'NONE');
#3448 = PRESENTATION_LAYER_ASSIGNMENT (  '', '', ( #6476 ) ) ;
#3449 = EDGE_CURVE ( 'NONE', #5065, #5136, #1553, .T. ) ;
#3450 = VERTEX_POINT ( 'NONE', #2081 ) ;
#3451 = EDGE_LOOP ( 'NONE', ( #5955, #4106, #1341, #5447, #3195, #4713, #2408, #1736 ) ) ;
#3452 = SURFACE_SIDE_STYLE ('',( #2333 ) ) ;
#3453 = EDGE_CURVE ( 'NONE', #4294, #6655, #1408, .T. ) ;
#3454 = DIRECTION ( 'NONE',  ( 0.000000000000000000, 0.000000000000000000, 1.000000000000000000 ) ) ;
#3455 = CARTESIAN_POINT ( 'NONE',  ( 2.465000000000000302, -0.8649999999999999911, 0.3800000000000000044 ) ) ;
#3456 = SURFACE_STYLE_FILL_AREA ( #1311 ) ;
#3457 = ORIENTED_EDGE ( 'NONE', *, *, #5082, .T. ) ;
#3458 = ORIENTED_EDGE ( 'NONE', *, *, #3231, .T. ) ;
#3459 = DIRECTION ( 'NONE',  ( 1.000000000000000000, 0.000000000000000000, 0.000000000000000000 ) ) ;
#3460 = LINE ( 'NONE', #3425, #5388 ) ;
#3461 =( LENGTH_UNIT ( ) NAMED_UNIT ( * ) SI_UNIT ( .MILLI., .METRE. ) );
#3462 = FACE_OUTER_BOUND ( 'NONE', #5642, .T. ) ;
#3463 = PLANE ( 'NONE',  #5594 ) ;
#3464 = LINE ( 'NONE', #1885, #3206 ) ;
#3465 = FACE_OUTER_BOUND ( 'NONE', #5253, .T. ) ;
#3466 = DIRECTION ( 'NONE',  ( -1.132880637372609972E-16, 1.000000000000000000, -1.077863926709489990E-15 ) ) ;
#3467 = DIRECTION ( 'NONE',  ( 0.000000000000000000, 0.000000000000000000, 1.000000000000000000 ) ) ;
#3468 = VECTOR ( 'NONE', #1639, 999.9999999999998863 ) ;
#3469 = DIRECTION ( 'NONE',  ( 0.000000000000000000, 1.000000000000000000, 0.000000000000000000 ) ) ;
#3470 = DIRECTION ( 'NONE',  ( 0.000000000000000000, 0.000000000000000000, 1.000000000000000000 ) ) ;
#3471 = DIRECTION ( 'NONE',  ( 1.000000000000000000, -4.550094363217860219E-16, 0.000000000000000000 ) ) ;
#3472 = VECTOR ( 'NONE', #1875, 1000.000000000000000 ) ;
#3473 =( GEOMETRIC_REPRESENTATION_CONTEXT ( 3 ) GLOBAL_UNCERTAINTY_ASSIGNED_CONTEXT ( ( #3743 ) ) GLOBAL_UNIT_ASSIGNED_CONTEXT ( ( #77, #2199, #6069 ) ) REPRESENTATION_CONTEXT ( 'NONE', 'WORKASPACE' ) );
#3474 = ORIENTED_EDGE ( 'NONE', *, *, #1125, .F. ) ;
#3475 = VERTEX_POINT ( 'NONE', #3123 ) ;
#3476 = LINE ( 'NONE', #213, #5509 ) ;
#3477 = DIRECTION ( 'NONE',  ( 0.000000000000000000, 0.000000000000000000, -1.000000000000000000 ) ) ;
#3478 =( NAMED_UNIT ( * ) SI_UNIT ( $, .STERADIAN. ) SOLID_ANGLE_UNIT ( ) );
#3479 = DIRECTION ( 'NONE',  ( -0.000000000000000000, 1.000000000000000000, 0.000000000000000000 ) ) ;
#3480 = EDGE_CURVE ( 'NONE', #4066, #1456, #6482, .T. ) ;
#3481 = VECTOR ( 'NONE', #1291, 1000.000000000000114 ) ;
#3482 = ORIENTED_EDGE ( 'NONE', *, *, #2567, .F. ) ;
#3483 = VERTEX_POINT ( 'NONE', #5811 ) ;
#3484 = CARTESIAN_POINT ( 'NONE',  ( 2.465000000000000302, 1.675000000000000044, 0.000000000000000000 ) ) ;
#3485 = DIRECTION ( 'NONE',  ( -1.000000000000000000, 0.000000000000000000, 0.000000000000000000 ) ) ;
#3486 = SURFACE_SIDE_STYLE ('',( #6256 ) ) ;
#3487 = SURFACE_SIDE_STYLE ('',( #3456 ) ) ;
#3488 = ADVANCED_FACE ( 'NONE', ( #408 ), #2585, .T. ) ;
#3489 = CARTESIAN_POINT ( 'NONE',  ( -0.9650000000000000799, -1.989999999999999991, 0.000000000000000000 ) ) ;
#3490 = CARTESIAN_POINT ( 'NONE',  ( 0.8299999999999999600, 2.575000000000000178, 0.000000000000000000 ) ) ;
#3491 = MECHANICAL_DESIGN_GEOMETRIC_PRESENTATION_REPRESENTATION (  '', ( #5681 ), #45 ) ;
#3492 = EDGE_CURVE ( 'NONE', #6481, #1105, #4272, .T. ) ;
#3493 = ADVANCED_FACE ( 'NONE', ( #2514 ), #986, .T. ) ;
#3494 = VERTEX_POINT ( 'NONE', #7011 ) ;
#3495 = ORIENTED_EDGE ( 'NONE', *, *, #6564, .T. ) ;
#3497 =( GEOMETRIC_REPRESENTATION_CONTEXT ( 3 ) GLOBAL_UNCERTAINTY_ASSIGNED_CONTEXT ( ( #3261 ) ) GLOBAL_UNIT_ASSIGNED_CONTEXT ( ( #686, #177, #2944 ) ) REPRESENTATION_CONTEXT ( 'NONE', 'WORKASPACE' ) );
#3496 = LINE ( 'NONE', #5663, #5852 ) ;
#3498 = CARTESIAN_POINT ( 'NONE',  ( 0.5799999999999999600, -2.423826859021799951, 0.3800000000000000044 ) ) ;
#3499 = CARTESIAN_POINT ( 'NONE',  ( 2.945000000000000284, -2.084999999999999964, 0.3800000000000000044 ) ) ;
#3500 = EDGE_CURVE ( 'NONE', #231, #2410, #6510, .T. ) ;
#3501 = VECTOR ( 'NONE', #829, 1000.000000000000000 ) ;
#3502 = ORIENTED_EDGE ( 'NONE', *, *, #5801, .T. ) ;
#3503 = CARTESIAN_POINT ( 'NONE',  ( -2.895000000000000018, 0.4049999999999999711, 0.3800000000000000044 ) ) ;
#3504 = SURFACE_STYLE_USAGE ( .BOTH. , #5713 ) ;
#3505 = AXIS2_PLACEMENT_3D ( 'NONE', #5053, #3596, #4514 ) ;
#3506 = LINE ( 'NONE', #3544, #6086 ) ;
#3507 = FACE_OUTER_BOUND ( 'NONE', #3612, .T. ) ;
#3508 = DIRECTION ( 'NONE',  ( -1.000000000000000000, 0.000000000000000000, 0.000000000000000000 ) ) ;
#3509 = PRESENTATION_LAYER_ASSIGNMENT (  '', '', ( #4201 ) ) ;
#3510 = ORIENTED_EDGE ( 'NONE', *, *, #5838, .T. ) ;
#3511 = CARTESIAN_POINT ( 'NONE',  ( 1.232500000000000151, 0.4049999999999999711, 0.000000000000000000 ) ) ;
#3512 = VERTEX_POINT ( 'NONE', #6405 ) ;
#3513 = CARTESIAN_POINT ( 'NONE',  ( -2.945000000000000284, 1.724999999999999867, 0.000000000000000000 ) ) ;
#3514 = COLOUR_RGB ( '',0.2862745098039215508, 0.2862745098039215508, 0.2862745098039215508 ) ;
#3515 = DIRECTION ( 'NONE',  ( 1.000000000000000000, 0.000000000000000000, 0.000000000000000000 ) ) ;
#3516 = UNCERTAINTY_MEASURE_WITH_UNIT (LENGTH_MEASURE( 1.000000000000000082E-05 ), #304, 'distance_accuracy_value', 'NONE');
#3517 = AXIS2_PLACEMENT_3D ( 'NONE', #823, #5342, #2456 ) ;
#3518 = ORIENTED_EDGE ( 'NONE', *, *, #3709, .F. ) ;
#3519 = ORIENTED_EDGE ( 'NONE', *, *, #880, .F. ) ;
#3520 = FILL_AREA_STYLE ('',( #6183 ) ) ;
#3521 = ORIENTED_EDGE ( 'NONE', *, *, #6487, .T. ) ;
#3522 = DIRECTION ( 'NONE',  ( 1.132880637372609972E-16, -1.000000000000000000, 0.000000000000000000 ) ) ;
#3523 = PRESENTATION_STYLE_ASSIGNMENT (( #1343 ) ) ;
#3524 = DIRECTION ( 'NONE',  ( 1.000000000000000000, 0.000000000000000000, 0.000000000000000000 ) ) ;
#3525 = SURFACE_STYLE_FILL_AREA ( #4602 ) ;
#3526 = COLOUR_RGB ( '',0.2862745098039215508, 0.2862745098039215508, 0.2862745098039215508 ) ;
#3527 = LINE ( 'NONE', #3490, #3472 ) ;
#3528 = PRESENTATION_LAYER_ASSIGNMENT (  '', '', ( #1694 ) ) ;
#3529 = EDGE_CURVE ( 'NONE', #6286, #2602, #1448, .T. ) ;
#3530 = COLOUR_RGB ( '',0.2862745098039215508, 0.2862745098039215508, 0.2862745098039215508 ) ;
#3531 = ORIENTED_EDGE ( 'NONE', *, *, #3272, .F. ) ;
#3532 = VERTEX_POINT ( 'NONE', #3630 ) ;
#3533 = DIRECTION ( 'NONE',  ( 0.000000000000000000, 0.000000000000000000, -1.000000000000000000 ) ) ;
#3534 = CARTESIAN_POINT ( 'NONE',  ( 0.000000000000000000, -2.893885316736099471E-16, 0.000000000000000000 ) ) ;
#3535 = FILL_AREA_STYLE ('',( #4680 ) ) ;
#3536 = EDGE_CURVE ( 'NONE', #4249, #3307, #2050, .T. ) ;
#3537 = AXIS2_PLACEMENT_3D ( 'NONE', #3861, #7063, #7142 ) ;
#3538 = AXIS2_PLACEMENT_3D ( 'NONE', #6467, #3649, #6959 ) ;
#3539 = ADVANCED_FACE ( 'NONE', ( #3091 ), #5293, .F. ) ;
#3540 = EDGE_LOOP ( 'NONE', ( #6064, #924, #4590, #2738 ) ) ;
#3541 = LINE ( 'NONE', #5095, #1266 ) ;
#3542 = CARTESIAN_POINT ( 'NONE',  ( -2.945000000000000284, 2.034999999999999698, 0.000000000000000000 ) ) ;
#3543 = SURFACE_SIDE_STYLE ('',( #3802 ) ) ;
#3544 = CARTESIAN_POINT ( 'NONE',  ( 1.195000000000000062, -1.989999999999999991, 0.000000000000000000 ) ) ;
#3545 = FILL_AREA_STYLE_COLOUR ( '', #2114 ) ;
#3546 = CARTESIAN_POINT ( 'NONE',  ( -2.465000000000000302, 0.4049999999999999711, 0.000000000000000000 ) ) ;
#3547 = VECTOR ( 'NONE', #5241, 1000.000000000000000 ) ;
#3548 = ORIENTED_EDGE ( 'NONE', *, *, #1473, .T. ) ;
#3549 = SURFACE_STYLE_USAGE ( .BOTH. , #1371 ) ;
#3550 = ORIENTED_EDGE ( 'NONE', *, *, #3971, .F. ) ;
#3551 = AXIS2_PLACEMENT_3D ( 'NONE', #3829, #2826, #5458 ) ;
#3552 = CARTESIAN_POINT ( 'NONE',  ( -3.075000000000000178, -1.775000000000000133, 0.3800000000000000044 ) ) ;
#3553 = VECTOR ( 'NONE', #2243, 1000.000000000000000 ) ;
#3554 = EDGE_LOOP ( 'NONE', ( #2299, #2202, #665, #6794 ) ) ;
#3555 = ORIENTED_EDGE ( 'NONE', *, *, #2472, .T. ) ;
#3556 = ORIENTED_EDGE ( 'NONE', *, *, #5529, .F. ) ;
#3557 = CARTESIAN_POINT ( 'NONE',  ( 2.945000000000000284, -0.8149999999999999467, 0.000000000000000000 ) ) ;
#3558 = CARTESIAN_POINT ( 'NONE',  ( 2.895000000000000018, 0.4049999999999999711, 0.000000000000000000 ) ) ;
#3559 = LINE ( 'NONE', #2953, #2789 ) ;
#3560 = DIRECTION ( 'NONE',  ( 0.000000000000000000, 0.000000000000000000, 1.000000000000000000 ) ) ;
#3561 = STYLED_ITEM ( 'NONE', ( #4471 ), #999 ) ;
#3562 = CARTESIAN_POINT ( 'NONE',  ( -2.945000000000000284, 2.449999999999999734, 0.000000000000000000 ) ) ;
#3563 = EDGE_LOOP ( 'NONE', ( #530, #3424, #5486, #927 ) ) ;
#3564 = VERTEX_POINT ( 'NONE', #2190 ) ;
#3565 = DIRECTION ( 'NONE',  ( -1.000000000000000000, 0.000000000000000000, 0.000000000000000000 ) ) ;
#3566 =( NAMED_UNIT ( * ) PLANE_ANGLE_UNIT ( ) SI_UNIT ( $, .RADIAN. ) );
#3567 = SHAPE_REPRESENTATION ( 'SIR5607DP-T1-RE3', ( #4231, #6333 ), #1036 ) ;
#3568 = PLANE ( 'NONE',  #6504 ) ;
#3569 = FILL_AREA_STYLE ('',( #7024 ) ) ;
#3570 = EDGE_CURVE ( 'NONE', #5700, #3631, #4994, .T. ) ;
#3571 = EDGE_LOOP ( 'NONE', ( #367, #4354, #4552, #3782 ) ) ;
#3572 = DIRECTION ( 'NONE',  ( 0.000000000000000000, 0.000000000000000000, 1.000000000000000000 ) ) ;
#3573 = FILL_AREA_STYLE ('',( #828 ) ) ;
#3574 = CARTESIAN_POINT ( 'NONE',  ( -2.465000000000000302, -0.4550000000000000155, 0.000000000000000000 ) ) ;
#3575 = FILL_AREA_STYLE_COLOUR ( '', #5548 ) ;
#3576 = CARTESIAN_POINT ( 'NONE',  ( -2.895000000000000018, -0.4550000000000000155, 0.000000000000000000 ) ) ;
#3577 = SURFACE_STYLE_FILL_AREA ( #2001 ) ;
#3578 = VECTOR ( 'NONE', #947, 1000.000000000000000 ) ;
#3579 = EDGE_CURVE ( 'NONE', #3656, #7051, #5543, .T. ) ;
#3580 = EDGE_CURVE ( 'NONE', #2658, #615, #1194, .T. ) ;
#3581 = EDGE_CURVE ( 'NONE', #6830, #6481, #3372, .T. ) ;
#3582 = VERTEX_POINT ( 'NONE', #1122 ) ;
#3583 = VECTOR ( 'NONE', #1072, 1000.000000000000000 ) ;
#3584 = CARTESIAN_POINT ( 'NONE',  ( -2.945000000000000284, 2.034999999999999698, 0.000000000000000000 ) ) ;
#3585 = DIRECTION ( 'NONE',  ( 0.000000000000000000, 0.000000000000000000, 1.000000000000000000 ) ) ;
#3586 = CARTESIAN_POINT ( 'NONE',  ( -2.895000000000000018, 1.675000000000000044, 0.000000000000000000 ) ) ;
#3587 = AXIS2_PLACEMENT_3D ( 'NONE', #6491, #4750, #6985 ) ;
#3588 = VECTOR ( 'NONE', #6806, 1000.000000000000000 ) ;
#3589 = ORIENTED_EDGE ( 'NONE', *, *, #4248, .F. ) ;
#3590 = ORIENTED_EDGE ( 'NONE', *, *, #1128, .F. ) ;
#3591 = CARTESIAN_POINT ( 'NONE',  ( -2.465000000000000302, 1.879999999999999893, 0.000000000000000000 ) ) ;
#3592 = VECTOR ( 'NONE', #1619, 1000.000000000000000 ) ;
#3593 = ORIENTED_EDGE ( 'NONE', *, *, #1128, .T. ) ;
#3594 =( NAMED_UNIT ( * ) SI_UNIT ( $, .STERADIAN. ) SOLID_ANGLE_UNIT ( ) );
#3595 = PLANE ( 'NONE',  #6555 ) ;
#3596 = DIRECTION ( 'NONE',  ( -0.7071067811865510144, 0.7071067811865441310, 0.000000000000000000 ) ) ;
#3597 = FILL_AREA_STYLE_COLOUR ( '', #1870 ) ;
#3598 = DIRECTION ( 'NONE',  ( 0.000000000000000000, 1.000000000000000000, 0.000000000000000000 ) ) ;
#3599 = STYLED_ITEM ( 'NONE', ( #868 ), #2751 ) ;
#3600 = VERTEX_POINT ( 'NONE', #4380 ) ;
#3601 = EDGE_LOOP ( 'NONE', ( #6719, #10, #5268, #3227 ) ) ;
#3602 = LINE ( 'NONE', #1317, #6209 ) ;
#3603 = VERTEX_POINT ( 'NONE', #3301 ) ;
#3604 = DIRECTION ( 'NONE',  ( 0.7071067811865475727, -0.7071067811865475727, 0.000000000000000000 ) ) ;
#3605 = VECTOR ( 'NONE', #5252, 1000.000000000000000 ) ;
#3606 = DIRECTION ( 'NONE',  ( 0.000000000000000000, 0.000000000000000000, 1.000000000000000000 ) ) ;
#3607 = STYLED_ITEM ( 'NONE', ( #5188 ), #2966 ) ;
#3608 = CARTESIAN_POINT ( 'NONE',  ( -2.945000000000000284, -0.8149999999999999467, 0.000000000000000000 ) ) ;
#3609 = UNCERTAINTY_MEASURE_WITH_UNIT (LENGTH_MEASURE( 1.000000000000000082E-05 ), #1499, 'distance_accuracy_value', 'NONE');
#3610 = MECHANICAL_DESIGN_GEOMETRIC_PRESENTATION_REPRESENTATION (  '', ( #2344 ), #3497 ) ;
#3611 = ORIENTED_EDGE ( 'NONE', *, *, #2927, .T. ) ;
#3612 = EDGE_LOOP ( 'NONE', ( #460, #3439, #1090, #5102 ) ) ;
#3613 = DIRECTION ( 'NONE',  ( 1.000000000000000000, 0.000000000000000000, 0.000000000000000000 ) ) ;
#3614 = PRESENTATION_STYLE_ASSIGNMENT (( #4494 ) ) ;
#3615 = CARTESIAN_POINT ( 'NONE',  ( 2.717499999999999805, 2.262500000000000178, 0.000000000000000000 ) ) ;
#3616 = CARTESIAN_POINT ( 'NONE',  ( 2.465000000000000302, 1.675000000000000044, 0.000000000000000000 ) ) ;
#3618 = LINE ( 'NONE', #5833, #871 ) ;
#3617 = VECTOR ( 'NONE', #353, 1000.000000000000000 ) ;
#3619 = ORIENTED_EDGE ( 'NONE', *, *, #3357, .T. ) ;
#3620 = EDGE_CURVE ( 'NONE', #4675, #6591, #2150, .T. ) ;
#3621 =( NAMED_UNIT ( * ) PLANE_ANGLE_UNIT ( ) SI_UNIT ( $, .RADIAN. ) );
#3622 = DIRECTION ( 'NONE',  ( 0.000000000000000000, -1.000000000000000000, 0.000000000000000000 ) ) ;
#3623 = EDGE_CURVE ( 'NONE', #3693, #3069, #583, .T. ) ;
#3624 = DIRECTION ( 'NONE',  ( 0.000000000000000000, 0.000000000000000000, -1.000000000000000000 ) ) ;
#3625 = EDGE_CURVE ( 'NONE', #1370, #3431, #66, .T. ) ;
#3626 = STYLED_ITEM ( 'NONE', ( #178 ), #4619 ) ;
#3627 = EDGE_CURVE ( 'NONE', #4142, #5835, #5431, .T. ) ;
#3628 = ORIENTED_EDGE ( 'NONE', *, *, #4891, .F. ) ;
#3629 = VERTEX_POINT ( 'NONE', #5578 ) ;
#3630 = CARTESIAN_POINT ( 'NONE',  ( -2.945000000000000284, 0.7649999999999999023, 0.3300000000000000155 ) ) ;
#3631 = VERTEX_POINT ( 'NONE', #4457 ) ;
#3632 = CARTESIAN_POINT ( 'NONE',  ( 2.945000000000000284, -2.084999999999999964, 0.000000000000000000 ) ) ;
#3633 = DIRECTION ( 'NONE',  ( 0.8660254037844390407, 0.4999999999999995004, 0.000000000000000000 ) ) ;
#3634 =( LENGTH_UNIT ( ) NAMED_UNIT ( * ) SI_UNIT ( .MILLI., .METRE. ) );
#3635 = LINE ( 'NONE', #1027, #2556 ) ;
#3636 = CARTESIAN_POINT ( 'NONE',  ( -0.4449999999999999512, 2.189999999999999947, 0.000000000000000000 ) ) ;
#3637 = VECTOR ( 'NONE', #5825, 1000.000000000000000 ) ;
#3638 = ORIENTED_EDGE ( 'NONE', *, *, #3710, .T. ) ;
#3639 = ORIENTED_EDGE ( 'NONE', *, *, #647, .T. ) ;
#3640 = CARTESIAN_POINT ( 'NONE',  ( 2.895000000000000018, -1.724999999999999867, 0.3300000000000000155 ) ) ;
#3641 = DIRECTION ( 'NONE',  ( 0.000000000000000000, 1.000000000000000000, 0.000000000000000000 ) ) ;
#3642 = SURFACE_STYLE_USAGE ( .BOTH. , #5823 ) ;
#3643 = VECTOR ( 'NONE', #5554, 1000.000000000000000 ) ;
#3644 = AXIS2_PLACEMENT_3D ( 'NONE', #6554, #456, #2634 ) ;
#3645 =( GEOMETRIC_REPRESENTATION_CONTEXT ( 3 ) GLOBAL_UNCERTAINTY_ASSIGNED_CONTEXT ( ( #2438 ) ) GLOBAL_UNIT_ASSIGNED_CONTEXT ( ( #1844, #6882, #4108 ) ) REPRESENTATION_CONTEXT ( 'NONE', 'WORKASPACE' ) );
#3646 = ORIENTED_EDGE ( 'NONE', *, *, #1960, .T. ) ;
#3647 = VERTEX_POINT ( 'NONE', #6546 ) ;
#3648 = CARTESIAN_POINT ( 'NONE',  ( -2.465000000000000302, 2.084999999999999964, 0.3800000000000000044 ) ) ;
#3649 = DIRECTION ( 'NONE',  ( 0.7071067811865380248, -0.7071067811865570096, 0.000000000000000000 ) ) ;
#3650 = PLANE ( 'NONE',  #1562 ) ;
#3651 = LINE ( 'NONE', #1542, #3233 ) ;
#3652 = DIRECTION ( 'NONE',  ( 1.000000000000000000, 0.000000000000000000, 0.000000000000000000 ) ) ;
#3653 = PRESENTATION_LAYER_ASSIGNMENT (  '', '', ( #3191 ) ) ;
#3654 = MECHANICAL_DESIGN_GEOMETRIC_PRESENTATION_REPRESENTATION (  '', ( #922 ), #1353 ) ;
#3655 =( NAMED_UNIT ( * ) PLANE_ANGLE_UNIT ( ) SI_UNIT ( $, .RADIAN. ) );
#3656 = VERTEX_POINT ( 'NONE', #6583 ) ;
#3657 = DIRECTION ( 'NONE',  ( 0.000000000000000000, 0.000000000000000000, 1.000000000000000000 ) ) ;
#3658 = DIRECTION ( 'NONE',  ( 1.000000000000000000, 0.000000000000000000, 0.000000000000000000 ) ) ;
#3659 = ADVANCED_FACE ( 'NONE', ( #4417 ), #1729, .T. ) ;
#3660 = ADVANCED_FACE ( 'NONE', ( #6098 ), #1160, .T. ) ;
#3661 = VECTOR ( 'NONE', #5495, 1000.000000000000000 ) ;
#3662 = EDGE_LOOP ( 'NONE', ( #2592, #5047, #1336, #4088 ) ) ;
#3663 = VERTEX_POINT ( 'NONE', #7074 ) ;
#3664 = DIRECTION ( 'NONE',  ( 0.000000000000000000, 1.000000000000000000, 0.000000000000000000 ) ) ;
#3665 = EDGE_LOOP ( 'NONE', ( #3245, #6991, #6483, #5812, #2066, #4361 ) ) ;
#3666 =( NAMED_UNIT ( * ) PLANE_ANGLE_UNIT ( ) SI_UNIT ( $, .RADIAN. ) );
#3667 = DIRECTION ( 'NONE',  ( 0.7071067811865475727, -0.7071067811865475727, 0.000000000000000000 ) ) ;
#3668 = DIRECTION ( 'NONE',  ( 0.000000000000000000, 0.000000000000000000, -1.000000000000000000 ) ) ;
#3669 = ADVANCED_FACE ( 'NONE', ( #2116 ), #720, .T. ) ;
#3670 = VECTOR ( 'NONE', #83, 1000.000000000000000 ) ;
#3671 = EDGE_CURVE ( 'NONE', #223, #2266, #2401, .T. ) ;
#3672 = EDGE_CURVE ( 'NONE', #4856, #3702, #6718, .T. ) ;
#3673 = ORIENTED_EDGE ( 'NONE', *, *, #6878, .F. ) ;
#3674 = EDGE_LOOP ( 'NONE', ( #281, #2195, #4147, #6673 ) ) ;
#3675 = CARTESIAN_POINT ( 'NONE',  ( -2.895000000000000018, -1.724999999999999867, 0.000000000000000000 ) ) ;
#3676 = CARTESIAN_POINT ( 'NONE',  ( 1.232500000000000151, 1.879999999999999893, 0.000000000000000000 ) ) ;
#3677 = DIRECTION ( 'NONE',  ( 0.4999999999999995004, 0.8660254037844390407, 0.000000000000000000 ) ) ;
#3678 = STYLED_ITEM ( 'NONE', ( #5149 ), #1056 ) ;
#3679 =( NAMED_UNIT ( * ) PLANE_ANGLE_UNIT ( ) SI_UNIT ( $, .RADIAN. ) );
#3680 = CARTESIAN_POINT ( 'NONE',  ( -2.945000000000000284, 2.449999999999999734, 0.3300000000000000155 ) ) ;
#3681 = UNCERTAINTY_MEASURE_WITH_UNIT (LENGTH_MEASURE( 1.000000000000000082E-05 ), #3238, 'distance_accuracy_value', 'NONE');
#3682 = ORIENTED_EDGE ( 'NONE', *, *, #6252, .F. ) ;
#3683 = ORIENTED_EDGE ( 'NONE', *, *, #2757, .T. ) ;
#3684 = DIRECTION ( 'NONE',  ( -0.7071067811865474617, 0.7071067811865474617, 0.000000000000000000 ) ) ;
#3685 = DIRECTION ( 'NONE',  ( -0.7071067811865510144, 0.7071067811865441310, 0.000000000000000000 ) ) ;
#3686 = LINE ( 'NONE', #4301, #5425 ) ;
#3687 = FACE_OUTER_BOUND ( 'NONE', #3554, .T. ) ;
#3688 = DIRECTION ( 'NONE',  ( -0.7071067811865550112, 0.7071067811865400232, 0.000000000000000000 ) ) ;
#3689 = SURFACE_STYLE_FILL_AREA ( #7037 ) ;
#3690 = DIRECTION ( 'NONE',  ( 0.000000000000000000, 1.000000000000000000, 0.000000000000000000 ) ) ;
#3691 =( NAMED_UNIT ( * ) SI_UNIT ( $, .STERADIAN. ) SOLID_ANGLE_UNIT ( ) );
#3692 = MECHANICAL_DESIGN_GEOMETRIC_PRESENTATION_REPRESENTATION (  '', ( #5321 ), #1188 ) ;
#3693 = VERTEX_POINT ( 'NONE', #1760 ) ;
#3694 = DIRECTION ( 'NONE',  ( 1.000000000000000000, 0.000000000000000000, 0.000000000000000000 ) ) ;
#3695 = DIRECTION ( 'NONE',  ( 1.000000000000000000, 0.000000000000000000, 0.000000000000000000 ) ) ;
#3696 = ADVANCED_FACE ( 'NONE', ( #6175 ), #5031, .F. ) ;
#3697 = CARTESIAN_POINT ( 'NONE',  ( -2.861967654140120221, -1.387778780781450113E-16, 1.119999999999999885 ) ) ;
#3698 = CARTESIAN_POINT ( 'NONE',  ( -3.075000000000000178, 0.4550000000000000155, 0.3800000000000000044 ) ) ;
#3699 = VECTOR ( 'NONE', #3606, 1000.000000000000000 ) ;
#3700 = DIRECTION ( 'NONE',  ( -1.000000000000000000, 0.000000000000000000, 0.000000000000000000 ) ) ;
#3701 = ORIENTED_EDGE ( 'NONE', *, *, #6395, .T. ) ;
#3702 = VERTEX_POINT ( 'NONE', #2875 ) ;
#3703 = LINE ( 'NONE', #2025, #5435 ) ;
#3704 = DIRECTION ( 'NONE',  ( 0.000000000000000000, 0.000000000000000000, 1.000000000000000000 ) ) ;
#3705 = EDGE_CURVE ( 'NONE', #1613, #1503, #4493, .T. ) ;
#3706 = DIRECTION ( 'NONE',  ( 0.000000000000000000, 0.000000000000000000, -1.000000000000000000 ) ) ;
#3707 = CARTESIAN_POINT ( 'NONE',  ( 2.945000000000000284, 1.724999999999999867, 0.000000000000000000 ) ) ;
#3708 = FACE_OUTER_BOUND ( 'NONE', #3117, .T. ) ;
#3709 = EDGE_CURVE ( 'NONE', #4783, #2765, #5724, .T. ) ;
#3710 = EDGE_CURVE ( 'NONE', #3647, #1495, #6279, .T. ) ;
#3711 = AXIS2_PLACEMENT_3D ( 'NONE', #4420, #4998, #1732 ) ;
#3712 = VERTEX_POINT ( 'NONE', #2364 ) ;
#3713 = ORIENTED_EDGE ( 'NONE', *, *, #3270, .F. ) ;
#3714 = AXIS2_PLACEMENT_3D ( 'NONE', #2503, #430, #4768 ) ;
#3715 =( LENGTH_UNIT ( ) NAMED_UNIT ( * ) SI_UNIT ( .MILLI., .METRE. ) );
#3716 = EDGE_CURVE ( 'NONE', #6413, #4800, #134, .T. ) ;
#3717 = DIRECTION ( 'NONE',  ( 1.000000000000000000, 0.000000000000000000, 0.000000000000000000 ) ) ;
#3718 = DIRECTION ( 'NONE',  ( 0.000000000000000000, 0.000000000000000000, 1.000000000000000000 ) ) ;
#3719 = LINE ( 'NONE', #1007, #3583 ) ;
#3720 = LINE ( 'NONE', #4336, #2505 ) ;
#3721 = LINE ( 'NONE', #3114, #6769 ) ;
#3722 = DIRECTION ( 'NONE',  ( -1.000000000000000000, 4.550094363217860219E-16, 0.000000000000000000 ) ) ;
#3723 = AXIS2_PLACEMENT_3D ( 'NONE', #1654, #6134, #1087 ) ;
#3724 = VERTEX_POINT ( 'NONE', #4022 ) ;
#3725 = ORIENTED_EDGE ( 'NONE', *, *, #6208, .F. ) ;
#3726 = PLANE ( 'NONE',  #5279 ) ;
#3727 = VECTOR ( 'NONE', #6245, 1000.000000000000000 ) ;
#3728 = CARTESIAN_POINT ( 'NONE',  ( 2.757742740085070032, 1.879999999999999893, 0.3800000000000000044 ) ) ;
#3729 = VECTOR ( 'NONE', #1541, 1000.000000000000000 ) ;
#3730 = ORIENTED_EDGE ( 'NONE', *, *, #5923, .T. ) ;
#3731 = ORIENTED_EDGE ( 'NONE', *, *, #4009, .T. ) ;
#3732 = CARTESIAN_POINT ( 'NONE',  ( 2.757742740085070032, -1.930000000000000160, 0.3800000000000000044 ) ) ;
#3733 = ORIENTED_EDGE ( 'NONE', *, *, #2396, .F. ) ;
#3734 = LINE ( 'NONE', #5507, #6258 ) ;
#3735 = LINE ( 'NONE', #4707, #890 ) ;
#3736 = AXIS2_PLACEMENT_3D ( 'NONE', #6721, #3951, #4382 ) ;
#3737 =( NAMED_UNIT ( * ) PLANE_ANGLE_UNIT ( ) SI_UNIT ( $, .RADIAN. ) );
#3738 = VECTOR ( 'NONE', #1116, 1000.000000000000000 ) ;
#3739 = EDGE_LOOP ( 'NONE', ( #563, #3801, #4467, #5145 ) ) ;
#3740 = PLANE ( 'NONE',  #4710 ) ;
#3741 = DIRECTION ( 'NONE',  ( 0.000000000000000000, 0.000000000000000000, -1.000000000000000000 ) ) ;
#3742 = PLANE ( 'NONE',  #7003 ) ;
#3743 = UNCERTAINTY_MEASURE_WITH_UNIT (LENGTH_MEASURE( 1.000000000000000082E-05 ), #77, 'distance_accuracy_value', 'NONE');
#3744 = ORIENTED_EDGE ( 'NONE', *, *, #1432, .F. ) ;
#3745 = EDGE_CURVE ( 'NONE', #2266, #6413, #5644, .T. ) ;
#3746 = PRESENTATION_LAYER_ASSIGNMENT (  '', '', ( #3071 ) ) ;
#3747 = VERTEX_POINT ( 'NONE', #6756 ) ;
#3748 = EDGE_CURVE ( 'NONE', #7042, #531, #1794, .T. ) ;
#3749 = ORIENTED_EDGE ( 'NONE', *, *, #4989, .T. ) ;
#3750 = VECTOR ( 'NONE', #4796, 1000.000000000000000 ) ;
#3751 = ADVANCED_FACE ( 'NONE', ( #100 ), #758, .F. ) ;
#3752 = LINE ( 'NONE', #7028, #2177 ) ;
#3753 = LINE ( 'NONE', #6079, #2466 ) ;
#3754 = DIRECTION ( 'NONE',  ( 0.000000000000000000, 0.000000000000000000, 1.000000000000000000 ) ) ;
#3755 = CARTESIAN_POINT ( 'NONE',  ( -2.945000000000000284, 2.449999999999999734, 0.000000000000000000 ) ) ;
#3756 = STYLED_ITEM ( 'NONE', ( #857 ), #6610 ) ;
#3757 = MECHANICAL_DESIGN_GEOMETRIC_PRESENTATION_REPRESENTATION (  '', ( #4449 ), #5024 ) ;
#3758 = EDGE_CURVE ( 'NONE', #3810, #6241, #4233, .T. ) ;
#3759 = ORIENTED_EDGE ( 'NONE', *, *, #6346, .F. ) ;
#3760 = LINE ( 'NONE', #2579, #2282 ) ;
#3761 = CARTESIAN_POINT ( 'NONE',  ( -2.895000000000000018, -2.135000000000000231, 0.3300000000000000155 ) ) ;
#3762 = VECTOR ( 'NONE', #5848, 1000.000000000000000 ) ;
#3764 = CARTESIAN_POINT ( 'NONE',  ( -2.465000000000000302, 0.8375000000000000222, 0.000000000000000000 ) ) ;
#3763 = VECTOR ( 'NONE', #1078, 1000.000000000000000 ) ;
#3765 = CARTESIAN_POINT ( 'NONE',  ( 2.465000000000000302, 1.879999999999999893, 0.3300000000000000155 ) ) ;
#3766 = VECTOR ( 'NONE', #6750, 1000.000000000000000 ) ;
#3767 = VECTOR ( 'NONE', #5968, 1000.000000000000000 ) ;
#3768 = EDGE_LOOP ( 'NONE', ( #2077, #658, #6315, #2772 ) ) ;
#3769 = DIRECTION ( 'NONE',  ( -0.7071067811865441310, -0.7071067811865510144, 0.000000000000000000 ) ) ;
#3770 = VERTEX_POINT ( 'NONE', #5836 ) ;
#3771 = LINE ( 'NONE', #1556, #2201 ) ;
#3772 = CARTESIAN_POINT ( 'NONE',  ( 2.895000000000000018, -1.724999999999999867, 0.000000000000000000 ) ) ;
#3773 = CARTESIAN_POINT ( 'NONE',  ( -2.895000000000000018, -1.724999999999999867, 0.000000000000000000 ) ) ;
#3774 = COLOUR_RGB ( '',0.7490196078431372584, 0.7490196078431372584, 0.7490196078431372584 ) ;
#3775 = EDGE_LOOP ( 'NONE', ( #3828, #1569, #6443, #6138 ) ) ;
#3776 = CARTESIAN_POINT ( 'NONE',  ( 0.4449999999999999512, 1.879999999999999893, 0.000000000000000000 ) ) ;
#3777 = CARTESIAN_POINT ( 'NONE',  ( -2.465000000000000302, -0.4550000000000000155, 0.000000000000000000 ) ) ;
#3778 = DIRECTION ( 'NONE',  ( -0.4999999999999998890, 0.8660254037844387076, 0.000000000000000000 ) ) ;
#3779 = CARTESIAN_POINT ( 'NONE',  ( -2.945000000000000284, 0.7649999999999999023, 0.000000000000000000 ) ) ;
#3780 = DIRECTION ( 'NONE',  ( 0.000000000000000000, 0.000000000000000000, 1.000000000000000000 ) ) ;
#3781 = COLOUR_RGB ( '',0.2862745098039215508, 0.2862745098039215508, 0.2862745098039215508 ) ;
#3782 = ORIENTED_EDGE ( 'NONE', *, *, #6394, .F. ) ;
#3783 = VECTOR ( 'NONE', #1210, 1000.000000000000000 ) ;
#3784 = EDGE_LOOP ( 'NONE', ( #5854, #1766, #1076, #4888 ) ) ;
#3785 = ORIENTED_EDGE ( 'NONE', *, *, #2296, .T. ) ;
#3786 = LINE ( 'NONE', #2819, #3783 ) ;
#3787 = CARTESIAN_POINT ( 'NONE',  ( -2.465000000000000302, 0.8149999999999999467, 0.3300000000000000155 ) ) ;
#3788 = LINE ( 'NONE', #4938, #1215 ) ;
#3789 = DIRECTION ( 'NONE',  ( 0.000000000000000000, 1.000000000000000000, 0.000000000000000000 ) ) ;
#3790 = SURFACE_STYLE_USAGE ( .BOTH. , #2681 ) ;
#3791 = EDGE_CURVE ( 'NONE', #387, #1370, #5870, .T. ) ;
#3792 = DIRECTION ( 'NONE',  ( 1.000000000000000000, 0.000000000000000000, 0.000000000000000000 ) ) ;
#3793 = AXIS2_PLACEMENT_3D ( 'NONE', #5734, #2443, #255 ) ;
#3794 = PLANE ( 'NONE',  #2387 ) ;
#3795 = DIRECTION ( 'NONE',  ( -0.7071067811865475727, 0.7071067811865475727, 0.000000000000000000 ) ) ;
#3796 = ADVANCED_FACE ( 'NONE', ( #1478 ), #1402, .F. ) ;
#3797 = CARTESIAN_POINT ( 'NONE',  ( 1.472500000000000142, 2.449999999999999734, 0.3300000000000050115 ) ) ;
#3798 = PLANE ( 'NONE',  #4519 ) ;
#3799 = EDGE_CURVE ( 'NONE', #3300, #6880, #322, .T. ) ;
#3800 = ADVANCED_FACE ( 'NONE', ( #2618 ), #2008, .F. ) ;
#3801 = ORIENTED_EDGE ( 'NONE', *, *, #2349, .T. ) ;
#3802 = SURFACE_STYLE_FILL_AREA ( #1623 ) ;
#3803 = EDGE_LOOP ( 'NONE', ( #65, #3730, #6917, #3170 ) ) ;
#3804 = FACE_OUTER_BOUND ( 'NONE', #2833, .T. ) ;
#3805 = EDGE_CURVE ( 'NONE', #7009, #2729, #6575, .T. ) ;
#3806 = UNCERTAINTY_MEASURE_WITH_UNIT (LENGTH_MEASURE( 1.000000000000000082E-05 ), #1050, 'distance_accuracy_value', 'NONE');
#3807 = VECTOR ( 'NONE', #549, 1000.000000000000000 ) ;
#3808 = PRODUCT_DEFINITION_SHAPE ( 'NONE', 'NONE',  #6340 ) ;
#3809 = ORIENTED_EDGE ( 'NONE', *, *, #2839, .T. ) ;
#3810 = VERTEX_POINT ( 'NONE', #5943 ) ;
#3811 = CARTESIAN_POINT ( 'NONE',  ( 2.465000000000000302, -0.4550000000000000155, 0.3300000000000000155 ) ) ;
#3812 = STYLED_ITEM ( 'NONE', ( #2896 ), #1620 ) ;
#3813 = CARTESIAN_POINT ( 'NONE',  ( -2.945000000000000284, 0.7649999999999999023, 0.000000000000000000 ) ) ;
#3814 =( NAMED_UNIT ( * ) PLANE_ANGLE_UNIT ( ) SI_UNIT ( $, .RADIAN. ) );
#3815 = CARTESIAN_POINT ( 'NONE',  ( 2.465000000000000302, -1.724999999999999867, 0.000000000000000000 ) ) ;
#3816 = DIRECTION ( 'NONE',  ( 0.000000000000000000, 0.000000000000000000, -1.000000000000000000 ) ) ;
#3817 = VECTOR ( 'NONE', #4104, 1000.000000000000000 ) ;
#3818 = ORIENTED_EDGE ( 'NONE', *, *, #1866, .T. ) ;
#3819 = COLOUR_RGB ( '',0.2862745098039215508, 0.2862745098039215508, 0.2862745098039215508 ) ;
#3820 = EDGE_LOOP ( 'NONE', ( #853, #2675, #6114, #942 ) ) ;
#3821 = ORIENTED_EDGE ( 'NONE', *, *, #5207, .T. ) ;
#3822 = CARTESIAN_POINT ( 'NONE',  ( 2.945000000000000284, -1.224999999999999867, 0.3300000000000000155 ) ) ;
#3823 =( LENGTH_UNIT ( ) NAMED_UNIT ( * ) SI_UNIT ( .MILLI., .METRE. ) );
#3824 = CARTESIAN_POINT ( 'NONE',  ( 2.465000000000000302, 1.675000000000000044, 0.000000000000000000 ) ) ;
#3825 =( GEOMETRIC_REPRESENTATION_CONTEXT ( 3 ) GLOBAL_UNCERTAINTY_ASSIGNED_CONTEXT ( ( #1877 ) ) GLOBAL_UNIT_ASSIGNED_CONTEXT ( ( #4700, #4736, #438 ) ) REPRESENTATION_CONTEXT ( 'NONE', 'WORKASPACE' ) );
#3826 =( NAMED_UNIT ( * ) SI_UNIT ( $, .STERADIAN. ) SOLID_ANGLE_UNIT ( ) );
#3827 = VECTOR ( 'NONE', #5063, 1000.000000000000000 ) ;
#3828 = ORIENTED_EDGE ( 'NONE', *, *, #5392, .F. ) ;
#3829 = CARTESIAN_POINT ( 'NONE',  ( -2.430100225889860521, 1.934733596112490073, 1.119999999999999885 ) ) ;
#3830 = SURFACE_SIDE_STYLE ('',( #1048 ) ) ;
#3831 = CARTESIAN_POINT ( 'NONE',  ( -2.895000000000000018, -0.8649999999999999911, 0.3800000000000000044 ) ) ;
#3832 =( LENGTH_UNIT ( ) NAMED_UNIT ( * ) SI_UNIT ( .MILLI., .METRE. ) );
#3833 = DIRECTION ( 'NONE',  ( 0.000000000000000000, 0.000000000000000000, 1.000000000000000000 ) ) ;
#3834 = PLANE ( 'NONE',  #3373 ) ;
#3835 = EDGE_CURVE ( 'NONE', #2543, #5929, #2792, .T. ) ;
#3836 = COLOUR_RGB ( '',0.2862745098039215508, 0.2862745098039215508, 0.2862745098039215508 ) ;
#3837 = ORIENTED_EDGE ( 'NONE', *, *, #933, .T. ) ;
#3838 = ADVANCED_FACE ( 'NONE', ( #6637 ), #1616, .T. ) ;
#3839 = ORIENTED_EDGE ( 'NONE', *, *, #4419, .T. ) ;
#3840 = DIRECTION ( 'NONE',  ( 0.000000000000000000, 1.000000000000000000, 0.000000000000000000 ) ) ;
#3841 = ADVANCED_FACE ( 'NONE', ( #3255 ), #4373, .T. ) ;
#3842 = CARTESIAN_POINT ( 'NONE',  ( -2.945000000000000284, -1.775000000000000133, 0.3800000000000000044 ) ) ;
#3843 = DIRECTION ( 'NONE',  ( -1.000000000000000000, 4.550094363217860219E-16, 0.000000000000000000 ) ) ;
#3844 = VECTOR ( 'NONE', #6125, 1000.000000000000000 ) ;
#3845 = EDGE_CURVE ( 'NONE', #4456, #4054, #4982, .T. ) ;
#3846 = ORIENTED_EDGE ( 'NONE', *, *, #4024, .F. ) ;
#3847 = ORIENTED_EDGE ( 'NONE', *, *, #4852, .F. ) ;
#3849 = CARTESIAN_POINT ( 'NONE',  ( 0.4450000000000179923, -1.879999999999999893, 0.000000000000000000 ) ) ;
#3848 = STYLED_ITEM ( 'NONE', ( #6369 ), #4369 ) ;
#3850 = CARTESIAN_POINT ( 'NONE',  ( 3.075000000000000178, -0.5050000000000000044, 0.000000000000000000 ) ) ;
#3851 = DIRECTION ( 'NONE',  ( 0.000000000000000000, 0.000000000000000000, 1.000000000000000000 ) ) ;
#3852 = CARTESIAN_POINT ( 'NONE',  ( -2.895000000000000018, -2.135000000000000231, 0.3800000000000000044 ) ) ;
#3853 = VECTOR ( 'NONE', #2509, 1000.000000000000000 ) ;
#3854 = EDGE_LOOP ( 'NONE', ( #73, #309, #6299, #4386 ) ) ;
#3855 = VERTEX_POINT ( 'NONE', #1014 ) ;
#3856 = ORIENTED_EDGE ( 'NONE', *, *, #3404, .T. ) ;
#3857 = PLANE ( 'NONE',  #699 ) ;
#3858 =( NAMED_UNIT ( * ) PLANE_ANGLE_UNIT ( ) SI_UNIT ( $, .RADIAN. ) );
#3859 = SURFACE_SIDE_STYLE ('',( #1005 ) ) ;
#3860 = CARTESIAN_POINT ( 'NONE',  ( -2.895000000000000018, 1.675000000000000044, 0.3800000000000000044 ) ) ;
#3861 = CARTESIAN_POINT ( 'NONE',  ( 2.945000000000000284, -2.449999999999999734, 0.000000000000000000 ) ) ;
#3862 = SURFACE_STYLE_FILL_AREA ( #2756 ) ;
#3863 = VECTOR ( 'NONE', #5413, 999.9999999999998863 ) ;
#3864 = VERTEX_POINT ( 'NONE', #5460 ) ;
#3865 = CARTESIAN_POINT ( 'NONE',  ( 2.465000000000000302, -0.4550000000000000155, 0.3800000000000000044 ) ) ;
#3866 = FILL_AREA_STYLE_COLOUR ( '', #3881 ) ;
#3867 = CARTESIAN_POINT ( 'NONE',  ( 0.9650000000000000799, 1.989999999999999991, 0.000000000000000000 ) ) ;
#3868 = PLANE ( 'NONE',  #1250 ) ;
#3869 = CARTESIAN_POINT ( 'NONE',  ( 2.895000000000000018, 2.084999999999999964, 0.000000000000000000 ) ) ;
#3870 = VECTOR ( 'NONE', #5365, 1000.000000000000000 ) ;
#3871 = LINE ( 'NONE', #543, #3938 ) ;
#3872 = PRODUCT_DEFINITION_SHAPE ( 'NONE', 'NONE',  #1303 ) ;
#3873 = COLOUR_RGB ( '',0.2862745098039215508, 0.2862745098039215508, 0.2862745098039215508 ) ;
#3874 = ORIENTED_EDGE ( 'NONE', *, *, #6250, .F. ) ;
#3875 = DIRECTION ( 'NONE',  ( -0.7071067811865550112, 0.7071067811865400232, 0.000000000000000000 ) ) ;
#3876 = VERTEX_POINT ( 'NONE', #3831 ) ;
#3877 = DIRECTION ( 'NONE',  ( -0.7071067811865475727, 0.7071067811865475727, 0.000000000000000000 ) ) ;
#3878 = FACE_OUTER_BOUND ( 'NONE', #3784, .T. ) ;
#3879 = PLANE ( 'NONE',  #3711 ) ;
#3880 = ADVANCED_FACE ( 'NONE', ( #7068 ), #4446, .T. ) ;
#3881 = COLOUR_RGB ( '',0.2862745098039215508, 0.2862745098039215508, 0.2862745098039215508 ) ;
#3882 = UNCERTAINTY_MEASURE_WITH_UNIT (LENGTH_MEASURE( 1.000000000000000082E-05 ), #2034, 'distance_accuracy_value', 'NONE');
#3883 = EDGE_CURVE ( 'NONE', #1464, #872, #1152, .T. ) ;
#3884 = ORIENTED_EDGE ( 'NONE', *, *, #3835, .F. ) ;
#3885 = ORIENTED_EDGE ( 'NONE', *, *, #5709, .T. ) ;
#3886 = CARTESIAN_POINT ( 'NONE',  ( 2.895000000000000018, -0.8649999999999999911, 0.000000000000000000 ) ) ;
#3887 = SURFACE_STYLE_USAGE ( .BOTH. , #4390 ) ;
#3888 = SURFACE_STYLE_FILL_AREA ( #186 ) ;
#3889 = CARTESIAN_POINT ( 'NONE',  ( 2.465000000000000302, -0.8649999999999999911, 0.000000000000000000 ) ) ;
#3890 = EDGE_CURVE ( 'NONE', #4053, #2098, #4306, .T. ) ;
#3891 = CARTESIAN_POINT ( 'NONE',  ( 2.945000000000000284, -0.8149999999999999467, 0.3300000000000000155 ) ) ;
#3892 = EDGE_CURVE ( 'NONE', #1241, #2148, #540, .T. ) ;
#3893 = EDGE_CURVE ( 'NONE', #2771, #6581, #1578, .T. ) ;
#3894 = ORIENTED_EDGE ( 'NONE', *, *, #1869, .T. ) ;
#3895 = ORIENTED_EDGE ( 'NONE', *, *, #4852, .T. ) ;
#3896 = CARTESIAN_POINT ( 'NONE',  ( -2.465000000000000302, -1.724999999999999867, 0.000000000000000000 ) ) ;
#3897 = DIRECTION ( 'NONE',  ( -0.7071067811865550112, -0.7071067811865400232, 0.000000000000000000 ) ) ;
#3898 =( LENGTH_UNIT ( ) NAMED_UNIT ( * ) SI_UNIT ( .MILLI., .METRE. ) );
#3899 = SURFACE_STYLE_FILL_AREA ( #6122 ) ;
#3900 = ORIENTED_EDGE ( 'NONE', *, *, #6342, .T. ) ;
#3901 = ORIENTED_EDGE ( 'NONE', *, *, #787, .F. ) ;
#3902 = DIRECTION ( 'NONE',  ( 0.000000000000000000, -1.000000000000000000, 0.000000000000000000 ) ) ;
#3903 = SURFACE_STYLE_FILL_AREA ( #3433 ) ;
#3904 =( LENGTH_UNIT ( ) NAMED_UNIT ( * ) SI_UNIT ( .MILLI., .METRE. ) );
#3905 = DIRECTION ( 'NONE',  ( 0.000000000000000000, 0.000000000000000000, 1.000000000000000000 ) ) ;
#3906 = CARTESIAN_POINT ( 'NONE',  ( -2.945000000000000284, 0.4550000000000000155, 0.000000000000000000 ) ) ;
#3907 = CARTESIAN_POINT ( 'NONE',  ( -3.075000000000000178, -2.084999999999999964, 0.000000000000000000 ) ) ;
#3908 = VERTEX_POINT ( 'NONE', #3187 ) ;
#3909 = CARTESIAN_POINT ( 'NONE',  ( -1.195000000000000062, 0.9949999999999999956, 0.000000000000000000 ) ) ;
#3910 = ORIENTED_EDGE ( 'NONE', *, *, #5081, .F. ) ;
#3911 = CARTESIAN_POINT ( 'NONE',  ( 2.895000000000000018, 2.084999999999999964, 0.000000000000000000 ) ) ;
#3912 = EDGE_LOOP ( 'NONE', ( #3274, #1234, #6871, #4789 ) ) ;
#3913 = DIRECTION ( 'NONE',  ( 0.000000000000000000, 0.000000000000000000, -1.000000000000000000 ) ) ;
#3914 = VERTEX_POINT ( 'NONE', #4911 ) ;
#3915 = ORIENTED_EDGE ( 'NONE', *, *, #6779, .T. ) ;
#3916 = DIRECTION ( 'NONE',  ( 0.000000000000000000, 0.000000000000000000, -1.000000000000000000 ) ) ;
#3917 = VERTEX_POINT ( 'NONE', #1115 ) ;
#3918 = DIRECTION ( 'NONE',  ( 0.000000000000000000, 0.000000000000000000, -1.000000000000000000 ) ) ;
#3919 = DIRECTION ( 'NONE',  ( 1.000000000000000000, 0.000000000000000000, 0.000000000000000000 ) ) ;
#3920 = COLOUR_RGB ( '',0.2862745098039215508, 0.2862745098039215508, 0.2862745098039215508 ) ;
#3921 = CARTESIAN_POINT ( 'NONE',  ( 0.4449999999999999512, 1.879999999999999893, 0.000000000000000000 ) ) ;
#3922 = LINE ( 'NONE', #3891, #2683 ) ;
#3923 = ADVANCED_FACE ( 'NONE', ( #5536 ), #2760, .F. ) ;
#3924 = ORIENTED_EDGE ( 'NONE', *, *, #5162, .T. ) ;
#3925 = VERTEX_POINT ( 'NONE', #2215 ) ;
#3926 = LINE ( 'NONE', #4936, #4701 ) ;
#3927 = EDGE_CURVE ( 'NONE', #6982, #2709, #4406, .T. ) ;
#3928 = CARTESIAN_POINT ( 'NONE',  ( -2.465000000000000302, 2.084999999999999964, 0.000000000000000000 ) ) ;
#3929 = FACE_OUTER_BOUND ( 'NONE', #4491, .T. ) ;
#3930 = EDGE_CURVE ( 'NONE', #6581, #4123, #56, .T. ) ;
#3931 =( NAMED_UNIT ( * ) SI_UNIT ( $, .STERADIAN. ) SOLID_ANGLE_UNIT ( ) );
#3932 = CARTESIAN_POINT ( 'NONE',  ( 2.895000000000000018, -2.135000000000000231, 0.000000000000000000 ) ) ;
#3933 = VECTOR ( 'NONE', #3722, 1000.000000000000000 ) ;
#3934 =( GEOMETRIC_REPRESENTATION_CONTEXT ( 3 ) GLOBAL_UNCERTAINTY_ASSIGNED_CONTEXT ( ( #3036 ) ) GLOBAL_UNIT_ASSIGNED_CONTEXT ( ( #2054, #1948, #2552 ) ) REPRESENTATION_CONTEXT ( 'NONE', 'WORKASPACE' ) );
#3935 = EDGE_CURVE ( 'NONE', #5626, #3925, #2686, .T. ) ;
#3936 = ORIENTED_EDGE ( 'NONE', *, *, #873, .T. ) ;
#3937 = VECTOR ( 'NONE', #5996, 1000.000000000000000 ) ;
#3938 = VECTOR ( 'NONE', #2724, 1000.000000000000000 ) ;
#3939 = DIRECTION ( 'NONE',  ( 0.000000000000000000, -1.000000000000000000, 0.000000000000000000 ) ) ;
#3940 = SURFACE_SIDE_STYLE ('',( #4521 ) ) ;
#3941 = FILL_AREA_STYLE ('',( #3435 ) ) ;
#3942 = FILL_AREA_STYLE_COLOUR ( '', #5234 ) ;
#3943 = LINE ( 'NONE', #6205, #3827 ) ;
#3944 = DIRECTION ( 'NONE',  ( 0.000000000000000000, -1.000000000000000000, 0.000000000000000000 ) ) ;
#3945 = EDGE_LOOP ( 'NONE', ( #4799, #3208, #1985, #4993 ) ) ;
#3946 = VERTEX_POINT ( 'NONE', #5059 ) ;
#3947 = SURFACE_SIDE_STYLE ('',( #5680 ) ) ;
#3948 = VECTOR ( 'NONE', #5330, 1000.000000000000000 ) ;
#3949 = PRESENTATION_LAYER_ASSIGNMENT (  '', '', ( #3599 ) ) ;
#3950 = FILL_AREA_STYLE_COLOUR ( '', #3920 ) ;
#3951 = DIRECTION ( 'NONE',  ( -1.516698121072619908E-16, 1.000000000000000000, 0.000000000000000000 ) ) ;
#3952 = CARTESIAN_POINT ( 'NONE',  ( 0.9650000000000000799, 2.189999999999999947, 0.000000000000000000 ) ) ;
#3953 = UNCERTAINTY_MEASURE_WITH_UNIT (LENGTH_MEASURE( 1.000000000000000082E-05 ), #3634, 'distance_accuracy_value', 'NONE');
#3954 = ORIENTED_EDGE ( 'NONE', *, *, #4282, .F. ) ;
#3955 = ORIENTED_EDGE ( 'NONE', *, *, #3892, .T. ) ;
#3956 = DIRECTION ( 'NONE',  ( 0.000000000000000000, 0.000000000000000000, 1.000000000000000000 ) ) ;
#3957 = CARTESIAN_POINT ( 'NONE',  ( -0.9650000000000000799, 1.094999999999999973, 0.000000000000000000 ) ) ;
#3958 = COLOUR_RGB ( '',0.2862745098039215508, 0.2862745098039215508, 0.2862745098039215508 ) ;
#3959 = CARTESIAN_POINT ( 'NONE',  ( -2.465000000000000302, 0.4049999999999999711, 0.000000000000000000 ) ) ;
#3960 =( LENGTH_UNIT ( ) NAMED_UNIT ( * ) SI_UNIT ( .MILLI., .METRE. ) );
#3961 = VERTEX_POINT ( 'NONE', #1788 ) ;
#3962 = ORIENTED_EDGE ( 'NONE', *, *, #3623, .F. ) ;
#3963 = DIRECTION ( 'NONE',  ( -1.132880637372609972E-16, 1.000000000000000000, -1.077863926709489990E-15 ) ) ;
#3964 = LINE ( 'NONE', #6154, #1580 ) ;
#3965 = SURFACE_SIDE_STYLE ('',( #4666 ) ) ;
#3966 = DIRECTION ( 'NONE',  ( 1.000000000000000000, 0.000000000000000000, 0.000000000000000000 ) ) ;
#3967 = DIRECTION ( 'NONE',  ( 0.000000000000000000, 0.000000000000000000, 1.000000000000000000 ) ) ;
#3968 = CARTESIAN_POINT ( 'NONE',  ( 2.465000000000000302, 0.8149999999999999467, 0.000000000000000000 ) ) ;
#3969 = VECTOR ( 'NONE', #1256, 1000.000000000000000 ) ;
#3970 = EDGE_CURVE ( 'NONE', #3512, #884, #6200, .T. ) ;
#3971 = EDGE_CURVE ( 'NONE', #1743, #3693, #2828, .T. ) ;
#3972 = EDGE_LOOP ( 'NONE', ( #3411, #6076, #5875, #4116 ) ) ;
#3973 = VECTOR ( 'NONE', #4049, 999.9999999999998863 ) ;
#3974 = DIRECTION ( 'NONE',  ( -1.000000000000000000, 0.000000000000000000, 0.000000000000000000 ) ) ;
#3975 = CARTESIAN_POINT ( 'NONE',  ( -2.465000000000000302, 0.4049999999999999711, 0.000000000000000000 ) ) ;
#3976 =( NAMED_UNIT ( * ) SI_UNIT ( $, .STERADIAN. ) SOLID_ANGLE_UNIT ( ) );
#3977 = DIRECTION ( 'NONE',  ( -1.000000000000000000, 0.000000000000000000, 0.000000000000000000 ) ) ;
#3978 = CARTESIAN_POINT ( 'NONE',  ( 2.895000000000000018, 2.084999999999999964, 0.000000000000000000 ) ) ;
#3979 = EDGE_CURVE ( 'NONE', #6481, #7042, #1752, .T. ) ;
#3980 = PRESENTATION_LAYER_ASSIGNMENT (  '', '', ( #5954 ) ) ;
#3981 = ADVANCED_FACE ( 'NONE', ( #2428 ), #94, .F. ) ;
#3982 = EDGE_LOOP ( 'NONE', ( #4991, #409, #2949, #1192 ) ) ;
#3983 = DIRECTION ( 'NONE',  ( 0.000000000000000000, 0.000000000000000000, 1.000000000000000000 ) ) ;
#3984 =( GEOMETRIC_REPRESENTATION_CONTEXT ( 3 ) GLOBAL_UNCERTAINTY_ASSIGNED_CONTEXT ( ( #515 ) ) GLOBAL_UNIT_ASSIGNED_CONTEXT ( ( #2711, #3211, #6038 ) ) REPRESENTATION_CONTEXT ( 'NONE', 'WORKASPACE' ) );
#3985 = VECTOR ( 'NONE', #812, 1000.000000000000000 ) ;
#3986 =( LENGTH_UNIT ( ) NAMED_UNIT ( * ) SI_UNIT ( .MILLI., .METRE. ) );
#3987 = CARTESIAN_POINT ( 'NONE',  ( 2.945000000000000284, 0.4550000000000000155, 0.000000000000000000 ) ) ;
#3988 = VECTOR ( 'NONE', #1383, 999.9999999999998863 ) ;
#3989 = VERTEX_POINT ( 'NONE', #168 ) ;
#3990 = ORIENTED_EDGE ( 'NONE', *, *, #2531, .T. ) ;
#3991 = CARTESIAN_POINT ( 'NONE',  ( -2.465000000000000302, -2.135000000000000231, 0.000000000000000000 ) ) ;
#3992 =( NAMED_UNIT ( * ) SI_UNIT ( $, .STERADIAN. ) SOLID_ANGLE_UNIT ( ) );
#3993 = VECTOR ( 'NONE', #6201, 1000.000000000000000 ) ;
#3994 = VECTOR ( 'NONE', #539, 1000.000000000000000 ) ;
#3995 = LINE ( 'NONE', #2373, #5906 ) ;
#3996 = FILL_AREA_STYLE_COLOUR ( '', #786 ) ;
#3997 = SURFACE_STYLE_FILL_AREA ( #2989 ) ;
#3998 = VERTEX_POINT ( 'NONE', #1186 ) ;
#3999 = ORIENTED_EDGE ( 'NONE', *, *, #3311, .F. ) ;
#4000 = CARTESIAN_POINT ( 'NONE',  ( 0.000000000000000000, -2.449999999999999734, 0.3300000000000000155 ) ) ;
#4001 =( LENGTH_UNIT ( ) NAMED_UNIT ( * ) SI_UNIT ( .MILLI., .METRE. ) );
#4002 = PLANE ( 'NONE',  #1693 ) ;
#4003 = CARTESIAN_POINT ( 'NONE',  ( 3.075000000000000178, -2.084999999999999964, 0.3800000000000000044 ) ) ;
#4004 = SURFACE_SIDE_STYLE ('',( #5705 ) ) ;
#4005 = CARTESIAN_POINT ( 'NONE',  ( 2.895000000000000018, 1.675000000000000044, 0.000000000000000000 ) ) ;
#4006 = VECTOR ( 'NONE', #1759, 1000.000000000000000 ) ;
#4007 = MECHANICAL_DESIGN_GEOMETRIC_PRESENTATION_REPRESENTATION (  '', ( #4128 ), #5163 ) ;
#4008 = EDGE_LOOP ( 'NONE', ( #2178, #2584, #3018, #6305 ) ) ;
#4009 = EDGE_CURVE ( 'NONE', #4856, #3532, #5165, .T. ) ;
#4010 = CARTESIAN_POINT ( 'NONE',  ( -2.945000000000000284, -2.084999999999999964, 0.000000000000000000 ) ) ;
#4011 = SURFACE_STYLE_FILL_AREA ( #1220 ) ;
#4012 = SURFACE_SIDE_STYLE ('',( #1818 ) ) ;
#4013 = FILL_AREA_STYLE ('',( #3942 ) ) ;
#4014 = CARTESIAN_POINT ( 'NONE',  ( 0.4449999999999999512, 2.189999999999999947, 0.3800000000000000044 ) ) ;
#4015 = CARTESIAN_POINT ( 'NONE',  ( 3.075000000000000178, 1.675000000000000044, 0.3300000000000000155 ) ) ;
#4016 = AXIS2_PLACEMENT_3D ( 'NONE', #4899, #1069, #532 ) ;
#4017 = ORIENTED_EDGE ( 'NONE', *, *, #6865, .F. ) ;
#4018 = ORIENTED_EDGE ( 'NONE', *, *, #394, .T. ) ;
#4019 = ADVANCED_FACE ( 'NONE', ( #753 ), #1852, .F. ) ;
#4020 = CARTESIAN_POINT ( 'NONE',  ( -2.895000000000000018, 1.675000000000000044, 0.000000000000000000 ) ) ;
#4021 = VECTOR ( 'NONE', #3093, 1000.000000000000000 ) ;
#4022 = CARTESIAN_POINT ( 'NONE',  ( -2.945000000000000284, 1.724999999999999867, 0.000000000000000000 ) ) ;
#4023 = FACE_OUTER_BOUND ( 'NONE', #3571, .T. ) ;
#4024 = EDGE_CURVE ( 'NONE', #5183, #1378, #712, .T. ) ;
#4025 = LINE ( 'NONE', #5071, #4402 ) ;
#4026 = EDGE_CURVE ( 'NONE', #6065, #4142, #3146, .T. ) ;
#4027 = UNCERTAINTY_MEASURE_WITH_UNIT (LENGTH_MEASURE( 1.000000000000000082E-05 ), #1365, 'distance_accuracy_value', 'NONE');
#4028 = ADVANCED_FACE ( 'NONE', ( #391, #6960 ), #1467, .T. ) ;
#4029 = VERTEX_POINT ( 'NONE', #5754 ) ;
#4030 = ORIENTED_EDGE ( 'NONE', *, *, #4816, .F. ) ;
#4031 = CARTESIAN_POINT ( 'NONE',  ( 0.000000000000000000, -2.893885316736099471E-16, 0.000000000000000000 ) ) ;
#4032 = SURFACE_SIDE_STYLE ('',( #2885 ) ) ;
#4033 = LINE ( 'NONE', #3061, #6320 ) ;
#4034 = LINE ( 'NONE', #5186, #5092 ) ;
#4035 = CARTESIAN_POINT ( 'NONE',  ( 2.945000000000000284, 0.7649999999999999023, 0.000000000000000000 ) ) ;
#4036 = DIRECTION ( 'NONE',  ( 0.000000000000000000, 1.000000000000000000, 0.000000000000000000 ) ) ;
#4037 = ORIENTED_EDGE ( 'NONE', *, *, #115, .F. ) ;
#4038 = ORIENTED_EDGE ( 'NONE', *, *, #3145, .T. ) ;
#4039 = SURFACE_STYLE_FILL_AREA ( #1846 ) ;
#4040 = LINE ( 'NONE', #6341, #1536 ) ;
#4041 = DIRECTION ( 'NONE',  ( 1.000000000000000000, 0.000000000000000000, 0.000000000000000000 ) ) ;
#4042 =( NAMED_UNIT ( * ) PLANE_ANGLE_UNIT ( ) SI_UNIT ( $, .RADIAN. ) );
#4043 = PRESENTATION_LAYER_ASSIGNMENT (  '', '', ( #5321 ) ) ;
#4044 = ORIENTED_EDGE ( 'NONE', *, *, #560, .F. ) ;
#4045 =( NAMED_UNIT ( * ) PLANE_ANGLE_UNIT ( ) SI_UNIT ( $, .RADIAN. ) );
#4046 = LINE ( 'NONE', #1324, #1480 ) ;
#4047 = CARTESIAN_POINT ( 'NONE',  ( 0.5799999999999999600, -2.575000000000000178, 0.000000000000000000 ) ) ;
#4048 = VECTOR ( 'NONE', #4717, 1000.000000000000000 ) ;
#4049 = DIRECTION ( 'NONE',  ( -0.7071067811865441310, 0.7071067811865510144, 0.000000000000000000 ) ) ;
#4050 = DIRECTION ( 'NONE',  ( 0.000000000000000000, 0.000000000000000000, -1.000000000000000000 ) ) ;
#4051 = AXIS2_PLACEMENT_3D ( 'NONE', #2889, #6877, #1910 ) ;
#4052 = AXIS2_PLACEMENT_3D ( 'NONE', #2445, #3524, #147 ) ;
#4053 = VERTEX_POINT ( 'NONE', #4152 ) ;
#4054 = VERTEX_POINT ( 'NONE', #4802 ) ;
#4055 = PRESENTATION_STYLE_ASSIGNMENT (( #4560 ) ) ;
#4056 = DIRECTION ( 'NONE',  ( 0.000000000000000000, 0.000000000000000000, 1.000000000000000000 ) ) ;
#4057 = ORIENTED_EDGE ( 'NONE', *, *, #5750, .T. ) ;
#4058 = CARTESIAN_POINT ( 'NONE',  ( -0.5975000000000000311, -1.989999999999999991, 0.000000000000000000 ) ) ;
#4059 =( GEOMETRIC_REPRESENTATION_CONTEXT ( 3 ) GLOBAL_UNCERTAINTY_ASSIGNED_CONTEXT ( ( #5273 ) ) GLOBAL_UNIT_ASSIGNED_CONTEXT ( ( #1660, #5992, #5510 ) ) REPRESENTATION_CONTEXT ( 'NONE', 'WORKASPACE' ) );
#4060 = ADVANCED_FACE ( 'NONE', ( #3039 ), #3650, .T. ) ;
#4061 = EDGE_CURVE ( 'NONE', #3582, #1613, #2573, .T. ) ;
#4062 = VECTOR ( 'NONE', #4914, 1000.000000000000000 ) ;
#4063 = ORIENTED_EDGE ( 'NONE', *, *, #3930, .F. ) ;
#4064 = ORIENTED_EDGE ( 'NONE', *, *, #2890, .F. ) ;
#4065 = CARTESIAN_POINT ( 'NONE',  ( 2.895000000000000018, 2.084999999999999964, 0.3300000000000000155 ) ) ;
#4066 = VERTEX_POINT ( 'NONE', #4763 ) ;
#4067 = VERTEX_POINT ( 'NONE', #4081 ) ;
#4068 = PLANE ( 'NONE',  #5851 ) ;
#4069 = DIRECTION ( 'NONE',  ( -1.000000000000000000, 0.000000000000000000, 0.000000000000000000 ) ) ;
#4070 = LINE ( 'NONE', #1312, #6268 ) ;
#4071 = VECTOR ( 'NONE', #1586, 1000.000000000000000 ) ;
#4072 = EDGE_CURVE ( 'NONE', #375, #676, #6994, .T. ) ;
#4073 = ORIENTED_EDGE ( 'NONE', *, *, #4813, .F. ) ;
#4074 = ORIENTED_EDGE ( 'NONE', *, *, #1573, .F. ) ;
#4075 = DIRECTION ( 'NONE',  ( 0.7071067811865570096, -0.7071067811865380248, 0.000000000000000000 ) ) ;
#4076 = DIRECTION ( 'NONE',  ( -1.000000000000000000, 0.000000000000000000, 0.000000000000000000 ) ) ;
#4077 = CARTESIAN_POINT ( 'NONE',  ( -1.041281245747259776, -0.01435439709616219937, 0.3800000000000000044 ) ) ;
#4078 = ORIENTED_EDGE ( 'NONE', *, *, #3148, .T. ) ;
#4079 = LINE ( 'NONE', #1362, #2636 ) ;
#4080 = CARTESIAN_POINT ( 'NONE',  ( 3.075000000000000178, 0.7649999999999999023, 0.000000000000000000 ) ) ;
#4081 = CARTESIAN_POINT ( 'NONE',  ( -2.895000000000000018, 0.8149999999999999467, 0.3300000000000000155 ) ) ;
#4082 = AXIS2_PLACEMENT_3D ( 'NONE', #1061, #2230, #550 ) ;
#4083 = CARTESIAN_POINT ( 'NONE',  ( -0.4449999999999999512, 1.989999999999999991, 0.3300000000000000155 ) ) ;
#4084 = SURFACE_STYLE_USAGE ( .BOTH. , #2938 ) ;
#4085 = VECTOR ( 'NONE', #4985, 1000.000000000000000 ) ;
#4086 = ORIENTED_EDGE ( 'NONE', *, *, #3315, .F. ) ;
#4087 = DIRECTION ( 'NONE',  ( 0.7071067811865380248, -0.7071067811865570096, 0.000000000000000000 ) ) ;
#4088 = ORIENTED_EDGE ( 'NONE', *, *, #1684, .F. ) ;
#4089 = PLANE ( 'NONE',  #6853 ) ;
#4090 = UNCERTAINTY_MEASURE_WITH_UNIT (LENGTH_MEASURE( 1.000000000000000082E-05 ), #3904, 'distance_accuracy_value', 'NONE');
#4091 = VECTOR ( 'NONE', #352, 1000.000000000000000 ) ;
#4092 = VECTOR ( 'NONE', #1035, 1000.000000000000000 ) ;
#4093 = ORIENTED_EDGE ( 'NONE', *, *, #3791, .F. ) ;
#4094 = ORIENTED_EDGE ( 'NONE', *, *, #973, .F. ) ;
#4095 =( NAMED_UNIT ( * ) SI_UNIT ( $, .STERADIAN. ) SOLID_ANGLE_UNIT ( ) );
#4096 = ORIENTED_EDGE ( 'NONE', *, *, #559, .T. ) ;
#4097 = ORIENTED_EDGE ( 'NONE', *, *, #3672, .T. ) ;
#4098 =( LENGTH_UNIT ( ) NAMED_UNIT ( * ) SI_UNIT ( .MILLI., .METRE. ) );
#4099 = EDGE_CURVE ( 'NONE', #6286, #1173, #1364, .T. ) ;
#4100 =( NAMED_UNIT ( * ) SI_UNIT ( $, .STERADIAN. ) SOLID_ANGLE_UNIT ( ) );
#4101 = CARTESIAN_POINT ( 'NONE',  ( 2.895000000000000018, -0.4550000000000000155, 0.000000000000000000 ) ) ;
#4102 = DIRECTION ( 'NONE',  ( -0.7071067811865475727, 0.7071067811865475727, 0.000000000000000000 ) ) ;
#4103 = COLOUR_RGB ( '',0.2862745098039215508, 0.2862745098039215508, 0.2862745098039215508 ) ;
#4104 = DIRECTION ( 'NONE',  ( 0.000000000000000000, 0.000000000000000000, 1.000000000000000000 ) ) ;
#4105 = VECTOR ( 'NONE', #609, 1000.000000000000000 ) ;
#4106 = ORIENTED_EDGE ( 'NONE', *, *, #6645, .T. ) ;
#4107 = VERTEX_POINT ( 'NONE', #4119 ) ;
#4108 =( NAMED_UNIT ( * ) SI_UNIT ( $, .STERADIAN. ) SOLID_ANGLE_UNIT ( ) );
#4109 = PLANE ( 'NONE',  #2064 ) ;
#4110 = EDGE_CURVE ( 'NONE', #3989, #28, #6350, .T. ) ;
#4111 =( NAMED_UNIT ( * ) SI_UNIT ( $, .STERADIAN. ) SOLID_ANGLE_UNIT ( ) );
#4112 = DIRECTION ( 'NONE',  ( -0.7071067811865510144, 0.7071067811865441310, 0.000000000000000000 ) ) ;
#4113 = DIRECTION ( 'NONE',  ( 0.000000000000000000, 0.000000000000000000, -1.000000000000000000 ) ) ;
#4114 = EDGE_CURVE ( 'NONE', #4731, #6036, #3000, .T. ) ;
#4115 = EDGE_CURVE ( 'NONE', #4760, #3431, #1507, .T. ) ;
#4116 = ORIENTED_EDGE ( 'NONE', *, *, #3003, .F. ) ;
#4117 = PRESENTATION_STYLE_ASSIGNMENT (( #5712 ) ) ;
#4118 = DIRECTION ( 'NONE',  ( 0.000000000000000000, 0.000000000000000000, 1.000000000000000000 ) ) ;
#4119 = CARTESIAN_POINT ( 'NONE',  ( -1.195000000000000062, 1.989999999999999991, 0.3300000000000000155 ) ) ;
#4120 = DIRECTION ( 'NONE',  ( 0.000000000000000000, 0.000000000000000000, 1.000000000000000000 ) ) ;
#4121 = SURFACE_STYLE_USAGE ( .BOTH. , #1927 ) ;
#4122 = COLOUR_RGB ( '',0.2862745098039215508, 0.2862745098039215508, 0.2862745098039215508 ) ;
#4123 = VERTEX_POINT ( 'NONE', #1429 ) ;
#4124 = FILL_AREA_STYLE_COLOUR ( '', #2511 ) ;
#4125 = SURFACE_SIDE_STYLE ('',( #2580 ) ) ;
#4126 = ORIENTED_EDGE ( 'NONE', *, *, #1084, .T. ) ;
#4128 = STYLED_ITEM ( 'NONE', ( #4265 ), #228 ) ;
#4127 = LINE ( 'NONE', #878, #2360 ) ;
#4129 = CARTESIAN_POINT ( 'NONE',  ( 2.465000000000000302, 0.4049999999999999711, 0.000000000000000000 ) ) ;
#4130 = COLOUR_RGB ( '',0.2862745098039215508, 0.2862745098039215508, 0.2862745098039215508 ) ;
#4131 = ORIENTED_EDGE ( 'NONE', *, *, #5659, .F. ) ;
#4132 = ORIENTED_EDGE ( 'NONE', *, *, #3148, .F. ) ;
#4133 = DIRECTION ( 'NONE',  ( 0.7071067811865474617, 0.7071067811865474617, 0.000000000000000000 ) ) ;
#4134 = ORIENTED_EDGE ( 'NONE', *, *, #3097, .F. ) ;
#4135 = ORIENTED_EDGE ( 'NONE', *, *, #2004, .F. ) ;
#4136 = PLANE ( 'NONE',  #3505 ) ;
#4137 = DIRECTION ( 'NONE',  ( 1.000000000000000000, 1.907599698668639923E-16, 0.000000000000000000 ) ) ;
#4138 = AXIS2_PLACEMENT_3D ( 'NONE', #1488, #6367, #5295 ) ;
#4139 = ORIENTED_EDGE ( 'NONE', *, *, #1571, .T. ) ;
#4140 = ORIENTED_EDGE ( 'NONE', *, *, #2785, .T. ) ;
#4141 = CARTESIAN_POINT ( 'NONE',  ( 2.895000000000000018, 1.675000000000000044, 0.000000000000000000 ) ) ;
#4142 = VERTEX_POINT ( 'NONE', #4687 ) ;
#4143 = DIRECTION ( 'NONE',  ( 0.000000000000000000, 0.000000000000000000, 1.000000000000000000 ) ) ;
#4144 = CARTESIAN_POINT ( 'NONE',  ( 2.465000000000000302, 2.084999999999999964, 0.000000000000000000 ) ) ;
#4145 = DIRECTION ( 'NONE',  ( 0.000000000000000000, 0.000000000000000000, -1.000000000000000000 ) ) ;
#4146 = EDGE_CURVE ( 'NONE', #3395, #1484, #5790, .T. ) ;
#4147 = ORIENTED_EDGE ( 'NONE', *, *, #476, .T. ) ;
#4148 = EDGE_CURVE ( 'NONE', #648, #3318, #865, .T. ) ;
#4149 = EDGE_CURVE ( 'NONE', #6886, #3450, #5491, .T. ) ;
#4150 = DIRECTION ( 'NONE',  ( -1.000000000000000000, -9.424643672539529398E-17, -8.966949475172358999E-16 ) ) ;
#4151 = LINE ( 'NONE', #3542, #2273 ) ;
#4152 = CARTESIAN_POINT ( 'NONE',  ( -3.075000000000000178, 0.7649999999999999023, 0.3800000000000000044 ) ) ;
#4153 = PLANE ( 'NONE',  #606 ) ;
#4154 = CARTESIAN_POINT ( 'NONE',  ( 2.861967654140120221, 0.000000000000000000, 1.119999999999999885 ) ) ;
#4155 = DIRECTION ( 'NONE',  ( 0.000000000000000000, 0.000000000000000000, 1.000000000000000000 ) ) ;
#4156 = VECTOR ( 'NONE', #3176, 1000.000000000000000 ) ;
#4157 = EDGE_CURVE ( 'NONE', #2486, #3494, #4868, .T. ) ;
#4158 = ORIENTED_EDGE ( 'NONE', *, *, #3625, .T. ) ;
#4159 = COLOUR_RGB ( '',0.2862745098039215508, 0.2862745098039215508, 0.2862745098039215508 ) ;
#4160 = LINE ( 'NONE', #3511, #6922 ) ;
#4161 = DIRECTION ( 'NONE',  ( -0.8660254037844390407, -0.4999999999999995004, 0.000000000000000000 ) ) ;
#4162 = ORIENTED_EDGE ( 'NONE', *, *, #4507, .F. ) ;
#4163 = DIRECTION ( 'NONE',  ( 0.000000000000000000, 0.000000000000000000, 1.000000000000000000 ) ) ;
#4164 = AXIS2_PLACEMENT_3D ( 'NONE', #2850, #3851, #5518 ) ;
#4165 = APPLICATION_CONTEXT ( 'automotive_design' ) ;
#4166 = VERTEX_POINT ( 'NONE', #4835 ) ;
#4167 = ORIENTED_EDGE ( 'NONE', *, *, #5845, .F. ) ;
#4168 = DIRECTION ( 'NONE',  ( 0.7071067811865550112, -0.7071067811865400232, 0.000000000000000000 ) ) ;
#4169 = COLOUR_RGB ( '',0.2862745098039215508, 0.2862745098039215508, 0.2862745098039215508 ) ;
#4170 = VERTEX_POINT ( 'NONE', #6006 ) ;
#4171 = DIRECTION ( 'NONE',  ( 0.000000000000000000, 1.000000000000000000, 0.000000000000000000 ) ) ;
#4172 = DIRECTION ( 'NONE',  ( 0.000000000000000000, 0.000000000000000000, 1.000000000000000000 ) ) ;
#4173 = LINE ( 'NONE', #6913, #5436 ) ;
#4174 =( NAMED_UNIT ( * ) PLANE_ANGLE_UNIT ( ) SI_UNIT ( $, .RADIAN. ) );
#4175 = VECTOR ( 'NONE', #97, 1000.000000000000000 ) ;
#4176 = EDGE_LOOP ( 'NONE', ( #944, #5505, #5581, #5928 ) ) ;
#4177 = ORIENTED_EDGE ( 'NONE', *, *, #833, .F. ) ;
#4178 = DIRECTION ( 'NONE',  ( 0.000000000000000000, 0.000000000000000000, 1.000000000000000000 ) ) ;
#4179 = CARTESIAN_POINT ( 'NONE',  ( 2.465000000000000302, -2.135000000000000231, 0.000000000000000000 ) ) ;
#4180 = FACE_OUTER_BOUND ( 'NONE', #1744, .T. ) ;
#4181 =( GEOMETRIC_REPRESENTATION_CONTEXT ( 3 ) GLOBAL_UNCERTAINTY_ASSIGNED_CONTEXT ( ( #3265 ) ) GLOBAL_UNIT_ASSIGNED_CONTEXT ( ( #807, #4631, #843 ) ) REPRESENTATION_CONTEXT ( 'NONE', 'WORKASPACE' ) );
#4182 = FILL_AREA_STYLE_COLOUR ( '', #969 ) ;
#4183 = CARTESIAN_POINT ( 'NONE',  ( -2.895000000000000018, -0.4550000000000000155, 0.000000000000000000 ) ) ;
#4184 = EDGE_LOOP ( 'NONE', ( #2131, #2522, #5448, #5347 ) ) ;
#4185 = STYLED_ITEM ( 'NONE', ( #1515 ), #3800 ) ;
#4186 = LINE ( 'NONE', #3110, #5973 ) ;
#4187 = DIRECTION ( 'NONE',  ( 0.000000000000000000, 0.000000000000000000, 1.000000000000000000 ) ) ;
#4188 = FACE_OUTER_BOUND ( 'NONE', #192, .T. ) ;
#4189 = FACE_OUTER_BOUND ( 'NONE', #1867, .T. ) ;
#4190 = EDGE_CURVE ( 'NONE', #6591, #1, #5418, .T. ) ;
#4191 = DIRECTION ( 'NONE',  ( 0.000000000000000000, 1.000000000000000000, 0.000000000000000000 ) ) ;
#4192 = STYLED_ITEM ( 'NONE', ( #4486 ), #4019 ) ;
#4193 = SURFACE_SIDE_STYLE ('',( #357 ) ) ;
#4194 = EDGE_CURVE ( 'NONE', #6859, #6837, #6500, .T. ) ;
#4195 = MECHANICAL_DESIGN_GEOMETRIC_PRESENTATION_REPRESENTATION (  '', ( #535 ), #2588 ) ;
#4196 = ORIENTED_EDGE ( 'NONE', *, *, #3222, .F. ) ;
#4197 =( NAMED_UNIT ( * ) PLANE_ANGLE_UNIT ( ) SI_UNIT ( $, .RADIAN. ) );
#4198 = EDGE_CURVE ( 'NONE', #4497, #6133, #2103, .T. ) ;
#4199 = LINE ( 'NONE', #6436, #1112 ) ;
#4200 = EDGE_CURVE ( 'NONE', #6269, #4053, #1042, .T. ) ;
#4201 = STYLED_ITEM ( 'NONE', ( #2979 ), #4622 ) ;
#4202 = EDGE_CURVE ( 'NONE', #422, #1030, #3753, .T. ) ;
#4203 = VERTEX_POINT ( 'NONE', #4333 ) ;
#4205 = CARTESIAN_POINT ( 'NONE',  ( 2.465000000000000302, -0.4550000000000000155, 0.000000000000000000 ) ) ;
#4204 = STYLED_ITEM ( 'NONE', ( #5456 ), #5124 ) ;
#4206 = ORIENTED_EDGE ( 'NONE', *, *, #2932, .T. ) ;
#4207 = SURFACE_SIDE_STYLE ('',( #5991 ) ) ;
#4208 = CARTESIAN_POINT ( 'NONE',  ( 2.945000000000000284, 0.4550000000000000155, 0.000000000000000000 ) ) ;
#4209 = VECTOR ( 'NONE', #3816, 1000.000000000000000 ) ;
#4210 = ORIENTED_EDGE ( 'NONE', *, *, #5249, .F. ) ;
#4211 = EDGE_LOOP ( 'NONE', ( #2402, #5682, #3895, #36 ) ) ;
#4212 = DIRECTION ( 'NONE',  ( 1.000000000000000000, 0.000000000000000000, 0.000000000000000000 ) ) ;
#4213 = DIRECTION ( 'NONE',  ( 0.000000000000000000, -1.000000000000000000, 0.000000000000000000 ) ) ;
#4214 = AXIS2_PLACEMENT_3D ( 'NONE', #3103, #5305, #380 ) ;
#4215 = VECTOR ( 'NONE', #4746, 1000.000000000000000 ) ;
#4216 = DIRECTION ( 'NONE',  ( -0.7071067811865570096, 0.7071067811865380248, 0.000000000000000000 ) ) ;
#4217 =( GEOMETRIC_REPRESENTATION_CONTEXT ( 3 ) GLOBAL_UNCERTAINTY_ASSIGNED_CONTEXT ( ( #6864 ) ) GLOBAL_UNIT_ASSIGNED_CONTEXT ( ( #111, #5044, #3992 ) ) REPRESENTATION_CONTEXT ( 'NONE', 'WORKASPACE' ) );
#4218 =( GEOMETRIC_REPRESENTATION_CONTEXT ( 3 ) GLOBAL_UNCERTAINTY_ASSIGNED_CONTEXT ( ( #6723 ) ) GLOBAL_UNIT_ASSIGNED_CONTEXT ( ( #244, #6276, #1327 ) ) REPRESENTATION_CONTEXT ( 'NONE', 'WORKASPACE' ) );
#4219 = ORIENTED_EDGE ( 'NONE', *, *, #1643, .T. ) ;
#4220 = DIRECTION ( 'NONE',  ( 0.000000000000000000, 1.000000000000000000, 0.000000000000000000 ) ) ;
#4221 = CARTESIAN_POINT ( 'NONE',  ( -0.9650000000000000799, -2.189999999999999947, 0.3300000000000000155 ) ) ;
#4222 = CARTESIAN_POINT ( 'NONE',  ( -2.465000000000000302, -0.8649999999999999911, 0.000000000000000000 ) ) ;
#4223 = CARTESIAN_POINT ( 'NONE',  ( -2.465000000000000302, 1.879999999999999893, 0.3800000000000000044 ) ) ;
#4224 = SURFACE_SIDE_STYLE ('',( #908 ) ) ;
#4225 = SURFACE_STYLE_FILL_AREA ( #6502 ) ;
#4226 = AXIS2_PLACEMENT_3D ( 'NONE', #1469, #274, #3652 ) ;
#4227 = COLOUR_RGB ( '',0.2862745098039215508, 0.2862745098039215508, 0.2862745098039215508 ) ;
#4228 = FACE_OUTER_BOUND ( 'NONE', #3066, .T. ) ;
#4229 =( LENGTH_UNIT ( ) NAMED_UNIT ( * ) SI_UNIT ( .MILLI., .METRE. ) );
#4230 = EDGE_CURVE ( 'NONE', #5835, #6211, #495, .T. ) ;
#4231 = AXIS2_PLACEMENT_3D ( 'NONE', #2350, #6817, #6267 ) ;
#4232 =( NAMED_UNIT ( * ) SI_UNIT ( $, .STERADIAN. ) SOLID_ANGLE_UNIT ( ) );
#4233 = LINE ( 'NONE', #1935, #171 ) ;
#4234 = DIRECTION ( 'NONE',  ( 0.000000000000000000, 0.000000000000000000, 1.000000000000000000 ) ) ;
#4235 = SURFACE_STYLE_FILL_AREA ( #1443 ) ;
#4236 = VERTEX_POINT ( 'NONE', #3212 ) ;
#4237 = EDGE_CURVE ( 'NONE', #3475, #3724, #7030, .T. ) ;
#4238 = AXIS2_PLACEMENT_3D ( 'NONE', #4801, #424, #6465 ) ;
#4239 = EDGE_CURVE ( 'NONE', #3201, #4166, #2752, .T. ) ;
#4240 = ORIENTED_EDGE ( 'NONE', *, *, #4099, .T. ) ;
#4241 = DIRECTION ( 'NONE',  ( 1.000000000000000000, 0.000000000000000000, 0.000000000000000000 ) ) ;
#4242 = EDGE_CURVE ( 'NONE', #4907, #6591, #3788, .T. ) ;
#4243 = VERTEX_POINT ( 'NONE', #4399 ) ;
#4244 = CARTESIAN_POINT ( 'NONE',  ( -2.945000000000000284, -2.449999999999999734, 0.000000000000000000 ) ) ;
#4245 = FILL_AREA_STYLE ('',( #3597 ) ) ;
#4246 = CARTESIAN_POINT ( 'NONE',  ( -3.075000000000000178, 0.7649999999999999023, 0.000000000000000000 ) ) ;
#4247 =( GEOMETRIC_REPRESENTATION_CONTEXT ( 3 ) GLOBAL_UNCERTAINTY_ASSIGNED_CONTEXT ( ( #5859 ) ) GLOBAL_UNIT_ASSIGNED_CONTEXT ( ( #2451, #3566, #6338 ) ) REPRESENTATION_CONTEXT ( 'NONE', 'WORKASPACE' ) );
#4248 = EDGE_CURVE ( 'NONE', #3450, #3961, #4902, .T. ) ;
#4249 = VERTEX_POINT ( 'NONE', #5453 ) ;
#4250 = ORIENTED_EDGE ( 'NONE', *, *, #420, .T. ) ;
#4251 = FILL_AREA_STYLE ('',( #4791 ) ) ;
#4252 = DIRECTION ( 'NONE',  ( -1.000000000000000000, 0.000000000000000000, 0.000000000000000000 ) ) ;
#4253 = VECTOR ( 'NONE', #2986, 1000.000000000000000 ) ;
#4254 = DIRECTION ( 'NONE',  ( 1.000000000000000000, 0.000000000000000000, 0.000000000000000000 ) ) ;
#4255 = UNCERTAINTY_MEASURE_WITH_UNIT (LENGTH_MEASURE( 1.000000000000000082E-05 ), #149, 'distance_accuracy_value', 'NONE');
#4256 = ORIENTED_EDGE ( 'NONE', *, *, #3893, .T. ) ;
#4257 = ORIENTED_EDGE ( 'NONE', *, *, #2667, .F. ) ;
#4258 = DIRECTION ( 'NONE',  ( 0.000000000000000000, 0.000000000000000000, 1.000000000000000000 ) ) ;
#4259 = DIRECTION ( 'NONE',  ( 0.000000000000000000, 1.000000000000000000, 0.000000000000000000 ) ) ;
#4260 = LINE ( 'NONE', #5864, #1856 ) ;
#4261 = SURFACE_STYLE_USAGE ( .BOTH. , #4224 ) ;
#4262 = DIRECTION ( 'NONE',  ( 1.000000000000000000, 0.000000000000000000, 0.000000000000000000 ) ) ;
#4263 = LINE ( 'NONE', #6503, #6387 ) ;
#4264 = ORIENTED_EDGE ( 'NONE', *, *, #4419, .F. ) ;
#4265 = PRESENTATION_STYLE_ASSIGNMENT (( #2075 ) ) ;
#4266 = CARTESIAN_POINT ( 'NONE',  ( -0.9650000000000000799, -2.189999999999999947, 0.000000000000000000 ) ) ;
#4267 = STYLED_ITEM ( 'NONE', ( #1430 ), #1347 ) ;
#4268 = CARTESIAN_POINT ( 'NONE',  ( -2.945000000000000284, -2.084999999999999964, 0.000000000000000000 ) ) ;
#4269 = SURFACE_SIDE_STYLE ('',( #4235 ) ) ;
#4270 = ORIENTED_EDGE ( 'NONE', *, *, #6790, .T. ) ;
#4271 = ORIENTED_EDGE ( 'NONE', *, *, #394, .F. ) ;
#4272 = LINE ( 'NONE', #2659, #6972 ) ;
#4273 = ORIENTED_EDGE ( 'NONE', *, *, #646, .F. ) ;
#4274 = CARTESIAN_POINT ( 'NONE',  ( -0.4449999999999999512, 1.879999999999999893, 0.3300000000000000155 ) ) ;
#4275 = CARTESIAN_POINT ( 'NONE',  ( 2.895000000000000018, -2.135000000000000231, 0.000000000000000000 ) ) ;
#4277 = SURFACE_STYLE_FILL_AREA ( #2084 ) ;
#4276 = VECTOR ( 'NONE', #6260, 1000.000000000000000 ) ;
#4278 = VECTOR ( 'NONE', #14, 1000.000000000000000 ) ;
#4279 = ADVANCED_FACE ( 'NONE', ( #5932 ), #533, .T. ) ;
#4280 = CARTESIAN_POINT ( 'NONE',  ( -3.075000000000000178, -2.084999999999999964, 0.000000000000000000 ) ) ;
#4281 = PRODUCT_RELATED_PRODUCT_CATEGORY ( 'part', '', ( #5490 ) ) ;
#4282 = EDGE_CURVE ( 'NONE', #6628, #1063, #671, .T. ) ;
#4283 = MECHANICAL_DESIGN_GEOMETRIC_PRESENTATION_REPRESENTATION (  '', ( #3362 ), #1423 ) ;
#4284 = EDGE_LOOP ( 'NONE', ( #2312, #6406, #6547, #3990 ) ) ;
#4285 = ORIENTED_EDGE ( 'NONE', *, *, #1084, .F. ) ;
#4286 = SURFACE_SIDE_STYLE ('',( #994 ) ) ;
#4287 = PLANE ( 'NONE',  #1833 ) ;
#4288 = FILL_AREA_STYLE ('',( #418 ) ) ;
#4289 = FILL_AREA_STYLE ('',( #4182 ) ) ;
#4290 = EDGE_CURVE ( 'NONE', #6035, #2496, #1410, .T. ) ;
#4291 = CARTESIAN_POINT ( 'NONE',  ( 2.895000000000000018, -1.724999999999999867, 0.000000000000000000 ) ) ;
#4292 = AXIS2_PLACEMENT_3D ( 'NONE', #2545, #285, #5326 ) ;
#4293 = EDGE_LOOP ( 'NONE', ( #5337, #854, #6055, #4064 ) ) ;
#4294 = VERTEX_POINT ( 'NONE', #5631 ) ;
#4295 = ORIENTED_EDGE ( 'NONE', *, *, #7045, .T. ) ;
#4296 = VECTOR ( 'NONE', #5506, 1000.000000000000000 ) ;
#4297 = MECHANICAL_DESIGN_GEOMETRIC_PRESENTATION_REPRESENTATION (  '', ( #2802 ), #160 ) ;
#4298 =( NAMED_UNIT ( * ) PLANE_ANGLE_UNIT ( ) SI_UNIT ( $, .RADIAN. ) );
#4299 = SURFACE_STYLE_FILL_AREA ( #3248 ) ;
#4300 = DIRECTION ( 'NONE',  ( -1.000000000000000000, 0.000000000000000000, 0.000000000000000000 ) ) ;
#4301 = CARTESIAN_POINT ( 'NONE',  ( -0.5799999999999999600, -2.423826859021799951, 0.000000000000000000 ) ) ;
#4302 = DIRECTION ( 'NONE',  ( -1.000000000000000000, 0.000000000000000000, 0.000000000000000000 ) ) ;
#4303 = FACE_OUTER_BOUND ( 'NONE', #5093, .T. ) ;
#4304 =( GEOMETRIC_REPRESENTATION_CONTEXT ( 3 ) GLOBAL_UNCERTAINTY_ASSIGNED_CONTEXT ( ( #9 ) ) GLOBAL_UNIT_ASSIGNED_CONTEXT ( ( #5800, #4197, #1439 ) ) REPRESENTATION_CONTEXT ( 'NONE', 'WORKASPACE' ) );
#4305 = CARTESIAN_POINT ( 'NONE',  ( 0.8299999999999999600, -2.423826859021799951, 0.000000000000000000 ) ) ;
#4306 = LINE ( 'NONE', #1049, #6981 ) ;
#4307 = MECHANICAL_DESIGN_GEOMETRIC_PRESENTATION_REPRESENTATION (  '', ( #1891 ), #2120 ) ;
#4308 = CARTESIAN_POINT ( 'NONE',  ( -0.5799999999999999600, 2.449999999999999734, 0.3300000000000000155 ) ) ;
#4309 = CARTESIAN_POINT ( 'NONE',  ( -0.4449999999999999512, -1.879999999999999893, 0.3300000000000000155 ) ) ;
#4310 = DIRECTION ( 'NONE',  ( -0.4999999999999998890, 0.8660254037844387076, 0.000000000000000000 ) ) ;
#4311 = VECTOR ( 'NONE', #4172, 1000.000000000000000 ) ;
#4312 = EDGE_LOOP ( 'NONE', ( #262, #2378, #5776, #1834 ) ) ;
#4313 = ORIENTED_EDGE ( 'NONE', *, *, #4711, .T. ) ;
#4314 = CARTESIAN_POINT ( 'NONE',  ( -2.945000000000000284, 2.449999999999999734, 0.000000000000000000 ) ) ;
#4315 = FACE_OUTER_BOUND ( 'NONE', #2133, .T. ) ;
#4316 =( GEOMETRIC_REPRESENTATION_CONTEXT ( 3 ) GLOBAL_UNCERTAINTY_ASSIGNED_CONTEXT ( ( #656 ) ) GLOBAL_UNIT_ASSIGNED_CONTEXT ( ( #6586, #4495, #4350 ) ) REPRESENTATION_CONTEXT ( 'NONE', 'WORKASPACE' ) );
#4317 = CARTESIAN_POINT ( 'NONE',  ( -2.895000000000000018, -0.8649999999999999911, 0.3300000000000000155 ) ) ;
#4318 = VECTOR ( 'NONE', #6609, 1000.000000000000000 ) ;
#4319 = EDGE_CURVE ( 'NONE', #7027, #2311, #158, .T. ) ;
#4320 = ORIENTED_EDGE ( 'NONE', *, *, #1648, .T. ) ;
#4321 = ORIENTED_EDGE ( 'NONE', *, *, #2531, .F. ) ;
#4322 =( NAMED_UNIT ( * ) SI_UNIT ( $, .STERADIAN. ) SOLID_ANGLE_UNIT ( ) );
#4323 = CARTESIAN_POINT ( 'NONE',  ( -0.4449999999999999512, 1.989999999999999991, 0.000000000000000000 ) ) ;
#4324 = CARTESIAN_POINT ( 'NONE',  ( -2.945000000000000284, 0.7649999999999999023, 0.3300000000000000155 ) ) ;
#4325 = DIRECTION ( 'NONE',  ( 0.000000000000000000, 0.000000000000000000, 1.000000000000000000 ) ) ;
#4326 = UNCERTAINTY_MEASURE_WITH_UNIT (LENGTH_MEASURE( 1.000000000000000082E-05 ), #6057, 'distance_accuracy_value', 'NONE');
#4327 = EDGE_CURVE ( 'NONE', #1773, #768, #2895, .T. ) ;
#4328 = MECHANICAL_DESIGN_GEOMETRIC_PRESENTATION_REPRESENTATION (  '', ( #785 ), #6663 ) ;
#4329 = EDGE_LOOP ( 'NONE', ( #2300, #2780, #4527, #5398 ) ) ;
#4330 = ORIENTED_EDGE ( 'NONE', *, *, #2785, .F. ) ;
#4331 = SURFACE_STYLE_FILL_AREA ( #3320 ) ;
#4332 = ADVANCED_FACE ( 'NONE', ( #6232 ), #1947, .T. ) ;
#4333 = CARTESIAN_POINT ( 'NONE',  ( 2.945000000000000284, -0.8149999999999999467, 0.3800000000000000044 ) ) ;
#4334 = DIRECTION ( 'NONE',  ( 0.000000000000000000, 0.000000000000000000, -1.000000000000000000 ) ) ;
#4335 = ADVANCED_FACE ( 'NONE', ( #5088 ), #4136, .T. ) ;
#4336 = CARTESIAN_POINT ( 'NONE',  ( -2.465000000000000302, 0.4049999999999999711, 0.000000000000000000 ) ) ;
#4337 = DIRECTION ( 'NONE',  ( 1.000000000000000000, 0.000000000000000000, 0.000000000000000000 ) ) ;
#4338 = VECTOR ( 'NONE', #5655, 1000.000000000000000 ) ;
#4339 = VERTEX_POINT ( 'NONE', #3025 ) ;
#4340 = FILL_AREA_STYLE ('',( #4774 ) ) ;
#4341 = VECTOR ( 'NONE', #2650, 1000.000000000000000 ) ;
#4342 = COLOUR_RGB ( '',0.2862745098039215508, 0.2862745098039215508, 0.2862745098039215508 ) ;
#4343 =( NAMED_UNIT ( * ) SI_UNIT ( $, .STERADIAN. ) SOLID_ANGLE_UNIT ( ) );
#4344 = CARTESIAN_POINT ( 'NONE',  ( 3.075000000000000178, 0.4550000000000000155, 0.3800000000000000044 ) ) ;
#4345 = LINE ( 'NONE', #608, #1198 ) ;
#4346 = ORIENTED_EDGE ( 'NONE', *, *, #4592, .F. ) ;
#4347 = ORIENTED_EDGE ( 'NONE', *, *, #1967, .T. ) ;
#4348 = VERTEX_POINT ( 'NONE', #1284 ) ;
#4349 = FACE_OUTER_BOUND ( 'NONE', #6762, .T. ) ;
#4351 = AXIS2_PLACEMENT_3D ( 'NONE', #3407, #64, #2873 ) ;
#4350 =( NAMED_UNIT ( * ) SI_UNIT ( $, .STERADIAN. ) SOLID_ANGLE_UNIT ( ) );
#4352 = FILL_AREA_STYLE_COLOUR ( '', #1083 ) ;
#4353 = AXIS2_PLACEMENT_3D ( 'NONE', #2901, #5671, #1850 ) ;
#4354 = ORIENTED_EDGE ( 'NONE', *, *, #6439, .F. ) ;
#4355 = ORIENTED_EDGE ( 'NONE', *, *, #5129, .T. ) ;
#4356 = DIRECTION ( 'NONE',  ( 0.000000000000000000, 0.000000000000000000, 1.000000000000000000 ) ) ;
#4357 = CARTESIAN_POINT ( 'NONE',  ( 2.895000000000000018, -0.8649999999999999911, 0.000000000000000000 ) ) ;
#4358 = CARTESIAN_POINT ( 'NONE',  ( 1.195000000000000062, -1.989999999999999991, 0.3800000000000000044 ) ) ;
#4359 =( GEOMETRIC_REPRESENTATION_CONTEXT ( 3 ) GLOBAL_UNCERTAINTY_ASSIGNED_CONTEXT ( ( #235 ) ) GLOBAL_UNIT_ASSIGNED_CONTEXT ( ( #6307, #4045, #5198 ) ) REPRESENTATION_CONTEXT ( 'NONE', 'WORKASPACE' ) );
#4360 = STYLED_ITEM ( 'NONE', ( #6773 ), #834 ) ;
#4361 = ORIENTED_EDGE ( 'NONE', *, *, #6524, .F. ) ;
#4362 = ORIENTED_EDGE ( 'NONE', *, *, #4682, .F. ) ;
#4363 = LINE ( 'NONE', #1107, #5170 ) ;
#4364 = DIRECTION ( 'NONE',  ( -1.000000000000000000, 4.550094363217860219E-16, 0.000000000000000000 ) ) ;
#4365 = CARTESIAN_POINT ( 'NONE',  ( -0.8299999999999999600, -2.449999999999999734, 0.000000000000000000 ) ) ;
#4366 =( NAMED_UNIT ( * ) SI_UNIT ( $, .STERADIAN. ) SOLID_ANGLE_UNIT ( ) );
#4367 = ADVANCED_FACE ( 'NONE', ( #3462 ), #707, .T. ) ;
#4368 = ADVANCED_FACE ( 'NONE', ( #5221 ), #1779, .T. ) ;
#4369 = ADVANCED_FACE ( 'NONE', ( #6668 ), #5013, .F. ) ;
#4370 = ORIENTED_EDGE ( 'NONE', *, *, #3007, .F. ) ;
#4371 = CARTESIAN_POINT ( 'NONE',  ( 2.945000000000000284, 1.724999999999999867, 0.000000000000000000 ) ) ;
#4372 = CARTESIAN_POINT ( 'NONE',  ( 2.945000000000000284, 2.034999999999999698, 0.000000000000000000 ) ) ;
#4373 = PLANE ( 'NONE',  #6043 ) ;
#4374 = PRESENTATION_STYLE_ASSIGNMENT (( #4447 ) ) ;
#4375 = LINE ( 'NONE', #2829, #4318 ) ;
#4376 = LINE ( 'NONE', #6016, #7075 ) ;
#4377 = EDGE_CURVE ( 'NONE', #6432, #6269, #634, .T. ) ;
#4378 = VERTEX_POINT ( 'NONE', #6484 ) ;
#4379 = VERTEX_POINT ( 'NONE', #6943 ) ;
#4380 = CARTESIAN_POINT ( 'NONE',  ( 2.465000000000000302, 2.084999999999999964, 0.000000000000000000 ) ) ;
#4381 = DIRECTION ( 'NONE',  ( 0.000000000000000000, 0.000000000000000000, -1.000000000000000000 ) ) ;
#4382 = DIRECTION ( 'NONE',  ( 1.000000000000000000, 1.516698121072619908E-16, 0.000000000000000000 ) ) ;
#4383 = SURFACE_STYLE_USAGE ( .BOTH. , #5471 ) ;
#4384 = UNCERTAINTY_MEASURE_WITH_UNIT (LENGTH_MEASURE( 1.000000000000000082E-05 ), #771, 'distance_accuracy_value', 'NONE');
#4385 = AXIS2_PLACEMENT_3D ( 'NONE', #2052, #3695, #5363 ) ;
#4386 = ORIENTED_EDGE ( 'NONE', *, *, #3529, .F. ) ;
#4387 = ORIENTED_EDGE ( 'NONE', *, *, #7141, .F. ) ;
#4388 = CARTESIAN_POINT ( 'NONE',  ( -2.465000000000000302, 1.675000000000000044, 0.000000000000000000 ) ) ;
#4389 = COLOUR_RGB ( '',0.2862745098039215508, 0.2862745098039215508, 0.2862745098039215508 ) ;
#4390 = SURFACE_SIDE_STYLE ('',( #3203 ) ) ;
#4391 =( NAMED_UNIT ( * ) PLANE_ANGLE_UNIT ( ) SI_UNIT ( $, .RADIAN. ) );
#4392 = LINE ( 'NONE', #1702, #1077 ) ;
#4393 = DIRECTION ( 'NONE',  ( 0.000000000000000000, 0.000000000000000000, -1.000000000000000000 ) ) ;
#4394 = VECTOR ( 'NONE', #5403, 1000.000000000000000 ) ;
#4395 = ORIENTED_EDGE ( 'NONE', *, *, #3892, .F. ) ;
#4396 = VERTEX_POINT ( 'NONE', #3159 ) ;
#4397 = FACE_OUTER_BOUND ( 'NONE', #2798, .T. ) ;
#4398 = LINE ( 'NONE', #3787, #2601 ) ;
#4399 = CARTESIAN_POINT ( 'NONE',  ( 2.465000000000000302, 1.675000000000000044, 0.000000000000000000 ) ) ;
#4400 = DIRECTION ( 'NONE',  ( 1.000000000000000000, 0.000000000000000000, 0.000000000000000000 ) ) ;
#4401 = DIRECTION ( 'NONE',  ( -1.000000000000000000, 0.000000000000000000, 0.000000000000000000 ) ) ;
#4402 = VECTOR ( 'NONE', #1334, 1000.000000000000000 ) ;
#4403 = VECTOR ( 'NONE', #6714, 1000.000000000000000 ) ;
#4404 = EDGE_CURVE ( 'NONE', #2923, #3193, #5952, .T. ) ;
#4405 = PLANE ( 'NONE',  #3437 ) ;
#4406 = LINE ( 'NONE', #3867, #3043 ) ;
#4407 = LINE ( 'NONE', #6639, #326 ) ;
#4408 = CARTESIAN_POINT ( 'NONE',  ( -2.895000000000000018, -2.135000000000000231, 0.000000000000000000 ) ) ;
#4410 = LINE ( 'NONE', #5464, #4747 ) ;
#4409 = AXIS2_PLACEMENT_3D ( 'NONE', #2547, #5399, #2625 ) ;
#4411 = EDGE_CURVE ( 'NONE', #912, #4066, #1979, .T. ) ;
#4412 = AXIS2_PLACEMENT_3D ( 'NONE', #5390, #6012, #4839 ) ;
#4413 = ORIENTED_EDGE ( 'NONE', *, *, #1224, .T. ) ;
#4414 = EDGE_CURVE ( 'NONE', #3908, #2908, #5878, .T. ) ;
#4415 = ORIENTED_EDGE ( 'NONE', *, *, #3758, .T. ) ;
#4416 = ORIENTED_EDGE ( 'NONE', *, *, #3799, .T. ) ;
#4417 = FACE_OUTER_BOUND ( 'NONE', #3235, .T. ) ;
#4418 = CARTESIAN_POINT ( 'NONE',  ( 2.465000000000000302, -0.4550000000000000155, 0.000000000000000000 ) ) ;
#4419 = EDGE_CURVE ( 'NONE', #4444, #2765, #2519, .T. ) ;
#4420 = CARTESIAN_POINT ( 'NONE',  ( -2.945000000000000284, 1.724999999999999867, 0.000000000000000000 ) ) ;
#4421 = EDGE_CURVE ( 'NONE', #6325, #3011, #6409, .T. ) ;
#4422 = VECTOR ( 'NONE', #2649, 1000.000000000000000 ) ;
#4423 = ORIENTED_EDGE ( 'NONE', *, *, #2736, .T. ) ;
#4424 = ORIENTED_EDGE ( 'NONE', *, *, #5842, .F. ) ;
#4426 = CARTESIAN_POINT ( 'NONE',  ( -2.895000000000000018, -0.4550000000000000155, 0.000000000000000000 ) ) ;
#4425 = PRESENTATION_LAYER_ASSIGNMENT (  '', '', ( #6296 ) ) ;
#4427 = LINE ( 'NONE', #1097, #5300 ) ;
#4428 = FILL_AREA_STYLE ('',( #2776 ) ) ;
#4429 = CARTESIAN_POINT ( 'NONE',  ( -3.075000000000000178, -1.775000000000000133, 0.000000000000000000 ) ) ;
#4430 = CARTESIAN_POINT ( 'NONE',  ( -0.5799999999999999600, 1.211913429510899975, 0.000000000000000000 ) ) ;
#4431 = VECTOR ( 'NONE', #6507, 1000.000000000000000 ) ;
#4432 = ORIENTED_EDGE ( 'NONE', *, *, #1492, .F. ) ;
#4433 = EDGE_LOOP ( 'NONE', ( #7096, #2225, #1281, #4413 ) ) ;
#4434 = ORIENTED_EDGE ( 'NONE', *, *, #560, .T. ) ;
#4435 = CARTESIAN_POINT ( 'NONE',  ( 2.895000000000000018, 1.675000000000000044, 0.3300000000000000155 ) ) ;
#4436 = CARTESIAN_POINT ( 'NONE',  ( -0.5799999999999999600, -2.449999999999999734, 0.000000000000000000 ) ) ;
#4437 = DIRECTION ( 'NONE',  ( 1.000000000000000000, 0.000000000000000000, 0.000000000000000000 ) ) ;
#4438 =( GEOMETRIC_REPRESENTATION_CONTEXT ( 3 ) GLOBAL_UNCERTAINTY_ASSIGNED_CONTEXT ( ( #2368 ) ) GLOBAL_UNIT_ASSIGNED_CONTEXT ( ( #2175, #1045, #4440 ) ) REPRESENTATION_CONTEXT ( 'NONE', 'WORKASPACE' ) );
#4439 = LINE ( 'NONE', #2753, #3468 ) ;
#4440 =( NAMED_UNIT ( * ) SI_UNIT ( $, .STERADIAN. ) SOLID_ANGLE_UNIT ( ) );
#4441 =( GEOMETRIC_REPRESENTATION_CONTEXT ( 3 ) GLOBAL_UNCERTAINTY_ASSIGNED_CONTEXT ( ( #7153 ) ) GLOBAL_UNIT_ASSIGNED_CONTEXT ( ( #5381, #3858, #2068 ) ) REPRESENTATION_CONTEXT ( 'NONE', 'WORKASPACE' ) );
#4442 = PRESENTATION_LAYER_ASSIGNMENT (  '', '', ( #6552 ) ) ;
#4443 = EDGE_LOOP ( 'NONE', ( #1622, #6646, #3839, #6604 ) ) ;
#4444 = VERTEX_POINT ( 'NONE', #1522 ) ;
#4445 = CARTESIAN_POINT ( 'NONE',  ( 0.4449999999999999512, 2.189999999999999947, 0.000000000000000000 ) ) ;
#4446 = PLANE ( 'NONE',  #2926 ) ;
#4447 = SURFACE_STYLE_USAGE ( .BOTH. , #6677 ) ;
#4448 = LINE ( 'NONE', #2184, #308 ) ;
#4449 = STYLED_ITEM ( 'NONE', ( #61 ), #5880 ) ;
#4450 = DIRECTION ( 'NONE',  ( 0.7071067811865570096, 0.7071067811865380248, 0.000000000000000000 ) ) ;
#4451 = CARTESIAN_POINT ( 'NONE',  ( 0.5799999999999999600, 2.575000000000000178, 0.000000000000000000 ) ) ;
#4452 = VECTOR ( 'NONE', #524, 1000.000000000000000 ) ;
#4453 =( GEOMETRIC_REPRESENTATION_CONTEXT ( 3 ) GLOBAL_UNCERTAINTY_ASSIGNED_CONTEXT ( ( #4532 ) ) GLOBAL_UNIT_ASSIGNED_CONTEXT ( ( #4229, #3655, #5867 ) ) REPRESENTATION_CONTEXT ( 'NONE', 'WORKASPACE' ) );
#4454 = ORIENTED_EDGE ( 'NONE', *, *, #2089, .F. ) ;
#4455 = CARTESIAN_POINT ( 'NONE',  ( -1.232500000000000151, 2.084999999999999964, 0.000000000000000000 ) ) ;
#4456 = VERTEX_POINT ( 'NONE', #5912 ) ;
#4457 = CARTESIAN_POINT ( 'NONE',  ( -2.945000000000000284, 2.034999999999999698, 0.3300000000000000155 ) ) ;
#4458 = EDGE_LOOP ( 'NONE', ( #6022, #702, #4264, #329 ) ) ;
#4459 =( NAMED_UNIT ( * ) PLANE_ANGLE_UNIT ( ) SI_UNIT ( $, .RADIAN. ) );
#4460 = DIRECTION ( 'NONE',  ( 0.000000000000000000, -1.000000000000000000, 0.000000000000000000 ) ) ;
#4461 = PRESENTATION_LAYER_ASSIGNMENT (  '', '', ( #1932 ) ) ;
#4462 = STYLED_ITEM ( 'NONE', ( #5789 ), #6393 ) ;
#4463 = UNCERTAINTY_MEASURE_WITH_UNIT (LENGTH_MEASURE( 1.000000000000000082E-05 ), #5600, 'distance_accuracy_value', 'NONE');
#4464 = EDGE_CURVE ( 'NONE', #5652, #6886, #1557, .T. ) ;
#4465 = ADVANCED_FACE ( 'NONE', ( #4315 ), #5257, .F. ) ;
#4466 = EDGE_CURVE ( 'NONE', #884, #768, #3735, .T. ) ;
#4467 = ORIENTED_EDGE ( 'NONE', *, *, #3745, .F. ) ;
#4468 = EDGE_LOOP ( 'NONE', ( #4432, #2232, #6681, #6095 ) ) ;
#4469 = ORIENTED_EDGE ( 'NONE', *, *, #3620, .F. ) ;
#4470 = LINE ( 'NONE', #1868, #1881 ) ;
#4471 = PRESENTATION_STYLE_ASSIGNMENT (( #5478 ) ) ;
#4472 = SURFACE_STYLE_USAGE ( .BOTH. , #2918 ) ;
#4473 = FACE_OUTER_BOUND ( 'NONE', #6983, .T. ) ;
#4474 = DIRECTION ( 'NONE',  ( 0.000000000000000000, 0.000000000000000000, 1.000000000000000000 ) ) ;
#4475 = CLOSED_SHELL ( 'NONE', ( #5432, #468, #4367, #5513, #7040, #3669, #6334, #603, #1002, #4627 ) ) ;
#4476 = ORIENTED_EDGE ( 'NONE', *, *, #2517, .F. ) ;
#4477 = EDGE_LOOP ( 'NONE', ( #1059, #7044, #6464, #7114 ) ) ;
#4478 = FACE_OUTER_BOUND ( 'NONE', #1504, .T. ) ;
#4479 = FILL_AREA_STYLE_COLOUR ( '', #4658 ) ;
#4480 = VECTOR ( 'NONE', #2758, 1000.000000000000000 ) ;
#4481 = DIRECTION ( 'NONE',  ( 9.424643672539529398E-17, -1.000000000000000000, 0.000000000000000000 ) ) ;
#4482 = CARTESIAN_POINT ( 'NONE',  ( 2.465000000000000302, -0.4550000000000000155, 0.3300000000000000155 ) ) ;
#4483 = DIRECTION ( 'NONE',  ( 0.000000000000000000, -1.000000000000000000, 0.000000000000000000 ) ) ;
#4484 = VECTOR ( 'NONE', #3247, 1000.000000000000000 ) ;
#4485 = LINE ( 'NONE', #2317, #4480 ) ;
#4486 = PRESENTATION_STYLE_ASSIGNMENT (( #207 ) ) ;
#4487 = DIRECTION ( 'NONE',  ( 1.000000000000000000, 0.000000000000000000, 0.000000000000000000 ) ) ;
#4489 = PRESENTATION_LAYER_ASSIGNMENT (  '', '', ( #950 ) ) ;
#4488 = CARTESIAN_POINT ( 'NONE',  ( -2.895000000000000018, 0.4049999999999999711, 0.000000000000000000 ) ) ;
#4490 = DIRECTION ( 'NONE',  ( 0.000000000000000000, 0.000000000000000000, 1.000000000000000000 ) ) ;
#4491 = EDGE_LOOP ( 'NONE', ( #2872, #595, #340, #1892 ) ) ;
#4492 = ORIENTED_EDGE ( 'NONE', *, *, #2699, .F. ) ;
#4493 = LINE ( 'NONE', #6213, #5457 ) ;
#4494 = SURFACE_STYLE_USAGE ( .BOTH. , #4688 ) ;
#4495 =( NAMED_UNIT ( * ) PLANE_ANGLE_UNIT ( ) SI_UNIT ( $, .RADIAN. ) );
#4496 = LINE ( 'NONE', #655, #4740 ) ;
#4497 = VERTEX_POINT ( 'NONE', #371 ) ;
#4498 = ORIENTED_EDGE ( 'NONE', *, *, #3970, .T. ) ;
#4499 = LINE ( 'NONE', #2739, #620 ) ;
#4500 = ORIENTED_EDGE ( 'NONE', *, *, #1785, .T. ) ;
#4501 = SURFACE_STYLE_USAGE ( .BOTH. , #4032 ) ;
#4502 = EDGE_CURVE ( 'NONE', #2717, #3582, #2551, .T. ) ;
#4503 = CARTESIAN_POINT ( 'NONE',  ( -2.895000000000000018, -1.724999999999999867, 0.000000000000000000 ) ) ;
#4504 = MECHANICAL_DESIGN_GEOMETRIC_PRESENTATION_REPRESENTATION (  '', ( #718 ), #258 ) ;
#4505 = SURFACE_SIDE_STYLE ('',( #6070 ) ) ;
#4506 = LINE ( 'NONE', #5938, #6745 ) ;
#4507 = EDGE_CURVE ( 'NONE', #4444, #1305, #3198, .T. ) ;
#4508 = PRESENTATION_LAYER_ASSIGNMENT (  '', '', ( #5786 ) ) ;
#4509 = VERTEX_POINT ( 'NONE', #6512 ) ;
#4510 = VERTEX_POINT ( 'NONE', #483 ) ;
#4511 = CARTESIAN_POINT ( 'NONE',  ( -2.945000000000000284, 0.4550000000000000155, 0.000000000000000000 ) ) ;
#4512 = ADVANCED_FACE ( 'NONE', ( #2663 ), #6978, .F. ) ;
#4513 = FACE_OUTER_BOUND ( 'NONE', #443, .T. ) ;
#4514 = DIRECTION ( 'NONE',  ( 0.000000000000000000, 0.000000000000000000, 1.000000000000000000 ) ) ;
#4515 = DIRECTION ( 'NONE',  ( 0.000000000000000000, 1.000000000000000000, 0.000000000000000000 ) ) ;
#4516 = DIRECTION ( 'NONE',  ( 0.000000000000000000, 0.000000000000000000, 1.000000000000000000 ) ) ;
#4517 = VECTOR ( 'NONE', #2987, 1000.000000000000000 ) ;
#4518 = ORIENTED_EDGE ( 'NONE', *, *, #2210, .F. ) ;
#4519 = AXIS2_PLACEMENT_3D ( 'NONE', #59, #1082, #475 ) ;
#4520 = CARTESIAN_POINT ( 'NONE',  ( 2.465000000000000302, 1.675000000000000044, 0.000000000000000000 ) ) ;
#4521 = SURFACE_STYLE_FILL_AREA ( #2355 ) ;
#4522 = SURFACE_STYLE_USAGE ( .BOTH. , #4012 ) ;
#4523 = PLANE ( 'NONE',  #6160 ) ;
#4524 =( LENGTH_UNIT ( ) NAMED_UNIT ( * ) SI_UNIT ( .MILLI., .METRE. ) );
#4525 = VECTOR ( 'NONE', #6577, 1000.000000000000000 ) ;
#4526 = ORIENTED_EDGE ( 'NONE', *, *, #6291, .T. ) ;
#4527 = ORIENTED_EDGE ( 'NONE', *, *, #2179, .T. ) ;
#4528 = CARTESIAN_POINT ( 'NONE',  ( -1.472500000000000142, -2.449999999999999734, 0.3300000000000000155 ) ) ;
#4529 = VECTOR ( 'NONE', #4178, 1000.000000000000000 ) ;
#4530 = DIRECTION ( 'NONE',  ( -1.132880637372609972E-16, 1.000000000000000000, -1.077863926709489990E-15 ) ) ;
#4531 = CARTESIAN_POINT ( 'NONE',  ( -2.895000000000000018, -1.724999999999999867, 0.3800000000000000044 ) ) ;
#4532 = UNCERTAINTY_MEASURE_WITH_UNIT (LENGTH_MEASURE( 1.000000000000000082E-05 ), #4229, 'distance_accuracy_value', 'NONE');
#4533 = ORIENTED_EDGE ( 'NONE', *, *, #6052, .F. ) ;
#4534 = ORIENTED_EDGE ( 'NONE', *, *, #5263, .F. ) ;
#4535 = DIRECTION ( 'NONE',  ( -1.000000000000000000, 0.000000000000000000, 0.000000000000000000 ) ) ;
#4536 = CARTESIAN_POINT ( 'NONE',  ( -2.945000000000000284, 2.449999999999999734, 0.000000000000000000 ) ) ;
#4537 = PLANE ( 'NONE',  #5260 ) ;
#4538 = COLOUR_RGB ( '',0.2862745098039215508, 0.2862745098039215508, 0.2862745098039215508 ) ;
#4539 = PLANE ( 'NONE',  #4969 ) ;
#4540 = LINE ( 'NONE', #4429, #3076 ) ;
#4541 = CARTESIAN_POINT ( 'NONE',  ( 0.9650000000000000799, 2.189999999999999947, 0.3800000000000000044 ) ) ;
#4542 = APPLICATION_CONTEXT ( 'automotive_design' ) ;
#4543 = EDGE_CURVE ( 'NONE', #6654, #1773, #1162, .T. ) ;
#4544 = ORIENTED_EDGE ( 'NONE', *, *, #4721, .T. ) ;
#4545 = EDGE_LOOP ( 'NONE', ( #1594, #6363, #5135, #270 ) ) ;
#4546 = SURFACE_SIDE_STYLE ('',( #1244 ) ) ;
#4547 = SURFACE_STYLE_USAGE ( .BOTH. , #2928 ) ;
#4548 =( NAMED_UNIT ( * ) PLANE_ANGLE_UNIT ( ) SI_UNIT ( $, .RADIAN. ) );
#4549 = DIRECTION ( 'NONE',  ( 0.000000000000000000, 0.000000000000000000, 1.000000000000000000 ) ) ;
#4550 = EDGE_CURVE ( 'NONE', #6347, #43, #2262, .T. ) ;
#4551 = ADVANCED_FACE ( 'NONE', ( #6024 ), #5469, .F. ) ;
#4552 = ORIENTED_EDGE ( 'NONE', *, *, #6531, .T. ) ;
#4553 = ADVANCED_FACE ( 'NONE', ( #513 ), #4882, .F. ) ;
#4554 = LINE ( 'NONE', #5164, #5018 ) ;
#4555 = FACE_OUTER_BOUND ( 'NONE', #1316, .T. ) ;
#4556 = CARTESIAN_POINT ( 'NONE',  ( 2.945000000000000284, 2.449999999999999734, 0.000000000000000000 ) ) ;
#4557 = CARTESIAN_POINT ( 'NONE',  ( 1.195000000000000062, 1.989999999999999991, 0.000000000000000000 ) ) ;
#4558 = CARTESIAN_POINT ( 'NONE',  ( 0.5799999999999999600, -2.575000000000000178, 0.3800000000000000044 ) ) ;
#4559 = EDGE_CURVE ( 'NONE', #7027, #4067, #284, .T. ) ;
#4560 = SURFACE_STYLE_USAGE ( .BOTH. , #5174 ) ;
#4562 = DIRECTION ( 'NONE',  ( 0.000000000000000000, 0.000000000000000000, 1.000000000000000000 ) ) ;
#4561 = VECTOR ( 'NONE', #2590, 1000.000000000000000 ) ;
#4563 = LINE ( 'NONE', #5141, #152 ) ;
#4564 = VECTOR ( 'NONE', #2812, 1000.000000000000000 ) ;
#4565 = VECTOR ( 'NONE', #5168, 1000.000000000000000 ) ;
#4566 = ORIENTED_EDGE ( 'NONE', *, *, #3971, .T. ) ;
#4567 = ORIENTED_EDGE ( 'NONE', *, *, #6381, .F. ) ;
#4568 = CARTESIAN_POINT ( 'NONE',  ( 2.465000000000000302, -2.135000000000000231, 0.000000000000000000 ) ) ;
#4569 =( GEOMETRIC_REPRESENTATION_CONTEXT ( 3 ) GLOBAL_UNCERTAINTY_ASSIGNED_CONTEXT ( ( #4657 ) ) GLOBAL_UNIT_ASSIGNED_CONTEXT ( ( #128, #6822, #2286 ) ) REPRESENTATION_CONTEXT ( 'NONE', 'WORKASPACE' ) );
#4570 = VECTOR ( 'NONE', #3684, 1000.000000000000114 ) ;
#4571 = LINE ( 'NONE', #1768, #4517 ) ;
#4572 = FACE_OUTER_BOUND ( 'NONE', #1425, .T. ) ;
#4573 = VERTEX_POINT ( 'NONE', #2327 ) ;
#4574 = ORIENTED_EDGE ( 'NONE', *, *, #3758, .F. ) ;
#4575 = PRESENTATION_STYLE_ASSIGNMENT (( #2893 ) ) ;
#4576 = DIRECTION ( 'NONE',  ( -1.000000000000000000, -1.516698121072619908E-16, 0.000000000000000000 ) ) ;
#4577 =( LENGTH_UNIT ( ) NAMED_UNIT ( * ) SI_UNIT ( .MILLI., .METRE. ) );
#4578 = DIRECTION ( 'NONE',  ( -0.7071067811865570096, -0.7071067811865380248, 0.000000000000000000 ) ) ;
#4579 = VECTOR ( 'NONE', #1157, 1000.000000000000000 ) ;
#4580 =( GEOMETRIC_REPRESENTATION_CONTEXT ( 3 ) GLOBAL_UNCERTAINTY_ASSIGNED_CONTEXT ( ( #5706 ) ) GLOBAL_UNIT_ASSIGNED_CONTEXT ( ( #1718, #2284, #1218 ) ) REPRESENTATION_CONTEXT ( 'NONE', 'WORKASPACE' ) );
#4581 = ORIENTED_EDGE ( 'NONE', *, *, #2927, .F. ) ;
#4582 = LINE ( 'NONE', #2497, #7034 ) ;
#4583 = LINE ( 'NONE', #5058, #2734 ) ;
#4584 =( NAMED_UNIT ( * ) PLANE_ANGLE_UNIT ( ) SI_UNIT ( $, .RADIAN. ) );
#4585 = EDGE_CURVE ( 'NONE', #6220, #623, #838, .T. ) ;
#4586 = LINE ( 'NONE', #4556, #6306 ) ;
#4587 = DIRECTION ( 'NONE',  ( -1.000000000000000000, 0.000000000000000000, 0.000000000000000000 ) ) ;
#4588 = VECTOR ( 'NONE', #6037, 1000.000000000000000 ) ;
#4589 = EDGE_CURVE ( 'NONE', #1063, #1687, #5726, .T. ) ;
#4590 = ORIENTED_EDGE ( 'NONE', *, *, #6735, .F. ) ;
#4591 = DIRECTION ( 'NONE',  ( 0.000000000000000000, 0.000000000000000000, 1.000000000000000000 ) ) ;
#4592 = EDGE_CURVE ( 'NONE', #4497, #3225, #6758, .T. ) ;
#4593 = DIRECTION ( 'NONE',  ( 1.000000000000000000, 0.000000000000000000, 0.000000000000000000 ) ) ;
#4594 = PLANE ( 'NONE',  #6396 ) ;
#4595 = UNCERTAINTY_MEASURE_WITH_UNIT (LENGTH_MEASURE( 1.000000000000000082E-05 ), #3461, 'distance_accuracy_value', 'NONE');
#4596 = ORIENTED_EDGE ( 'NONE', *, *, #2878, .F. ) ;
#4597 = ORIENTED_EDGE ( 'NONE', *, *, #2797, .F. ) ;
#4598 =( LENGTH_UNIT ( ) NAMED_UNIT ( * ) SI_UNIT ( .MILLI., .METRE. ) );
#4599 = ORIENTED_EDGE ( 'NONE', *, *, #4900, .T. ) ;
#4600 = CARTESIAN_POINT ( 'NONE',  ( 2.465000000000000302, 0.8149999999999999467, 0.000000000000000000 ) ) ;
#4601 = CARTESIAN_POINT ( 'NONE',  ( 2.895000000000000018, -0.4550000000000000155, 0.000000000000000000 ) ) ;
#4602 = FILL_AREA_STYLE ('',( #1413 ) ) ;
#4603 = DIRECTION ( 'NONE',  ( 0.000000000000000000, 0.000000000000000000, 1.000000000000000000 ) ) ;
#4604 = EDGE_LOOP ( 'NONE', ( #2781, #1167, #413, #3809, #2323, #1377, #5049, #4313 ) ) ;
#4605 = ORIENTED_EDGE ( 'NONE', *, *, #338, .F. ) ;
#4606 = CARTESIAN_POINT ( 'NONE',  ( 2.945000000000000284, 0.7649999999999999023, 0.3300000000000000155 ) ) ;
#4607 =( NAMED_UNIT ( * ) SI_UNIT ( $, .STERADIAN. ) SOLID_ANGLE_UNIT ( ) );
#4608 = CARTESIAN_POINT ( 'NONE',  ( -2.945000000000000284, 2.449999999999999734, 0.000000000000000000 ) ) ;
#4609 = FACE_OUTER_BOUND ( 'NONE', #452, .T. ) ;
#4610 = STYLED_ITEM ( 'NONE', ( #3614 ), #1304 ) ;
#4611 = ORIENTED_EDGE ( 'NONE', *, *, #63, .T. ) ;
#4612 = DIRECTION ( 'NONE',  ( 1.000000000000000000, 0.000000000000000000, 0.000000000000000000 ) ) ;
#4613 = CARTESIAN_POINT ( 'NONE',  ( -2.895000000000000018, 0.8149999999999999467, 0.3800000000000000044 ) ) ;
#4614 =( GEOMETRIC_REPRESENTATION_CONTEXT ( 3 ) GLOBAL_UNCERTAINTY_ASSIGNED_CONTEXT ( ( #528 ) ) GLOBAL_UNIT_ASSIGNED_CONTEXT ( ( #3898, #5492, #2714 ) ) REPRESENTATION_CONTEXT ( 'NONE', 'WORKASPACE' ) );
#4615 = SURFACE_STYLE_USAGE ( .BOTH. , #6238 ) ;
#4616 = LINE ( 'NONE', #1190, #3034 ) ;
#4617 = DIRECTION ( 'NONE',  ( -0.8660254037844390407, 0.4999999999999995004, 0.000000000000000000 ) ) ;
#4618 = VECTOR ( 'NONE', #662, 1000.000000000000000 ) ;
#4619 = ADVANCED_FACE ( 'NONE', ( #3445 ), #1265, .F. ) ;
#4620 = VERTEX_POINT ( 'NONE', #250 ) ;
#4621 = CARTESIAN_POINT ( 'NONE',  ( 2.945000000000000284, 0.4550000000000000155, 0.3800000000000000044 ) ) ;
#4622 = ADVANCED_FACE ( 'NONE', ( #4023 ), #6177, .F. ) ;
#4623 = EDGE_LOOP ( 'NONE', ( #246, #5084, #4492, #3417 ) ) ;
#4624 = DIRECTION ( 'NONE',  ( 0.8660254037844390407, -0.4999999999999995004, 0.000000000000000000 ) ) ;
#4625 = CARTESIAN_POINT ( 'NONE',  ( 2.895000000000000018, 0.4049999999999999711, 0.3800000000000000044 ) ) ;
#4626 = VECTOR ( 'NONE', #6319, 1000.000000000000000 ) ;
#4627 = ADVANCED_FACE ( 'NONE', ( #1479 ), #7070, .T. ) ;
#4628 = EDGE_LOOP ( 'NONE', ( #2442, #601, #6097, #6092, #331, #342, #5119, #4544 ) ) ;
#4629 = EDGE_CURVE ( 'NONE', #6035, #648, #1016, .T. ) ;
#4630 = VERTEX_POINT ( 'NONE', #5287 ) ;
#4631 =( NAMED_UNIT ( * ) PLANE_ANGLE_UNIT ( ) SI_UNIT ( $, .RADIAN. ) );
#4632 = EDGE_CURVE ( 'NONE', #2311, #3532, #3188, .T. ) ;
#4633 = ORIENTED_EDGE ( 'NONE', *, *, #2220, .T. ) ;
#4634 = SURFACE_SIDE_STYLE ('',( #731 ) ) ;
#4635 = CARTESIAN_POINT ( 'NONE',  ( -2.945000000000000284, 2.449999999999999734, 0.000000000000000000 ) ) ;
#4636 = DIRECTION ( 'NONE',  ( 0.000000000000000000, 0.000000000000000000, 1.000000000000000000 ) ) ;
#4637 = DIRECTION ( 'NONE',  ( -1.000000000000000000, 0.000000000000000000, 0.000000000000000000 ) ) ;
#4638 = CARTESIAN_POINT ( 'NONE',  ( -0.4449999999999999512, -1.879999999999999893, 0.000000000000000000 ) ) ;
#4639 = VECTOR ( 'NONE', #5467, 1000.000000000000000 ) ;
#4640 = ORIENTED_EDGE ( 'NONE', *, *, #6488, .F. ) ;
#4641 = ORIENTED_EDGE ( 'NONE', *, *, #691, .F. ) ;
#4643 = VECTOR ( 'NONE', #837, 1000.000000000000000 ) ;
#4642 = FACE_OUTER_BOUND ( 'NONE', #2835, .T. ) ;
#4644 = LINE ( 'NONE', #4608, #6612 ) ;
#4645 = CARTESIAN_POINT ( 'NONE',  ( -2.895000000000000018, -0.8649999999999999911, 0.000000000000000000 ) ) ;
#4646 = CARTESIAN_POINT ( 'NONE',  ( -2.465000000000000302, -0.8649999999999999911, 0.3300000000000000155 ) ) ;
#4647 = CARTESIAN_POINT ( 'NONE',  ( -2.895000000000000018, 0.8149999999999999467, 0.000000000000000000 ) ) ;
#4648 = COLOUR_RGB ( '',0.2862745098039215508, 0.2862745098039215508, 0.2862745098039215508 ) ;
#4649 = LINE ( 'NONE', #1926, #6328 ) ;
#4650 = FILL_AREA_STYLE ('',( #3545 ) ) ;
#4651 = LINE ( 'NONE', #130, #2961 ) ;
#4652 = MECHANICAL_DESIGN_GEOMETRIC_PRESENTATION_REPRESENTATION (  '', ( #3626 ), #1901 ) ;
#4653 = ORIENTED_EDGE ( 'NONE', *, *, #6442, .F. ) ;
#4654 = ORIENTED_EDGE ( 'NONE', *, *, #4200, .T. ) ;
#4655 = SURFACE_SIDE_STYLE ('',( #6862 ) ) ;
#4656 = CARTESIAN_POINT ( 'NONE',  ( 2.945000000000000284, 0.7649999999999999023, 0.3800000000000000044 ) ) ;
#4657 = UNCERTAINTY_MEASURE_WITH_UNIT (LENGTH_MEASURE( 1.000000000000000082E-05 ), #128, 'distance_accuracy_value', 'NONE');
#4658 = COLOUR_RGB ( '',0.2862745098039215508, 0.2862745098039215508, 0.2862745098039215508 ) ;
#4659 = MECHANICAL_DESIGN_GEOMETRIC_PRESENTATION_REPRESENTATION (  '', ( #5954 ), #5840 ) ;
#4660 = EDGE_LOOP ( 'NONE', ( #897, #5903, #1765, #6227 ) ) ;
#4661 = EDGE_LOOP ( 'NONE', ( #182, #4347, #5415, #1587 ) ) ;
#4662 = FACE_OUTER_BOUND ( 'NONE', #3665, .T. ) ;
#4663 = ORIENTED_EDGE ( 'NONE', *, *, #337, .T. ) ;
#4664 = ORIENTED_EDGE ( 'NONE', *, *, #1527, .F. ) ;
#4665 = FACE_OUTER_BOUND ( 'NONE', #2449, .T. ) ;
#4666 = SURFACE_STYLE_FILL_AREA ( #2347 ) ;
#4667 = EDGE_CURVE ( 'NONE', #987, #6269, #1973, .T. ) ;
#4668 = LINE ( 'NONE', #1491, #3988 ) ;
#4669 = STYLED_ITEM ( 'NONE', ( #2444 ), #6819 ) ;
#4670 = AXIS2_PLACEMENT_3D ( 'NONE', #5953, #4787, #3944 ) ;
#4671 = ADVANCED_FACE ( 'NONE', ( #364 ), #6399, .T. ) ;
#4672 = ADVANCED_FACE ( 'NONE', ( #473 ), #6935, .T. ) ;
#4673 = VECTOR ( 'NONE', #224, 1000.000000000000000 ) ;
#4674 = EDGE_LOOP ( 'NONE', ( #3884, #3785, #2512, #6263 ) ) ;
#4675 = VERTEX_POINT ( 'NONE', #4735 ) ;
#4676 = COLOUR_RGB ( '',0.2862745098039215508, 0.2862745098039215508, 0.2862745098039215508 ) ;
#4677 = DIRECTION ( 'NONE',  ( -0.000000000000000000, 1.000000000000000000, 0.000000000000000000 ) ) ;
#4678 = VERTEX_POINT ( 'NONE', #2652 ) ;
#4679 = LINE ( 'NONE', #7054, #1502 ) ;
#4680 = FILL_AREA_STYLE_COLOUR ( '', #6724 ) ;
#4681 = APPLICATION_PROTOCOL_DEFINITION ( 'draft international standard', 'automotive_design', 1998, #267 ) ;
#4682 = EDGE_CURVE ( 'NONE', #4826, #7058, #2620, .T. ) ;
#4683 = MECHANICAL_DESIGN_GEOMETRIC_PRESENTATION_REPRESENTATION (  '', ( #7133 ), #2964 ) ;
#4684 = ORIENTED_EDGE ( 'NONE', *, *, #602, .T. ) ;
#4685 = CARTESIAN_POINT ( 'NONE',  ( 2.465000000000000302, 0.4049999999999999711, 0.3800000000000000044 ) ) ;
#4686 = CARTESIAN_POINT ( 'NONE',  ( 2.945000000000000284, 0.4550000000000000155, 0.3800000000000000044 ) ) ;
#4687 = CARTESIAN_POINT ( 'NONE',  ( -2.895000000000000018, 2.084999999999999964, 0.3800000000000000044 ) ) ;
#4688 = SURFACE_SIDE_STYLE ('',( #1730 ) ) ;
#4689 = PLANE ( 'NONE',  #6452 ) ;
#4690 = SURFACE_STYLE_FILL_AREA ( #5166 ) ;
#4691 = SURFACE_STYLE_USAGE ( .BOTH. , #5203 ) ;
#4692 = LINE ( 'NONE', #1471, #5029 ) ;
#4693 = STYLED_ITEM ( 'NONE', ( #7000 ), #209 ) ;
#4694 = ORIENTED_EDGE ( 'NONE', *, *, #288, .T. ) ;
#4695 = DIRECTION ( 'NONE',  ( 1.000000000000000000, 0.000000000000000000, 0.000000000000000000 ) ) ;
#4696 = SURFACE_STYLE_FILL_AREA ( #402 ) ;
#4697 = ORIENTED_EDGE ( 'NONE', *, *, #105, .T. ) ;
#4699 = AXIS2_PLACEMENT_3D ( 'NONE', #7059, #3143, #4220 ) ;
#4698 = CARTESIAN_POINT ( 'NONE',  ( -3.075000000000000178, 0.7649999999999999023, 0.000000000000000000 ) ) ;
#4700 =( LENGTH_UNIT ( ) NAMED_UNIT ( * ) SI_UNIT ( .MILLI., .METRE. ) );
#4701 = VECTOR ( 'NONE', #6153, 1000.000000000000000 ) ;
#4702 = EDGE_LOOP ( 'NONE', ( #90, #1315, #7124, #2981 ) ) ;
#4703 = ORIENTED_EDGE ( 'NONE', *, *, #882, .T. ) ;
#4704 = DIRECTION ( 'NONE',  ( 0.000000000000000000, 0.000000000000000000, 1.000000000000000000 ) ) ;
#4705 = ORIENTED_EDGE ( 'NONE', *, *, #1705, .T. ) ;
#4706 = CARTESIAN_POINT ( 'NONE',  ( 2.465000000000000302, -2.135000000000000231, 0.000000000000000000 ) ) ;
#4707 = CARTESIAN_POINT ( 'NONE',  ( 0.5799999999999999600, -2.423826859021799951, 0.000000000000000000 ) ) ;
#4708 = LINE ( 'NONE', #6410, #5668 ) ;
#4709 = LINE ( 'NONE', #6844, #2613 ) ;
#4710 = AXIS2_PLACEMENT_3D ( 'NONE', #6695, #1169, #2774 ) ;
#4711 = EDGE_CURVE ( 'NONE', #1953, #6102, #6970, .T. ) ;
#4712 = EDGE_LOOP ( 'NONE', ( #2818, #2998, #319, #2803 ) ) ;
#4713 = ORIENTED_EDGE ( 'NONE', *, *, #3346, .T. ) ;
#4714 =( LENGTH_UNIT ( ) NAMED_UNIT ( * ) SI_UNIT ( .MILLI., .METRE. ) );
#4715 = DIRECTION ( 'NONE',  ( 1.000000000000000000, 0.000000000000000000, 0.000000000000000000 ) ) ;
#4716 = FACE_OUTER_BOUND ( 'NONE', #5331, .T. ) ;
#4717 = DIRECTION ( 'NONE',  ( 1.000000000000000000, 9.424643672539529398E-17, 0.000000000000000000 ) ) ;
#4718 = ADVANCED_FACE ( 'NONE', ( #5837 ), #4841, .T. ) ;
#4719 = CARTESIAN_POINT ( 'NONE',  ( -3.075000000000000178, -2.084999999999999964, 0.3800000000000000044 ) ) ;
#4720 = EDGE_LOOP ( 'NONE', ( #2352, #6544, #248, #2441 ) ) ;
#4721 = EDGE_CURVE ( 'NONE', #1687, #4630, #4199, .T. ) ;
#4722 = ORIENTED_EDGE ( 'NONE', *, *, #3361, .T. ) ;
#4723 = LINE ( 'NONE', #2067, #1158 ) ;
#4724 = SURFACE_SIDE_STYLE ('',( #6927 ) ) ;
#4725 =( NAMED_UNIT ( * ) PLANE_ANGLE_UNIT ( ) SI_UNIT ( $, .RADIAN. ) );
#4726 = EDGE_CURVE ( 'NONE', #3140, #6968, #4127, .T. ) ;
#4727 = CARTESIAN_POINT ( 'NONE',  ( 0.4449999999999999512, 1.879999999999999893, 0.000000000000000000 ) ) ;
#4728 =( LENGTH_UNIT ( ) NAMED_UNIT ( * ) SI_UNIT ( .MILLI., .METRE. ) );
#4729 = CARTESIAN_POINT ( 'NONE',  ( -2.465000000000000302, 1.675000000000000044, 0.000000000000000000 ) ) ;
#4730 = VECTOR ( 'NONE', #5419, 1000.000000000000000 ) ;
#4731 = VERTEX_POINT ( 'NONE', #5871 ) ;
#4732 = VECTOR ( 'NONE', #6301, 1000.000000000000000 ) ;
#4733 = SURFACE_STYLE_USAGE ( .BOTH. , #7107 ) ;
#4734 = CARTESIAN_POINT ( 'NONE',  ( 2.465000000000000302, 1.879999999999999893, 0.3300000000000000155 ) ) ;
#4735 = CARTESIAN_POINT ( 'NONE',  ( 2.945000000000000284, 2.034999999999999698, 0.3800000000000000044 ) ) ;
#4736 =( NAMED_UNIT ( * ) PLANE_ANGLE_UNIT ( ) SI_UNIT ( $, .RADIAN. ) );
#4737 = VECTOR ( 'NONE', #6697, 1000.000000000000000 ) ;
#4738 = ORIENTED_EDGE ( 'NONE', *, *, #3935, .F. ) ;
#4739 = DIRECTION ( 'NONE',  ( 1.000000000000000000, 0.000000000000000000, 0.000000000000000000 ) ) ;
#4740 = VECTOR ( 'NONE', #251, 1000.000000000000000 ) ;
#4741 = ORIENTED_EDGE ( 'NONE', *, *, #6017, .T. ) ;
#4742 = EDGE_LOOP ( 'NONE', ( #4132, #6247, #4454, #6490 ) ) ;
#4743 = LINE ( 'NONE', #295, #5175 ) ;
#4744 = DIRECTION ( 'NONE',  ( 0.000000000000000000, 0.000000000000000000, 1.000000000000000000 ) ) ;
#4745 = DIRECTION ( 'NONE',  ( 1.000000000000000000, 0.000000000000000000, 0.000000000000000000 ) ) ;
#4746 = DIRECTION ( 'NONE',  ( -1.000000000000000000, 0.000000000000000000, 0.000000000000000000 ) ) ;
#4747 = VECTOR ( 'NONE', #6542, 1000.000000000000000 ) ;
#4748 = ORIENTED_EDGE ( 'NONE', *, *, #1854, .T. ) ;
#4749 = EDGE_LOOP ( 'NONE', ( #3273, #2074, #6094, #5206 ) ) ;
#4750 = DIRECTION ( 'NONE',  ( 1.000000000000000000, 0.000000000000000000, 0.000000000000000000 ) ) ;
#4751 = CARTESIAN_POINT ( 'NONE',  ( -0.9650000000000000799, -1.989999999999999991, 0.000000000000000000 ) ) ;
#4752 = PLANE ( 'NONE',  #1126 ) ;
#4753 = COLOUR_RGB ( '',0.2862745098039215508, 0.2862745098039215508, 0.2862745098039215508 ) ;
#4754 = PRODUCT_CONTEXT ( 'NONE', #4165, 'mechanical' ) ;
#4755 = FACE_OUTER_BOUND ( 'NONE', #2856, .T. ) ;
#4756 = UNCERTAINTY_MEASURE_WITH_UNIT (LENGTH_MEASURE( 1.000000000000000082E-05 ), #4001, 'distance_accuracy_value', 'NONE');
#4757 = EDGE_CURVE ( 'NONE', #43, #2656, #918, .T. ) ;
#4758 = VECTOR ( 'NONE', #2434, 1000.000000000000000 ) ;
#4759 = ORIENTED_EDGE ( 'NONE', *, *, #2567, .T. ) ;
#4760 = VERTEX_POINT ( 'NONE', #7002 ) ;
#4761 = DIRECTION ( 'NONE',  ( -1.000000000000000000, -1.907599698668639923E-16, 0.000000000000000000 ) ) ;
#4762 = DIRECTION ( 'NONE',  ( 0.000000000000000000, 0.000000000000000000, 1.000000000000000000 ) ) ;
#4763 = CARTESIAN_POINT ( 'NONE',  ( -2.465000000000000302, 1.879999999999999893, 0.000000000000000000 ) ) ;
#4764 = CARTESIAN_POINT ( 'NONE',  ( -2.465000000000000302, 1.879999999999999893, 0.3800000000000000044 ) ) ;
#4765 = FILL_AREA_STYLE ('',( #977 ) ) ;
#4766 =( NAMED_UNIT ( * ) SI_UNIT ( $, .STERADIAN. ) SOLID_ANGLE_UNIT ( ) );
#4768 = DIRECTION ( 'NONE',  ( 0.000000000000000000, 1.000000000000000000, 0.000000000000000000 ) ) ;
#4767 = VECTOR ( 'NONE', #1572, 1000.000000000000000 ) ;
#4769 = CARTESIAN_POINT ( 'NONE',  ( -2.895000000000000018, 0.8149999999999999467, 0.000000000000000000 ) ) ;
#4770 = EDGE_CURVE ( 'NONE', #667, #3989, #2043, .T. ) ;
#4771 = EDGE_CURVE ( 'NONE', #6837, #2342, #7038, .T. ) ;
#4772 = EDGE_CURVE ( 'NONE', #5618, #1970, #982, .T. ) ;
#4773 = PRESENTATION_LAYER_ASSIGNMENT (  '', '', ( #3848 ) ) ;
#4774 = FILL_AREA_STYLE_COLOUR ( '', #4122 ) ;
#4775 = SURFACE_SIDE_STYLE ('',( #4696 ) ) ;
#4776 = DIRECTION ( 'NONE',  ( 0.000000000000000000, 0.000000000000000000, -1.000000000000000000 ) ) ;
#4777 = FACE_OUTER_BOUND ( 'NONE', #202, .T. ) ;
#4778 = EDGE_CURVE ( 'NONE', #4497, #375, #4810, .T. ) ;
#4779 = VECTOR ( 'NONE', #3833, 1000.000000000000000 ) ;
#4780 = ORIENTED_EDGE ( 'NONE', *, *, #68, .F. ) ;
#4782 = CARTESIAN_POINT ( 'NONE',  ( -1.318523908571979986, -1.577678628662990024, 0.000000000000000000 ) ) ;
#4781 = COLOUR_RGB ( '',0.2862745098039215508, 0.2862745098039215508, 0.2862745098039215508 ) ;
#4783 = VERTEX_POINT ( 'NONE', #1549 ) ;
#4784 =( NAMED_UNIT ( * ) SI_UNIT ( $, .STERADIAN. ) SOLID_ANGLE_UNIT ( ) );
#4785 = SURFACE_STYLE_FILL_AREA ( #1026 ) ;
#4786 = LINE ( 'NONE', #6448, #6620 ) ;
#4787 = DIRECTION ( 'NONE',  ( 0.9945218953682734009, 0.000000000000000000, -0.1045284632676540537 ) ) ;
#4788 = COLOUR_RGB ( '',0.2862745098039215508, 0.2862745098039215508, 0.2862745098039215508 ) ;
#4789 = ORIENTED_EDGE ( 'NONE', *, *, #4026, .F. ) ;
#4790 = VERTEX_POINT ( 'NONE', #3048 ) ;
#4791 = FILL_AREA_STYLE_COLOUR ( '', #5450 ) ;
#4792 = LINE ( 'NONE', #6986, #2185 ) ;
#4793 = CARTESIAN_POINT ( 'NONE',  ( 2.465000000000000302, -1.879999999999999893, 0.3300000000000000155 ) ) ;
#4794 = PRESENTATION_LAYER_ASSIGNMENT (  '', '', ( #6551 ) ) ;
#4795 =( NAMED_UNIT ( * ) PLANE_ANGLE_UNIT ( ) SI_UNIT ( $, .RADIAN. ) );
#4796 = DIRECTION ( 'NONE',  ( 0.000000000000000000, 0.000000000000000000, 1.000000000000000000 ) ) ;
#4797 = ORIENTED_EDGE ( 'NONE', *, *, #151, .T. ) ;
#4798 = MECHANICAL_DESIGN_GEOMETRIC_PRESENTATION_REPRESENTATION (  '', ( #88 ), #1928 ) ;
#4799 = ORIENTED_EDGE ( 'NONE', *, *, #4290, .F. ) ;
#4800 = VERTEX_POINT ( 'NONE', #4344 ) ;
#4801 = CARTESIAN_POINT ( 'NONE',  ( 2.945000000000000284, -2.449999999999999734, 0.000000000000000000 ) ) ;
#4802 = CARTESIAN_POINT ( 'NONE',  ( -2.895000000000000018, -0.8649999999999999911, 0.000000000000000000 ) ) ;
#4803 = CARTESIAN_POINT ( 'NONE',  ( 2.465000000000000302, -1.724999999999999867, 0.000000000000000000 ) ) ;
#4804 = CARTESIAN_POINT ( 'NONE',  ( -2.465000000000000302, 0.8149999999999999467, 0.000000000000000000 ) ) ;
#4805 = SURFACE_STYLE_USAGE ( .BOTH. , #397 ) ;
#4806 = VECTOR ( 'NONE', #1678, 1000.000000000000000 ) ;
#4807 =( GEOMETRIC_REPRESENTATION_CONTEXT ( 3 ) GLOBAL_UNCERTAINTY_ASSIGNED_CONTEXT ( ( #2297 ) ) GLOBAL_UNIT_ASSIGNED_CONTEXT ( ( #5055, #6233, #636 ) ) REPRESENTATION_CONTEXT ( 'NONE', 'WORKASPACE' ) );
#4808 = ADVANCED_FACE ( 'NONE', ( #542 ), #6640, .T. ) ;
#4809 = LINE ( 'NONE', #5941, #7145 ) ;
#4810 = LINE ( 'NONE', #4268, #4431 ) ;
#4811 = EDGE_CURVE ( 'NONE', #221, #1811, #1681, .T. ) ;
#4812 = PRESENTATION_STYLE_ASSIGNMENT (( #2470 ) ) ;
#4813 = EDGE_CURVE ( 'NONE', #1228, #3483, #505, .T. ) ;
#4814 = CLOSED_SHELL ( 'NONE', ( #3696, #6572, #4028, #478, #7083, #6111, #209, #5880, #3398, #6819, #1056, #2966, #2754, #6246, #5126, #1863, #3349, #834, #1011, #7001, #4279, #6742, #7134, #1347, #1139, #2569, #5384, #6255, #190, #5984, #4369, #346, #2397, #4551, #5118, #1819, #4622, #1342, #4988, #4619, #1138, #3751, #999, #6240, #5696, #6909, #5927, #5262, #6610, #2751, #6835, #2134, #2917, #5889, #6603, #2221, #4512, #3539, #5032, #6393, #3136, #5565, #737, #1486, #2432, #835, #3796, #1261, #6647, #956, #4465, #2578, #7139, #1304, #2079, #6518, #1620, #3981, #1738, #5567, #6997, #5976, #5124, #3800, #6643, #4553, #6608, #2088, #6525, #4019, #6701 ) ) ;
#4815 = VERTEX_POINT ( 'NONE', #4309 ) ;
#4816 = EDGE_CURVE ( 'NONE', #998, #5476, #426, .T. ) ;
#4817 = EDGE_LOOP ( 'NONE', ( #1393, #1976, #573, #2654 ) ) ;
#4818 = ORIENTED_EDGE ( 'NONE', *, *, #151, .F. ) ;
#4819 = CARTESIAN_POINT ( 'NONE',  ( 0.8299999999999999600, 2.423826859021799951, 0.000000000000000000 ) ) ;
#4820 = VERTEX_POINT ( 'NONE', #1052 ) ;
#4821 = FILL_AREA_STYLE ('',( #1945 ) ) ;
#4822 =( NAMED_UNIT ( * ) SI_UNIT ( $, .STERADIAN. ) SOLID_ANGLE_UNIT ( ) );
#4823 = DIRECTION ( 'NONE',  ( 0.000000000000000000, 0.000000000000000000, -1.000000000000000000 ) ) ;
#4824 = LINE ( 'NONE', #7049, #2495 ) ;
#4825 = PRESENTATION_LAYER_ASSIGNMENT (  '', '', ( #4360 ) ) ;
#4826 = VERTEX_POINT ( 'NONE', #607 ) ;
#4827 =( NAMED_UNIT ( * ) PLANE_ANGLE_UNIT ( ) SI_UNIT ( $, .RADIAN. ) );
#4828 =( NAMED_UNIT ( * ) SI_UNIT ( $, .STERADIAN. ) SOLID_ANGLE_UNIT ( ) );
#4829 = LINE ( 'NONE', #5958, #4452 ) ;
#4830 = CARTESIAN_POINT ( 'NONE',  ( -2.895000000000000018, 0.4049999999999999711, 0.000000000000000000 ) ) ;
#4831 = LINE ( 'NONE', #527, #5483 ) ;
#4832 = UNCERTAINTY_MEASURE_WITH_UNIT (LENGTH_MEASURE( 1.000000000000000082E-05 ), #5920, 'distance_accuracy_value', 'NONE');
#4833 = ORIENTED_EDGE ( 'NONE', *, *, #4772, .F. ) ;
#4834 = CARTESIAN_POINT ( 'NONE',  ( 0.8299999999999999600, 2.423826859021799951, 0.000000000000000000 ) ) ;
#4835 = CARTESIAN_POINT ( 'NONE',  ( -0.4449999999999999512, 2.189999999999999947, 0.000000000000000000 ) ) ;
#4836 = FACE_OUTER_BOUND ( 'NONE', #7093, .T. ) ;
#4837 = CARTESIAN_POINT ( 'NONE',  ( 1.447500000000000009, 2.084999999999999964, 0.000000000000000000 ) ) ;
#4838 = CARTESIAN_POINT ( 'NONE',  ( -0.9650000000000000799, 2.189999999999999947, 0.000000000000000000 ) ) ;
#4839 = DIRECTION ( 'NONE',  ( -0.7071067811865570096, 0.7071067811865380248, 0.000000000000000000 ) ) ;
#4840 = PRESENTATION_LAYER_ASSIGNMENT (  '', '', ( #718 ) ) ;
#4841 = PLANE ( 'NONE',  #765 ) ;
#4842 = CARTESIAN_POINT ( 'NONE',  ( -2.945000000000000284, 2.449999999999999734, 0.000000000000000000 ) ) ;
#4843 = EDGE_CURVE ( 'NONE', #2845, #6837, #7111, .T. ) ;
#4844 = ORIENTED_EDGE ( 'NONE', *, *, #1661, .T. ) ;
#4845 = DIRECTION ( 'NONE',  ( 1.000000000000000000, 0.000000000000000000, 0.000000000000000000 ) ) ;
#4846 = EDGE_LOOP ( 'NONE', ( #6597, #52, #5466, #3141 ) ) ;
#4847 = DIRECTION ( 'NONE',  ( 1.000000000000000000, -1.907599698668650031E-16, 0.000000000000000000 ) ) ;
#4848 = FILL_AREA_STYLE_COLOUR ( '', #4648 ) ;
#4850 = LINE ( 'NONE', #1590, #5670 ) ;
#4849 = PRESENTATION_LAYER_ASSIGNMENT (  '', '', ( #1772 ) ) ;
#4851 = PLANE ( 'NONE',  #6317 ) ;
#4852 = EDGE_CURVE ( 'NONE', #6036, #5362, #4448, .T. ) ;
#4853 = ADVANCED_FACE ( 'NONE', ( #4913 ), #24, .T. ) ;
#4854 = EDGE_CURVE ( 'NONE', #2410, #6629, #2144, .T. ) ;
#4855 = VECTOR ( 'NONE', #325, 1000.000000000000114 ) ;
#4856 = VERTEX_POINT ( 'NONE', #7151 ) ;
#4857 = LINE ( 'NONE', #5408, #4529 ) ;
#4858 = FILL_AREA_STYLE_COLOUR ( '', #3526 ) ;
#4859 = CARTESIAN_POINT ( 'NONE',  ( 2.465000000000000302, -0.4550000000000000155, 0.000000000000000000 ) ) ;
#4860 = VECTOR ( 'NONE', #4356, 1000.000000000000000 ) ;
#4861 = VECTOR ( 'NONE', #466, 1000.000000000000000 ) ;
#4862 = ORIENTED_EDGE ( 'NONE', *, *, #4726, .F. ) ;
#4863 = ORIENTED_EDGE ( 'NONE', *, *, #2305, .F. ) ;
#4864 = EDGE_LOOP ( 'NONE', ( #1329, #211, #6113, #5860 ) ) ;
#4865 = AXIS2_PLACEMENT_3D ( 'NONE', #4819, #4241, #3664 ) ;
#4866 = VECTOR ( 'NONE', #6660, 1000.000000000000000 ) ;
#4867 = SURFACE_STYLE_FILL_AREA ( #1427 ) ;
#4868 = LINE ( 'NONE', #13, #1670 ) ;
#4869 = CARTESIAN_POINT ( 'NONE',  ( 2.465000000000000302, 0.8149999999999999467, 0.3800000000000000044 ) ) ;
#4870 = CARTESIAN_POINT ( 'NONE',  ( -2.465000000000000302, 0.8149999999999999467, 0.000000000000000000 ) ) ;
#4871 = PRESENTATION_LAYER_ASSIGNMENT (  '', '', ( #3262 ) ) ;
#4872 = ORIENTED_EDGE ( 'NONE', *, *, #3536, .T. ) ;
#4873 = SURFACE_STYLE_FILL_AREA ( #4340 ) ;
#4874 = CARTESIAN_POINT ( 'NONE',  ( -2.465000000000000302, 0.4049999999999999711, 0.000000000000000000 ) ) ;
#4875 = DIRECTION ( 'NONE',  ( -1.000000000000000000, -4.252870457233460798E-15, 0.000000000000000000 ) ) ;
#4876 = DIRECTION ( 'NONE',  ( 1.000000000000000000, 0.000000000000000000, 0.000000000000000000 ) ) ;
#4877 = LINE ( 'NONE', #2721, #2247 ) ;
#4878 = DIRECTION ( 'NONE',  ( 0.000000000000000000, 1.000000000000000000, 0.000000000000000000 ) ) ;
#4879 = ORIENTED_EDGE ( 'NONE', *, *, #4466, .T. ) ;
#4880 = VERTEX_POINT ( 'NONE', #3765 ) ;
#4881 = LINE ( 'NONE', #4314, #378 ) ;
#4882 = PLANE ( 'NONE',  #1006 ) ;
#4883 = VECTOR ( 'NONE', #2903, 1000.000000000000114 ) ;
#4884 = FACE_OUTER_BOUND ( 'NONE', #1576, .T. ) ;
#4885 = UNCERTAINTY_MEASURE_WITH_UNIT (LENGTH_MEASURE( 1.000000000000000082E-05 ), #1373, 'distance_accuracy_value', 'NONE');
#4886 = VECTOR ( 'NONE', #1470, 1000.000000000000000 ) ;
#4887 = VERTEX_POINT ( 'NONE', #1081 ) ;
#4888 = ORIENTED_EDGE ( 'NONE', *, *, #3231, .F. ) ;
#4889 = DIRECTION ( 'NONE',  ( 0.000000000000000000, -1.000000000000000000, 0.000000000000000000 ) ) ;
#4890 = DIRECTION ( 'NONE',  ( -0.000000000000000000, 1.000000000000000000, 0.000000000000000000 ) ) ;
#4891 = EDGE_CURVE ( 'NONE', #221, #2257, #4375, .T. ) ;
#4892 = SURFACE_STYLE_FILL_AREA ( #2703 ) ;
#4893 = DIRECTION ( 'NONE',  ( -0.7071067811865510144, 0.7071067811865441310, 0.000000000000000000 ) ) ;
#4894 = CARTESIAN_POINT ( 'NONE',  ( 2.465000000000000302, 2.084999999999999964, 0.3300000000000000155 ) ) ;
#4895 = EDGE_CURVE ( 'NONE', #2967, #4573, #3220, .T. ) ;
#4896 = EDGE_CURVE ( 'NONE', #108, #3483, #4877, .T. ) ;
#4897 = COLOUR_RGB ( '',0.2862745098039215508, 0.2862745098039215508, 0.2862745098039215508 ) ;
#4898 = VERTEX_POINT ( 'NONE', #1647 ) ;
#4899 = CARTESIAN_POINT ( 'NONE',  ( 3.075000000000000178, -0.8149999999999999467, 0.000000000000000000 ) ) ;
#4900 = EDGE_CURVE ( 'NONE', #422, #1273, #5538, .T. ) ;
#4901 = DIRECTION ( 'NONE',  ( 0.000000000000000000, 1.000000000000000000, 0.000000000000000000 ) ) ;
#4902 = LINE ( 'NONE', #3249, #529 ) ;
#4903 = DIRECTION ( 'NONE',  ( 0.000000000000000000, 0.000000000000000000, 1.000000000000000000 ) ) ;
#4904 =( LENGTH_UNIT ( ) NAMED_UNIT ( * ) SI_UNIT ( .MILLI., .METRE. ) );
#4905 = VECTOR ( 'NONE', #1739, 1000.000000000000000 ) ;
#4906 = AXIS2_PLACEMENT_3D ( 'NONE', #3978, #1292, #3471 ) ;
#4907 = VERTEX_POINT ( 'NONE', #3869 ) ;
#4908 = CARTESIAN_POINT ( 'NONE',  ( -2.895000000000000018, 0.4049999999999999711, 0.000000000000000000 ) ) ;
#4909 = PRESENTATION_LAYER_ASSIGNMENT (  '', '', ( #1592 ) ) ;
#4911 = CARTESIAN_POINT ( 'NONE',  ( 0.4450000000000179923, -1.879999999999999893, 0.3800000000000000044 ) ) ;
#4910 = AXIS2_PLACEMENT_3D ( 'NONE', #173, #4617, #6857 ) ;
#4912 =( NAMED_UNIT ( * ) PLANE_ANGLE_UNIT ( ) SI_UNIT ( $, .RADIAN. ) );
#4913 = FACE_OUTER_BOUND ( 'NONE', #5441, .T. ) ;
#4914 = DIRECTION ( 'NONE',  ( -1.000000000000000000, 0.000000000000000000, 0.000000000000000000 ) ) ;
#4915 = PRODUCT_DEFINITION_FORMATION_WITH_SPECIFIED_SOURCE ( 'ANY', '', #4959, .NOT_KNOWN. ) ;
#4916 = ORIENTED_EDGE ( 'NONE', *, *, #1913, .F. ) ;
#4917 = CARTESIAN_POINT ( 'NONE',  ( -2.465000000000000302, -0.4324999999999999956, 0.000000000000000000 ) ) ;
#4918 = ORIENTED_EDGE ( 'NONE', *, *, #3580, .T. ) ;
#4919 = LINE ( 'NONE', #5990, #2899 ) ;
#4921 = PRESENTATION_LAYER_ASSIGNMENT (  '', '', ( #6345 ) ) ;
#4920 = SURFACE_SIDE_STYLE ('',( #2731 ) ) ;
#4922 = DIRECTION ( 'NONE',  ( 0.000000000000000000, 0.000000000000000000, -1.000000000000000000 ) ) ;
#4923 = COLOUR_RGB ( '',0.2862745098039215508, 0.2862745098039215508, 0.2862745098039215508 ) ;
#4924 = ORIENTED_EDGE ( 'NONE', *, *, #293, .F. ) ;
#4925 = VERTEX_POINT ( 'NONE', #6576 ) ;
#4926 = CARTESIAN_POINT ( 'NONE',  ( 2.465000000000000302, 1.675000000000000044, 0.000000000000000000 ) ) ;
#4927 =( NAMED_UNIT ( * ) PLANE_ANGLE_UNIT ( ) SI_UNIT ( $, .RADIAN. ) );
#4928 = DIRECTION ( 'NONE',  ( -1.000000000000000000, 0.000000000000000000, 0.000000000000000000 ) ) ;
#4929 = PRESENTATION_LAYER_ASSIGNMENT (  '', '', ( #2874 ) ) ;
#4930 = ORIENTED_EDGE ( 'NONE', *, *, #1174, .T. ) ;
#4931 = EDGE_CURVE ( 'NONE', #301, #4820, #1618, .T. ) ;
#4932 = ORIENTED_EDGE ( 'NONE', *, *, #386, .F. ) ;
#4933 = PRODUCT_RELATED_PRODUCT_CATEGORY ( 'part', '', ( #551 ) ) ;
#4934 = ORIENTED_EDGE ( 'NONE', *, *, #6924, .F. ) ;
#4935 = EDGE_CURVE ( 'NONE', #2080, #4880, #2218, .T. ) ;
#4936 = CARTESIAN_POINT ( 'NONE',  ( -2.895000000000000018, 0.8149999999999999467, 0.3300000000000000155 ) ) ;
#4937 = LINE ( 'NONE', #2749, #1031 ) ;
#4938 = CARTESIAN_POINT ( 'NONE',  ( 2.895000000000000018, 2.084999999999999964, 0.000000000000000000 ) ) ;
#4939 = PRESENTATION_STYLE_ASSIGNMENT (( #2174 ) ) ;
#4940 =( NAMED_UNIT ( * ) PLANE_ANGLE_UNIT ( ) SI_UNIT ( $, .RADIAN. ) );
#4941 = EDGE_CURVE ( 'NONE', #2342, #6280, #5501, .T. ) ;
#4942 = EDGE_CURVE ( 'NONE', #5362, #4783, #577, .T. ) ;
#4943 = EDGE_CURVE ( 'NONE', #3914, #1773, #58, .T. ) ;
#4944 = CARTESIAN_POINT ( 'NONE',  ( -2.465000000000000302, 1.675000000000000044, 0.000000000000000000 ) ) ;
#4945 = CARTESIAN_POINT ( 'NONE',  ( 2.945000000000000284, -1.775000000000000133, 0.000000000000000000 ) ) ;
#4946 = CARTESIAN_POINT ( 'NONE',  ( 2.945000000000000284, 0.4550000000000000155, 0.3300000000000000155 ) ) ;
#4947 = FILL_AREA_STYLE_COLOUR ( '', #3530 ) ;
#4948 = CARTESIAN_POINT ( 'NONE',  ( -2.945000000000000284, -0.8149999999999999467, 0.000000000000000000 ) ) ;
#4949 = FILL_AREA_STYLE ('',( #5502 ) ) ;
#4950 = EDGE_LOOP ( 'NONE', ( #6868, #6705 ) ) ;
#4951 = VERTEX_POINT ( 'NONE', #242 ) ;
#4952 = ORIENTED_EDGE ( 'NONE', *, *, #4239, .T. ) ;
#4953 = ORIENTED_EDGE ( 'NONE', *, *, #1648, .F. ) ;
#4954 = CARTESIAN_POINT ( 'NONE',  ( -2.465000000000000302, 0.8149999999999999467, 0.000000000000000000 ) ) ;
#4955 = DIRECTION ( 'NONE',  ( 0.000000000000000000, 1.000000000000000000, 0.000000000000000000 ) ) ;
#4956 = FACE_OUTER_BOUND ( 'NONE', #4176, .T. ) ;
#4957 = UNCERTAINTY_MEASURE_WITH_UNIT (LENGTH_MEASURE( 1.000000000000000082E-05 ), #2214, 'distance_accuracy_value', 'NONE');
#4958 = AXIS2_PLACEMENT_3D ( 'NONE', #6616, #616, #3337 ) ;
#4959 = PRODUCT ( 'Vishay SIR186DP-T1-RE3 1.STEP', 'Vishay SIR186DP-T1-RE3 1.STEP', '', ( #1990 ) ) ;
#4960 = ORIENTED_EDGE ( 'NONE', *, *, #2169, .T. ) ;
#4961 = EDGE_LOOP ( 'NONE', ( #291, #154, #5414, #2516, #1037, #2693 ) ) ;
#4962 = PLANE ( 'NONE',  #404 ) ;
#4963 = PRESENTATION_LAYER_ASSIGNMENT (  '', '', ( #140 ) ) ;
#4964 = DIRECTION ( 'NONE',  ( 0.000000000000000000, 1.000000000000000000, 0.000000000000000000 ) ) ;
#4965 = CARTESIAN_POINT ( 'NONE',  ( -0.8299999999999999600, 2.423826859021799951, 0.000000000000000000 ) ) ;
#4966 = PLANE ( 'NONE',  #3290 ) ;
#4967 = LINE ( 'NONE', #2239, #1995 ) ;
#4968 = VECTOR ( 'NONE', #2701, 1000.000000000000000 ) ;
#4969 = AXIS2_PLACEMENT_3D ( 'NONE', #6185, #1839, #5622 ) ;
#4970 = VERTEX_POINT ( 'NONE', #1290 ) ;
#4971 = ORIENTED_EDGE ( 'NONE', *, *, #4931, .T. ) ;
#4972 = CARTESIAN_POINT ( 'NONE',  ( 3.075000000000000178, -1.775000000000000133, 0.000000000000000000 ) ) ;
#4973 = DIRECTION ( 'NONE',  ( 1.000000000000000000, 0.000000000000000000, 0.000000000000000000 ) ) ;
#4974 = CARTESIAN_POINT ( 'NONE',  ( -2.945000000000000284, 0.4550000000000000155, 0.000000000000000000 ) ) ;
#4975 =( NAMED_UNIT ( * ) PLANE_ANGLE_UNIT ( ) SI_UNIT ( $, .RADIAN. ) );
#4976 = PRESENTATION_LAYER_ASSIGNMENT (  '', '', ( #1314 ) ) ;
#4977 = EDGE_CURVE ( 'NONE', #1953, #7009, #2867, .T. ) ;
#4978 = COLOUR_RGB ( '',0.2862745098039215508, 0.2862745098039215508, 0.2862745098039215508 ) ;
#4979 = ORIENTED_EDGE ( 'NONE', *, *, #1391, .F. ) ;
#4980 = CARTESIAN_POINT ( 'NONE',  ( 2.465000000000000302, 2.084999999999999964, 0.000000000000000000 ) ) ;
#4981 = SURFACE_SIDE_STYLE ('',( #1151 ) ) ;
#4982 = LINE ( 'NONE', #1646, #2457 ) ;
#4983 = CARTESIAN_POINT ( 'NONE',  ( 2.465000000000000302, 0.4049999999999999711, 0.3300000000000000155 ) ) ;
#4984 = EDGE_CURVE ( 'NONE', #4951, #1538, #5675, .T. ) ;
#4985 = DIRECTION ( 'NONE',  ( 0.000000000000000000, -1.000000000000000000, 0.000000000000000000 ) ) ;
#4986 = SURFACE_STYLE_FILL_AREA ( #4949 ) ;
#4987 = SURFACE_STYLE_FILL_AREA ( #2289 ) ;
#4988 = ADVANCED_FACE ( 'NONE', ( #6713 ), #1889, .F. ) ;
#4989 = EDGE_CURVE ( 'NONE', #1416, #2342, #4586, .T. ) ;
#4990 = STYLED_ITEM ( 'NONE', ( #6506 ), #3796 ) ;
#4991 = ORIENTED_EDGE ( 'NONE', *, *, #1571, .F. ) ;
#4992 = ORIENTED_EDGE ( 'NONE', *, *, #4942, .T. ) ;
#4993 = ORIENTED_EDGE ( 'NONE', *, *, #6480, .F. ) ;
#4994 = LINE ( 'NONE', #614, #4071 ) ;
#4995 = SURFACE_STYLE_FILL_AREA ( #2152 ) ;
#4996 = EDGE_CURVE ( 'NONE', #5689, #1975, #170, .T. ) ;
#4997 = PRESENTATION_STYLE_ASSIGNMENT (( #1625 ) ) ;
#4998 = DIRECTION ( 'NONE',  ( -0.7071067811865475727, -0.7071067811865475727, 0.000000000000000000 ) ) ;
#4999 = VECTOR ( 'NONE', #1924, 1000.000000000000000 ) ;
#5000 = MANIFOLD_SOLID_BREP ( 'Trans_Vishay_SIR696DP-T1-GE3_eec.STEP<1>[5]', #1939 ) ;
#5001 = ORIENTED_EDGE ( 'NONE', *, *, #923, .F. ) ;
#5002 = ORIENTED_EDGE ( 'NONE', *, *, #157, .T. ) ;
#5004 = LINE ( 'NONE', #74, #1655 ) ;
#5003 = MECHANICAL_DESIGN_GEOMETRIC_PRESENTATION_REPRESENTATION (  '', ( #6296 ), #2940 ) ;
#5005 = FACE_OUTER_BOUND ( 'NONE', #4008, .T. ) ;
#5006 = DIRECTION ( 'NONE',  ( 0.7071067811865474617, 0.7071067811865474617, 0.000000000000000000 ) ) ;
#5007 =( LENGTH_UNIT ( ) NAMED_UNIT ( * ) SI_UNIT ( .MILLI., .METRE. ) );
#5008 = PRESENTATION_LAYER_ASSIGNMENT (  '', '', ( #3626 ) ) ;
#5009 = ORIENTED_EDGE ( 'NONE', *, *, #1435, .F. ) ;
#5010 = ORIENTED_EDGE ( 'NONE', *, *, #4770, .T. ) ;
#5011 = CARTESIAN_POINT ( 'NONE',  ( -2.945000000000000284, 1.724999999999999867, 0.000000000000000000 ) ) ;
#5012 = DIRECTION ( 'NONE',  ( 1.000000000000000000, 0.000000000000000000, 0.000000000000000000 ) ) ;
#5013 = PLANE ( 'NONE',  #5583 ) ;
#5014 =( GEOMETRIC_REPRESENTATION_CONTEXT ( 3 ) GLOBAL_UNCERTAINTY_ASSIGNED_CONTEXT ( ( #1861 ) ) GLOBAL_UNIT_ASSIGNED_CONTEXT ( ( #4728, #6964, #6428 ) ) REPRESENTATION_CONTEXT ( 'NONE', 'WORKASPACE' ) );
#5015 = DIRECTION ( 'NONE',  ( 0.000000000000000000, 0.000000000000000000, 1.000000000000000000 ) ) ;
#5016 = DIRECTION ( 'NONE',  ( 0.000000000000000000, 0.000000000000000000, 1.000000000000000000 ) ) ;
#5017 = CARTESIAN_POINT ( 'NONE',  ( 2.895000000000000018, 0.8149999999999999467, 0.000000000000000000 ) ) ;
#5018 = VECTOR ( 'NONE', #752, 1000.000000000000000 ) ;
#5019 = VECTOR ( 'NONE', #3205, 1000.000000000000000 ) ;
#5020 = FILL_AREA_STYLE_COLOUR ( '', #2172 ) ;
#5021 = SURFACE_STYLE_USAGE ( .BOTH. , #6237 ) ;
#5022 = CARTESIAN_POINT ( 'NONE',  ( 0.8299999999999999600, -2.575000000000000178, 0.000000000000000000 ) ) ;
#5023 = STYLED_ITEM ( 'NONE', ( #6265 ), #6572 ) ;
#5024 =( GEOMETRIC_REPRESENTATION_CONTEXT ( 3 ) GLOBAL_UNCERTAINTY_ASSIGNED_CONTEXT ( ( #218 ) ) GLOBAL_UNIT_ASSIGNED_CONTEXT ( ( #6550, #3737, #1591 ) ) REPRESENTATION_CONTEXT ( 'NONE', 'WORKASPACE' ) );
#5025 = CARTESIAN_POINT ( 'NONE',  ( -2.895000000000000018, -1.724999999999999867, 0.000000000000000000 ) ) ;
#5026 = DIRECTION ( 'NONE',  ( 0.000000000000000000, 0.000000000000000000, 1.000000000000000000 ) ) ;
#5027 = EDGE_CURVE ( 'NONE', #6665, #3347, #1853, .T. ) ;
#5028 = MECHANICAL_DESIGN_GEOMETRIC_PRESENTATION_REPRESENTATION (  '', ( #3297 ), #2958 ) ;
#5029 = VECTOR ( 'NONE', #4155, 1000.000000000000000 ) ;
#5030 = VERTEX_POINT ( 'NONE', #1325 ) ;
#5031 = CYLINDRICAL_SURFACE ( 'NONE', #3037, 0.2182106758090371357 ) ;
#5032 = ADVANCED_FACE ( 'NONE', ( #3507 ), #2972, .F. ) ;
#5033 =( NAMED_UNIT ( * ) SI_UNIT ( $, .STERADIAN. ) SOLID_ANGLE_UNIT ( ) );
#5034 = DIRECTION ( 'NONE',  ( 0.000000000000000000, 0.000000000000000000, 1.000000000000000000 ) ) ;
#5035 = FACE_OUTER_BOUND ( 'NONE', #6614, .T. ) ;
#5036 = VECTOR ( 'NONE', #12, 1000.000000000000000 ) ;
#5037 = UNCERTAINTY_MEASURE_WITH_UNIT (LENGTH_MEASURE( 1.000000000000000082E-05 ), #2198, 'distance_accuracy_value', 'NONE');
#5038 = EDGE_CURVE ( 'NONE', #1943, #6325, #1433, .T. ) ;
#5039 = CIRCLE ( 'NONE', #6093, 0.2182106758090371357 ) ;
#5040 = ORIENTED_EDGE ( 'NONE', *, *, #1483, .T. ) ;
#5041 = ORIENTED_EDGE ( 'NONE', *, *, #1824, .F. ) ;
#5042 = DIRECTION ( 'NONE',  ( -1.000000000000000000, 0.000000000000000000, 0.000000000000000000 ) ) ;
#5043 = DIRECTION ( 'NONE',  ( 0.000000000000000000, -1.000000000000000000, 0.000000000000000000 ) ) ;
#5044 =( NAMED_UNIT ( * ) PLANE_ANGLE_UNIT ( ) SI_UNIT ( $, .RADIAN. ) );
#5045 = FACE_OUTER_BOUND ( 'NONE', #388, .T. ) ;
#5046 = LINE ( 'NONE', #4430, #4866 ) ;
#5047 = ORIENTED_EDGE ( 'NONE', *, *, #1088, .T. ) ;
#5048 = ORIENTED_EDGE ( 'NONE', *, *, #5308, .T. ) ;
#5049 = ORIENTED_EDGE ( 'NONE', *, *, #2745, .T. ) ;
#5050 = PLANE ( 'NONE',  #2406 ) ;
#5051 = DIRECTION ( 'NONE',  ( 0.000000000000000000, 0.000000000000000000, 1.000000000000000000 ) ) ;
#5052 = AXIS2_PLACEMENT_3D ( 'NONE', #4371, #3902, #7147 ) ;
#5053 = CARTESIAN_POINT ( 'NONE',  ( -2.895000000000000018, 0.8149999999999999467, 0.000000000000000000 ) ) ;
#5054 = CARTESIAN_POINT ( 'NONE',  ( -2.465000000000000302, 2.084999999999999964, 0.000000000000000000 ) ) ;
#5055 =( LENGTH_UNIT ( ) NAMED_UNIT ( * ) SI_UNIT ( .MILLI., .METRE. ) );
#5056 = LINE ( 'NONE', #122, #1121 ) ;
#5057 = FILL_AREA_STYLE ('',( #5020 ) ) ;
#5058 = CARTESIAN_POINT ( 'NONE',  ( 0.9650000000000000799, -1.989999999999999991, 0.000000000000000000 ) ) ;
#5059 = CARTESIAN_POINT ( 'NONE',  ( 2.895000000000000018, -0.4550000000000000155, 0.3800000000000000044 ) ) ;
#5060 = SURFACE_STYLE_FILL_AREA ( #3941 ) ;
#5062 = AXIS2_PLACEMENT_3D ( 'NONE', #3418, #3485, #3956 ) ;
#5061 = DIRECTION ( 'NONE',  ( 0.000000000000000000, 0.000000000000000000, 1.000000000000000000 ) ) ;
#5063 = DIRECTION ( 'NONE',  ( 0.000000000000000000, 0.000000000000000000, 1.000000000000000000 ) ) ;
#5064 = FACE_OUTER_BOUND ( 'NONE', #2747, .T. ) ;
#5065 = VERTEX_POINT ( 'NONE', #5832 ) ;
#5066 = ORIENTED_EDGE ( 'NONE', *, *, #4114, .F. ) ;
#5067 = CARTESIAN_POINT ( 'NONE',  ( -2.465000000000000302, -1.724999999999999867, 0.3300000000000000155 ) ) ;
#5068 = FILL_AREA_STYLE_COLOUR ( '', #3152 ) ;
#5069 = ORIENTED_EDGE ( 'NONE', *, *, #6878, .T. ) ;
#5070 = DIRECTION ( 'NONE',  ( 1.000000000000000000, 0.000000000000000000, 0.000000000000000000 ) ) ;
#5071 = CARTESIAN_POINT ( 'NONE',  ( 3.075000000000000178, 2.034999999999999698, 0.000000000000000000 ) ) ;
#5072 = EDGE_CURVE ( 'NONE', #5136, #6563, #5353, .T. ) ;
#5073 = MANIFOLD_SOLID_BREP ( 'Trans_Vishay_SIR696DP-T1-GE3_eec.STEP<1>[3]', #6686 ) ;
#5074 = EDGE_LOOP ( 'NONE', ( #1792, #490, #5406, #5144 ) ) ;
#5075 = EDGE_LOOP ( 'NONE', ( #4206, #5950, #6975, #2633 ) ) ;
#5076 = SURFACE_STYLE_FILL_AREA ( #3520 ) ;
#5077 = CARTESIAN_POINT ( 'NONE',  ( -2.465000000000000302, -1.067500000000000115, 0.000000000000000000 ) ) ;
#5078 = PRESENTATION_LAYER_ASSIGNMENT (  '', '', ( #4267 ) ) ;
#5079 = EDGE_CURVE ( 'NONE', #3085, #2496, #3721, .T. ) ;
#5080 = DIRECTION ( 'NONE',  ( 0.000000000000000000, 0.000000000000000000, 1.000000000000000000 ) ) ;
#5081 = EDGE_CURVE ( 'NONE', #6946, #4925, #3042, .T. ) ;
#5082 = EDGE_CURVE ( 'NONE', #4348, #1086, #275, .T. ) ;
#5083 = VECTOR ( 'NONE', #1147, 1000.000000000000000 ) ;
#5084 = ORIENTED_EDGE ( 'NONE', *, *, #1136, .T. ) ;
#5085 = ORIENTED_EDGE ( 'NONE', *, *, #593, .F. ) ;
#5086 = LINE ( 'NONE', #855, #3083 ) ;
#5087 = CARTESIAN_POINT ( 'NONE',  ( 2.945000000000000284, -2.084999999999999964, 0.000000000000000000 ) ) ;
#5088 = FACE_OUTER_BOUND ( 'NONE', #4477, .T. ) ;
#5089 = DIRECTION ( 'NONE',  ( 0.7071067811865570096, 0.7071067811865380248, 0.000000000000000000 ) ) ;
#5090 = EDGE_CURVE ( 'NONE', #4951, #387, #5319, .T. ) ;
#5091 = CARTESIAN_POINT ( 'NONE',  ( -0.4449999999999999512, -2.189999999999999947, 0.000000000000000000 ) ) ;
#5092 = VECTOR ( 'NONE', #4636, 1000.000000000000000 ) ;
#5093 = EDGE_LOOP ( 'NONE', ( #6454, #561, #955, #4863 ) ) ;
#5094 = VECTOR ( 'NONE', #1374, 1000.000000000000000 ) ;
#5095 = CARTESIAN_POINT ( 'NONE',  ( 2.895000000000000018, -1.724999999999999867, 0.000000000000000000 ) ) ;
#5096 = DIRECTION ( 'NONE',  ( -1.000000000000000000, 0.000000000000000000, 0.000000000000000000 ) ) ;
#5097 = PLANE ( 'NONE',  #3082 ) ;
#5098 = DIRECTION ( 'NONE',  ( -5.886868053959999725E-14, -1.000000000000000000, 0.000000000000000000 ) ) ;
#5099 = CARTESIAN_POINT ( 'NONE',  ( -2.465000000000000302, 1.675000000000000044, 0.3300000000000000155 ) ) ;
#5100 = LINE ( 'NONE', #5677, #4565 ) ;
#5101 = MECHANICAL_DESIGN_GEOMETRIC_PRESENTATION_REPRESENTATION (  '', ( #983 ), #1426 ) ;
#5102 = ORIENTED_EDGE ( 'NONE', *, *, #3357, .F. ) ;
#5103 = ORIENTED_EDGE ( 'NONE', *, *, #2968, .T. ) ;
#5104 = CARTESIAN_POINT ( 'NONE',  ( 2.895000000000000018, -0.4550000000000000155, 0.3800000000000000044 ) ) ;
#5105 = FILL_AREA_STYLE ('',( #5068 ) ) ;
#5106 = VECTOR ( 'NONE', #480, 1000.000000000000000 ) ;
#5107 = FILL_AREA_STYLE_COLOUR ( '', #5128 ) ;
#5108 = DIRECTION ( 'NONE',  ( 0.000000000000000000, 0.000000000000000000, 1.000000000000000000 ) ) ;
#5109 = UNCERTAINTY_MEASURE_WITH_UNIT (LENGTH_MEASURE( 1.000000000000000082E-05 ), #4524, 'distance_accuracy_value', 'NONE');
#5110 = COLOUR_RGB ( '',0.2862745098039215508, 0.2862745098039215508, 0.2862745098039215508 ) ;
#5111 = ORIENTED_EDGE ( 'NONE', *, *, #5650, .T. ) ;
#5112 = ORIENTED_EDGE ( 'NONE', *, *, #5574, .F. ) ;
#5113 = PLANE ( 'NONE',  #5062 ) ;
#5114 = PRESENTATION_STYLE_ASSIGNMENT (( #4472 ) ) ;
#5115 = VECTOR ( 'NONE', #5199, 1000.000000000000000 ) ;
#5116 = DIRECTION ( 'NONE',  ( 0.000000000000000000, 0.000000000000000000, -1.000000000000000000 ) ) ;
#5117 = VECTOR ( 'NONE', #2314, 1000.000000000000000 ) ;
#5118 = ADVANCED_FACE ( 'NONE', ( #2610 ), #7033, .F. ) ;
#5119 = ORIENTED_EDGE ( 'NONE', *, *, #4589, .T. ) ;
#5120 = ORIENTED_EDGE ( 'NONE', *, *, #1174, .F. ) ;
#5121 = DIRECTION ( 'NONE',  ( 0.7071067811865380248, -0.7071067811865570096, 0.000000000000000000 ) ) ;
#5122 = LINE ( 'NONE', #818, #6699 ) ;
#5123 = DIRECTION ( 'NONE',  ( 0.000000000000000000, 0.000000000000000000, 1.000000000000000000 ) ) ;
#5124 = ADVANCED_FACE ( 'NONE', ( #6042 ), #1640, .F. ) ;
#5125 = FACE_OUTER_BOUND ( 'NONE', #3168, .T. ) ;
#5126 = ADVANCED_FACE ( 'NONE', ( #5493 ), #3325, .F. ) ;
#5127 = DIRECTION ( 'NONE',  ( 0.000000000000000000, 0.000000000000000000, 1.000000000000000000 ) ) ;
#5128 = COLOUR_RGB ( '',0.2862745098039215508, 0.2862745098039215508, 0.2862745098039215508 ) ;
#5129 = EDGE_CURVE ( 'NONE', #7018, #3234, #2682, .T. ) ;
#5130 = MECHANICAL_DESIGN_GEOMETRIC_PRESENTATION_REPRESENTATION (  '', ( #4204 ), #4438 ) ;
#5131 = CARTESIAN_POINT ( 'NONE',  ( -1.232500000000000151, -0.4550000000000000155, 0.000000000000000000 ) ) ;
#5132 = CARTESIAN_POINT ( 'NONE',  ( 2.465000000000000302, -1.724999999999999867, 0.3800000000000000044 ) ) ;
#5133 = DIRECTION ( 'NONE',  ( -0.7071067811865550112, -0.7071067811865400232, 0.000000000000000000 ) ) ;
#5134 = VECTOR ( 'NONE', #2898, 1000.000000000000000 ) ;
#5135 = ORIENTED_EDGE ( 'NONE', *, *, #3625, .F. ) ;
#5136 = VERTEX_POINT ( 'NONE', #2280 ) ;
#5137 = CARTESIAN_POINT ( 'NONE',  ( 2.945000000000000284, -2.449999999999999734, 0.000000000000000000 ) ) ;
#5138 = FILL_AREA_STYLE ('',( #1297 ) ) ;
#5139 = ORIENTED_EDGE ( 'NONE', *, *, #5072, .T. ) ;
#5140 = CARTESIAN_POINT ( 'NONE',  ( -2.895000000000000018, 0.8149999999999999467, 0.000000000000000000 ) ) ;
#5141 = CARTESIAN_POINT ( 'NONE',  ( 1.472500000000000142, 2.449999999999999734, 0.3300000000000050115 ) ) ;
#5142 = VECTOR ( 'NONE', #4964, 1000.000000000000000 ) ;
#5143 = VECTOR ( 'NONE', #4075, 1000.000000000000000 ) ;
#5144 = ORIENTED_EDGE ( 'NONE', *, *, #146, .F. ) ;
#5145 = ORIENTED_EDGE ( 'NONE', *, *, #3671, .F. ) ;
#5146 = DIRECTION ( 'NONE',  ( -0.7071067811865441310, 0.7071067811865510144, 0.000000000000000000 ) ) ;
#5147 = ORIENTED_EDGE ( 'NONE', *, *, #6957, .F. ) ;
#5148 = EDGE_LOOP ( 'NONE', ( #3628, #3059, #1159, #4370 ) ) ;
#5149 = PRESENTATION_STYLE_ASSIGNMENT (( #4501 ) ) ;
#5150 = LINE ( 'NONE', #3558, #3075 ) ;
#5151 = AXIS2_PLACEMENT_3D ( 'NONE', #4727, #428, #830 ) ;
#5152 = LINE ( 'NONE', #4601, #3588 ) ;
#5153 = PLANE ( 'NONE',  #6204 ) ;
#5154 = SURFACE_SIDE_STYLE ('',( #3997 ) ) ;
#5155 = ORIENTED_EDGE ( 'NONE', *, *, #642, .T. ) ;
#5156 = ORIENTED_EDGE ( 'NONE', *, *, #1357, .F. ) ;
#5157 =( NAMED_UNIT ( * ) PLANE_ANGLE_UNIT ( ) SI_UNIT ( $, .RADIAN. ) );
#5158 = CARTESIAN_POINT ( 'NONE',  ( -2.465000000000000302, -0.8649999999999999911, 0.000000000000000000 ) ) ;
#5159 = DIRECTION ( 'NONE',  ( 0.000000000000000000, 0.000000000000000000, 1.000000000000000000 ) ) ;
#5160 = CARTESIAN_POINT ( 'NONE',  ( 2.465000000000000302, 2.084999999999999964, 0.3800000000000000044 ) ) ;
#5161 = EDGE_CURVE ( 'NONE', #5191, #5183, #3394, .T. ) ;
#5162 = EDGE_CURVE ( 'NONE', #6665, #3582, #5056, .T. ) ;
#5163 =( GEOMETRIC_REPRESENTATION_CONTEXT ( 3 ) GLOBAL_UNCERTAINTY_ASSIGNED_CONTEXT ( ( #6818 ) ) GLOBAL_UNIT_ASSIGNED_CONTEXT ( ( #6045, #6635, #574 ) ) REPRESENTATION_CONTEXT ( 'NONE', 'WORKASPACE' ) );
#5164 = CARTESIAN_POINT ( 'NONE',  ( -2.895000000000000018, 0.8149999999999999467, 0.3800000000000000044 ) ) ;
#5165 = LINE ( 'NONE', #240, #6172 ) ;
#5166 = FILL_AREA_STYLE ('',( #793 ) ) ;
#5167 =( NAMED_UNIT ( * ) SI_UNIT ( $, .STERADIAN. ) SOLID_ANGLE_UNIT ( ) );
#5168 = DIRECTION ( 'NONE',  ( 0.000000000000000000, 0.000000000000000000, 1.000000000000000000 ) ) ;
#5169 = ADVANCED_FACE ( 'NONE', ( #6195 ), #3463, .T. ) ;
#5170 = VECTOR ( 'NONE', #2170, 1000.000000000000000 ) ;
#5171 = EDGE_CURVE ( 'NONE', #1, #3140, #1848, .T. ) ;
#5172 = ADVANCED_FACE ( 'NONE', ( #4609 ), #6158, .T. ) ;
#5173 = ORIENTED_EDGE ( 'NONE', *, *, #6295, .T. ) ;
#5174 = SURFACE_SIDE_STYLE ('',( #1330 ) ) ;
#5175 = VECTOR ( 'NONE', #6908, 1000.000000000000000 ) ;
#5176 = SURFACE_STYLE_USAGE ( .BOTH. , #3947 ) ;
#5177 = ORIENTED_EDGE ( 'NONE', *, *, #5931, .T. ) ;
#5178 = DIRECTION ( 'NONE',  ( -0.1039620511844979861, -0.1039620511844979861, 0.9891328443778538704 ) ) ;
#5179 = UNCERTAINTY_MEASURE_WITH_UNIT (LENGTH_MEASURE( 1.000000000000000082E-05 ), #3823, 'distance_accuracy_value', 'NONE');
#5180 = EDGE_LOOP ( 'NONE', ( #2389, #4844, #5947, #4250, #3611, #5883, #6173, #1984 ) ) ;
#5181 = ORIENTED_EDGE ( 'NONE', *, *, #5171, .F. ) ;
#5182 = CARTESIAN_POINT ( 'NONE',  ( 2.465000000000000302, 0.8375000000000000222, 0.000000000000000000 ) ) ;
#5183 = VERTEX_POINT ( 'NONE', #5017 ) ;
#5184 = FACE_OUTER_BOUND ( 'NONE', #2549, .T. ) ;
#5185 =( NAMED_UNIT ( * ) PLANE_ANGLE_UNIT ( ) SI_UNIT ( $, .RADIAN. ) );
#5186 = CARTESIAN_POINT ( 'NONE',  ( 2.465000000000000302, -0.4550000000000000155, 0.000000000000000000 ) ) ;
#5187 = PLANE ( 'NONE',  #2843 ) ;
#5188 = PRESENTATION_STYLE_ASSIGNMENT (( #6845 ) ) ;
#5189 = UNCERTAINTY_MEASURE_WITH_UNIT (LENGTH_MEASURE( 1.000000000000000082E-05 ), #5283, 'distance_accuracy_value', 'NONE');
#5190 = VERTEX_POINT ( 'NONE', #6234 ) ;
#5191 = VERTEX_POINT ( 'NONE', #3968 ) ;
#5192 = CARTESIAN_POINT ( 'NONE',  ( -2.465000000000000302, 0.8149999999999999467, 0.3800000000000000044 ) ) ;
#5193 = DIRECTION ( 'NONE',  ( -1.000000000000000000, 0.000000000000000000, 0.000000000000000000 ) ) ;
#5194 = LINE ( 'NONE', #2963, #2211 ) ;
#5195 = SHAPE_DEFINITION_REPRESENTATION ( #1129, #123 ) ;
#5196 = DIRECTION ( 'NONE',  ( -1.132880637372609972E-16, 1.000000000000000000, -1.077863926709489990E-15 ) ) ;
#5197 = VECTOR ( 'NONE', #5089, 1000.000000000000000 ) ;
#5198 =( NAMED_UNIT ( * ) SI_UNIT ( $, .STERADIAN. ) SOLID_ANGLE_UNIT ( ) );
#5199 = DIRECTION ( 'NONE',  ( 0.000000000000000000, -1.000000000000000000, 0.000000000000000000 ) ) ;
#5200 = VECTOR ( 'NONE', #6066, 1000.000000000000000 ) ;
#5201 = CARTESIAN_POINT ( 'NONE',  ( 0.8299999999999999600, -2.423826859021799951, 0.000000000000000000 ) ) ;
#5202 = VECTOR ( 'NONE', #2245, 1000.000000000000000 ) ;
#5203 = SURFACE_SIDE_STYLE ('',( #3004 ) ) ;
#5204 = PLANE ( 'NONE',  #6321 ) ;
#5205 = AXIS2_PLACEMENT_3D ( 'NONE', #4503, #4893, #3279 ) ;
#5206 = ORIENTED_EDGE ( 'NONE', *, *, #6019, .T. ) ;
#5207 = EDGE_CURVE ( 'NONE', #2203, #4107, #3430, .T. ) ;
#5208 = FILL_AREA_STYLE ('',( #6435 ) ) ;
#5209 = EDGE_CURVE ( 'NONE', #676, #6003, #748, .T. ) ;
#5210 = CARTESIAN_POINT ( 'NONE',  ( 2.945000000000000284, -0.5050000000000000044, 0.000000000000000000 ) ) ;
#5211 = EDGE_CURVE ( 'NONE', #2063, #4678, #1750, .T. ) ;
#5212 = PRESENTATION_LAYER_ASSIGNMENT (  '', '', ( #2003 ) ) ;
#5213 = EDGE_CURVE ( 'NONE', #5407, #4880, #708, .T. ) ;
#5214 = ORIENTED_EDGE ( 'NONE', *, *, #2609, .T. ) ;
#5215 = ORIENTED_EDGE ( 'NONE', *, *, #4771, .T. ) ;
#5216 = SURFACE_STYLE_USAGE ( .BOTH. , #1836 ) ;
#5217 = EDGE_LOOP ( 'NONE', ( #816, #5541, #1810, #5041 ) ) ;
#5218 = ORIENTED_EDGE ( 'NONE', *, *, #3710, .F. ) ;
#5219 = CARTESIAN_POINT ( 'NONE',  ( -2.465000000000000302, -1.724999999999999867, 0.3800000000000000044 ) ) ;
#5220 = SURFACE_STYLE_USAGE ( .BOTH. , #2518 ) ;
#5221 = FACE_OUTER_BOUND ( 'NONE', #237, .T. ) ;
#5222 = FACE_OUTER_BOUND ( 'NONE', #2521, .T. ) ;
#5223 = FACE_OUTER_BOUND ( 'NONE', #1000, .T. ) ;
#5224 = ORIENTED_EDGE ( 'NONE', *, *, #555, .F. ) ;
#5225 = ORIENTED_EDGE ( 'NONE', *, *, #5977, .T. ) ;
#5226 = DIRECTION ( 'NONE',  ( 0.000000000000000000, -1.000000000000000000, 0.000000000000000000 ) ) ;
#5227 = CARTESIAN_POINT ( 'NONE',  ( -2.465000000000000302, -1.724999999999999867, 0.000000000000000000 ) ) ;
#5228 = CARTESIAN_POINT ( 'NONE',  ( -2.465000000000000302, -2.135000000000000231, 0.3300000000000000155 ) ) ;
#5229 = LINE ( 'NONE', #1922, #3072 ) ;
#5230 = COLOUR_RGB ( '',0.2862745098039215508, 0.2862745098039215508, 0.2862745098039215508 ) ;
#5231 = VERTEX_POINT ( 'NONE', #1882 ) ;
#5232 = DIRECTION ( 'NONE',  ( 0.000000000000000000, 0.000000000000000000, 1.000000000000000000 ) ) ;
#5233 = CARTESIAN_POINT ( 'NONE',  ( 0.000000000000000000, -2.775557561562889872E-16, 1.119999999999999885 ) ) ;
#5234 = COLOUR_RGB ( '',0.2862745098039215508, 0.2862745098039215508, 0.2862745098039215508 ) ;
#5235 = SURFACE_SIDE_STYLE ('',( #5281 ) ) ;
#5236 = PLANE ( 'NONE',  #2501 ) ;
#5237 =( NAMED_UNIT ( * ) PLANE_ANGLE_UNIT ( ) SI_UNIT ( $, .RADIAN. ) );
#5238 = FILL_AREA_STYLE_COLOUR ( '', #3142 ) ;
#5239 = VECTOR ( 'NONE', #2111, 1000.000000000000000 ) ;
#5240 = ORIENTED_EDGE ( 'NONE', *, *, #6740, .F. ) ;
#5241 = DIRECTION ( 'NONE',  ( 0.000000000000000000, 0.000000000000000000, 1.000000000000000000 ) ) ;
#5242 = ORIENTED_EDGE ( 'NONE', *, *, #5263, .T. ) ;
#5243 = DIRECTION ( 'NONE',  ( 0.7071067811865400232, 0.7071067811865550112, 0.000000000000000000 ) ) ;
#5244 = MECHANICAL_DESIGN_GEOMETRIC_PRESENTATION_REPRESENTATION (  '', ( #544 ), #1912 ) ;
#5245 =( NAMED_UNIT ( * ) PLANE_ANGLE_UNIT ( ) SI_UNIT ( $, .RADIAN. ) );
#5246 = EDGE_CURVE ( 'NONE', #3908, #5925, #3355, .T. ) ;
#5247 = MECHANICAL_DESIGN_GEOMETRIC_PRESENTATION_REPRESENTATION (  '', ( #440 ), #2722 ) ;
#5248 =( GEOMETRIC_REPRESENTATION_CONTEXT ( 3 ) GLOBAL_UNCERTAINTY_ASSIGNED_CONTEXT ( ( #6283 ) ) GLOBAL_UNIT_ASSIGNED_CONTEXT ( ( #2315, #4042, #1321 ) ) REPRESENTATION_CONTEXT ( 'NONE', 'WORKASPACE' ) );
#5249 = EDGE_CURVE ( 'NONE', #6251, #3917, #5564, .T. ) ;
#5250 = ORIENTED_EDGE ( 'NONE', *, *, #4319, .F. ) ;
#5251 = VERTEX_POINT ( 'NONE', #3932 ) ;
#5252 = DIRECTION ( 'NONE',  ( -1.000000000000000000, -9.424643672539529398E-17, -8.966949475172358999E-16 ) ) ;
#5253 = EDGE_LOOP ( 'NONE', ( #254, #1520, #2651, #423 ) ) ;
#5254 = VERTEX_POINT ( 'NONE', #4005 ) ;
#5255 = FACE_OUTER_BOUND ( 'NONE', #3601, .T. ) ;
#5256 = FACE_OUTER_BOUND ( 'NONE', #1936, .T. ) ;
#5257 = PLANE ( 'NONE',  #7104 ) ;
#5258 = FILL_AREA_STYLE_COLOUR ( '', #5793 ) ;
#5259 = FACE_OUTER_BOUND ( 'NONE', #1728, .T. ) ;
#5260 = AXIS2_PLACEMENT_3D ( 'NONE', #6696, #6765, #6223 ) ;
#5261 = AXIS2_PLACEMENT_3D ( 'NONE', #4035, #2954, #628 ) ;
#5262 = ADVANCED_FACE ( 'NONE', ( #161 ), #1213, .F. ) ;
#5263 = EDGE_CURVE ( 'NONE', #1030, #6946, #5229, .T. ) ;
#5264 =( GEOMETRIC_REPRESENTATION_CONTEXT ( 3 ) GLOBAL_UNCERTAINTY_ASSIGNED_CONTEXT ( ( #6798 ) ) GLOBAL_UNIT_ASSIGNED_CONTEXT ( ( #3832, #4912, #4343 ) ) REPRESENTATION_CONTEXT ( 'NONE', 'WORKASPACE' ) );
#5265 = ORIENTED_EDGE ( 'NONE', *, *, #3315, .T. ) ;
#5266 = ORIENTED_EDGE ( 'NONE', *, *, #691, .T. ) ;
#5267 = STYLED_ITEM ( 'NONE', ( #5602 ), #5927 ) ;
#5268 = ORIENTED_EDGE ( 'NONE', *, *, #5709, .F. ) ;
#5269 = DIRECTION ( 'NONE',  ( 0.000000000000000000, 0.000000000000000000, -1.000000000000000000 ) ) ;
#5270 = FILL_AREA_STYLE ('',( #1352 ) ) ;
#5271 =( LENGTH_UNIT ( ) NAMED_UNIT ( * ) SI_UNIT ( .MILLI., .METRE. ) );
#5272 = LINE ( 'NONE', #383, #3863 ) ;
#5273 = UNCERTAINTY_MEASURE_WITH_UNIT (LENGTH_MEASURE( 1.000000000000000082E-05 ), #1660, 'distance_accuracy_value', 'NONE');
#5274 = AXIS2_PLACEMENT_3D ( 'NONE', #784, #3967, #1749 ) ;
#5275 = ORIENTED_EDGE ( 'NONE', *, *, #6395, .F. ) ;
#5276 = EDGE_LOOP ( 'NONE', ( #6397, #917, #2310, #3725 ) ) ;
#5277 = LINE ( 'NONE', #6565, #6815 ) ;
#5278 = SURFACE_STYLE_USAGE ( .BOTH. , #4724 ) ;
#5279 = AXIS2_PLACEMENT_3D ( 'NONE', #2108, #981, #5979 ) ;
#5280 = FILL_AREA_STYLE ('',( #974 ) ) ;
#5281 = SURFACE_STYLE_FILL_AREA ( #101 ) ;
#5282 = DIRECTION ( 'NONE',  ( 0.000000000000000000, 1.000000000000000000, 0.000000000000000000 ) ) ;
#5283 =( LENGTH_UNIT ( ) NAMED_UNIT ( * ) SI_UNIT ( .MILLI., .METRE. ) );
#5284 =( REPRESENTATION_RELATIONSHIP ('NONE','NONE', #3567, #5511 ) REPRESENTATION_RELATIONSHIP_WITH_TRANSFORMATION ( #6419 )SHAPE_REPRESENTATION_RELATIONSHIP( ) );
#5285 = ORIENTED_EDGE ( 'NONE', *, *, #2532, .T. ) ;
#5286 = DIRECTION ( 'NONE',  ( 0.000000000000000000, 1.000000000000000000, 0.000000000000000000 ) ) ;
#5288 = AXIS2_PLACEMENT_3D ( 'NONE', #6457, #343, #1497 ) ;
#5287 = CARTESIAN_POINT ( 'NONE',  ( 2.945000000000000284, -1.775000000000000133, 0.3800000000000000044 ) ) ;
#5289 = PLANE ( 'NONE',  #3369 ) ;
#5290 = VECTOR ( 'NONE', #3641, 1000.000000000000000 ) ;
#5291 = ORIENTED_EDGE ( 'NONE', *, *, #19, .T. ) ;
#5292 = ORIENTED_EDGE ( 'NONE', *, *, #2736, .F. ) ;
#5293 = PLANE ( 'NONE',  #3723 ) ;
#5294 = ORIENTED_EDGE ( 'NONE', *, *, #433, .T. ) ;
#5295 = DIRECTION ( 'NONE',  ( 0.000000000000000000, 0.000000000000000000, 1.000000000000000000 ) ) ;
#5296 = EDGE_CURVE ( 'NONE', #1537, #5065, #5890, .T. ) ;
#5297 = DIRECTION ( 'NONE',  ( 0.000000000000000000, 0.000000000000000000, 1.000000000000000000 ) ) ;
#5298 = SURFACE_SIDE_STYLE ('',( #4277 ) ) ;
#5299 = PLANE ( 'NONE',  #1809 ) ;
#5300 = VECTOR ( 'NONE', #1665, 1000.000000000000114 ) ;
#5301 = ORIENTED_EDGE ( 'NONE', *, *, #5607, .F. ) ;
#5302 = ORIENTED_EDGE ( 'NONE', *, *, #2396, .T. ) ;
#5303 = FACE_OUTER_BOUND ( 'NONE', #5074, .T. ) ;
#5304 = CARTESIAN_POINT ( 'NONE',  ( 2.895000000000000018, -0.8649999999999999911, 0.000000000000000000 ) ) ;
#5305 = DIRECTION ( 'NONE',  ( -0.000000000000000000, 1.000000000000000000, 0.000000000000000000 ) ) ;
#5306 =( NAMED_UNIT ( * ) SI_UNIT ( $, .STERADIAN. ) SOLID_ANGLE_UNIT ( ) );
#5307 = PLANE ( 'NONE',  #2716 ) ;
#5308 = EDGE_CURVE ( 'NONE', #2331, #5407, #347, .T. ) ;
#5309 = EDGE_CURVE ( 'NONE', #5766, #2291, #2027, .T. ) ;
#5310 = ORIENTED_EDGE ( 'NONE', *, *, #2535, .T. ) ;
#5311 = ORIENTED_EDGE ( 'NONE', *, *, #420, .F. ) ;
#5312 = VERTEX_POINT ( 'NONE', #3680 ) ;
#5313 = FACE_OUTER_BOUND ( 'NONE', #2332, .T. ) ;
#5314 = ADVANCED_FACE ( 'NONE', ( #4755 ), #5307, .T. ) ;
#5315 = LINE ( 'NONE', #3079, #4570 ) ;
#5316 = SURFACE_SIDE_STYLE ('',( #3111 ) ) ;
#5317 = DIRECTION ( 'NONE',  ( 0.000000000000000000, 1.000000000000000000, 0.000000000000000000 ) ) ;
#5318 = FACE_OUTER_BOUND ( 'NONE', #5148, .T. ) ;
#5319 = LINE ( 'NONE', #6471, #3403 ) ;
#5320 =( LENGTH_UNIT ( ) NAMED_UNIT ( * ) SI_UNIT ( .MILLI., .METRE. ) );
#5321 = STYLED_ITEM ( 'NONE', ( #6214 ), #1342 ) ;
#5322 = VECTOR ( 'NONE', #5015, 1000.000000000000000 ) ;
#5323 =( LENGTH_UNIT ( ) NAMED_UNIT ( * ) SI_UNIT ( .MILLI., .METRE. ) );
#5324 = DIRECTION ( 'NONE',  ( -0.4999999999999994449, 0.8660254037844389297, 0.000000000000000000 ) ) ;
#5325 = CARTESIAN_POINT ( 'NONE',  ( 2.945000000000000284, -0.5050000000000000044, 0.000000000000000000 ) ) ;
#5326 = DIRECTION ( 'NONE',  ( 0.000000000000000000, 0.000000000000000000, -1.000000000000000000 ) ) ;
#5327 =( GEOMETRIC_REPRESENTATION_CONTEXT ( 3 ) GLOBAL_UNCERTAINTY_ASSIGNED_CONTEXT ( ( #2599 ) ) GLOBAL_UNIT_ASSIGNED_CONTEXT ( ( #3960, #1741, #1204 ) ) REPRESENTATION_CONTEXT ( 'NONE', 'WORKASPACE' ) );
#5328 = VECTOR ( 'NONE', #2304, 1000.000000000000000 ) ;
#5329 = ORIENTED_EDGE ( 'NONE', *, *, #157, .F. ) ;
#5330 = DIRECTION ( 'NONE',  ( -0.7071067811865570096, -0.7071067811865380248, 0.000000000000000000 ) ) ;
#5331 = EDGE_LOOP ( 'NONE', ( #2115, #1199, #1751, #5085 ) ) ;
#5332 =( NAMED_UNIT ( * ) PLANE_ANGLE_UNIT ( ) SI_UNIT ( $, .RADIAN. ) );
#5333 = DIRECTION ( 'NONE',  ( 0.7071067811865441310, 0.7071067811865510144, 0.000000000000000000 ) ) ;
#5334 = VECTOR ( 'NONE', #2409, 1000.000000000000000 ) ;
#5335 =( GEOMETRIC_REPRESENTATION_CONTEXT ( 3 ) GLOBAL_UNCERTAINTY_ASSIGNED_CONTEXT ( ( #5189 ) ) GLOBAL_UNIT_ASSIGNED_CONTEXT ( ( #5283, #1930, #2540 ) ) REPRESENTATION_CONTEXT ( 'NONE', 'WORKASPACE' ) );
#5336 = ORIENTED_EDGE ( 'NONE', *, *, #2166, .T. ) ;
#5337 = ORIENTED_EDGE ( 'NONE', *, *, #6162, .F. ) ;
#5338 = DIRECTION ( 'NONE',  ( 0.000000000000000000, 0.000000000000000000, -1.000000000000000000 ) ) ;
#5339 = PLANE ( 'NONE',  #6316 ) ;
#5340 = VECTOR ( 'NONE', #4168, 1000.000000000000000 ) ;
#5341 = CARTESIAN_POINT ( 'NONE',  ( -2.895000000000000018, 2.084999999999999964, 0.000000000000000000 ) ) ;
#5342 = DIRECTION ( 'NONE',  ( 0.000000000000000000, 0.000000000000000000, 1.000000000000000000 ) ) ;
#5343 = EDGE_CURVE ( 'NONE', #4907, #3600, #1356, .T. ) ;
#5344 = VECTOR ( 'NONE', #6969, 1000.000000000000000 ) ;
#5345 = ORIENTED_EDGE ( 'NONE', *, *, #5845, .T. ) ;
#5346 = PRODUCT_RELATED_PRODUCT_CATEGORY ( 'part', '', ( #610 ) ) ;
#5347 = ORIENTED_EDGE ( 'NONE', *, *, #3182, .F. ) ;
#5348 = ADVANCED_FACE ( 'NONE', ( #1422 ), #2598, .F. ) ;
#5349 = CARTESIAN_POINT ( 'NONE',  ( 2.465000000000000302, 1.675000000000000044, 0.000000000000000000 ) ) ;
#5350 = DIRECTION ( 'NONE',  ( 0.000000000000000000, -1.000000000000000000, 0.000000000000000000 ) ) ;
#5351 =( LENGTH_UNIT ( ) NAMED_UNIT ( * ) SI_UNIT ( .MILLI., .METRE. ) );
#5352 = DIRECTION ( 'NONE',  ( 0.000000000000000000, 0.000000000000000000, 1.000000000000000000 ) ) ;
#5353 = LINE ( 'NONE', #2000, #6194 ) ;
#5354 = FACE_OUTER_BOUND ( 'NONE', #638, .T. ) ;
#5355 = EDGE_CURVE ( 'NONE', #2765, #4497, #6303, .T. ) ;
#5356 = CARTESIAN_POINT ( 'NONE',  ( -2.465000000000000302, 0.4049999999999999711, 0.3800000000000000044 ) ) ;
#5357 = DIRECTION ( 'NONE',  ( 1.000000000000000000, 0.000000000000000000, 0.000000000000000000 ) ) ;
#5358 = DIRECTION ( 'NONE',  ( 0.000000000000000000, -1.000000000000000000, 0.000000000000000000 ) ) ;
#5359 = ORIENTED_EDGE ( 'NONE', *, *, #1951, .F. ) ;
#5361 = CARTESIAN_POINT ( 'NONE',  ( -2.465000000000000302, -0.4550000000000000155, 0.3800000000000000044 ) ) ;
#5360 = PRESENTATION_LAYER_ASSIGNMENT (  '', '', ( #1348 ) ) ;
#5362 = VERTEX_POINT ( 'NONE', #2530 ) ;
#5363 = DIRECTION ( 'NONE',  ( 0.000000000000000000, 1.000000000000000000, 0.000000000000000000 ) ) ;
#5364 = DIRECTION ( 'NONE',  ( -0.4999999999999995004, -0.8660254037844390407, 0.000000000000000000 ) ) ;
#5365 = DIRECTION ( 'NONE',  ( 1.000000000000000000, 0.000000000000000000, 0.000000000000000000 ) ) ;
#5366 = PRESENTATION_LAYER_ASSIGNMENT (  '', '', ( #4462 ) ) ;
#5367 = AXIS2_PLACEMENT_3D ( 'NONE', #6379, #3137, #4145 ) ;
#5368 = VERTEX_POINT ( 'NONE', #4719 ) ;
#5369 = ORIENTED_EDGE ( 'NONE', *, *, #6401, .F. ) ;
#5370 = PLANE ( 'NONE',  #3587 ) ;
#5371 = FACE_OUTER_BOUND ( 'NONE', #3107, .T. ) ;
#5372 = FACE_OUTER_BOUND ( 'NONE', #1379, .T. ) ;
#5373 = AXIS2_PLACEMENT_3D ( 'NONE', #706, #2820, #5012 ) ;
#5374 = CARTESIAN_POINT ( 'NONE',  ( 2.465000000000000302, 0.8375000000000000222, 0.000000000000000000 ) ) ;
#5375 = DIRECTION ( 'NONE',  ( 1.000000000000000000, 0.000000000000000000, 0.000000000000000000 ) ) ;
#5376 = COLOUR_RGB ( '',0.2862745098039215508, 0.2862745098039215508, 0.2862745098039215508 ) ;
#5377 = AXIS2_PLACEMENT_3D ( 'NONE', #4000, #1387, #3565 ) ;
#5378 = VERTEX_POINT ( 'NONE', #4183 ) ;
#5379 = VERTEX_POINT ( 'NONE', #6420 ) ;
#5380 = PRESENTATION_STYLE_ASSIGNMENT (( #972 ) ) ;
#5381 =( LENGTH_UNIT ( ) NAMED_UNIT ( * ) SI_UNIT ( .MILLI., .METRE. ) );
#5382 = CARTESIAN_POINT ( 'NONE',  ( -0.5799999999999999600, 2.575000000000000178, 0.3300000000000000155 ) ) ;
#5383 = CARTESIAN_POINT ( 'NONE',  ( 2.874777666791120456, -2.379777666791120350, 0.9981208709751409058 ) ) ;
#5384 = ADVANCED_FACE ( 'NONE', ( #2494 ), #6921, .F. ) ;
#5385 = DIRECTION ( 'NONE',  ( -0.000000000000000000, 1.000000000000000000, 0.000000000000000000 ) ) ;
#5386 = LINE ( 'NONE', #1172, #862 ) ;
#5387 = EDGE_CURVE ( 'NONE', #6584, #6251, #900, .T. ) ;
#5388 = VECTOR ( 'NONE', #5780, 1000.000000000000000 ) ;
#5389 = PRESENTATION_STYLE_ASSIGNMENT (( #55 ) ) ;
#5390 = CARTESIAN_POINT ( 'NONE',  ( -2.945000000000000284, -2.084999999999999964, 0.000000000000000000 ) ) ;
#5391 = DIRECTION ( 'NONE',  ( 0.000000000000000000, -1.000000000000000000, 0.000000000000000000 ) ) ;
#5392 = EDGE_CURVE ( 'NONE', #1503, #5652, #5272, .T. ) ;
#5393 = CARTESIAN_POINT ( 'NONE',  ( -2.945000000000000284, 0.7649999999999999023, 0.000000000000000000 ) ) ;
#5394 = SURFACE_SIDE_STYLE ('',( #4986 ) ) ;
#5395 = EDGE_CURVE ( 'NONE', #726, #659, #997, .T. ) ;
#5396 = EDGE_CURVE ( 'NONE', #623, #1675, #4831, .T. ) ;
#5397 = VECTOR ( 'NONE', #3109, 1000.000000000000000 ) ;
#5398 = ORIENTED_EDGE ( 'NONE', *, *, #290, .F. ) ;
#5399 = DIRECTION ( 'NONE',  ( -0.000000000000000000, 0.9945218953682734009, 0.1045284632676540537 ) ) ;
#5400 = ORIENTED_EDGE ( 'NONE', *, *, #1271, .T. ) ;
#5401 = LINE ( 'NONE', #3842, #2779 ) ;
#5402 = DIRECTION ( 'NONE',  ( 2.707861035671120257E-15, -1.000000000000000000, 0.000000000000000000 ) ) ;
#5403 = DIRECTION ( 'NONE',  ( 0.000000000000000000, 0.000000000000000000, 1.000000000000000000 ) ) ;
#5404 = CARTESIAN_POINT ( 'NONE',  ( -2.895000000000000018, 2.084999999999999964, 0.000000000000000000 ) ) ;
#5405 = VECTOR ( 'NONE', #2710, 1000.000000000000000 ) ;
#5406 = ORIENTED_EDGE ( 'NONE', *, *, #566, .F. ) ;
#5407 = VERTEX_POINT ( 'NONE', #4894 ) ;
#5408 = CARTESIAN_POINT ( 'NONE',  ( -2.895000000000000018, -0.8649999999999999911, 0.000000000000000000 ) ) ;
#5409 = PLANE ( 'NONE',  #5874 ) ;
#5410 = PRESENTATION_STYLE_ASSIGNMENT (( #3278 ) ) ;
#5411 = AXIS2_PLACEMENT_3D ( 'NONE', #6803, #3454, #1837 ) ;
#5412 = SURFACE_STYLE_USAGE ( .BOTH. , #6266 ) ;
#5413 = DIRECTION ( 'NONE',  ( -0.7071067811865441310, 0.7071067811865510144, 0.000000000000000000 ) ) ;
#5414 = ORIENTED_EDGE ( 'NONE', *, *, #2425, .T. ) ;
#5415 = ORIENTED_EDGE ( 'NONE', *, *, #105, .F. ) ;
#5416 = CARTESIAN_POINT ( 'NONE',  ( -2.465000000000000302, 2.084999999999999964, 0.3800000000000000044 ) ) ;
#5417 = CARTESIAN_POINT ( 'NONE',  ( -2.895000000000000018, 0.8149999999999999467, 0.000000000000000000 ) ) ;
#5418 = LINE ( 'NONE', #7061, #4767 ) ;
#5419 = DIRECTION ( 'NONE',  ( -1.000000000000000000, 0.000000000000000000, 0.000000000000000000 ) ) ;
#5420 = SURFACE_STYLE_USAGE ( .BOTH. , #629 ) ;
#5421 = FACE_OUTER_BOUND ( 'NONE', #3820, .T. ) ;
#5422 = PRESENTATION_STYLE_ASSIGNMENT (( #5980 ) ) ;
#5423 = DIRECTION ( 'NONE',  ( 0.000000000000000000, 0.000000000000000000, 1.000000000000000000 ) ) ;
#5424 = CARTESIAN_POINT ( 'NONE',  ( -1.195000000000000062, 1.989999999999999991, 0.000000000000000000 ) ) ;
#5425 = VECTOR ( 'NONE', #3147, 1000.000000000000000 ) ;
#5426 = DIRECTION ( 'NONE',  ( 0.000000000000000000, 0.000000000000000000, -1.000000000000000000 ) ) ;
#5427 = ADVANCED_FACE ( 'NONE', ( #5444 ), #4966, .T. ) ;
#5428 = EDGE_LOOP ( 'NONE', ( #1827, #2564, #2265, #883 ) ) ;
#5429 = EDGE_CURVE ( 'NONE', #2242, #6982, #2706, .T. ) ;
#5430 = ORIENTED_EDGE ( 'NONE', *, *, #963, .F. ) ;
#5431 = LINE ( 'NONE', #509, #525 ) ;
#5432 = ADVANCED_FACE ( 'NONE', ( #592 ), #3167, .T. ) ;
#5433 = ORIENTED_EDGE ( 'NONE', *, *, #507, .F. ) ;
#5434 = CARTESIAN_POINT ( 'NONE',  ( 0.5799999999999999600, 2.423826859021799951, 0.000000000000000000 ) ) ;
#5435 = VECTOR ( 'NONE', #4212, 1000.000000000000000 ) ;
#5436 = VECTOR ( 'NONE', #4137, 1000.000000000000000 ) ;
#5437 = DIRECTION ( 'NONE',  ( 0.000000000000000000, 0.000000000000000000, 1.000000000000000000 ) ) ;
#5438 = EDGE_CURVE ( 'NONE', #4379, #1030, #41, .T. ) ;
#5439 = VECTOR ( 'NONE', #3843, 1000.000000000000000 ) ;
#5440 = ORIENTED_EDGE ( 'NONE', *, *, #6244, .T. ) ;
#5441 = EDGE_LOOP ( 'NONE', ( #3673, #300, #3482, #3108 ) ) ;
#5442 = LINE ( 'NONE', #3276, #3015 ) ;
#5443 = LINE ( 'NONE', #6519, #5494 ) ;
#5444 = FACE_OUTER_BOUND ( 'NONE', #1941, .T. ) ;
#5445 = VECTOR ( 'NONE', #1399, 1000.000000000000000 ) ;
#5446 = ORIENTED_EDGE ( 'NONE', *, *, #5838, .F. ) ;
#5447 = ORIENTED_EDGE ( 'NONE', *, *, #3716, .T. ) ;
#5448 = ORIENTED_EDGE ( 'NONE', *, *, #968, .F. ) ;
#5449 =( GEOMETRIC_REPRESENTATION_CONTEXT ( 3 ) GLOBAL_UNCERTAINTY_ASSIGNED_CONTEXT ( ( #701 ) ) GLOBAL_UNIT_ASSIGNED_CONTEXT ( ( #4598, #6221, #4095 ) ) REPRESENTATION_CONTEXT ( 'NONE', 'WORKASPACE' ) );
#5450 = COLOUR_RGB ( '',0.2862745098039215508, 0.2862745098039215508, 0.2862745098039215508 ) ;
#5451 = DIRECTION ( 'NONE',  ( 0.000000000000000000, 0.000000000000000000, 1.000000000000000000 ) ) ;
#5452 = SURFACE_STYLE_USAGE ( .BOTH. , #6532 ) ;
#5453 = CARTESIAN_POINT ( 'NONE',  ( -2.465000000000000302, -1.879999999999999893, 0.000000000000000000 ) ) ;
#5454 = DIRECTION ( 'NONE',  ( 0.1039620511844979861, -0.1039620511844979861, -0.9891328443778538704 ) ) ;
#5455 = FILL_AREA_STYLE_COLOUR ( '', #451 ) ;
#5456 = PRESENTATION_STYLE_ASSIGNMENT (( #3289 ) ) ;
#5457 = VECTOR ( 'NONE', #3477, 1000.000000000000000 ) ;
#5458 = DIRECTION ( 'NONE',  ( -1.000000000000000000, 0.000000000000000000, 0.000000000000000000 ) ) ;
#5459 = DIRECTION ( 'NONE',  ( 0.000000000000000000, 0.000000000000000000, 1.000000000000000000 ) ) ;
#5460 = CARTESIAN_POINT ( 'NONE',  ( -3.075000000000000178, -0.8149999999999999467, 0.3800000000000000044 ) ) ;
#5461 = VECTOR ( 'NONE', #2206, 1000.000000000000114 ) ;
#5462 = CARTESIAN_POINT ( 'NONE',  ( -2.211889550080823330, 1.934733596112490073, -6.623158270370040235 ) ) ;
#5463 = CARTESIAN_POINT ( 'NONE',  ( 2.465000000000000302, 1.879999999999999893, 0.000000000000000000 ) ) ;
#5464 = CARTESIAN_POINT ( 'NONE',  ( -0.9650000000000000799, -0.9949999999999999956, 0.000000000000000000 ) ) ;
#5465 =( GEOMETRIC_REPRESENTATION_CONTEXT ( 3 ) GLOBAL_UNCERTAINTY_ASSIGNED_CONTEXT ( ( #5179 ) ) GLOBAL_UNIT_ASSIGNED_CONTEXT ( ( #3823, #6632, #1146 ) ) REPRESENTATION_CONTEXT ( 'NONE', 'WORKASPACE' ) );
#5466 = ORIENTED_EDGE ( 'NONE', *, *, #1963, .F. ) ;
#5467 = DIRECTION ( 'NONE',  ( 0.000000000000000000, 0.000000000000000000, 1.000000000000000000 ) ) ;
#5468 = PLANE ( 'NONE',  #4958 ) ;
#5469 = PLANE ( 'NONE',  #4082 ) ;
#5470 = VECTOR ( 'NONE', #2582, 1000.000000000000000 ) ;
#5471 = SURFACE_SIDE_STYLE ('',( #1124 ) ) ;
#5472 = EDGE_CURVE ( 'NONE', #5362, #3564, #6000, .T. ) ;
#5473 = PRODUCT_DEFINITION_CONTEXT ( 'detailed design', #6072, 'design' ) ;
#5474 = ADVANCED_FACE ( 'NONE', ( #3708 ), #5924, .T. ) ;
#5475 = VECTOR ( 'NONE', #3469, 1000.000000000000000 ) ;
#5476 = VERTEX_POINT ( 'NONE', #1599 ) ;
#5477 = CARTESIAN_POINT ( 'NONE',  ( 2.945000000000000284, -0.8149999999999999467, 0.000000000000000000 ) ) ;
#5478 = SURFACE_STYLE_USAGE ( .BOTH. , #75 ) ;
#5479 = CARTESIAN_POINT ( 'NONE',  ( 2.945000000000000284, -2.084999999999999964, 0.3300000000000000155 ) ) ;
#5480 = ADVANCED_FACE ( 'NONE', ( #1565 ), #3742, .T. ) ;
#5481 = DIRECTION ( 'NONE',  ( 0.000000000000000000, 0.000000000000000000, 1.000000000000000000 ) ) ;
#5482 = UNCERTAINTY_MEASURE_WITH_UNIT (LENGTH_MEASURE( 1.000000000000000082E-05 ), #846, 'distance_accuracy_value', 'NONE');
#5483 = VECTOR ( 'NONE', #458, 1000.000000000000000 ) ;
#5484 = EDGE_CURVE ( 'NONE', #1086, #2291, #3280, .T. ) ;
#5485 = PRESENTATION_LAYER_ASSIGNMENT (  '', '', ( #785 ) ) ;
#5486 = ORIENTED_EDGE ( 'NONE', *, *, #6295, .F. ) ;
#5487 = VERTEX_POINT ( 'NONE', #4291 ) ;
#5488 = VECTOR ( 'NONE', #2831, 999.9999999999998863 ) ;
#5489 = CARTESIAN_POINT ( 'NONE',  ( -2.945000000000000284, -2.084999999999999964, 0.000000000000000000 ) ) ;
#5490 = PRODUCT ( 'Vishay SIR186DP-T1-RE3 2.STEP', 'Vishay SIR186DP-T1-RE3 2.STEP', '', ( #2454 ) ) ;
#5491 = LINE ( 'NONE', #6533, #641 ) ;
#5492 =( NAMED_UNIT ( * ) PLANE_ANGLE_UNIT ( ) SI_UNIT ( $, .RADIAN. ) );
#5493 = FACE_OUTER_BOUND ( 'NONE', #4961, .T. ) ;
#5494 = VECTOR ( 'NONE', #3677, 999.9999999999998863 ) ;
#5495 = DIRECTION ( 'NONE',  ( 0.000000000000000000, 0.000000000000000000, 1.000000000000000000 ) ) ;
#5496 = DIRECTION ( 'NONE',  ( -0.4999999999999995004, -0.8660254037844390407, 0.000000000000000000 ) ) ;
#5497 = PRESENTATION_LAYER_ASSIGNMENT (  '', '', ( #2155 ) ) ;
#5499 = DIRECTION ( 'NONE',  ( 1.000000000000000000, 0.000000000000000000, 0.000000000000000000 ) ) ;
#5498 = PRESENTATION_LAYER_ASSIGNMENT (  '', '', ( #436 ) ) ;
#5500 = CARTESIAN_POINT ( 'NONE',  ( 2.945000000000000284, 2.034999999999999698, 0.000000000000000000 ) ) ;
#5501 = LINE ( 'NONE', #1154, #654 ) ;
#5502 = FILL_AREA_STYLE_COLOUR ( '', #6627 ) ;
#5503 = AXIS2_PLACEMENT_3D ( 'NONE', #2755, #7102, #2139 ) ;
#5504 = ORIENTED_EDGE ( 'NONE', *, *, #4411, .T. ) ;
#5505 = ORIENTED_EDGE ( 'NONE', *, *, #241, .T. ) ;
#5506 = DIRECTION ( 'NONE',  ( -0.7071067811865550112, 0.7071067811865400232, 0.000000000000000000 ) ) ;
#5507 = CARTESIAN_POINT ( 'NONE',  ( 2.945000000000000284, -2.449999999999999734, 0.000000000000000000 ) ) ;
#5509 = VECTOR ( 'NONE', #1857, 1000.000000000000000 ) ;
#5508 = PRESENTATION_STYLE_ASSIGNMENT (( #1658 ) ) ;
#5510 =( NAMED_UNIT ( * ) SI_UNIT ( $, .STERADIAN. ) SOLID_ANGLE_UNIT ( ) );
#5511 = SHAPE_REPRESENTATION ( 'Trans_Vishay_SIR696DP-T1-GE3_eec.STEP', ( #1715, #5274, #2281 ), #217 ) ;
#5512 = STYLED_ITEM ( 'NONE', ( #5380 ), #478 ) ;
#5513 = ADVANCED_FACE ( 'NONE', ( #6495 ), #6558, .T. ) ;
#5514 = EDGE_LOOP ( 'NONE', ( #3333, #4722, #5939, #3999 ) ) ;
#5515 = ORIENTED_EDGE ( 'NONE', *, *, #1746, .T. ) ;
#5516 = DIRECTION ( 'NONE',  ( -0.4999999999999995004, 0.8660254037844390407, 0.000000000000000000 ) ) ;
#5517 = PRESENTATION_STYLE_ASSIGNMENT (( #3887 ) ) ;
#5518 = DIRECTION ( 'NONE',  ( 1.000000000000000000, 0.000000000000000000, 0.000000000000000000 ) ) ;
#5519 = CARTESIAN_POINT ( 'NONE',  ( 3.075000000000000178, -1.775000000000000133, 0.000000000000000000 ) ) ;
#5520 = VECTOR ( 'NONE', #2276, 1000.000000000000000 ) ;
#5521 = EDGE_CURVE ( 'NONE', #6629, #7106, #2164, .T. ) ;
#5522 = ORIENTED_EDGE ( 'NONE', *, *, #203, .T. ) ;
#5523 = ORIENTED_EDGE ( 'NONE', *, *, #4072, .T. ) ;
#5524 = SURFACE_SIDE_STYLE ('',( #4331 ) ) ;
#5525 =( NAMED_UNIT ( * ) SI_UNIT ( $, .STERADIAN. ) SOLID_ANGLE_UNIT ( ) );
#5526 = EDGE_CURVE ( 'NONE', #4054, #6830, #2742, .T. ) ;
#5527 = CARTESIAN_POINT ( 'NONE',  ( 2.945000000000000284, 1.724999999999999867, 0.3300000000000000155 ) ) ;
#5528 = CARTESIAN_POINT ( 'NONE',  ( 2.945000000000000284, -1.775000000000000133, 0.000000000000000000 ) ) ;
#5529 = EDGE_CURVE ( 'NONE', #6262, #2486, #1067, .T. ) ;
#5530 =( LENGTH_UNIT ( ) NAMED_UNIT ( * ) SI_UNIT ( .MILLI., .METRE. ) );
#5531 = PRESENTATION_STYLE_ASSIGNMENT (( #6633 ) ) ;
#5532 = EDGE_CURVE ( 'NONE', #3564, #1305, #2673, .T. ) ;
#5533 = ORIENTED_EDGE ( 'NONE', *, *, #2609, .F. ) ;
#5534 = FACE_OUTER_BOUND ( 'NONE', #1585, .T. ) ;
#5535 = FACE_OUTER_BOUND ( 'NONE', #3319, .T. ) ;
#5536 = FACE_OUTER_BOUND ( 'NONE', #2275, .T. ) ;
#5537 = DIRECTION ( 'NONE',  ( 0.000000000000000000, -1.000000000000000000, 0.000000000000000000 ) ) ;
#5538 = LINE ( 'NONE', #4408, #6304 ) ;
#5539 = LINE ( 'NONE', #3189, #3027 ) ;
#5540 = ORIENTED_EDGE ( 'NONE', *, *, #3449, .F. ) ;
#5541 = ORIENTED_EDGE ( 'NONE', *, *, #1444, .F. ) ;
#5542 = ORIENTED_EDGE ( 'NONE', *, *, #2037, .T. ) ;
#5543 = LINE ( 'NONE', #4954, #4639 ) ;
#5544 = ORIENTED_EDGE ( 'NONE', *, *, #1611, .F. ) ;
#5545 = LINE ( 'NONE', #6099, #2086 ) ;
#5546 = CARTESIAN_POINT ( 'NONE',  ( 0.4449999999999999512, -2.189999999999999947, 0.000000000000000000 ) ) ;
#5547 = PRODUCT_DEFINITION_CONTEXT ( 'detailed design', #6684, 'design' ) ;
#5548 = COLOUR_RGB ( '',0.2862745098039215508, 0.2862745098039215508, 0.2862745098039215508 ) ;
#5549 = ORIENTED_EDGE ( 'NONE', *, *, #4543, .F. ) ;
#5550 = ORIENTED_EDGE ( 'NONE', *, *, #3007, .T. ) ;
#5551 = LINE ( 'NONE', #6656, #3937 ) ;
#5552 = LINE ( 'NONE', #2811, #1279 ) ;
#5553 = LINE ( 'NONE', #3957, #4564 ) ;
#5554 = DIRECTION ( 'NONE',  ( -1.132880637372609972E-16, 1.000000000000000000, -1.077863926709489990E-15 ) ) ;
#5555 = LINE ( 'NONE', #1704, #4861 ) ;
#5556 =( GEOMETRIC_REPRESENTATION_CONTEXT ( 3 ) GLOBAL_UNCERTAINTY_ASSIGNED_CONTEXT ( ( #901 ) ) GLOBAL_UNIT_ASSIGNED_CONTEXT ( ( #6979, #5879, #891 ) ) REPRESENTATION_CONTEXT ( 'NONE', 'WORKASPACE' ) );
#5557 = ORIENTED_EDGE ( 'NONE', *, *, #4811, .F. ) ;
#5558 = ORIENTED_EDGE ( 'NONE', *, *, #3570, .F. ) ;
#5559 = CARTESIAN_POINT ( 'NONE',  ( -2.895000000000000018, -2.135000000000000231, 0.000000000000000000 ) ) ;
#5560 = CARTESIAN_POINT ( 'NONE',  ( -2.757742740085070032, -1.930000000000000160, 0.3300000000000000155 ) ) ;
#5561 = DIRECTION ( 'NONE',  ( 0.000000000000000000, 0.000000000000000000, 1.000000000000000000 ) ) ;
#5562 = LINE ( 'NONE', #1712, #4278 ) ;
#5563 = VECTOR ( 'NONE', #2980, 1000.000000000000000 ) ;
#5564 = LINE ( 'NONE', #637, #904 ) ;
#5565 = ADVANCED_FACE ( 'NONE', ( #1633 ), #8, .F. ) ;
#5566 = PRODUCT_DEFINITION ( 'UNKNOWN', '', #4915, #5547 ) ;
#5567 = ADVANCED_FACE ( 'NONE', ( #1203 ), #5153, .F. ) ;
#5568 = AXIS2_PLACEMENT_3D ( 'NONE', #1511, #979, #5756 ) ;
#5569 = DIRECTION ( 'NONE',  ( 0.000000000000000000, -1.000000000000000000, 0.000000000000000000 ) ) ;
#5570 = SURFACE_STYLE_USAGE ( .BOTH. , #3940 ) ;
#5571 = LINE ( 'NONE', #3330, #6450 ) ;
#5572 = CARTESIAN_POINT ( 'NONE',  ( -2.945000000000000284, 1.224999999999999867, 0.3300000000000040123 ) ) ;
#5573 = LINE ( 'NONE', #795, #406 ) ;
#5574 = EDGE_CURVE ( 'NONE', #6754, #351, #6732, .T. ) ;
#5575 =( GEOMETRIC_REPRESENTATION_CONTEXT ( 3 ) GLOBAL_UNCERTAINTY_ASSIGNED_CONTEXT ( ( #6 ) ) GLOBAL_UNIT_ASSIGNED_CONTEXT ( ( #282, #875, #2110 ) ) REPRESENTATION_CONTEXT ( 'NONE', 'WORKASPACE' ) );
#5576 = ORIENTED_EDGE ( 'NONE', *, *, #5834, .F. ) ;
#5577 = CARTESIAN_POINT ( 'NONE',  ( -3.075000000000000178, 0.4550000000000000155, 0.000000000000000000 ) ) ;
#5578 = CARTESIAN_POINT ( 'NONE',  ( -0.5799999999999999600, 2.423826859021799951, 0.000000000000000000 ) ) ;
#5579 = DIRECTION ( 'NONE',  ( 0.000000000000000000, 0.000000000000000000, 1.000000000000000000 ) ) ;
#5580 = PRESENTATION_LAYER_ASSIGNMENT (  '', '', ( #4192 ) ) ;
#5581 = ORIENTED_EDGE ( 'NONE', *, *, #5934, .T. ) ;
#5582 = ORIENTED_EDGE ( 'NONE', *, *, #3748, .F. ) ;
#5584 = LINE ( 'NONE', #660, #743 ) ;
#5583 = AXIS2_PLACEMENT_3D ( 'NONE', #5814, #3352, #5561 ) ;
#5585 =( NAMED_UNIT ( * ) SI_UNIT ( $, .STERADIAN. ) SOLID_ANGLE_UNIT ( ) );
#5586 = VECTOR ( 'NONE', #5098, 1000.000000000000000 ) ;
#5587 = ORIENTED_EDGE ( 'NONE', *, *, #6923, .F. ) ;
#5588 = ORIENTED_EDGE ( 'NONE', *, *, #2786, .T. ) ;
#5589 = EDGE_LOOP ( 'NONE', ( #4037, #5302, #6001, #775 ) ) ;
#5590 = CARTESIAN_POINT ( 'NONE',  ( -2.945000000000000284, 1.224999999999999867, 0.3300000000000040123 ) ) ;
#5591 = CARTESIAN_POINT ( 'NONE',  ( -2.945000000000000284, 0.7649999999999999023, 0.3800000000000000044 ) ) ;
#5592 = PLANE ( 'NONE',  #6018 ) ;
#5593 = CARTESIAN_POINT ( 'NONE',  ( 2.465000000000000302, 0.8149999999999999467, 0.000000000000000000 ) ) ;
#5594 = AXIS2_PLACEMENT_3D ( 'NONE', #1248, #2423, #2351 ) ;
#5595 = VERTEX_POINT ( 'NONE', #3921 ) ;
#5596 = EDGE_CURVE ( 'NONE', #877, #37, #6146, .T. ) ;
#5597 = CARTESIAN_POINT ( 'NONE',  ( -2.465000000000000302, -0.8649999999999999911, 0.3800000000000000044 ) ) ;
#5598 = DIRECTION ( 'NONE',  ( 0.000000000000000000, -1.000000000000000000, 0.000000000000000000 ) ) ;
#5599 = LINE ( 'NONE', #5132, #3766 ) ;
#5600 =( LENGTH_UNIT ( ) NAMED_UNIT ( * ) SI_UNIT ( .MILLI., .METRE. ) );
#5601 = PRESENTATION_LAYER_ASSIGNMENT (  '', '', ( #3297 ) ) ;
#5602 = PRESENTATION_STYLE_ASSIGNMENT (( #755 ) ) ;
#5603 = VECTOR ( 'NONE', #6712, 1000.000000000000000 ) ;
#5604 = MECHANICAL_DESIGN_GEOMETRIC_PRESENTATION_REPRESENTATION (  '', ( #5729 ), #2617 ) ;
#5605 = ORIENTED_EDGE ( 'NONE', *, *, #2565, .T. ) ;
#5606 = ORIENTED_EDGE ( 'NONE', *, *, #1524, .T. ) ;
#5607 = EDGE_CURVE ( 'NONE', #5595, #1904, #663, .T. ) ;
#5608 = CARTESIAN_POINT ( 'NONE',  ( -2.945000000000000284, 2.449999999999999734, 0.000000000000000000 ) ) ;
#5609 = CARTESIAN_POINT ( 'NONE',  ( -2.945000000000000284, 0.4550000000000000155, 0.000000000000000000 ) ) ;
#5610 = CARTESIAN_POINT ( 'NONE',  ( 0.4449999999999999512, 1.879999999999999893, 0.3800000000000000044 ) ) ;
#5611 = CARTESIAN_POINT ( 'NONE',  ( 2.895000000000000018, 0.8149999999999999467, 0.000000000000000000 ) ) ;
#5612 = EDGE_CURVE ( 'NONE', #6771, #953, #4540, .T. ) ;
#5613 = LINE ( 'NONE', #4058, #2329 ) ;
#5614 = EDGE_CURVE ( 'NONE', #4815, #6655, #1703, .T. ) ;
#5615 = VECTOR ( 'NONE', #1398, 1000.000000000000000 ) ;
#5616 = UNCERTAINTY_MEASURE_WITH_UNIT (LENGTH_MEASURE( 1.000000000000000082E-05 ), #5530, 'distance_accuracy_value', 'NONE');
#5617 =( GEOMETRIC_REPRESENTATION_CONTEXT ( 3 ) GLOBAL_UNCERTAINTY_ASSIGNED_CONTEXT ( ( #1938 ) ) GLOBAL_UNIT_ASSIGNED_CONTEXT ( ( #4904, #15, #2715 ) ) REPRESENTATION_CONTEXT ( 'NONE', 'WORKASPACE' ) );
#5618 = VERTEX_POINT ( 'NONE', #6108 ) ;
#5619 = EDGE_LOOP ( 'NONE', ( #4134, #508, #7010, #5720 ) ) ;
#5620 = FILL_AREA_STYLE_COLOUR ( '', #3151 ) ;
#5621 = LINE ( 'NONE', #4536, #2298 ) ;
#5622 = DIRECTION ( 'NONE',  ( 0.000000000000000000, 0.000000000000000000, 1.000000000000000000 ) ) ;
#5623 = CARTESIAN_POINT ( 'NONE',  ( -0.8299999999999999600, 2.449999999999999734, 0.3300000000000000155 ) ) ;
#5624 = PRESENTATION_LAYER_ASSIGNMENT (  '', '', ( #4693 ) ) ;
#5625 = VERTEX_POINT ( 'NONE', #1171 ) ;
#5626 = VERTEX_POINT ( 'NONE', #6767 ) ;
#5627 = ORIENTED_EDGE ( 'NONE', *, *, #3927, .T. ) ;
#5628 = FACE_OUTER_BOUND ( 'NONE', #2807, .T. ) ;
#5629 = FACE_OUTER_BOUND ( 'NONE', #2637, .T. ) ;
#5630 = VECTOR ( 'NONE', #3328, 999.9999999999998863 ) ;
#5631 = CARTESIAN_POINT ( 'NONE',  ( 2.465000000000000302, -1.879999999999999893, 0.000000000000000000 ) ) ;
#5632 = LINE ( 'NONE', #2422, #5197 ) ;
#5633 = CARTESIAN_POINT ( 'NONE',  ( -1.447500000000000009, -2.135000000000000231, 0.000000000000000000 ) ) ;
#5634 = VECTOR ( 'NONE', #905, 1000.000000000000000 ) ;
#5635 = ORIENTED_EDGE ( 'NONE', *, *, #682, .T. ) ;
#5636 = CARTESIAN_POINT ( 'NONE',  ( 3.075000000000000178, 1.724999999999999867, 0.3800000000000000044 ) ) ;
#5637 = PLANE ( 'NONE',  #3192 ) ;
#5638 = CARTESIAN_POINT ( 'NONE',  ( -2.430100225889860521, 1.934733596112490073, -6.623158270370040235 ) ) ;
#5639 = LINE ( 'NONE', #792, #796 ) ;
#5640 = PRESENTATION_LAYER_ASSIGNMENT (  '', '', ( #2879 ) ) ;
#5641 = CARTESIAN_POINT ( 'NONE',  ( 2.945000000000000284, -2.084999999999999964, 0.3800000000000000044 ) ) ;
#5642 = EDGE_LOOP ( 'NONE', ( #2557, #7026, #694, #3332 ) ) ;
#5643 = LINE ( 'NONE', #1726, #3088 ) ;
#5644 = LINE ( 'NONE', #4621, #3727 ) ;
#5645 =( NAMED_UNIT ( * ) PLANE_ANGLE_UNIT ( ) SI_UNIT ( $, .RADIAN. ) );
#5646 =( REPRESENTATION_RELATIONSHIP ('NONE','NONE', #5511, #366 ) REPRESENTATION_RELATIONSHIP_WITH_TRANSFORMATION ( #6920 )SHAPE_REPRESENTATION_RELATIONSHIP( ) );
#5647 = DIRECTION ( 'NONE',  ( 0.000000000000000000, 0.000000000000000000, -1.000000000000000000 ) ) ;
#5648 = CARTESIAN_POINT ( 'NONE',  ( 2.874777666791120456, 2.379777666791120350, 0.9981208709751409058 ) ) ;
#5649 = EDGE_CURVE ( 'NONE', #2283, #3631, #3344, .T. ) ;
#5650 = EDGE_CURVE ( 'NONE', #2257, #481, #2337, .T. ) ;
#5651 = EDGE_CURVE ( 'NONE', #6830, #4029, #4709, .T. ) ;
#5652 = VERTEX_POINT ( 'NONE', #1345 ) ;
#5653 = FACE_OUTER_BOUND ( 'NONE', #6800, .T. ) ;
#5654 = CARTESIAN_POINT ( 'NONE',  ( 2.945000000000000284, -1.224999999999999867, 0.3300000000000000155 ) ) ;
#5655 = DIRECTION ( 'NONE',  ( 0.000000000000000000, -1.000000000000000000, 0.000000000000000000 ) ) ;
#5656 = CARTESIAN_POINT ( 'NONE',  ( -1.041281245747259776, -0.01435439709616219937, 0.000000000000000000 ) ) ;
#5657 =( GEOMETRIC_REPRESENTATION_CONTEXT ( 3 ) GLOBAL_UNCERTAINTY_ASSIGNED_CONTEXT ( ( #6952 ) ) GLOBAL_UNIT_ASSIGNED_CONTEXT ( ( #3125, #5332, #4784 ) ) REPRESENTATION_CONTEXT ( 'NONE', 'WORKASPACE' ) );
#5658 =( NAMED_UNIT ( * ) PLANE_ANGLE_UNIT ( ) SI_UNIT ( $, .RADIAN. ) );
#5659 = EDGE_CURVE ( 'NONE', #3998, #5989, #6980, .T. ) ;
#5660 = VECTOR ( 'NONE', #5922, 1000.000000000000000 ) ;
#5661 = ORIENTED_EDGE ( 'NONE', *, *, #1958, .F. ) ;
#5662 = ORIENTED_EDGE ( 'NONE', *, *, #968, .T. ) ;
#5663 = CARTESIAN_POINT ( 'NONE',  ( -0.4449999999999999512, -1.989999999999999991, 0.3300000000000000155 ) ) ;
#5664 = SURFACE_STYLE_USAGE ( .BOTH. , #4546 ) ;
#5665 = FACE_OUTER_BOUND ( 'NONE', #3540, .T. ) ;
#5666 = CARTESIAN_POINT ( 'NONE',  ( 1.447500000000000009, -0.4550000000000000155, 0.000000000000000000 ) ) ;
#5667 = AXIS2_PLACEMENT_3D ( 'NONE', #113, #2307, #700 ) ;
#5668 = VECTOR ( 'NONE', #5913, 1000.000000000000000 ) ;
#5669 = ORIENTED_EDGE ( 'NONE', *, *, #6442, .T. ) ;
#5670 = VECTOR ( 'NONE', #70, 1000.000000000000000 ) ;
#5671 = DIRECTION ( 'NONE',  ( 0.000000000000000000, 0.000000000000000000, -1.000000000000000000 ) ) ;
#5672 = CARTESIAN_POINT ( 'NONE',  ( -2.895000000000000018, -0.8649999999999999911, 0.000000000000000000 ) ) ;
#5673 = DIRECTION ( 'NONE',  ( -0.7071067811865380248, -0.7071067811865570096, 0.000000000000000000 ) ) ;
#5674 = PRESENTATION_STYLE_ASSIGNMENT (( #4522 ) ) ;
#5675 = LINE ( 'NONE', #4488, #4883 ) ;
#5676 = DIRECTION ( 'NONE',  ( 0.000000000000000000, 0.000000000000000000, 1.000000000000000000 ) ) ;
#5677 = CARTESIAN_POINT ( 'NONE',  ( -2.465000000000000302, 0.8149999999999999467, 0.000000000000000000 ) ) ;
#5678 = ORIENTED_EDGE ( 'NONE', *, *, #2474, .T. ) ;
#5679 = SURFACE_SIDE_STYLE ('',( #6795 ) ) ;
#5680 = SURFACE_STYLE_FILL_AREA ( #5105 ) ;
#5681 = STYLED_ITEM ( 'NONE', ( #3264 ), #3539 ) ;
#5682 = ORIENTED_EDGE ( 'NONE', *, *, #4114, .T. ) ;
#5683 = CARTESIAN_POINT ( 'NONE',  ( -0.5799999999999999600, -2.423826859021799951, 0.000000000000000000 ) ) ;
#5684 = LINE ( 'NONE', #761, #5094 ) ;
#5685 = VECTOR ( 'NONE', #6047, 1000.000000000000000 ) ;
#5686 = ORIENTED_EDGE ( 'NONE', *, *, #245, .T. ) ;
#5687 = ORIENTED_EDGE ( 'NONE', *, *, #6919, .T. ) ;
#5688 = SURFACE_STYLE_USAGE ( .BOTH. , #3452 ) ;
#5689 = VERTEX_POINT ( 'NONE', #1874 ) ;
#5690 = EDGE_CURVE ( 'NONE', #2476, #7117, #4668, .T. ) ;
#5691 = SURFACE_STYLE_FILL_AREA ( #296 ) ;
#5692 = AXIS2_PLACEMENT_3D ( 'NONE', #5233, #2032, #3080 ) ;
#5693 = PRESENTATION_STYLE_ASSIGNMENT (( #2483 ) ) ;
#5694 = SURFACE_SIDE_STYLE ('',( #2306 ) ) ;
#5695 = LINE ( 'NONE', #4638, #3817 ) ;
#5696 = ADVANCED_FACE ( 'NONE', ( #5223 ), #5187, .F. ) ;
#5697 = ADVANCED_FACE ( 'NONE', ( #5815 ), #5299, .T. ) ;
#5698 = PRESENTATION_LAYER_ASSIGNMENT (  '', '', ( #535 ) ) ;
#5699 = UNCERTAINTY_MEASURE_WITH_UNIT (LENGTH_MEASURE( 1.000000000000000082E-05 ), #6902, 'distance_accuracy_value', 'NONE');
#5700 = VERTEX_POINT ( 'NONE', #6292 ) ;
#5701 = VERTEX_POINT ( 'NONE', #892 ) ;
#5702 = FILL_AREA_STYLE_COLOUR ( '', #3207 ) ;
#5703 = ADVANCED_FACE ( 'NONE', ( #5850 ), #3064, .T. ) ;
#5704 = SURFACE_STYLE_USAGE ( .BOTH. , #5781 ) ;
#5705 = SURFACE_STYLE_FILL_AREA ( #3535 ) ;
#5706 = UNCERTAINTY_MEASURE_WITH_UNIT (LENGTH_MEASURE( 1.000000000000000082E-05 ), #1718, 'distance_accuracy_value', 'NONE');
#5707 = ADVANCED_FACE ( 'NONE', ( #5259 ), #336, .T. ) ;
#5708 = AXIS2_PLACEMENT_3D ( 'NONE', #5982, #5426, #6090 ) ;
#5709 = EDGE_CURVE ( 'NONE', #6372, #5065, #6449, .T. ) ;
#5710 = ORIENTED_EDGE ( 'NONE', *, *, #2969, .T. ) ;
#5711 = PRESENTATION_LAYER_ASSIGNMENT (  '', '', ( #6887 ) ) ;
#5712 = SURFACE_STYLE_USAGE ( .BOTH. , #2390 ) ;
#5713 = SURFACE_SIDE_STYLE ('',( #3903 ) ) ;
#5714 = FILL_AREA_STYLE_COLOUR ( '', #3419 ) ;
#5715 = CARTESIAN_POINT ( 'NONE',  ( 2.465000000000000302, -0.8649999999999999911, 0.000000000000000000 ) ) ;
#5716 = LINE ( 'NONE', #5025, #6858 ) ;
#5717 =( NAMED_UNIT ( * ) PLANE_ANGLE_UNIT ( ) SI_UNIT ( $, .RADIAN. ) );
#5718 = PRESENTATION_LAYER_ASSIGNMENT (  '', '', ( #1919 ) ) ;
#5719 = PRESENTATION_LAYER_ASSIGNMENT (  '', '', ( #1688 ) ) ;
#5720 = ORIENTED_EDGE ( 'NONE', *, *, #1560, .F. ) ;
#5721 = LINE ( 'NONE', #5137, #5746 ) ;
#5722 =( GEOMETRIC_REPRESENTATION_CONTEXT ( 3 ) GLOBAL_UNCERTAINTY_ASSIGNED_CONTEXT ( ( #3516 ) ) GLOBAL_UNIT_ASSIGNED_CONTEXT ( ( #304, #2490, #4111 ) ) REPRESENTATION_CONTEXT ( 'NONE', 'WORKASPACE' ) );
#5724 = LINE ( 'NONE', #4528, #6866 ) ;
#5723 = VECTOR ( 'NONE', #1278, 1000.000000000000000 ) ;
#5725 = ORIENTED_EDGE ( 'NONE', *, *, #2087, .T. ) ;
#5726 = LINE ( 'NONE', #1830, #6059 ) ;
#5727 = DIRECTION ( 'NONE',  ( 0.000000000000000000, 1.000000000000000000, 0.000000000000000000 ) ) ;
#5728 = COLOUR_RGB ( '',0.9607843137254902244, 0.9607843137254902244, 0.9607843137254902244 ) ;
#5729 = STYLED_ITEM ( 'NONE', ( #1434 ), #5976 ) ;
#5730 = ORIENTED_EDGE ( 'NONE', *, *, #2834, .T. ) ;
#5731 = ORIENTED_EDGE ( 'NONE', *, *, #1180, .T. ) ;
#5732 = PLANE ( 'NONE',  #4409 ) ;
#5733 = VERTEX_POINT ( 'NONE', #3128 ) ;
#5734 = CARTESIAN_POINT ( 'NONE',  ( -2.945000000000000284, 2.449999999999999734, 0.000000000000000000 ) ) ;
#5735 = MECHANICAL_DESIGN_GEOMETRIC_PRESENTATION_REPRESENTATION (  '', ( #1592 ), #5264 ) ;
#5736 = VECTOR ( 'NONE', #6423, 1000.000000000000000 ) ;
#5737 = DIRECTION ( 'NONE',  ( 0.000000000000000000, 0.000000000000000000, 1.000000000000000000 ) ) ;
#5738 = PLANE ( 'NONE',  #2555 ) ;
#5739 = ORIENTED_EDGE ( 'NONE', *, *, #1612, .F. ) ;
#5740 = ORIENTED_EDGE ( 'NONE', *, *, #4149, .F. ) ;
#5741 = DIRECTION ( 'NONE',  ( 0.000000000000000000, 0.000000000000000000, -1.000000000000000000 ) ) ;
#5742 = PLANE ( 'NONE',  #3408 ) ;
#5743 = LINE ( 'NONE', #5158, #3356 ) ;
#5744 = PRODUCT_CONTEXT ( 'NONE', #1604, 'mechanical' ) ;
#5745 = DIRECTION ( 'NONE',  ( 1.000000000000000000, 0.000000000000000000, 0.000000000000000000 ) ) ;
#5746 = VECTOR ( 'NONE', #6828, 1000.000000000000000 ) ;
#5747 = EDGE_CURVE ( 'NONE', #3494, #2709, #6411, .T. ) ;
#5748 = VECTOR ( 'NONE', #272, 1000.000000000000000 ) ;
#5749 = ORIENTED_EDGE ( 'NONE', *, *, #1533, .F. ) ;
#5750 = EDGE_CURVE ( 'NONE', #2016, #872, #2021, .T. ) ;
#5751 = ADVANCED_FACE ( 'NONE', ( #5881 ), #4851, .T. ) ;
#5752 = FACE_OUTER_BOUND ( 'NONE', #4604, .T. ) ;
#5753 = DIRECTION ( 'NONE',  ( 0.000000000000000000, -1.000000000000000000, 0.000000000000000000 ) ) ;
#5754 = CARTESIAN_POINT ( 'NONE',  ( -2.465000000000000302, -0.8649999999999999911, 0.3300000000000000155 ) ) ;
#5755 = DIRECTION ( 'NONE',  ( 0.9945218953682734009, 0.000000000000000000, 0.1045284632676540537 ) ) ;
#5756 = DIRECTION ( 'NONE',  ( -1.132880637372609972E-16, 1.000000000000000000, 0.000000000000000000 ) ) ;
#5757 = FILL_AREA_STYLE_COLOUR ( '', #4676 ) ;
#5758 = COLOUR_RGB ( '',0.2862745098039215508, 0.2862745098039215508, 0.2862745098039215508 ) ;
#5759 = EDGE_CURVE ( 'NONE', #1228, #4790, #6715, .T. ) ;
#5760 = ORIENTED_EDGE ( 'NONE', *, *, #2309, .T. ) ;
#5761 =( NAMED_UNIT ( * ) SI_UNIT ( $, .STERADIAN. ) SOLID_ANGLE_UNIT ( ) );
#5762 = PRESENTATION_STYLE_ASSIGNMENT (( #3549 ) ) ;
#5763 = EDGE_LOOP ( 'NONE', ( #6404, #6852, #5669, #44 ) ) ;
#5764 = LINE ( 'NONE', #839, #4855 ) ;
#5765 = UNCERTAINTY_MEASURE_WITH_UNIT (LENGTH_MEASURE( 1.000000000000000082E-05 ), #3035, 'distance_accuracy_value', 'NONE');
#5766 = VERTEX_POINT ( 'NONE', #3773 ) ;
#5767 = EDGE_LOOP ( 'NONE', ( #5821, #1843, #2065, #2 ) ) ;
#5768 = CARTESIAN_POINT ( 'NONE',  ( 0.4450000000000179923, -1.879999999999999893, 0.000000000000000000 ) ) ;
#5769 = ORIENTED_EDGE ( 'NONE', *, *, #1527, .T. ) ;
#5770 = SURFACE_STYLE_FILL_AREA ( #4821 ) ;
#5771 = CARTESIAN_POINT ( 'NONE',  ( -0.4449999999999999512, 2.189999999999999947, 0.000000000000000000 ) ) ;
#5772 = CARTESIAN_POINT ( 'NONE',  ( 1.752499999999999947, 0.5324999999999999734, 0.000000000000000000 ) ) ;
#5773 = PLANE ( 'NONE',  #4052 ) ;
#5774 = CARTESIAN_POINT ( 'NONE',  ( 0.8299999999999999600, 2.575000000000000178, 0.000000000000000000 ) ) ;
#5775 = CARTESIAN_POINT ( 'NONE',  ( 2.945000000000000284, -1.775000000000000133, 0.000000000000000000 ) ) ;
#5776 = ORIENTED_EDGE ( 'NONE', *, *, #1395, .T. ) ;
#5777 = ORIENTED_EDGE ( 'NONE', *, *, #2179, .F. ) ;
#5778 = LINE ( 'NONE', #4945, #2269 ) ;
#5779 = ORIENTED_EDGE ( 'NONE', *, *, #3346, .F. ) ;
#5780 = DIRECTION ( 'NONE',  ( -1.000000000000000000, 4.550094363217860219E-16, 0.000000000000000000 ) ) ;
#5781 = SURFACE_SIDE_STYLE ('',( #6987 ) ) ;
#5782 = DIRECTION ( 'NONE',  ( 1.000000000000000000, 0.000000000000000000, 0.000000000000000000 ) ) ;
#5783 = SHAPE_DEFINITION_REPRESENTATION ( #3872, #5511 ) ;
#5784 =( NAMED_UNIT ( * ) PLANE_ANGLE_UNIT ( ) SI_UNIT ( $, .RADIAN. ) );
#5785 = UNCERTAINTY_MEASURE_WITH_UNIT (LENGTH_MEASURE( 1.000000000000000082E-05 ), #5271, 'distance_accuracy_value', 'NONE');
#5786 = STYLED_ITEM ( 'NONE', ( #4939 ), #1486 ) ;
#5787 = ORIENTED_EDGE ( 'NONE', *, *, #1742, .T. ) ;
#5788 = DIRECTION ( 'NONE',  ( 1.000000000000000000, 0.000000000000000000, 0.000000000000000000 ) ) ;
#5789 = PRESENTATION_STYLE_ASSIGNMENT (( #5278 ) ) ;
#5790 = LINE ( 'NONE', #6928, #2816 ) ;
#5791 = COLOUR_RGB ( '',0.2862745098039215508, 0.2862745098039215508, 0.2862745098039215508 ) ;
#5792 = FACE_OUTER_BOUND ( 'NONE', #3161, .T. ) ;
#5793 = COLOUR_RGB ( '',0.2862745098039215508, 0.2862745098039215508, 0.2862745098039215508 ) ;
#5794 = EDGE_CURVE ( 'NONE', #2892, #5700, #3232, .T. ) ;
#5795 = SURFACE_SIDE_STYLE ('',( #3577 ) ) ;
#5796 = EDGE_CURVE ( 'NONE', #6143, #4053, #6486, .T. ) ;
#5797 = COLOUR_RGB ( '',0.2862745098039215508, 0.2862745098039215508, 0.2862745098039215508 ) ;
#5798 = ORIENTED_EDGE ( 'NONE', *, *, #4891, .T. ) ;
#5799 = LINE ( 'NONE', #6243, #932 ) ;
#5800 =( LENGTH_UNIT ( ) NAMED_UNIT ( * ) SI_UNIT ( .MILLI., .METRE. ) );
#5801 = EDGE_CURVE ( 'NONE', #4170, #6771, #1191, .T. ) ;
#5802 = CARTESIAN_POINT ( 'NONE',  ( 1.195000000000000062, 1.989999999999999991, 0.000000000000000000 ) ) ;
#5804 = FILL_AREA_STYLE ('',( #1937 ) ) ;
#5803 = VECTOR ( 'NONE', #5146, 999.9999999999998863 ) ;
#5805 = AXIS2_PLACEMENT_3D ( 'NONE', #1326, #3508, #5676 ) ;
#5806 = ORIENTED_EDGE ( 'NONE', *, *, #652, .F. ) ;
#5807 = VECTOR ( 'NONE', #728, 1000.000000000000000 ) ;
#5808 = VECTOR ( 'NONE', #1458, 999.9999999999998863 ) ;
#5809 = ORIENTED_EDGE ( 'NONE', *, *, #2385, .T. ) ;
#5810 = ORIENTED_EDGE ( 'NONE', *, *, #1692, .T. ) ;
#5811 = CARTESIAN_POINT ( 'NONE',  ( -2.945000000000000284, -0.5050000000000000044, 0.3300000000000000155 ) ) ;
#5812 = ORIENTED_EDGE ( 'NONE', *, *, #2385, .F. ) ;
#5813 = ORIENTED_EDGE ( 'NONE', *, *, #2005, .T. ) ;
#5814 = CARTESIAN_POINT ( 'NONE',  ( -2.895000000000000018, -0.4550000000000000155, 0.000000000000000000 ) ) ;
#5815 = FACE_OUTER_BOUND ( 'NONE', #3563, .T. ) ;
#5816 = PRESENTATION_LAYER_ASSIGNMENT (  '', '', ( #4185 ) ) ;
#5817 = ORIENTED_EDGE ( 'NONE', *, *, #5079, .T. ) ;
#5818 = ORIENTED_EDGE ( 'NONE', *, *, #3106, .T. ) ;
#5820 = CARTESIAN_POINT ( 'NONE',  ( -0.9650000000000000799, 2.189999999999999947, 0.3300000000000000155 ) ) ;
#5819 = MECHANICAL_DESIGN_GEOMETRIC_PRESENTATION_REPRESENTATION (  '', ( #6527 ), #1328 ) ;
#5821 = ORIENTED_EDGE ( 'NONE', *, *, #3412, .F. ) ;
#5822 = SURFACE_STYLE_FILL_AREA ( #6948 ) ;
#5823 = SURFACE_SIDE_STYLE ('',( #6417 ) ) ;
#5824 = DIRECTION ( 'NONE',  ( 0.000000000000000000, 0.000000000000000000, 1.000000000000000000 ) ) ;
#5825 = DIRECTION ( 'NONE',  ( 0.000000000000000000, -1.000000000000000000, 0.000000000000000000 ) ) ;
#5826 = AXIS2_PLACEMENT_3D ( 'NONE', #6708, #4481, #120 ) ;
#5827 = EDGE_LOOP ( 'NONE', ( #1260, #4434, #3387, #5841 ) ) ;
#5828 = CARTESIAN_POINT ( 'NONE',  ( -2.945000000000000284, -1.775000000000000133, 0.000000000000000000 ) ) ;
#5829 = CARTESIAN_POINT ( 'NONE',  ( 2.945000000000000284, -1.224999999999999867, 0.3300000000000000155 ) ) ;
#5830 = VECTOR ( 'NONE', #802, 1000.000000000000000 ) ;
#5831 = CARTESIAN_POINT ( 'NONE',  ( -2.945000000000000284, -0.5050000000000000044, 0.000000000000000000 ) ) ;
#5832 = CARTESIAN_POINT ( 'NONE',  ( 2.945000000000000284, -2.449999999999999734, 0.3300000000000000155 ) ) ;
#5833 = CARTESIAN_POINT ( 'NONE',  ( 2.895000000000000018, 0.4049999999999999711, 0.000000000000000000 ) ) ;
#5834 = EDGE_CURVE ( 'NONE', #3747, #5378, #449, .T. ) ;
#5835 = VERTEX_POINT ( 'NONE', #2630 ) ;
#5836 = CARTESIAN_POINT ( 'NONE',  ( -2.945000000000000284, 2.449999999999999734, 0.000000000000000000 ) ) ;
#5837 = FACE_OUTER_BOUND ( 'NONE', #6210, .T. ) ;
#5838 = EDGE_CURVE ( 'NONE', #2967, #3512, #4824, .T. ) ;
#5839 = AXIS2_PLACEMENT_3D ( 'NONE', #567, #3717, #6566 ) ;
#5840 =( GEOMETRIC_REPRESENTATION_CONTEXT ( 3 ) GLOBAL_UNCERTAINTY_ASSIGNED_CONTEXT ( ( #4384 ) ) GLOBAL_UNIT_ASSIGNED_CONTEXT ( ( #771, #2888, #2271 ) ) REPRESENTATION_CONTEXT ( 'NONE', 'WORKASPACE' ) );
#5841 = ORIENTED_EDGE ( 'NONE', *, *, #4242, .F. ) ;
#5842 = EDGE_CURVE ( 'NONE', #3603, #2543, #7081, .T. ) ;
#5843 = ORIENTED_EDGE ( 'NONE', *, *, #4943, .T. ) ;
#5844 = DIRECTION ( 'NONE',  ( 0.000000000000000000, 0.000000000000000000, 1.000000000000000000 ) ) ;
#5845 = EDGE_CURVE ( 'NONE', #3724, #2658, #1062, .T. ) ;
#5846 = EDGE_LOOP ( 'NONE', ( #2907, #5225, #4395, #6130 ) ) ;
#5847 = SURFACE_SIDE_STYLE ('',( #5770 ) ) ;
#5848 = DIRECTION ( 'NONE',  ( 0.000000000000000000, 0.000000000000000000, 1.000000000000000000 ) ) ;
#5849 = PRESENTATION_STYLE_ASSIGNMENT (( #1453 ) ) ;
#5850 = FACE_OUTER_BOUND ( 'NONE', #3662, .T. ) ;
#5851 = AXIS2_PLACEMENT_3D ( 'NONE', #888, #6841, #4171 ) ;
#5852 = VECTOR ( 'NONE', #3459, 1000.000000000000000 ) ;
#5853 = EDGE_CURVE ( 'NONE', #1447, #5487, #1558, .T. ) ;
#5854 = ORIENTED_EDGE ( 'NONE', *, *, #3453, .T. ) ;
#5855 = ORIENTED_EDGE ( 'NONE', *, *, #1214, .T. ) ;
#5856 = CARTESIAN_POINT ( 'NONE',  ( -3.075000000000000178, -0.8149999999999999467, 0.000000000000000000 ) ) ;
#5857 = FACE_OUTER_BOUND ( 'NONE', #350, .T. ) ;
#5858 = PLANE ( 'NONE',  #3295 ) ;
#5859 = UNCERTAINTY_MEASURE_WITH_UNIT (LENGTH_MEASURE( 1.000000000000000082E-05 ), #2451, 'distance_accuracy_value', 'NONE');
#5860 = ORIENTED_EDGE ( 'NONE', *, *, #1302, .T. ) ;
#5861 = FACE_OUTER_BOUND ( 'NONE', #1294, .T. ) ;
#5862 = FACE_OUTER_BOUND ( 'NONE', #4184, .T. ) ;
#5863 = DIRECTION ( 'NONE',  ( 0.7071067811865550112, -0.7071067811865400232, 0.000000000000000000 ) ) ;
#5864 = CARTESIAN_POINT ( 'NONE',  ( -3.075000000000000178, -0.8149999999999999467, 0.000000000000000000 ) ) ;
#5865 = LINE ( 'NONE', #5831, #5615 ) ;
#5866 =( NAMED_UNIT ( * ) PLANE_ANGLE_UNIT ( ) SI_UNIT ( $, .RADIAN. ) );
#5867 =( NAMED_UNIT ( * ) SI_UNIT ( $, .STERADIAN. ) SOLID_ANGLE_UNIT ( ) );
#5868 = VECTOR ( 'NONE', #789, 1000.000000000000000 ) ;
#5869 = SURFACE_STYLE_USAGE ( .BOTH. , #2007 ) ;
#5870 = LINE ( 'NONE', #5356, #4643 ) ;
#5872 = VECTOR ( 'NONE', #4576, 1000.000000000000000 ) ;
#5871 = CARTESIAN_POINT ( 'NONE',  ( -0.9650000000000000799, -2.189999999999999947, 0.000000000000000000 ) ) ;
#5873 = CARTESIAN_POINT ( 'NONE',  ( 2.082500000000000018, 0.3575000000000000400, 0.000000000000000000 ) ) ;
#5874 = AXIS2_PLACEMENT_3D ( 'NONE', #4323, #2197, #3310 ) ;
#5875 = ORIENTED_EDGE ( 'NONE', *, *, #1394, .F. ) ;
#5876 = CARTESIAN_POINT ( 'NONE',  ( -1.472500000000000142, -2.449999999999999734, 0.3300000000000000155 ) ) ;
#5877 = FACE_OUTER_BOUND ( 'NONE', #72, .T. ) ;
#5878 = LINE ( 'NONE', #6548, #2471 ) ;
#5879 =( NAMED_UNIT ( * ) PLANE_ANGLE_UNIT ( ) SI_UNIT ( $, .RADIAN. ) );
#5880 = ADVANCED_FACE ( 'NONE', ( #2665 ), #2254, .F. ) ;
#5881 = FACE_OUTER_BOUND ( 'NONE', #1826, .T. ) ;
#5882 = EDGE_CURVE ( 'NONE', #4170, #5368, #1723, .T. ) ;
#5883 = ORIENTED_EDGE ( 'NONE', *, *, #3620, .T. ) ;
#5884 = ORIENTED_EDGE ( 'NONE', *, *, #3008, .T. ) ;
#5885 = DIRECTION ( 'NONE',  ( 1.000000000000000000, 0.000000000000000000, 0.000000000000000000 ) ) ;
#5886 = LINE ( 'NONE', #6492, #1727 ) ;
#5887 = SURFACE_STYLE_USAGE ( .BOTH. , #5998 ) ;
#5888 = CARTESIAN_POINT ( 'NONE',  ( 2.895000000000000018, -2.135000000000000231, 0.000000000000000000 ) ) ;
#5889 = ADVANCED_FACE ( 'NONE', ( #6171 ), #1223, .F. ) ;
#5890 = LINE ( 'NONE', #965, #3637 ) ;
#5891 = ORIENTED_EDGE ( 'NONE', *, *, #2264, .T. ) ;
#5892 = ORIENTED_EDGE ( 'NONE', *, *, #6867, .T. ) ;
#5893 = ORIENTED_EDGE ( 'NONE', *, *, #5308, .F. ) ;
#5894 = CARTESIAN_POINT ( 'NONE',  ( -2.895000000000000018, -0.4550000000000000155, 0.3300000000000000155 ) ) ;
#5895 = CARTESIAN_POINT ( 'NONE',  ( 2.895000000000000018, 0.8149999999999999467, 0.000000000000000000 ) ) ;
#5896 = DIRECTION ( 'NONE',  ( 1.000000000000000000, 0.000000000000000000, 0.000000000000000000 ) ) ;
#5897 = CARTESIAN_POINT ( 'NONE',  ( 2.465000000000000302, -0.8649999999999999911, 0.000000000000000000 ) ) ;
#5898 = CARTESIAN_POINT ( 'NONE',  ( -2.465000000000000302, -1.724999999999999867, 0.3800000000000000044 ) ) ;
#5899 = PLANE ( 'NONE',  #5568 ) ;
#5900 = VECTOR ( 'NONE', #2033, 1000.000000000000000 ) ;
#5901 = VECTOR ( 'NONE', #635, 1000.000000000000000 ) ;
#5902 = SURFACE_SIDE_STYLE ('',( #3689 ) ) ;
#5903 = ORIENTED_EDGE ( 'NONE', *, *, #4248, .T. ) ;
#5904 = CARTESIAN_POINT ( 'NONE',  ( 1.472500000000000142, 2.449999999999999734, 0.3300000000000050115 ) ) ;
#5905 = AXIS2_PLACEMENT_3D ( 'NONE', #3562, #2955, #6332 ) ;
#5906 = VECTOR ( 'NONE', #5116, 1000.000000000000000 ) ;
#5907 = ORIENTED_EDGE ( 'NONE', *, *, #6698, .T. ) ;
#5908 = DIRECTION ( 'NONE',  ( 0.000000000000000000, 0.000000000000000000, 1.000000000000000000 ) ) ;
#5909 = MECHANICAL_DESIGN_GEOMETRIC_PRESENTATION_REPRESENTATION (  '', ( #1314 ), #6511 ) ;
#5910 = ORIENTED_EDGE ( 'NONE', *, *, #6117, .F. ) ;
#5911 = FILL_AREA_STYLE ('',( #6407 ) ) ;
#5912 = CARTESIAN_POINT ( 'NONE',  ( -2.945000000000000284, -0.8149999999999999467, 0.000000000000000000 ) ) ;
#5913 = DIRECTION ( 'NONE',  ( -1.000000000000000000, 0.000000000000000000, 0.000000000000000000 ) ) ;
#5914 = DIRECTION ( 'NONE',  ( 0.000000000000000000, -1.000000000000000000, 0.000000000000000000 ) ) ;
#5915 = VECTOR ( 'NONE', #6429, 1000.000000000000000 ) ;
#5916 = EDGE_CURVE ( 'NONE', #7018, #4620, #5100, .T. ) ;
#5917 = VERTEX_POINT ( 'NONE', #3546 ) ;
#5918 = ORIENTED_EDGE ( 'NONE', *, *, #3045, .F. ) ;
#5919 = LINE ( 'NONE', #3675, #2691 ) ;
#5920 =( LENGTH_UNIT ( ) NAMED_UNIT ( * ) SI_UNIT ( .MILLI., .METRE. ) );
#5921 = VECTOR ( 'NONE', #184, 1000.000000000000000 ) ;
#5922 = DIRECTION ( 'NONE',  ( 0.000000000000000000, 1.000000000000000000, 0.000000000000000000 ) ) ;
#5923 = EDGE_CURVE ( 'NONE', #6003, #1156, #4651, .T. ) ;
#5924 = PLANE ( 'NONE',  #78 ) ;
#5925 = VERTEX_POINT ( 'NONE', #6355 ) ;
#5926 = VECTOR ( 'NONE', #6682, 1000.000000000000000 ) ;
#5927 = ADVANCED_FACE ( 'NONE', ( #6825 ), #2430, .F. ) ;
#5928 = ORIENTED_EDGE ( 'NONE', *, *, #4629, .F. ) ;
#5929 = VERTEX_POINT ( 'NONE', #2869 ) ;
#5930 = FILL_AREA_STYLE ('',( #7029 ) ) ;
#5931 = EDGE_CURVE ( 'NONE', #768, #2370, #3436, .T. ) ;
#5932 = FACE_OUTER_BOUND ( 'NONE', #4458, .T. ) ;
#5933 = CARTESIAN_POINT ( 'NONE',  ( 3.075000000000000178, 2.034999999999999698, 0.000000000000000000 ) ) ;
#5934 = EDGE_CURVE ( 'NONE', #2727, #648, #1822, .T. ) ;
#5935 = CARTESIAN_POINT ( 'NONE',  ( 0.000000000000000000, 0.000000000000000000, 0.000000000000000000 ) ) ;
#5936 = DIRECTION ( 'NONE',  ( 0.000000000000000000, 1.000000000000000000, 0.000000000000000000 ) ) ;
#5938 = CARTESIAN_POINT ( 'NONE',  ( 2.465000000000000302, 1.879999999999999893, 0.3300000000000000155 ) ) ;
#5937 = VECTOR ( 'NONE', #6468, 1000.000000000000000 ) ;
#5939 = ORIENTED_EDGE ( 'NONE', *, *, #5387, .F. ) ;
#5940 = VECTOR ( 'NONE', #2859, 999.9999999999998863 ) ;
#5941 = CARTESIAN_POINT ( 'NONE',  ( 2.895000000000000018, -1.724999999999999867, 0.000000000000000000 ) ) ;
#5942 = DIRECTION ( 'NONE',  ( -1.000000000000000000, 0.000000000000000000, 0.000000000000000000 ) ) ;
#5943 = CARTESIAN_POINT ( 'NONE',  ( 0.8299999999999999600, 2.423826859021799951, 0.3800000000000000044 ) ) ;
#5944 = CARTESIAN_POINT ( 'NONE',  ( -2.945000000000000284, 0.7649999999999999023, 0.000000000000000000 ) ) ;
#5945 = DIRECTION ( 'NONE',  ( 5.886868053959999725E-14, 1.000000000000000000, 0.000000000000000000 ) ) ;
#5946 = COLOUR_RGB ( '',0.2862745098039215508, 0.2862745098039215508, 0.2862745098039215508 ) ;
#5947 = ORIENTED_EDGE ( 'NONE', *, *, #3623, .T. ) ;
#5949 = LINE ( 'NONE', #4782, #2112 ) ;
#5948 = STYLED_ITEM ( 'NONE', ( #6353 ), #5118 ) ;
#5950 = ORIENTED_EDGE ( 'NONE', *, *, #5614, .T. ) ;
#5951 =( NAMED_UNIT ( * ) SI_UNIT ( $, .STERADIAN. ) SOLID_ANGLE_UNIT ( ) );
#5952 = LINE ( 'NONE', #3697, #6179 ) ;
#5953 = CARTESIAN_POINT ( 'NONE',  ( -2.861967654140120221, 0.000000000000000000, 1.119999999999999885 ) ) ;
#5954 = STYLED_ITEM ( 'NONE', ( #2851 ), #5565 ) ;
#5955 = ORIENTED_EDGE ( 'NONE', *, *, #646, .T. ) ;
#5956 = CARTESIAN_POINT ( 'NONE',  ( -2.465000000000000302, 1.675000000000000044, 0.000000000000000000 ) ) ;
#5957 = FILL_AREA_STYLE_COLOUR ( '', #5758 ) ;
#5958 = CARTESIAN_POINT ( 'NONE',  ( -2.895000000000000018, 0.8149999999999999467, 0.000000000000000000 ) ) ;
#5959 = MECHANICAL_DESIGN_GEOMETRIC_PRESENTATION_REPRESENTATION (  '', ( #5023 ), #7007 ) ;
#5960 = VECTOR ( 'NONE', #5080, 1000.000000000000000 ) ;
#5961 = LINE ( 'NONE', #7056, #3699 ) ;
#5962 = CARTESIAN_POINT ( 'NONE',  ( -1.447500000000000009, -0.8649999999999999911, 0.000000000000000000 ) ) ;
#5963 = AXIS2_PLACEMENT_3D ( 'NONE', #2481, #2952, #1838 ) ;
#5964 = VECTOR ( 'NONE', #5496, 999.9999999999998863 ) ;
#5965 = ORIENTED_EDGE ( 'NONE', *, *, #3570, .T. ) ;
#5966 = ORIENTED_EDGE ( 'NONE', *, *, #2525, .F. ) ;
#5967 = LINE ( 'NONE', #1040, #112 ) ;
#5968 = DIRECTION ( 'NONE',  ( 0.000000000000000000, 0.000000000000000000, -1.000000000000000000 ) ) ;
#5969 = DIRECTION ( 'NONE',  ( 0.7071067811865474617, 0.7071067811865474617, 0.000000000000000000 ) ) ;
#5970 = LINE ( 'NONE', #4764, #4156 ) ;
#5971 = CARTESIAN_POINT ( 'NONE',  ( -2.757742740085070032, 0.6099999999999999867, 0.3300000000000000155 ) ) ;
#5972 = VECTOR ( 'NONE', #354, 999.9999999999998863 ) ;
#5973 = VECTOR ( 'NONE', #5232, 1000.000000000000000 ) ;
#5974 = CARTESIAN_POINT ( 'NONE',  ( -0.4449999999999999512, -1.879999999999999893, 0.000000000000000000 ) ) ;
#5975 = EDGE_CURVE ( 'NONE', #6347, #6298, #6312, .T. ) ;
#5976 = ADVANCED_FACE ( 'NONE', ( #5064 ), #5204, .F. ) ;
#5977 = EDGE_CURVE ( 'NONE', #2476, #2148, #4692, .T. ) ;
#5978 = PRODUCT_DEFINITION_FORMATION_WITH_SPECIFIED_SOURCE ( 'ANY', '', #551, .NOT_KNOWN. ) ;
#5979 = DIRECTION ( 'NONE',  ( 0.000000000000000000, 0.000000000000000000, -1.000000000000000000 ) ) ;
#5980 = SURFACE_STYLE_USAGE ( .BOTH. , #3830 ) ;
#5981 = CARTESIAN_POINT ( 'NONE',  ( 2.895000000000000018, -1.724999999999999867, 0.3300000000000000155 ) ) ;
#5982 = CARTESIAN_POINT ( 'NONE',  ( -2.430100225889860521, 1.934733596112490073, 1.119900000000000118 ) ) ;
#5983 =( NAMED_UNIT ( * ) PLANE_ANGLE_UNIT ( ) SI_UNIT ( $, .RADIAN. ) );
#5984 = ADVANCED_FACE ( 'NONE', ( #6966 ), #1512, .F. ) ;
#5985 = AXIS2_PLACEMENT_3D ( 'NONE', #1193, #2977, #2400 ) ;
#5986 = CIRCLE ( 'NONE', #4353, 0.2182106758090371357 ) ;
#5987 = EDGE_LOOP ( 'NONE', ( #6725, #611, #2959, #2398 ) ) ;
#5988 = CARTESIAN_POINT ( 'NONE',  ( -2.945000000000000284, 0.4550000000000000155, 0.000000000000000000 ) ) ;
#5989 = VERTEX_POINT ( 'NONE', #6812 ) ;
#5990 = CARTESIAN_POINT ( 'NONE',  ( -2.945000000000000284, -0.5050000000000000044, 0.3300000000000000155 ) ) ;
#5991 = SURFACE_STYLE_FILL_AREA ( #2018 ) ;
#5992 =( NAMED_UNIT ( * ) PLANE_ANGLE_UNIT ( ) SI_UNIT ( $, .RADIAN. ) );
#5993 = CARTESIAN_POINT ( 'NONE',  ( 3.075000000000000178, 0.7649999999999999023, 0.000000000000000000 ) ) ;
#5994 = VECTOR ( 'NONE', #669, 1000.000000000000000 ) ;
#5995 = ORIENTED_EDGE ( 'NONE', *, *, #4854, .F. ) ;
#5996 = DIRECTION ( 'NONE',  ( 0.000000000000000000, -1.000000000000000000, 0.000000000000000000 ) ) ;
#5997 = FILL_AREA_STYLE_COLOUR ( '', #2415 ) ;
#5998 = SURFACE_SIDE_STYLE ('',( #4892 ) ) ;
#5999 = LINE ( 'NONE', #526, #4737 ) ;
#6000 = LINE ( 'NONE', #7132, #4209 ) ;
#6001 = ORIENTED_EDGE ( 'NONE', *, *, #6488, .T. ) ;
#6002 = VERTEX_POINT ( 'NONE', #4606 ) ;
#6003 = VERTEX_POINT ( 'NONE', #2450 ) ;
#6004 = LINE ( 'NONE', #3822, #4588 ) ;
#6005 = CARTESIAN_POINT ( 'NONE',  ( 0.000000000000000000, 2.366967654140120114, 1.119999999999999885 ) ) ;
#6006 = CARTESIAN_POINT ( 'NONE',  ( -3.075000000000000178, -2.084999999999999964, 0.000000000000000000 ) ) ;
#6007 = CARTESIAN_POINT ( 'NONE',  ( 2.945000000000000284, 0.7649999999999999023, 0.000000000000000000 ) ) ;
#6008 =( LENGTH_UNIT ( ) NAMED_UNIT ( * ) SI_UNIT ( .MILLI., .METRE. ) );
#6009 = ORIENTED_EDGE ( 'NONE', *, *, #6480, .T. ) ;
#6010 = EDGE_CURVE ( 'NONE', #5191, #3855, #1954, .T. ) ;
#6011 = CARTESIAN_POINT ( 'NONE',  ( 2.945000000000000284, 2.034999999999999698, 0.000000000000000000 ) ) ;
#6012 = DIRECTION ( 'NONE',  ( -0.7071067811865380248, -0.7071067811865570096, 0.000000000000000000 ) ) ;
#6013 = LINE ( 'NONE', #2793, #914 ) ;
#6014 = VECTOR ( 'NONE', #2192, 1000.000000000000000 ) ;
#6015 = DIRECTION ( 'NONE',  ( 1.000000000000000000, 0.000000000000000000, 0.000000000000000000 ) ) ;
#6016 = CARTESIAN_POINT ( 'NONE',  ( 0.08477390857198019436, 1.272404673828979815, 0.000000000000000000 ) ) ;
#6017 = EDGE_CURVE ( 'NONE', #6905, #37, #3496, .T. ) ;
#6018 = AXIS2_PLACEMENT_3D ( 'NONE', #2453, #4076, #6849 ) ;
#6019 = EDGE_CURVE ( 'NONE', #3450, #1899, #5086, .T. ) ;
#6020 = ORIENTED_EDGE ( 'NONE', *, *, #1913, .T. ) ;
#6021 = SURFACE_STYLE_USAGE ( .BOTH. , #3543 ) ;
#6022 = ORIENTED_EDGE ( 'NONE', *, *, #1533, .T. ) ;
#6023 = PRESENTATION_STYLE_ASSIGNMENT (( #67 ) ) ;
#6024 = FACE_OUTER_BOUND ( 'NONE', #1298, .T. ) ;
#6025 = AXIS2_PLACEMENT_3D ( 'NONE', #2124, #1986, #3916 ) ;
#6026 = EDGE_CURVE ( 'NONE', #1602, #142, #741, .T. ) ;
#6027 = VECTOR ( 'NONE', #6766, 1000.000000000000000 ) ;
#6028 = PRESENTATION_LAYER_ASSIGNMENT (  '', '', ( #1992 ) ) ;
#6029 = ORIENTED_EDGE ( 'NONE', *, *, #5209, .F. ) ;
#6030 = DIRECTION ( 'NONE',  ( 0.000000000000000000, 0.000000000000000000, 1.000000000000000000 ) ) ;
#6031 =( NAMED_UNIT ( * ) SI_UNIT ( $, .STERADIAN. ) SOLID_ANGLE_UNIT ( ) );
#6032 = DIRECTION ( 'NONE',  ( 1.000000000000000000, 0.000000000000000000, 0.000000000000000000 ) ) ;
#6033 = CARTESIAN_POINT ( 'NONE',  ( 0.5799999999999999600, -2.423826859021799951, 0.000000000000000000 ) ) ;
#6034 = PRESENTATION_LAYER_ASSIGNMENT (  '', '', ( #279 ) ) ;
#6035 = VERTEX_POINT ( 'NONE', #4141 ) ;
#6036 = VERTEX_POINT ( 'NONE', #6300 ) ;
#6037 = DIRECTION ( 'NONE',  ( 0.000000000000000000, -1.000000000000000000, 0.000000000000000000 ) ) ;
#6038 =( NAMED_UNIT ( * ) SI_UNIT ( $, .STERADIAN. ) SOLID_ANGLE_UNIT ( ) );
#6039 = DIRECTION ( 'NONE',  ( 0.000000000000000000, 1.000000000000000000, 0.000000000000000000 ) ) ;
#6040 = LINE ( 'NONE', #2783, #499 ) ;
#6041 = ORIENTED_EDGE ( 'NONE', *, *, #6294, .F. ) ;
#6042 = FACE_OUTER_BOUND ( 'NONE', #2167, .T. ) ;
#6043 = AXIS2_PLACEMENT_3D ( 'NONE', #503, #1679, #5499 ) ;
#6044 = ORIENTED_EDGE ( 'NONE', *, *, #3260, .T. ) ;
#6045 =( LENGTH_UNIT ( ) NAMED_UNIT ( * ) SI_UNIT ( .MILLI., .METRE. ) );
#6046 = DIRECTION ( 'NONE',  ( 0.000000000000000000, 0.000000000000000000, 1.000000000000000000 ) ) ;
#6047 = DIRECTION ( 'NONE',  ( 0.000000000000000000, 1.000000000000000000, 0.000000000000000000 ) ) ;
#6048 = MECHANICAL_DESIGN_GEOMETRIC_PRESENTATION_REPRESENTATION (  '', ( #4192 ), #6415 ) ;
#6049 = LINE ( 'NONE', #5462, #4341 ) ;
#6050 = DIRECTION ( 'NONE',  ( 0.4999999999999995004, -0.8660254037844390407, 0.000000000000000000 ) ) ;
#6051 = DIRECTION ( 'NONE',  ( 0.000000000000000000, 1.000000000000000000, 0.000000000000000000 ) ) ;
#6052 = EDGE_CURVE ( 'NONE', #351, #7106, #6374, .T. ) ;
#6053 = MECHANICAL_DESIGN_GEOMETRIC_PRESENTATION_REPRESENTATION (  '', ( #421 ), #2937 ) ;
#6054 = DIRECTION ( 'NONE',  ( 1.000000000000000000, 0.000000000000000000, 0.000000000000000000 ) ) ;
#6055 = ORIENTED_EDGE ( 'NONE', *, *, #4421, .T. ) ;
#6056 = DIRECTION ( 'NONE',  ( 0.000000000000000000, 1.000000000000000000, 0.000000000000000000 ) ) ;
#6057 =( LENGTH_UNIT ( ) NAMED_UNIT ( * ) SI_UNIT ( .MILLI., .METRE. ) );
#6058 = SURFACE_STYLE_FILL_AREA ( #1762 ) ;
#6059 = VECTOR ( 'NONE', #3013, 1000.000000000000000 ) ;
#6060 = UNCERTAINTY_MEASURE_WITH_UNIT (LENGTH_MEASURE( 1.000000000000000082E-05 ), #3363, 'distance_accuracy_value', 'NONE');
#6061 = EDGE_CURVE ( 'NONE', #4970, #5917, #1282, .T. ) ;
#6062 = EDGE_CURVE ( 'NONE', #564, #4620, #6772, .T. ) ;
#6063 = ADVANCED_FACE ( 'NONE', ( #1813 ), #2343, .T. ) ;
#6064 = ORIENTED_EDGE ( 'NONE', *, *, #695, .F. ) ;
#6065 = VERTEX_POINT ( 'NONE', #1418 ) ;
#6066 = DIRECTION ( 'NONE',  ( -1.000000000000000000, 0.000000000000000000, 0.000000000000000000 ) ) ;
#6067 = PLANE ( 'NONE',  #5411 ) ;
#6068 = CARTESIAN_POINT ( 'NONE',  ( 3.075000000000000178, -0.8149999999999999467, 0.000000000000000000 ) ) ;
#6069 =( NAMED_UNIT ( * ) SI_UNIT ( $, .STERADIAN. ) SOLID_ANGLE_UNIT ( ) );
#6070 = SURFACE_STYLE_FILL_AREA ( #1669 ) ;
#6071 = AXIS2_PLACEMENT_3D ( 'NONE', #497, #6569, #3792 ) ;
#6072 = APPLICATION_CONTEXT ( 'automotive_design' ) ;
#6073 = ORIENTED_EDGE ( 'NONE', *, *, #6955, .F. ) ;
#6074 = VECTOR ( 'NONE', #1004, 1000.000000000000000 ) ;
#6075 = EDGE_LOOP ( 'NONE', ( #5310, #2361, #1103, #5265, #2418, #2810, #4705, #4140 ) ) ;
#6076 = ORIENTED_EDGE ( 'NONE', *, *, #6010, .T. ) ;
#6077 = COLOUR_RGB ( '',0.2862745098039215508, 0.2862745098039215508, 0.2862745098039215508 ) ;
#6078 = FACE_OUTER_BOUND ( 'NONE', #806, .T. ) ;
#6079 = CARTESIAN_POINT ( 'NONE',  ( -2.895000000000000018, -2.135000000000000231, 0.000000000000000000 ) ) ;
#6080 = LINE ( 'NONE', #569, #1301 ) ;
#6081 = CARTESIAN_POINT ( 'NONE',  ( -2.430100225889860521, 1.934733596112490073, 1.119999999999999885 ) ) ;
#6082 = AXIS2_PLACEMENT_3D ( 'NONE', #1767, #6106, #3918 ) ;
#6083 = AXIS2_PLACEMENT_3D ( 'NONE', #2925, #5121, #3533 ) ;
#6084 = LINE ( 'NONE', #6748, #5630 ) ;
#6085 = FILL_AREA_STYLE ('',( #3866 ) ) ;
#6086 = VECTOR ( 'NONE', #3467, 1000.000000000000000 ) ;
#6088 = DIRECTION ( 'NONE',  ( -4.252870457233460798E-15, 1.000000000000000000, 0.000000000000000000 ) ) ;
#6087 = VECTOR ( 'NONE', #167, 1000.000000000000000 ) ;
#6089 = DIRECTION ( 'NONE',  ( 1.000000000000000000, 0.000000000000000000, 0.000000000000000000 ) ) ;
#6090 = DIRECTION ( 'NONE',  ( -1.000000000000000000, 0.000000000000000000, 0.000000000000000000 ) ) ;
#6091 = SURFACE_STYLE_FILL_AREA ( #1682 ) ;
#6092 = ORIENTED_EDGE ( 'NONE', *, *, #5249, .T. ) ;
#6093 = AXIS2_PLACEMENT_3D ( 'NONE', #6081, #2208, #4401 ) ;
#6094 = ORIENTED_EDGE ( 'NONE', *, *, #4149, .T. ) ;
#6095 = ORIENTED_EDGE ( 'NONE', *, *, #5750, .F. ) ;
#6096 = CARTESIAN_POINT ( 'NONE',  ( -2.895000000000000018, -0.8649999999999999911, 0.000000000000000000 ) ) ;
#6097 = ORIENTED_EDGE ( 'NONE', *, *, #5387, .T. ) ;
#6098 = FACE_OUTER_BOUND ( 'NONE', #5827, .T. ) ;
#6099 = CARTESIAN_POINT ( 'NONE',  ( -2.465000000000000302, 1.879999999999999893, 0.000000000000000000 ) ) ;
#6100 = MECHANICAL_DESIGN_GEOMETRIC_PRESENTATION_REPRESENTATION (  '', ( #6345 ), #1825 ) ;
#6101 = DIRECTION ( 'NONE',  ( -0.7071067811865550112, -0.7071067811865400232, 0.000000000000000000 ) ) ;
#6102 = VERTEX_POINT ( 'NONE', #6337 ) ;
#6103 = ORIENTED_EDGE ( 'NONE', *, *, #3131, .F. ) ;
#6104 = CARTESIAN_POINT ( 'NONE',  ( -2.465000000000000302, 0.4049999999999999711, 0.000000000000000000 ) ) ;
#6105 = EDGE_CURVE ( 'NONE', #2148, #6262, #3602, .T. ) ;
#6106 = DIRECTION ( 'NONE',  ( 0.000000000000000000, -1.000000000000000000, 0.000000000000000000 ) ) ;
#6107 = LINE ( 'NONE', #2814, #35 ) ;
#6108 = CARTESIAN_POINT ( 'NONE',  ( 2.895000000000000018, -0.8649999999999999911, 0.000000000000000000 ) ) ;
#6109 = MECHANICAL_DESIGN_GEOMETRIC_PRESENTATION_REPRESENTATION (  '', ( #4360 ), #6589 ) ;
#6110 = FILL_AREA_STYLE_COLOUR ( '', #5791 ) ;
#6111 = ADVANCED_FACE ( 'NONE', ( #4642 ), #817, .F. ) ;
#6112 =( GEOMETRIC_REPRESENTATION_CONTEXT ( 3 ) GLOBAL_UNCERTAINTY_ASSIGNED_CONTEXT ( ( #2097 ) ) GLOBAL_UNIT_ASSIGNED_CONTEXT ( ( #590, #523, #6593 ) ) REPRESENTATION_CONTEXT ( 'NONE', 'WORKASPACE' ) );
#6113 = ORIENTED_EDGE ( 'NONE', *, *, #3705, .T. ) ;
#6114 = ORIENTED_EDGE ( 'NONE', *, *, #2968, .F. ) ;
#6115 = ORIENTED_EDGE ( 'NONE', *, *, #1651, .F. ) ;
#6116 = CARTESIAN_POINT ( 'NONE',  ( -3.075000000000000178, 2.034999999999999698, 0.000000000000000000 ) ) ;
#6117 = EDGE_CURVE ( 'NONE', #726, #4630, #5778, .T. ) ;
#6118 =( NAMED_UNIT ( * ) PLANE_ANGLE_UNIT ( ) SI_UNIT ( $, .RADIAN. ) );
#6119 =( NAMED_UNIT ( * ) PLANE_ANGLE_UNIT ( ) SI_UNIT ( $, .RADIAN. ) );
#6120 = DIRECTION ( 'NONE',  ( 0.000000000000000000, -1.000000000000000000, 0.000000000000000000 ) ) ;
#6121 =( LENGTH_UNIT ( ) NAMED_UNIT ( * ) SI_UNIT ( .MILLI., .METRE. ) );
#6122 = FILL_AREA_STYLE ('',( #16 ) ) ;
#6123 = ORIENTED_EDGE ( 'NONE', *, *, #774, .T. ) ;
#6124 = CARTESIAN_POINT ( 'NONE',  ( -2.895000000000000018, -1.724999999999999867, 0.000000000000000000 ) ) ;
#6125 = DIRECTION ( 'NONE',  ( 0.000000000000000000, 1.000000000000000000, 0.000000000000000000 ) ) ;
#6126 = CARTESIAN_POINT ( 'NONE',  ( 2.895000000000000018, -1.724999999999999867, 0.3800000000000000044 ) ) ;
#6127 = CARTESIAN_POINT ( 'NONE',  ( 0.4449999999999999512, -2.189999999999999947, 0.3800000000000000044 ) ) ;
#6128 = LINE ( 'NONE', #754, #7084 ) ;
#6129 = SURFACE_SIDE_STYLE ('',( #4987 ) ) ;
#6130 = ORIENTED_EDGE ( 'NONE', *, *, #6202, .F. ) ;
#6131 =( GEOMETRIC_REPRESENTATION_CONTEXT ( 3 ) GLOBAL_UNCERTAINTY_ASSIGNED_CONTEXT ( ( #2743 ) ) GLOBAL_UNIT_ASSIGNED_CONTEXT ( ( #1264, #5645, #6962 ) ) REPRESENTATION_CONTEXT ( 'NONE', 'WORKASPACE' ) );
#6132 = LINE ( 'NONE', #5104, #2395 ) ;
#6133 = VERTEX_POINT ( 'NONE', #3761 ) ;
#6134 = DIRECTION ( 'NONE',  ( -1.516698121072619908E-16, -1.000000000000000000, 0.000000000000000000 ) ) ;
#6135 = DIRECTION ( 'NONE',  ( -1.000000000000000000, 0.000000000000000000, 0.000000000000000000 ) ) ;
#6136 = LINE ( 'NONE', #1163, #2563 ) ;
#6137 = MECHANICAL_DESIGN_GEOMETRIC_PRESENTATION_REPRESENTATION (  '', ( #1412 ), #1754 ) ;
#6138 = ORIENTED_EDGE ( 'NONE', *, *, #4464, .F. ) ;
#6139 = ORIENTED_EDGE ( 'NONE', *, *, #433, .F. ) ;
#6140 = CARTESIAN_POINT ( 'NONE',  ( -2.861967654140120221, -2.366967654140120114, 1.119999999999999885 ) ) ;
#6141 = VECTOR ( 'NONE', #5042, 1000.000000000000000 ) ;
#6142 = VECTOR ( 'NONE', #2163, 1000.000000000000000 ) ;
#6143 = VERTEX_POINT ( 'NONE', #2181 ) ;
#6144 = FILL_AREA_STYLE_COLOUR ( '', #3873 ) ;
#6145 = SURFACE_SIDE_STYLE ('',( #2704 ) ) ;
#6146 = LINE ( 'NONE', #3489, #6780 ) ;
#6147 = DIRECTION ( 'NONE',  ( 0.7071067811865474617, 0.7071067811865474617, 0.000000000000000000 ) ) ;
#6148 = VECTOR ( 'NONE', #589, 1000.000000000000000 ) ;
#6149 = VECTOR ( 'NONE', #849, 1000.000000000000000 ) ;
#6150 = EDGE_CURVE ( 'NONE', #4760, #6174, #6636, .T. ) ;
#6151 = ORIENTED_EDGE ( 'NONE', *, *, #1692, .F. ) ;
#6152 = ORIENTED_EDGE ( 'NONE', *, *, #2705, .F. ) ;
#6153 = DIRECTION ( 'NONE',  ( -1.000000000000000000, 0.000000000000000000, 0.000000000000000000 ) ) ;
#6154 = CARTESIAN_POINT ( 'NONE',  ( -3.075000000000000178, 0.4550000000000000155, 0.000000000000000000 ) ) ;
#6155 = CARTESIAN_POINT ( 'NONE',  ( 2.895000000000000018, -0.4550000000000000155, 0.000000000000000000 ) ) ;
#6156 = SURFACE_SIDE_STYLE ('',( #534 ) ) ;
#6157 = CARTESIAN_POINT ( 'NONE',  ( 0.000000000000000000, 0.000000000000000000, 0.000000000000000000 ) ) ;
#6158 = PLANE ( 'NONE',  #2836 ) ;
#6159 = VECTOR ( 'NONE', #1519, 1000.000000000000000 ) ;
#6160 = AXIS2_PLACEMENT_3D ( 'NONE', #6752, #3977, #3150 ) ;
#6161 = ORIENTED_EDGE ( 'NONE', *, *, #5081, .T. ) ;
#6162 = EDGE_CURVE ( 'NONE', #1943, #1406, #6505, .T. ) ;
#6163 = ADVANCED_FACE ( 'NONE', ( #5535 ), #2109, .F. ) ;
#6164 = LINE ( 'NONE', #6606, #692 ) ;
#6165 = LINE ( 'NONE', #1219, #6087 ) ;
#6166 = FILL_AREA_STYLE_COLOUR ( '', #2698 ) ;
#6167 = PLANE ( 'NONE',  #6911 ) ;
#6168 = DIRECTION ( 'NONE',  ( 0.000000000000000000, 0.000000000000000000, 1.000000000000000000 ) ) ;
#6170 =( NAMED_UNIT ( * ) PLANE_ANGLE_UNIT ( ) SI_UNIT ( $, .RADIAN. ) );
#6169 = VECTOR ( 'NONE', #2910, 1000.000000000000000 ) ;
#6171 = FACE_OUTER_BOUND ( 'NONE', #2674, .T. ) ;
#6172 = VECTOR ( 'NONE', #3466, 1000.000000000000000 ) ;
#6173 = ORIENTED_EDGE ( 'NONE', *, *, #4190, .T. ) ;
#6174 = VERTEX_POINT ( 'NONE', #4874 ) ;
#6175 = FACE_OUTER_BOUND ( 'NONE', #1708, .T. ) ;
#6176 = SURFACE_STYLE_USAGE ( .BOTH. , #136 ) ;
#6177 = PLANE ( 'NONE',  #2130 ) ;
#6178 = CARTESIAN_POINT ( 'NONE',  ( -2.465000000000000302, 1.879999999999999893, 0.000000000000000000 ) ) ;
#6179 = VECTOR ( 'NONE', #7078, 1000.000000000000000 ) ;
#6180 = ORIENTED_EDGE ( 'NONE', *, *, #3799, .F. ) ;
#6181 = ORIENTED_EDGE ( 'NONE', *, *, #5438, .F. ) ;
#6183 = FILL_AREA_STYLE_COLOUR ( '', #4978 ) ;
#6182 = AXIS2_PLACEMENT_3D ( 'NONE', #2252, #1189, #3905 ) ;
#6184 = FILL_AREA_STYLE ('',( #6222 ) ) ;
#6185 = CARTESIAN_POINT ( 'NONE',  ( 0.5799999999999999600, 2.423826859021799951, 0.000000000000000000 ) ) ;
#6186 = CARTESIAN_POINT ( 'NONE',  ( 3.075000000000000178, -0.8149999999999999467, 0.000000000000000000 ) ) ;
#6187 = LINE ( 'NONE', #1546, #6971 ) ;
#6188 = PRESENTATION_LAYER_ASSIGNMENT (  '', '', ( #2137 ) ) ;
#6189 = VERTEX_POINT ( 'NONE', #2685 ) ;
#6190 = EDGE_LOOP ( 'NONE', ( #2941, #1835, #4797, #2855 ) ) ;
#6191 = FILL_AREA_STYLE ('',( #5702 ) ) ;
#6192 = DIRECTION ( 'NONE',  ( 0.000000000000000000, 0.000000000000000000, -1.000000000000000000 ) ) ;
#6193 = CARTESIAN_POINT ( 'NONE',  ( 0.5799999999999999600, -2.423826859021799951, 0.3800000000000000044 ) ) ;
#6194 = VECTOR ( 'NONE', #4191, 1000.000000000000000 ) ;
#6195 = FACE_OUTER_BOUND ( 'NONE', #3451, .T. ) ;
#6196 = MECHANICAL_DESIGN_GEOMETRIC_PRESENTATION_REPRESENTATION (  '', ( #3756 ), #5722 ) ;
#6197 =( GEOMETRIC_REPRESENTATION_CONTEXT ( 3 ) GLOBAL_UNCERTAINTY_ASSIGNED_CONTEXT ( ( #2231 ) ) GLOBAL_UNIT_ASSIGNED_CONTEXT ( ( #1149, #2644, #7064 ) ) REPRESENTATION_CONTEXT ( 'NONE', 'WORKASPACE' ) );
#6198 = ORIENTED_EDGE ( 'NONE', *, *, #4377, .T. ) ;
#6199 =( LENGTH_UNIT ( ) NAMED_UNIT ( * ) SI_UNIT ( .MILLI., .METRE. ) );
#6200 = LINE ( 'NONE', #4047, #3844 ) ;
#6201 = DIRECTION ( 'NONE',  ( 0.000000000000000000, 0.000000000000000000, 1.000000000000000000 ) ) ;
#6202 = EDGE_CURVE ( 'NONE', #7117, #1241, #2249, .T. ) ;
#6203 =( LENGTH_UNIT ( ) NAMED_UNIT ( * ) SI_UNIT ( .MILLI., .METRE. ) );
#6204 = AXIS2_PLACEMENT_3D ( 'NONE', #3959, #188, #1806 ) ;
#6205 = CARTESIAN_POINT ( 'NONE',  ( -1.195000000000000062, -1.989999999999999991, 0.000000000000000000 ) ) ;
#6206 = SURFACE_STYLE_USAGE ( .BOTH. , #2359 ) ;
#6207 = EDGE_CURVE ( 'NONE', #6280, #6228, #1013, .T. ) ;
#6208 = EDGE_CURVE ( 'NONE', #4970, #5379, #2719, .T. ) ;
#6209 = VECTOR ( 'NONE', #6848, 1000.000000000000000 ) ;
#6210 = EDGE_LOOP ( 'NONE', ( #4424, #3266, #2209, #6529 ) ) ;
#6211 = VERTEX_POINT ( 'NONE', #21 ) ;
#6212 = ORIENTED_EDGE ( 'NONE', *, *, #7141, .T. ) ;
#6213 = CARTESIAN_POINT ( 'NONE',  ( 2.945000000000000284, -1.775000000000000133, 0.000000000000000000 ) ) ;
#6214 = PRESENTATION_STYLE_ASSIGNMENT (( #651 ) ) ;
#6215 = DIRECTION ( 'NONE',  ( 0.000000000000000000, 1.000000000000000000, 0.000000000000000000 ) ) ;
#6216 = LINE ( 'NONE', #5648, #738 ) ;
#6217 = UNCERTAINTY_MEASURE_WITH_UNIT (LENGTH_MEASURE( 1.000000000000000082E-05 ), #1212, 'distance_accuracy_value', 'NONE');
#6218 = CLOSED_SHELL ( 'NONE', ( #6163, #4671, #3271, #2473, #249, #6834, #1351, #6570, #3660, #335 ) ) ;
#6219 = ORIENTED_EDGE ( 'NONE', *, *, #6437, .F. ) ;
#6220 = VERTEX_POINT ( 'NONE', #7148 ) ;
#6221 =( NAMED_UNIT ( * ) PLANE_ANGLE_UNIT ( ) SI_UNIT ( $, .RADIAN. ) );
#6222 = FILL_AREA_STYLE_COLOUR ( '', #3104 ) ;
#6223 = DIRECTION ( 'NONE',  ( 1.000000000000000000, 0.000000000000000000, 0.000000000000000000 ) ) ;
#6224 = FACE_OUTER_BOUND ( 'NONE', #3283, .T. ) ;
#6225 = DIRECTION ( 'NONE',  ( -1.000000000000000000, 0.000000000000000000, 0.000000000000000000 ) ) ;
#6226 = VECTOR ( 'NONE', #6499, 1000.000000000000000 ) ;
#6227 = ORIENTED_EDGE ( 'NONE', *, *, #1784, .F. ) ;
#6228 = VERTEX_POINT ( 'NONE', #4372 ) ;
#6229 = DIRECTION ( 'NONE',  ( 0.000000000000000000, 0.000000000000000000, 1.000000000000000000 ) ) ;
#6230 = PLANE ( 'NONE',  #1020 ) ;
#6231 = VECTOR ( 'NONE', #1532, 1000.000000000000000 ) ;
#6232 = FACE_OUTER_BOUND ( 'NONE', #5619, .T. ) ;
#6233 =( NAMED_UNIT ( * ) PLANE_ANGLE_UNIT ( ) SI_UNIT ( $, .RADIAN. ) );
#6234 = CARTESIAN_POINT ( 'NONE',  ( -2.945000000000000284, 0.4550000000000000155, 0.3800000000000000044 ) ) ;
#6235 = VECTOR ( 'NONE', #5043, 1000.000000000000000 ) ;
#6236 = DIRECTION ( 'NONE',  ( 0.000000000000000000, 0.000000000000000000, 1.000000000000000000 ) ) ;
#6237 = SURFACE_SIDE_STYLE ('',( #5060 ) ) ;
#6238 = SURFACE_SIDE_STYLE ('',( #2429 ) ) ;
#6239 = DIRECTION ( 'NONE',  ( 0.7071067811865510144, 0.7071067811865441310, 0.000000000000000000 ) ) ;
#6240 = ADVANCED_FACE ( 'NONE', ( #1645 ), #2791, .F. ) ;
#6241 = VERTEX_POINT ( 'NONE', #3217 ) ;
#6242 = ORIENTED_EDGE ( 'NONE', *, *, #2472, .F. ) ;
#6243 = CARTESIAN_POINT ( 'NONE',  ( -3.075000000000000178, -0.8149999999999999467, 0.000000000000000000 ) ) ;
#6244 = EDGE_CURVE ( 'NONE', #6982, #4826, #3184, .T. ) ;
#6245 = DIRECTION ( 'NONE',  ( 0.7071067811865570096, 0.7071067811865380248, 0.000000000000000000 ) ) ;
#6246 = ADVANCED_FACE ( 'NONE', ( #1615 ), #3794, .T. ) ;
#6247 = ORIENTED_EDGE ( 'NONE', *, *, #3131, .T. ) ;
#6248 =( LENGTH_UNIT ( ) NAMED_UNIT ( * ) SI_UNIT ( .MILLI., .METRE. ) );
#6249 = CARTESIAN_POINT ( 'NONE',  ( 2.895000000000000018, 0.8149999999999999467, 0.000000000000000000 ) ) ;
#6250 = EDGE_CURVE ( 'NONE', #2151, #2476, #4583, .T. ) ;
#6251 = VERTEX_POINT ( 'NONE', #678 ) ;
#6252 = EDGE_CURVE ( 'NONE', #6002, #872, #91, .T. ) ;
#6253 = ORIENTED_EDGE ( 'NONE', *, *, #3216, .F. ) ;
#6254 = LINE ( 'NONE', #2915, #5921 ) ;
#6255 = ADVANCED_FACE ( 'NONE', ( #3465 ), #5637, .F. ) ;
#6256 = SURFACE_STYLE_FILL_AREA ( #6804 ) ;
#6257 = FILL_AREA_STYLE_COLOUR ( '', #3819 ) ;
#6258 = VECTOR ( 'NONE', #4955, 1000.000000000000000 ) ;
#6259 = PRESENTATION_STYLE_ASSIGNMENT (( #2920 ) ) ;
#6260 = DIRECTION ( 'NONE',  ( 0.000000000000000000, -1.000000000000000000, 0.000000000000000000 ) ) ;
#6261 = AXIS2_PLACEMENT_3D ( 'NONE', #4830, #996, #3741 ) ;
#6262 = VERTEX_POINT ( 'NONE', #3397 ) ;
#6263 = ORIENTED_EDGE ( 'NONE', *, *, #2349, .F. ) ;
#6264 = SURFACE_STYLE_FILL_AREA ( #704 ) ;
#6265 = PRESENTATION_STYLE_ASSIGNMENT (( #2244 ) ) ;
#6266 = SURFACE_SIDE_STYLE ('',( #2383 ) ) ;
#6267 = DIRECTION ( 'NONE',  ( 1.000000000000000000, 0.000000000000000000, 0.000000000000000000 ) ) ;
#6268 = VECTOR ( 'NONE', #4603, 1000.000000000000000 ) ;
#6269 = VERTEX_POINT ( 'NONE', #2902 ) ;
#6270 = VECTOR ( 'NONE', #1268, 1000.000000000000000 ) ;
#6271 = CARTESIAN_POINT ( 'NONE',  ( 2.945000000000000284, 2.034999999999999698, 0.3300000000000000155 ) ) ;
#6272 = CARTESIAN_POINT ( 'NONE',  ( 2.945000000000000284, 1.724999999999999867, 0.000000000000000000 ) ) ;
#6273 = CARTESIAN_POINT ( 'NONE',  ( 2.895000000000000018, 1.675000000000000044, 0.3800000000000000044 ) ) ;
#6274 = FILL_AREA_STYLE_COLOUR ( '', #1232 ) ;
#6275 = PLANE ( 'NONE',  #5805 ) ;
#6276 =( NAMED_UNIT ( * ) PLANE_ANGLE_UNIT ( ) SI_UNIT ( $, .RADIAN. ) );
#6277 = VECTOR ( 'NONE', #4535, 1000.000000000000000 ) ;
#6278 = ORIENTED_EDGE ( 'NONE', *, *, #7123, .T. ) ;
#6279 = LINE ( 'NONE', #3410, #4758 ) ;
#6280 = VERTEX_POINT ( 'NONE', #6271 ) ;
#6281 = CARTESIAN_POINT ( 'NONE',  ( 2.945000000000000284, -0.5050000000000000044, 0.3800000000000000044 ) ) ;
#6282 = EDGE_CURVE ( 'NONE', #1273, #4170, #6165, .T. ) ;
#6283 = UNCERTAINTY_MEASURE_WITH_UNIT (LENGTH_MEASURE( 1.000000000000000082E-05 ), #2315, 'distance_accuracy_value', 'NONE');
#6284 = VECTOR ( 'NONE', #2325, 1000.000000000000000 ) ;
#6285 = EDGE_LOOP ( 'NONE', ( #5749, #6810, #6869, #4992 ) ) ;
#6286 = VERTEX_POINT ( 'NONE', #4445 ) ;
#6287 = VERTEX_POINT ( 'NONE', #2354 ) ;
#6288 = ORIENTED_EDGE ( 'NONE', *, *, #4414, .F. ) ;
#6289 = FILL_AREA_STYLE_COLOUR ( '', #5376 ) ;
#6290 = CARTESIAN_POINT ( 'NONE',  ( 2.945000000000000284, 0.4550000000000000155, 0.000000000000000000 ) ) ;
#6291 = EDGE_CURVE ( 'NONE', #4620, #6432, #4554, .T. ) ;
#6292 = CARTESIAN_POINT ( 'NONE',  ( -2.895000000000000018, 2.084999999999999964, 0.3300000000000000155 ) ) ;
#6293 = DIRECTION ( 'NONE',  ( 0.7071067811865400232, 0.7071067811865550112, 0.000000000000000000 ) ) ;
#6294 = EDGE_CURVE ( 'NONE', #1166, #1884, #206, .T. ) ;
#6295 = EDGE_CURVE ( 'NONE', #4573, #1241, #4046, .T. ) ;
#6296 = STYLED_ITEM ( 'NONE', ( #5508 ), #4553 ) ;
#6297 = UNCERTAINTY_MEASURE_WITH_UNIT (LENGTH_MEASURE( 1.000000000000000082E-05 ), #2690, 'distance_accuracy_value', 'NONE');
#6298 = VERTEX_POINT ( 'NONE', #6124 ) ;
#6299 = ORIENTED_EDGE ( 'NONE', *, *, #1313, .F. ) ;
#6300 = CARTESIAN_POINT ( 'NONE',  ( -0.9650000000000000799, -2.189999999999999947, 0.3300000000000000155 ) ) ;
#6301 = DIRECTION ( 'NONE',  ( 0.000000000000000000, -1.000000000000000000, 0.000000000000000000 ) ) ;
#6302 = ADVANCED_FACE ( 'NONE', ( #1185 ), #1466, .T. ) ;
#6303 = LINE ( 'NONE', #6344, #546 ) ;
#6304 = VECTOR ( 'NONE', #1721, 1000.000000000000114 ) ;
#6305 = ORIENTED_EDGE ( 'NONE', *, *, #6781, .F. ) ;
#6306 = VECTOR ( 'NONE', #6168, 1000.000000000000000 ) ;
#6307 =( LENGTH_UNIT ( ) NAMED_UNIT ( * ) SI_UNIT ( .MILLI., .METRE. ) );
#6308 = CARTESIAN_POINT ( 'NONE',  ( 2.945000000000000284, -0.8149999999999999467, 0.000000000000000000 ) ) ;
#6309 = PRESENTATION_STYLE_ASSIGNMENT (( #6424 ) ) ;
#6310 = CARTESIAN_POINT ( 'NONE',  ( -2.465000000000000302, 0.8149999999999999467, 0.000000000000000000 ) ) ;
#6311 =( LENGTH_UNIT ( ) NAMED_UNIT ( * ) SI_UNIT ( .MILLI., .METRE. ) );
#6312 = LINE ( 'NONE', #1369, #450 ) ;
#6313 = VECTOR ( 'NONE', #906, 1000.000000000000000 ) ;
#6314 = VECTOR ( 'NONE', #1101, 1000.000000000000000 ) ;
#6315 = ORIENTED_EDGE ( 'NONE', *, *, #4200, .F. ) ;
#6316 = AXIS2_PLACEMENT_3D ( 'NONE', #7088, #6493, #3706 ) ;
#6317 = AXIS2_PLACEMENT_3D ( 'NONE', #4451, #3700, #645 ) ;
#6318 = EDGE_LOOP ( 'NONE', ( #1895, #5558, #492, #1207, #5777, #2593 ) ) ;
#6319 = DIRECTION ( 'NONE',  ( 0.000000000000000000, 0.000000000000000000, 1.000000000000000000 ) ) ;
#6320 = VECTOR ( 'NONE', #5391, 1000.000000000000000 ) ;
#6321 = AXIS2_PLACEMENT_3D ( 'NONE', #4769, #2504, #6472 ) ;
#6322 = EDGE_LOOP ( 'NONE', ( #4295, #985, #3593, #552, #4952, #6973, #5730, #740, #1855 ) ) ;
#6323 = VERTEX_POINT ( 'NONE', #273 ) ;
#6324 = DIRECTION ( 'NONE',  ( 1.000000000000000000, 0.000000000000000000, 0.000000000000000000 ) ) ;
#6325 = VERTEX_POINT ( 'NONE', #1506 ) ;
#6326 = PLANE ( 'NONE',  #6358 ) ;
#6327 = CARTESIAN_POINT ( 'NONE',  ( -2.465000000000000302, -0.8649999999999999911, 0.000000000000000000 ) ) ;
#6328 = VECTOR ( 'NONE', #4120, 1000.000000000000000 ) ;
#6329 =( GEOMETRIC_REPRESENTATION_CONTEXT ( 3 ) GLOBAL_UNCERTAINTY_ASSIGNED_CONTEXT ( ( #1799 ) ) GLOBAL_UNIT_ASSIGNED_CONTEXT ( ( #2572, #2498, #2459 ) ) REPRESENTATION_CONTEXT ( 'NONE', 'WORKASPACE' ) );
#6330 = PLANE ( 'NONE',  #619 ) ;
#6331 = CARTESIAN_POINT ( 'NONE',  ( 3.075000000000000178, 1.724999999999999867, 0.000000000000000000 ) ) ;
#6332 = DIRECTION ( 'NONE',  ( -1.132880637372609972E-16, 1.000000000000000000, 0.000000000000000000 ) ) ;
#6333 = AXIS2_PLACEMENT_3D ( 'NONE', #6157, #5159, #4041 ) ;
#6334 = ADVANCED_FACE ( 'NONE', ( #5862 ), #2999, .T. ) ;
#6335 = ORIENTED_EDGE ( 'NONE', *, *, #5438, .T. ) ;
#6336 = VERTEX_POINT ( 'NONE', #2536 ) ;
#6337 = CARTESIAN_POINT ( 'NONE',  ( 2.465000000000000302, -0.4550000000000000155, 0.000000000000000000 ) ) ;
#6338 =( NAMED_UNIT ( * ) SI_UNIT ( $, .STERADIAN. ) SOLID_ANGLE_UNIT ( ) );
#6339 =( NAMED_UNIT ( * ) PLANE_ANGLE_UNIT ( ) SI_UNIT ( $, .RADIAN. ) );
#6340 = PRODUCT_DEFINITION ( 'UNKNOWN', '', #2053, #1662 ) ;
#6341 = CARTESIAN_POINT ( 'NONE',  ( 2.945000000000000284, 0.4550000000000000155, 0.000000000000000000 ) ) ;
#6342 = EDGE_CURVE ( 'NONE', #28, #301, #5315, .T. ) ;
#6343 = APPLICATION_PROTOCOL_DEFINITION ( 'draft international standard', 'automotive_design', 1998, #4165 ) ;
#6344 = CARTESIAN_POINT ( 'NONE',  ( -2.945000000000000284, 1.224999999999999867, 0.3300000000000040123 ) ) ;
#6345 = STYLED_ITEM ( 'NONE', ( #2363 ), #114 ) ;
#6346 = EDGE_CURVE ( 'NONE', #125, #5835, #4151, .T. ) ;
#6347 = VERTEX_POINT ( 'NONE', #946 ) ;
#6348 = LINE ( 'NONE', #6820, #2870 ) ;
#6349 = LINE ( 'NONE', #1638, #3767 ) ;
#6350 = LINE ( 'NONE', #4222, #5937 ) ;
#6351 = FACE_OUTER_BOUND ( 'NONE', #6318, .T. ) ;
#6352 = CARTESIAN_POINT ( 'NONE',  ( 1.195000000000000062, -1.989999999999999991, 0.000000000000000000 ) ) ;
#6353 = PRESENTATION_STYLE_ASSIGNMENT (( #4121 ) ) ;
#6354 = CARTESIAN_POINT ( 'NONE',  ( -2.465000000000000302, -1.879999999999999893, 0.000000000000000000 ) ) ;
#6355 = CARTESIAN_POINT ( 'NONE',  ( -0.4449999999999999512, -2.189999999999999947, 0.3300000000000000155 ) ) ;
#6356 = ORIENTED_EDGE ( 'NONE', *, *, #6282, .F. ) ;
#6357 = DIRECTION ( 'NONE',  ( 1.000000000000000000, 0.000000000000000000, 0.000000000000000000 ) ) ;
#6358 = AXIS2_PLACEMENT_3D ( 'NONE', #3991, #3381, #446 ) ;
#6359 =( LENGTH_UNIT ( ) NAMED_UNIT ( * ) SI_UNIT ( .MILLI., .METRE. ) );
#6360 = CARTESIAN_POINT ( 'NONE',  ( 3.075000000000000178, 0.4550000000000000155, 0.000000000000000000 ) ) ;
#6361 = DIRECTION ( 'NONE',  ( 0.000000000000000000, -1.000000000000000000, 0.000000000000000000 ) ) ;
#6362 = UNCERTAINTY_MEASURE_WITH_UNIT (LENGTH_MEASURE( 1.000000000000000082E-05 ), #6121, 'distance_accuracy_value', 'NONE');
#6363 = ORIENTED_EDGE ( 'NONE', *, *, #4115, .T. ) ;
#6364 = ORIENTED_EDGE ( 'NONE', *, *, #5659, .T. ) ;
#6365 = FACE_OUTER_BOUND ( 'NONE', #30, .T. ) ;
#6366 = ORIENTED_EDGE ( 'NONE', *, *, #26, .F. ) ;
#6367 = DIRECTION ( 'NONE',  ( -1.000000000000000000, 0.000000000000000000, 0.000000000000000000 ) ) ;
#6368 = DIRECTION ( 'NONE',  ( 0.000000000000000000, 0.000000000000000000, 1.000000000000000000 ) ) ;
#6369 = PRESENTATION_STYLE_ASSIGNMENT (( #889 ) ) ;
#6370 = PLANE ( 'NONE',  #1642 ) ;
#6371 = DIRECTION ( 'NONE',  ( 1.000000000000000000, 0.000000000000000000, 0.000000000000000000 ) ) ;
#6372 = VERTEX_POINT ( 'NONE', #1923 ) ;
#6373 = ORIENTED_EDGE ( 'NONE', *, *, #2005, .F. ) ;
#6374 = LINE ( 'NONE', #155, #2040 ) ;
#6375 = ORIENTED_EDGE ( 'NONE', *, *, #1823, .T. ) ;
#6376 = AXIS2_PLACEMENT_3D ( 'NONE', #6426, #5896, #5317 ) ;
#6377 = FILL_AREA_STYLE_COLOUR ( '', #581 ) ;
#6378 = CARTESIAN_POINT ( 'NONE',  ( -1.195000000000000062, -1.989999999999999991, 0.3300000000000000155 ) ) ;
#6379 = CARTESIAN_POINT ( 'NONE',  ( -1.195000000000000062, -1.989999999999999991, 0.000000000000000000 ) ) ;
#6380 = UNCERTAINTY_MEASURE_WITH_UNIT (LENGTH_MEASURE( 1.000000000000000082E-05 ), #3715, 'distance_accuracy_value', 'NONE');
#6381 = EDGE_CURVE ( 'NONE', #739, #1537, #6993, .T. ) ;
#6382 = VECTOR ( 'NONE', #3166, 1000.000000000000000 ) ;
#6383 = EDGE_LOOP ( 'NONE', ( #2479, #2982, #5760, #1628 ) ) ;
#6384 = DIRECTION ( 'NONE',  ( 1.000000000000000000, 0.000000000000000000, 0.000000000000000000 ) ) ;
#6385 = DIRECTION ( 'NONE',  ( 0.000000000000000000, 0.000000000000000000, -1.000000000000000000 ) ) ;
#6386 = CARTESIAN_POINT ( 'NONE',  ( -2.729999999999999982, -2.299999999999999822, 0.000000000000000000 ) ) ;
#6387 = VECTOR ( 'NONE', #6225, 1000.000000000000000 ) ;
#6388 = PLANE ( 'NONE',  #6376 ) ;
#6389 = DIRECTION ( 'NONE',  ( 1.000000000000000000, 0.000000000000000000, 0.000000000000000000 ) ) ;
#6390 = MECHANICAL_DESIGN_GEOMETRIC_PRESENTATION_REPRESENTATION (  '', ( #2322 ), #5556 ) ;
#6391 = CARTESIAN_POINT ( 'NONE',  ( -2.945000000000000284, -2.449999999999999734, 0.3300000000000000155 ) ) ;
#6392 = FILL_AREA_STYLE ('',( #6930 ) ) ;
#6393 = ADVANCED_FACE ( 'NONE', ( #1363 ), #1997, .F. ) ;
#6394 = EDGE_CURVE ( 'NONE', #142, #6729, #4186, .T. ) ;
#6395 = EDGE_CURVE ( 'NONE', #6515, #7018, #389, .T. ) ;
#6396 = AXIS2_PLACEMENT_3D ( 'NONE', #6249, #3479, #2911 ) ;
#6397 = ORIENTED_EDGE ( 'NONE', *, *, #600, .F. ) ;
#6398 = FILL_AREA_STYLE ('',( #4124 ) ) ;
#6399 = PLANE ( 'NONE',  #6543 ) ;
#6400 = PRESENTATION_LAYER_ASSIGNMENT (  '', '', ( #983 ) ) ;
#6401 = EDGE_CURVE ( 'NONE', #37, #6036, #2427, .T. ) ;
#6402 = PRESENTATION_LAYER_ASSIGNMENT (  '', '', ( #3607 ) ) ;
#6403 = ORIENTED_EDGE ( 'NONE', *, *, #6653, .F. ) ;
#6404 = ORIENTED_EDGE ( 'NONE', *, *, #381, .F. ) ;
#6405 = CARTESIAN_POINT ( 'NONE',  ( 0.5799999999999999600, -2.575000000000000178, 0.000000000000000000 ) ) ;
#6406 = ORIENTED_EDGE ( 'NONE', *, *, #833, .T. ) ;
#6407 = FILL_AREA_STYLE_COLOUR ( '', #1057 ) ;
#6408 = DIRECTION ( 'NONE',  ( 0.000000000000000000, 0.000000000000000000, -1.000000000000000000 ) ) ;
#6409 = LINE ( 'NONE', #447, #2824 ) ;
#6410 = CARTESIAN_POINT ( 'NONE',  ( -2.895000000000000018, -0.4550000000000000155, 0.3800000000000000044 ) ) ;
#6411 = LINE ( 'NONE', #930, #4215 ) ;
#6412 = VECTOR ( 'NONE', #1894, 1000.000000000000000 ) ;
#6413 = VERTEX_POINT ( 'NONE', #4686 ) ;
#6414 = ORIENTED_EDGE ( 'NONE', *, *, #2089, .T. ) ;
#6416 = FACE_OUTER_BOUND ( 'NONE', #230, .T. ) ;
#6415 =( GEOMETRIC_REPRESENTATION_CONTEXT ( 3 ) GLOBAL_UNCERTAINTY_ASSIGNED_CONTEXT ( ( #4090 ) ) GLOBAL_UNIT_ASSIGNED_CONTEXT ( ( #3904, #1254, #791 ) ) REPRESENTATION_CONTEXT ( 'NONE', 'WORKASPACE' ) );
#6417 = SURFACE_STYLE_FILL_AREA ( #5270 ) ;
#6418 = CARTESIAN_POINT ( 'NONE',  ( -2.945000000000000284, -2.449999999999999734, 0.000000000000000000 ) ) ;
#6419 = ITEM_DEFINED_TRANSFORMATION ( 'NONE', 'NONE', #6333,  #1715 ) ;
#6420 = CARTESIAN_POINT ( 'NONE',  ( -2.895000000000000018, 0.4049999999999999711, 0.3300000000000000155 ) ) ;
#6421 = VECTOR ( 'NONE', #5579, 1000.000000000000000 ) ;
#6422 = ORIENTED_EDGE ( 'NONE', *, *, #1958, .T. ) ;
#6423 = DIRECTION ( 'NONE',  ( 1.000000000000000000, 0.000000000000000000, 0.000000000000000000 ) ) ;
#6424 = SURFACE_STYLE_USAGE ( .BOTH. , #5316 ) ;
#6425 = MECHANICAL_DESIGN_GEOMETRIC_PRESENTATION_REPRESENTATION (  '', ( #4201 ), #1226 ) ;
#6426 = CARTESIAN_POINT ( 'NONE',  ( 2.945000000000000284, -2.449999999999999734, 0.000000000000000000 ) ) ;
#6427 = DIRECTION ( 'NONE',  ( 0.000000000000000000, -1.000000000000000000, 0.000000000000000000 ) ) ;
#6428 =( NAMED_UNIT ( * ) SI_UNIT ( $, .STERADIAN. ) SOLID_ANGLE_UNIT ( ) );
#6429 = DIRECTION ( 'NONE',  ( -1.000000000000000000, 0.000000000000000000, 0.000000000000000000 ) ) ;
#6430 = SURFACE_STYLE_USAGE ( .BOTH. , #4193 ) ;
#6431 = MECHANICAL_DESIGN_GEOMETRIC_PRESENTATION_REPRESENTATION (  '', ( #2137 ), #5014 ) ;
#6432 = VERTEX_POINT ( 'NONE', #4613 ) ;
#6433 = EDGE_CURVE ( 'NONE', #5254, #6968, #6855, .T. ) ;
#6434 =( NAMED_UNIT ( * ) PLANE_ANGLE_UNIT ( ) SI_UNIT ( $, .RADIAN. ) );
#6435 = FILL_AREA_STYLE_COLOUR ( '', #5110 ) ;
#6436 = CARTESIAN_POINT ( 'NONE',  ( 2.945000000000000284, -1.775000000000000133, 0.3800000000000000044 ) ) ;
#6437 = EDGE_CURVE ( 'NONE', #3603, #6287, #1886, .T. ) ;
#6438 = LINE ( 'NONE', #7004, #271 ) ;
#6439 = EDGE_CURVE ( 'NONE', #2283, #1602, #6349, .T. ) ;
#6440 = COLOUR_RGB ( '',0.2862745098039215508, 0.2862745098039215508, 0.2862745098039215508 ) ;
#6441 = MECHANICAL_DESIGN_GEOMETRIC_PRESENTATION_REPRESENTATION (  '', ( #1694 ), #7130 ) ;
#6442 = EDGE_CURVE ( 'NONE', #2051, #7051, #4398, .T. ) ;
#6443 = ORIENTED_EDGE ( 'NONE', *, *, #3051, .T. ) ;
#6444 = CARTESIAN_POINT ( 'NONE',  ( 0.4449999999999999512, 2.189999999999999947, 0.000000000000000000 ) ) ;
#6445 = ORIENTED_EDGE ( 'NONE', *, *, #374, .T. ) ;
#6446 = CARTESIAN_POINT ( 'NONE',  ( 2.465000000000000302, 1.042499999999999982, 0.000000000000000000 ) ) ;
#6447 = DIRECTION ( 'NONE',  ( 0.000000000000000000, 0.000000000000000000, -1.000000000000000000 ) ) ;
#6448 = CARTESIAN_POINT ( 'NONE',  ( -2.945000000000000284, 0.7649999999999999023, 0.000000000000000000 ) ) ;
#6449 = LINE ( 'NONE', #2520, #1243 ) ;
#6450 = VECTOR ( 'NONE', #4876, 1000.000000000000000 ) ;
#6451 = PRESENTATION_LAYER_ASSIGNMENT (  '', '', ( #5729 ) ) ;
#6452 = AXIS2_PLACEMENT_3D ( 'NONE', #5897, #6427, #2461 ) ;
#6453 = ORIENTED_EDGE ( 'NONE', *, *, #163, .F. ) ;
#6454 = ORIENTED_EDGE ( 'NONE', *, *, #7045, .F. ) ;
#6455 = STYLED_ITEM ( 'NONE', ( #2865 ), #6255 ) ;
#6456 = LINE ( 'NONE', #7021, #1436 ) ;
#6457 = CARTESIAN_POINT ( 'NONE',  ( -2.465000000000000302, 0.8149999999999999467, 0.000000000000000000 ) ) ;
#6458 = DIRECTION ( 'NONE',  ( 0.000000000000000000, 0.000000000000000000, -1.000000000000000000 ) ) ;
#6459 = PLANE ( 'NONE',  #6728 ) ;
#6460 = CARTESIAN_POINT ( 'NONE',  ( 2.465000000000000302, -2.135000000000000231, 0.3800000000000000044 ) ) ;
#6461 = UNCERTAINTY_MEASURE_WITH_UNIT (LENGTH_MEASURE( 1.000000000000000082E-05 ), #4098, 'distance_accuracy_value', 'NONE');
#6462 = ORIENTED_EDGE ( 'NONE', *, *, #5484, .T. ) ;
#6463 = ORIENTED_EDGE ( 'NONE', *, *, #5747, .T. ) ;
#6464 = ORIENTED_EDGE ( 'NONE', *, *, #4377, .F. ) ;
#6465 = DIRECTION ( 'NONE',  ( 0.000000000000000000, 1.000000000000000000, 0.000000000000000000 ) ) ;
#6466 = APPLICATION_CONTEXT ( 'automotive_design' ) ;
#6467 = CARTESIAN_POINT ( 'NONE',  ( 2.895000000000000018, 0.4049999999999999711, 0.000000000000000000 ) ) ;
#6468 = DIRECTION ( 'NONE',  ( -1.000000000000000000, 0.000000000000000000, 0.000000000000000000 ) ) ;
#6469 = CARTESIAN_POINT ( 'NONE',  ( 2.895000000000000018, 0.4049999999999999711, 0.3300000000000000155 ) ) ;
#6470 = FACE_OUTER_BOUND ( 'NONE', #1903, .T. ) ;
#6471 = CARTESIAN_POINT ( 'NONE',  ( -2.895000000000000018, 0.4049999999999999711, 0.000000000000000000 ) ) ;
#6472 = DIRECTION ( 'NONE',  ( 0.000000000000000000, 0.000000000000000000, 1.000000000000000000 ) ) ;
#6473 = CARTESIAN_POINT ( 'NONE',  ( 2.895000000000000018, 0.4049999999999999711, 0.000000000000000000 ) ) ;
#6474 =( NAMED_UNIT ( * ) SI_UNIT ( $, .STERADIAN. ) SOLID_ANGLE_UNIT ( ) );
#6476 = STYLED_ITEM ( 'NONE', ( #5517 ), #956 ) ;
#6475 = CARTESIAN_POINT ( 'NONE',  ( -2.465000000000000302, -1.724999999999999867, 0.000000000000000000 ) ) ;
#6477 = DIRECTION ( 'NONE',  ( -0.7071067811865441310, 0.7071067811865510144, 0.000000000000000000 ) ) ;
#6478 = EDGE_CURVE ( 'NONE', #6241, #1811, #4937, .T. ) ;
#6479 =( GEOMETRIC_REPRESENTATION_CONTEXT ( 3 ) GLOBAL_UNCERTAINTY_ASSIGNED_CONTEXT ( ( #1102 ) ) GLOBAL_UNIT_ASSIGNED_CONTEXT ( ( #145, #2411, #2334 ) ) REPRESENTATION_CONTEXT ( 'NONE', 'WORKASPACE' ) );
#6480 = EDGE_CURVE ( 'NONE', #2496, #3318, #2135, .T. ) ;
#6481 = VERTEX_POINT ( 'NONE', #7060 ) ;
#6482 = LINE ( 'NONE', #3591, #5106 ) ;
#6483 = ORIENTED_EDGE ( 'NONE', *, *, #4843, .F. ) ;
#6484 = CARTESIAN_POINT ( 'NONE',  ( -0.5799999999999999600, 2.449999999999999734, 0.000000000000000000 ) ) ;
#6485 = CARTESIAN_POINT ( 'NONE',  ( -0.7049999999999999600, 2.346872785186680410, 0.3300000000000000155 ) ) ;
#6486 = LINE ( 'NONE', #4246, #6666 ) ;
#6487 = EDGE_CURVE ( 'NONE', #2923, #5312, #2171, .T. ) ;
#6488 = EDGE_CURVE ( 'NONE', #6880, #1464, #1673, .T. ) ;
#6489 = ORIENTED_EDGE ( 'NONE', *, *, #1044, .T. ) ;
#6490 = ORIENTED_EDGE ( 'NONE', *, *, #4115, .F. ) ;
#6491 = CARTESIAN_POINT ( 'NONE',  ( 0.9650000000000000799, 1.989999999999999991, 0.000000000000000000 ) ) ;
#6492 = CARTESIAN_POINT ( 'NONE',  ( 2.465000000000000302, 1.675000000000000044, 0.000000000000000000 ) ) ;
#6493 = DIRECTION ( 'NONE',  ( 0.000000000000000000, -1.000000000000000000, 0.000000000000000000 ) ) ;
#6494 = LINE ( 'NONE', #5888, #3010 ) ;
#6495 = FACE_OUTER_BOUND ( 'NONE', #116, .T. ) ;
#6496 = ORIENTED_EDGE ( 'NONE', *, *, #103, .F. ) ;
#6497 = ORIENTED_EDGE ( 'NONE', *, *, #2394, .T. ) ;
#6498 = EDGE_LOOP ( 'NONE', ( #5587, #6445, #3639, #4605 ) ) ;
#6499 = DIRECTION ( 'NONE',  ( -1.000000000000000000, 0.000000000000000000, 0.000000000000000000 ) ) ;
#6500 = LINE ( 'NONE', #5382, #287 ) ;
#6501 = DIRECTION ( 'NONE',  ( -1.000000000000000000, 5.886868053959999725E-14, 0.000000000000000000 ) ) ;
#6502 = FILL_AREA_STYLE ('',( #429 ) ) ;
#6503 = CARTESIAN_POINT ( 'NONE',  ( 3.075000000000000178, 2.034999999999999698, 0.3800000000000000044 ) ) ;
#6504 = AXIS2_PLACEMENT_3D ( 'NONE', #265, #233, #1320 ) ;
#6505 = LINE ( 'NONE', #7067, #5964 ) ;
#6506 = PRESENTATION_STYLE_ASSIGNMENT (( #916 ) ) ;
#6507 = DIRECTION ( 'NONE',  ( 0.000000000000000000, 0.000000000000000000, -1.000000000000000000 ) ) ;
#6508 = MECHANICAL_DESIGN_GEOMETRIC_PRESENTATION_REPRESENTATION (  '', ( #3244 ), #3934 ) ;
#6509 = ORIENTED_EDGE ( 'NONE', *, *, #3791, .T. ) ;
#6510 = LINE ( 'NONE', #1977, #5340 ) ;
#6511 =( GEOMETRIC_REPRESENTATION_CONTEXT ( 3 ) GLOBAL_UNCERTAINTY_ASSIGNED_CONTEXT ( ( #5699 ) ) GLOBAL_UNIT_ASSIGNED_CONTEXT ( ( #6902, #5245, #3691 ) ) REPRESENTATION_CONTEXT ( 'NONE', 'WORKASPACE' ) );
#6512 = CARTESIAN_POINT ( 'NONE',  ( 2.945000000000000284, 2.034999999999999698, 0.000000000000000000 ) ) ;
#6513 =( LENGTH_UNIT ( ) NAMED_UNIT ( * ) SI_UNIT ( .MILLI., .METRE. ) );
#6514 = VECTOR ( 'NONE', #3470, 1000.000000000000000 ) ;
#6515 = VERTEX_POINT ( 'NONE', #5417 ) ;
#6516 = EDGE_LOOP ( 'NONE', ( #4057, #5155, #3646, #6711 ) ) ;
#6517 = CARTESIAN_POINT ( 'NONE',  ( 2.945000000000000284, -0.5050000000000000044, 0.3800000000000000044 ) ) ;
#6518 = ADVANCED_FACE ( 'NONE', ( #3286 ), #1145, .F. ) ;
#6519 = CARTESIAN_POINT ( 'NONE',  ( -0.4449999999999999512, -2.189999999999999947, 0.3300000000000000155 ) ) ;
#6520 = VECTOR ( 'NONE', #6676, 1000.000000000000114 ) ;
#6521 = SURFACE_STYLE_USAGE ( .BOTH. , #1564 ) ;
#6522 = DIRECTION ( 'NONE',  ( -1.000000000000000000, 0.000000000000000000, 0.000000000000000000 ) ) ;
#6523 = UNCERTAINTY_MEASURE_WITH_UNIT (LENGTH_MEASURE( 1.000000000000000082E-05 ), #6816, 'distance_accuracy_value', 'NONE');
#6524 = EDGE_CURVE ( 'NONE', #1975, #2923, #1605, .T. ) ;
#6525 = ADVANCED_FACE ( 'NONE', ( #462 ), #2678, .F. ) ;
#6526 = ORIENTED_EDGE ( 'NONE', *, *, #4592, .T. ) ;
#6527 = STYLED_ITEM ( 'NONE', ( #3434 ), #3981 ) ;
#6528 = ORIENTED_EDGE ( 'NONE', *, *, #4061, .F. ) ;
#6529 = ORIENTED_EDGE ( 'NONE', *, *, #2296, .F. ) ;
#6530 = PLANE ( 'NONE',  #4699 ) ;
#6531 = EDGE_CURVE ( 'NONE', #2283, #6729, #2382, .T. ) ;
#6532 = SURFACE_SIDE_STYLE ('',( #4299 ) ) ;
#6533 = CARTESIAN_POINT ( 'NONE',  ( 2.465000000000000302, -1.724999999999999867, 0.3300000000000000155 ) ) ;
#6534 = FILL_AREA_STYLE_COLOUR ( '', #4159 ) ;
#6535 =( NAMED_UNIT ( * ) SI_UNIT ( $, .STERADIAN. ) SOLID_ANGLE_UNIT ( ) );
#6537 = LINE ( 'NONE', #42, #1089 ) ;
#6536 = VECTOR ( 'NONE', #598, 1000.000000000000000 ) ;
#6538 = VECTOR ( 'NONE', #2083, 1000.000000000000000 ) ;
#6539 = FILL_AREA_STYLE ('',( #7108 ) ) ;
#6540 = CARTESIAN_POINT ( 'NONE',  ( 0.9650000000000000799, -2.189999999999999947, 0.3800000000000000044 ) ) ;
#6541 = DIRECTION ( 'NONE',  ( -0.000000000000000000, 1.000000000000000000, 0.000000000000000000 ) ) ;
#6542 = DIRECTION ( 'NONE',  ( 0.000000000000000000, -1.000000000000000000, 0.000000000000000000 ) ) ;
#6543 = AXIS2_PLACEMENT_3D ( 'NONE', #3728, #3585, #3658 ) ;
#6544 = ORIENTED_EDGE ( 'NONE', *, *, #4550, .T. ) ;
#6546 = CARTESIAN_POINT ( 'NONE',  ( 2.465000000000000302, -2.135000000000000231, 0.3300000000000000155 ) ) ;
#6545 =( GEOMETRIC_REPRESENTATION_CONTEXT ( 3 ) GLOBAL_UNCERTAINTY_ASSIGNED_CONTEXT ( ( #1733 ) ) GLOBAL_UNIT_ASSIGNED_CONTEXT ( ( #6008, #6671, #3826 ) ) REPRESENTATION_CONTEXT ( 'NONE', 'WORKASPACE' ) );
#6547 = ORIENTED_EDGE ( 'NONE', *, *, #6439, .T. ) ;
#6548 = CARTESIAN_POINT ( 'NONE',  ( -0.4449999999999999512, -0.9949999999999999956, 0.000000000000000000 ) ) ;
#6549 = PLANE ( 'NONE',  #2107 ) ;
#6550 =( LENGTH_UNIT ( ) NAMED_UNIT ( * ) SI_UNIT ( .MILLI., .METRE. ) );
#6551 = STYLED_ITEM ( 'NONE', ( #2641 ), #6525 ) ;
#6552 = STYLED_ITEM ( 'NONE', ( #1462 ), #5384 ) ;
#6553 = ORIENTED_EDGE ( 'NONE', *, *, #5162, .F. ) ;
#6554 = CARTESIAN_POINT ( 'NONE',  ( 2.465000000000000302, 1.675000000000000044, 0.000000000000000000 ) ) ;
#6555 = AXIS2_PLACEMENT_3D ( 'NONE', #4635, #769, #1381 ) ;
#6556 = VECTOR ( 'NONE', #3095, 1000.000000000000000 ) ;
#6557 = LINE ( 'NONE', #6418, #4048 ) ;
#6558 = PLANE ( 'NONE',  #3409 ) ;
#6559 = EDGE_CURVE ( 'NONE', #5136, #3395, #1245, .T. ) ;
#6560 = VECTOR ( 'NONE', #6046, 1000.000000000000000 ) ;
#6561 = ORIENTED_EDGE ( 'NONE', *, *, #1088, .F. ) ;
#6562 = PRODUCT_RELATED_PRODUCT_CATEGORY ( 'part', '', ( #4959 ) ) ;
#6563 = VERTEX_POINT ( 'NONE', #6814 ) ;
#6564 = EDGE_CURVE ( 'NONE', #1474, #2098, #3964, .T. ) ;
#6565 = CARTESIAN_POINT ( 'NONE',  ( -3.075000000000000178, -1.775000000000000133, 0.000000000000000000 ) ) ;
#6566 = DIRECTION ( 'NONE',  ( 0.000000000000000000, 1.000000000000000000, 0.000000000000000000 ) ) ;
#6567 = CARTESIAN_POINT ( 'NONE',  ( -2.895000000000000018, -2.135000000000000231, 0.3300000000000000155 ) ) ;
#6568 = CARTESIAN_POINT ( 'NONE',  ( 1.195000000000000062, -1.989999999999999991, 0.000000000000000000 ) ) ;
#6569 = DIRECTION ( 'NONE',  ( 0.000000000000000000, 0.000000000000000000, 1.000000000000000000 ) ) ;
#6570 = ADVANCED_FACE ( 'NONE', ( #5629 ), #6230, .T. ) ;
#6571 = VERTEX_POINT ( 'NONE', #195 ) ;
#6572 = ADVANCED_FACE ( 'NONE', ( #47 ), #2858, .F. ) ;
#6573 = DIRECTION ( 'NONE',  ( -0.000000000000000000, 1.000000000000000000, 0.000000000000000000 ) ) ;
#6574 = DIRECTION ( 'NONE',  ( 0.000000000000000000, 0.000000000000000000, 1.000000000000000000 ) ) ;
#6575 = LINE ( 'NONE', #7149, #6751 ) ;
#6576 = CARTESIAN_POINT ( 'NONE',  ( -2.465000000000000302, -1.879999999999999893, 0.3800000000000000044 ) ) ;
#6577 = DIRECTION ( 'NONE',  ( 0.000000000000000000, 1.000000000000000000, 0.000000000000000000 ) ) ;
#6578 = MECHANICAL_DESIGN_GEOMETRIC_PRESENTATION_REPRESENTATION (  '', ( #4693 ), #3089 ) ;
#6579 = VECTOR ( 'NONE', #3253, 1000.000000000000000 ) ;
#6580 = ORIENTED_EDGE ( 'NONE', *, *, #2881, .F. ) ;
#6581 = VERTEX_POINT ( 'NONE', #2277 ) ;
#6582 = ADVANCED_BREP_SHAPE_REPRESENTATION ( '', ( #228, #2862 ), #3197 ) ;
#6583 = CARTESIAN_POINT ( 'NONE',  ( -2.465000000000000302, 0.8149999999999999467, 0.000000000000000000 ) ) ;
#6584 = VERTEX_POINT ( 'NONE', #670 ) ;
#6585 = LINE ( 'NONE', #2804, #3807 ) ;
#6586 =( LENGTH_UNIT ( ) NAMED_UNIT ( * ) SI_UNIT ( .MILLI., .METRE. ) );
#6587 = FILL_AREA_STYLE ('',( #4352 ) ) ;
#6588 = UNCERTAINTY_MEASURE_WITH_UNIT (LENGTH_MEASURE( 1.000000000000000082E-05 ), #1388, 'distance_accuracy_value', 'NONE');
#6589 =( GEOMETRIC_REPRESENTATION_CONTEXT ( 3 ) GLOBAL_UNCERTAINTY_ASSIGNED_CONTEXT ( ( #4756 ) ) GLOBAL_UNIT_ASSIGNED_CONTEXT ( ( #4001, #5157, #1880 ) ) REPRESENTATION_CONTEXT ( 'NONE', 'WORKASPACE' ) );
#6590 = ORIENTED_EDGE ( 'NONE', *, *, #6559, .T. ) ;
#6591 = VERTEX_POINT ( 'NONE', #742 ) ;
#6592 = CARTESIAN_POINT ( 'NONE',  ( 3.075000000000000178, -1.775000000000000133, 0.000000000000000000 ) ) ;
#6593 =( NAMED_UNIT ( * ) SI_UNIT ( $, .STERADIAN. ) SOLID_ANGLE_UNIT ( ) );
#6594 = CARTESIAN_POINT ( 'NONE',  ( 0.4449999999999999512, -2.189999999999999947, 0.000000000000000000 ) ) ;
#6595 = DIRECTION ( 'NONE',  ( 1.000000000000000000, -1.516698121072619908E-16, 0.000000000000000000 ) ) ;
#6596 = DIRECTION ( 'NONE',  ( -1.000000000000000000, 0.000000000000000000, 0.000000000000000000 ) ) ;
#6597 = ORIENTED_EDGE ( 'NONE', *, *, #5801, .F. ) ;
#6598 = ORIENTED_EDGE ( 'NONE', *, *, #1611, .T. ) ;
#6599 = LINE ( 'NONE', #1637, #4484 ) ;
#6600 = SURFACE_STYLE_USAGE ( .BOTH. , #2606 ) ;
#6601 = CARTESIAN_POINT ( 'NONE',  ( 1.232500000000000151, -0.8649999999999999911, 0.000000000000000000 ) ) ;
#6602 = FACE_OUTER_BOUND ( 'NONE', #4749, .T. ) ;
#6603 = ADVANCED_FACE ( 'NONE', ( #4513 ), #4002, .F. ) ;
#6604 = ORIENTED_EDGE ( 'NONE', *, *, #5355, .T. ) ;
#6605 = ORIENTED_EDGE ( 'NONE', *, *, #6478, .T. ) ;
#6606 = CARTESIAN_POINT ( 'NONE',  ( -2.692499999999999893, 2.287500000000000089, 0.000000000000000000 ) ) ;
#6607 = DIRECTION ( 'NONE',  ( 1.000000000000000000, 0.000000000000000000, 0.000000000000000000 ) ) ;
#6608 = ADVANCED_FACE ( 'NONE', ( #3032 ), #5742, .F. ) ;
#6609 = DIRECTION ( 'NONE',  ( 1.000000000000000000, 0.000000000000000000, 0.000000000000000000 ) ) ;
#6610 = ADVANCED_FACE ( 'NONE', ( #4180 ), #5858, .F. ) ;
#6611 = ADVANCED_FACE ( 'NONE', ( #4716 ), #938, .T. ) ;
#6612 = VECTOR ( 'NONE', #6883, 1000.000000000000000 ) ;
#6613 = LINE ( 'NONE', #6755, #1606 ) ;
#6614 = EDGE_LOOP ( 'NONE', ( #3874, #2117, #2586, #2990 ) ) ;
#6615 = ORIENTED_EDGE ( 'NONE', *, *, #5931, .F. ) ;
#6616 = CARTESIAN_POINT ( 'NONE',  ( 0.5799999999999999600, -2.575000000000000178, 0.000000000000000000 ) ) ;
#6617 = ADVANCED_FACE ( 'NONE', ( #2561 ), #4752, .T. ) ;
#6619 = PRESENTATION_STYLE_ASSIGNMENT (( #4383 ) ) ;
#6618 = VECTOR ( 'NONE', #4036, 1000.000000000000000 ) ;
#6620 = VECTOR ( 'NONE', #5333, 999.9999999999998863 ) ;
#6621 = VECTOR ( 'NONE', #7079, 1000.000000000000000 ) ;
#6622 = ORIENTED_EDGE ( 'NONE', *, *, #4146, .T. ) ;
#6623 = ORIENTED_EDGE ( 'NONE', *, *, #1224, .F. ) ;
#6624 = FACE_OUTER_BOUND ( 'NONE', #5846, .T. ) ;
#6625 = FACE_OUTER_BOUND ( 'NONE', #3768, .T. ) ;
#6626 = DIRECTION ( 'NONE',  ( 0.7071067811865474617, -0.7071067811865474617, 0.000000000000000000 ) ) ;
#6627 = COLOUR_RGB ( '',0.2862745098039215508, 0.2862745098039215508, 0.2862745098039215508 ) ;
#6628 = VERTEX_POINT ( 'NONE', #3499 ) ;
#6629 = VERTEX_POINT ( 'NONE', #779 ) ;
#6630 = LINE ( 'NONE', #1603, #3670 ) ;
#6631 = CARTESIAN_POINT ( 'NONE',  ( 2.895000000000000018, 0.4049999999999999711, 0.3300000000000000155 ) ) ;
#6632 =( NAMED_UNIT ( * ) PLANE_ANGLE_UNIT ( ) SI_UNIT ( $, .RADIAN. ) );
#6633 = SURFACE_STYLE_USAGE ( .BOTH. , #2140 ) ;
#6634 = ORIENTED_EDGE ( 'NONE', *, *, #1178, .T. ) ;
#6635 =( NAMED_UNIT ( * ) PLANE_ANGLE_UNIT ( ) SI_UNIT ( $, .RADIAN. ) );
#6636 = LINE ( 'NONE', #3254, #3994 ) ;
#6637 = FACE_OUTER_BOUND ( 'NONE', #886, .T. ) ;
#6638 = VECTOR ( 'NONE', #4187, 1000.000000000000000 ) ;
#6639 = CARTESIAN_POINT ( 'NONE',  ( 2.465000000000000302, -2.135000000000000231, 0.3300000000000000155 ) ) ;
#6640 = PLANE ( 'NONE',  #6182 ) ;
#6641 = CARTESIAN_POINT ( 'NONE',  ( 2.945000000000000284, -2.449999999999999734, 0.000000000000000000 ) ) ;
#6642 = STYLED_ITEM ( 'NONE', ( #584 ), #4512 ) ;
#6643 = ADVANCED_FACE ( 'NONE', ( #232 ), #5339, .F. ) ;
#6644 = CARTESIAN_POINT ( 'NONE',  ( 2.465000000000000302, -0.4550000000000000155, 0.3800000000000000044 ) ) ;
#6645 = EDGE_CURVE ( 'NONE', #359, #2266, #1498, .T. ) ;
#6646 = ORIENTED_EDGE ( 'NONE', *, *, #2878, .T. ) ;
#6647 = ADVANCED_FACE ( 'NONE', ( #1033 ), #3239, .F. ) ;
#6648 = ORIENTED_EDGE ( 'NONE', *, *, #2129, .T. ) ;
#6649 = LINE ( 'NONE', #4418, #1974 ) ;
#6650 = VECTOR ( 'NONE', #3294, 1000.000000000000000 ) ;
#6651 = CARTESIAN_POINT ( 'NONE',  ( -1.195000000000000062, 1.989999999999999991, 0.000000000000000000 ) ) ;
#6652 = UNCERTAINTY_MEASURE_WITH_UNIT (LENGTH_MEASURE( 1.000000000000000082E-05 ), #6199, 'distance_accuracy_value', 'NONE');
#6653 = EDGE_CURVE ( 'NONE', #6563, #5925, #5443, .T. ) ;
#6654 = VERTEX_POINT ( 'NONE', #3135 ) ;
#6655 = VERTEX_POINT ( 'NONE', #4793 ) ;
#6656 = CARTESIAN_POINT ( 'NONE',  ( 2.465000000000000302, -0.8624999999999999334, 0.000000000000000000 ) ) ;
#6657 = DIRECTION ( 'NONE',  ( 0.000000000000000000, 0.000000000000000000, 1.000000000000000000 ) ) ;
#6658 = DIRECTION ( 'NONE',  ( 1.000000000000000000, 0.000000000000000000, 0.000000000000000000 ) ) ;
#6659 = MECHANICAL_DESIGN_GEOMETRIC_PRESENTATION_REPRESENTATION (  '', ( #436 ), #1141 ) ;
#6660 = DIRECTION ( 'NONE',  ( 0.000000000000000000, 1.000000000000000000, 0.000000000000000000 ) ) ;
#6661 = VECTOR ( 'NONE', #6777, 1000.000000000000000 ) ;
#6662 = ORIENTED_EDGE ( 'NONE', *, *, #6999, .T. ) ;
#6663 =( GEOMETRIC_REPRESENTATION_CONTEXT ( 3 ) GLOBAL_UNCERTAINTY_ASSIGNED_CONTEXT ( ( #6588 ) ) GLOBAL_UNIT_ASSIGNED_CONTEXT ( ( #1388, #6339, #4607 ) ) REPRESENTATION_CONTEXT ( 'NONE', 'WORKASPACE' ) );
#6664 = ORIENTED_EDGE ( 'NONE', *, *, #1774, .F. ) ;
#6665 = VERTEX_POINT ( 'NONE', #3165 ) ;
#6666 = VECTOR ( 'NONE', #5437, 1000.000000000000000 ) ;
#6667 = PLANE ( 'NONE',  #4016 ) ;
#6668 = FACE_OUTER_BOUND ( 'NONE', #4817, .T. ) ;
#6669 = CARTESIAN_POINT ( 'NONE',  ( -2.945000000000000284, -1.775000000000000133, 0.000000000000000000 ) ) ;
#6670 = FILL_AREA_STYLE ('',( #5455 ) ) ;
#6671 =( NAMED_UNIT ( * ) PLANE_ANGLE_UNIT ( ) SI_UNIT ( $, .RADIAN. ) );
#6672 = STYLED_ITEM ( 'NONE', ( #910 ), #5984 ) ;
#6673 = ORIENTED_EDGE ( 'NONE', *, *, #5794, .F. ) ;
#6674 = DIRECTION ( 'NONE',  ( -1.132880637372609972E-16, 1.000000000000000000, 0.000000000000000000 ) ) ;
#6675 = PRESENTATION_LAYER_ASSIGNMENT (  '', '', ( #92 ) ) ;
#6676 = DIRECTION ( 'NONE',  ( 0.7071067811865474617, 0.7071067811865474617, 0.000000000000000000 ) ) ;
#6677 = SURFACE_SIDE_STYLE ('',( #3256 ) ) ;
#6678 = DIRECTION ( 'NONE',  ( 0.000000000000000000, 0.000000000000000000, 1.000000000000000000 ) ) ;
#6679 = ORIENTED_EDGE ( 'NONE', *, *, #1695, .F. ) ;
#6680 = DIRECTION ( 'NONE',  ( -1.000000000000000000, 0.000000000000000000, 0.000000000000000000 ) ) ;
#6681 = ORIENTED_EDGE ( 'NONE', *, *, #3883, .T. ) ;
#6682 = DIRECTION ( 'NONE',  ( 0.000000000000000000, -1.000000000000000000, 0.000000000000000000 ) ) ;
#6683 = ORIENTED_EDGE ( 'NONE', *, *, #6250, .T. ) ;
#6684 = APPLICATION_CONTEXT ( 'automotive_design' ) ;
#6686 = CLOSED_SHELL ( 'NONE', ( #5169, #5348, #6778, #5427, #6302, #6617, #4718, #3841, #17, #2308 ) ) ;
#6685 =( NAMED_UNIT ( * ) PLANE_ANGLE_UNIT ( ) SI_UNIT ( $, .RADIAN. ) );
#6687 = DIRECTION ( 'NONE',  ( 0.7071067811865475727, -0.7071067811865475727, 0.000000000000000000 ) ) ;
#6688 = ADVANCED_FACE ( 'NONE', ( #5372 ), #2672, .T. ) ;
#6689 = EDGE_CURVE ( 'NONE', #6515, #6432, #4829, .T. ) ;
#6690 = PRESENTATION_LAYER_ASSIGNMENT (  '', '', ( #5512 ) ) ;
#6691 = ORIENTED_EDGE ( 'NONE', *, *, #1651, .T. ) ;
#6692 = ORIENTED_EDGE ( 'NONE', *, *, #6827, .T. ) ;
#6693 = CARTESIAN_POINT ( 'NONE',  ( 2.465000000000000302, 1.675000000000000044, 0.3800000000000000044 ) ) ;
#6694 = ORIENTED_EDGE ( 'NONE', *, *, #1269, .F. ) ;
#6695 = CARTESIAN_POINT ( 'NONE',  ( 2.465000000000000302, -2.135000000000000231, 0.000000000000000000 ) ) ;
#6696 = CARTESIAN_POINT ( 'NONE',  ( 2.945000000000000284, 2.449999999999999734, 0.000000000000000000 ) ) ;
#6697 = DIRECTION ( 'NONE',  ( -1.132880637372609972E-16, 1.000000000000000000, -1.077863926709489990E-15 ) ) ;
#6698 = EDGE_CURVE ( 'NONE', #1173, #221, #2162, .T. ) ;
#6699 = VECTOR ( 'NONE', #5193, 1000.000000000000000 ) ;
#6700 = SURFACE_STYLE_FILL_AREA ( #7065 ) ;
#6701 = ADVANCED_FACE ( 'NONE', ( #2335 ), #2236, .T. ) ;
#6702 = ADVANCED_FACE ( 'NONE', ( #626 ), #1700, .T. ) ;
#6703 = MECHANICAL_DESIGN_GEOMETRIC_PRESENTATION_REPRESENTATION (  '', ( #3678 ), #6479 ) ;
#6704 = ORIENTED_EDGE ( 'NONE', *, *, #5526, .T. ) ;
#6705 = ORIENTED_EDGE ( 'NONE', *, *, #338, .T. ) ;
#6706 = CARTESIAN_POINT ( 'NONE',  ( -3.075000000000000178, -0.5050000000000000044, 0.000000000000000000 ) ) ;
#6707 = FILL_AREA_STYLE_COLOUR ( '', #6440 ) ;
#6708 = CARTESIAN_POINT ( 'NONE',  ( -2.945000000000000284, -2.449999999999999734, 0.000000000000000000 ) ) ;
#6709 = DIRECTION ( 'NONE',  ( -0.4999999999999998890, 0.8660254037844387076, 0.000000000000000000 ) ) ;
#6710 = DIRECTION ( 'NONE',  ( 1.000000000000000000, 0.000000000000000000, 0.000000000000000000 ) ) ;
#6711 = ORIENTED_EDGE ( 'NONE', *, *, #150, .T. ) ;
#6712 = DIRECTION ( 'NONE',  ( 0.000000000000000000, 1.000000000000000000, 0.000000000000000000 ) ) ;
#6713 = FACE_OUTER_BOUND ( 'NONE', #6285, .T. ) ;
#6714 = DIRECTION ( 'NONE',  ( 0.7071067811865570096, 0.7071067811865380248, 0.000000000000000000 ) ) ;
#6715 = LINE ( 'NONE', #4317, #4105 ) ;
#6716 = VECTOR ( 'NONE', #5454, 1000.000000000000114 ) ;
#6717 = LINE ( 'NONE', #5608, #4006 ) ;
#6718 = LINE ( 'NONE', #5609, #6169 ) ;
#6719 = ORIENTED_EDGE ( 'NONE', *, *, #6381, .T. ) ;
#6720 = LINE ( 'NONE', #5610, #1295 ) ;
#6721 = CARTESIAN_POINT ( 'NONE',  ( 2.465000000000000302, 1.879999999999999893, 0.000000000000000000 ) ) ;
#6722 = FILL_AREA_STYLE_COLOUR ( '', #4169 ) ;
#6723 = UNCERTAINTY_MEASURE_WITH_UNIT (LENGTH_MEASURE( 1.000000000000000082E-05 ), #244, 'distance_accuracy_value', 'NONE');
#6724 = COLOUR_RGB ( '',0.2862745098039215508, 0.2862745098039215508, 0.2862745098039215508 ) ;
#6725 = ORIENTED_EDGE ( 'NONE', *, *, #5429, .F. ) ;
#6726 = ORIENTED_EDGE ( 'NONE', *, *, #4843, .T. ) ;
#6727 = LINE ( 'NONE', #6592, #2905 ) ;
#6728 = AXIS2_PLACEMENT_3D ( 'NONE', #5341, #419, #1989 ) ;
#6729 = VERTEX_POINT ( 'NONE', #3382 ) ;
#6730 = DIRECTION ( 'NONE',  ( 1.000000000000000000, 0.000000000000000000, 0.000000000000000000 ) ) ;
#6731 = CARTESIAN_POINT ( 'NONE',  ( 2.895000000000000018, -0.8649999999999999911, 0.3300000000000000155 ) ) ;
#6732 = LINE ( 'NONE', #6186, #5960 ) ;
#6733 = CARTESIAN_POINT ( 'NONE',  ( -2.895000000000000018, 2.084999999999999964, 0.000000000000000000 ) ) ;
#6734 = PRESENTATION_LAYER_ASSIGNMENT (  '', '', ( #1547 ) ) ;
#6735 = EDGE_CURVE ( 'NONE', #1518, #564, #3343, .T. ) ;
#6736 = ORIENTED_EDGE ( 'NONE', *, *, #1136, .F. ) ;
#6737 = ORIENTED_EDGE ( 'NONE', *, *, #5484, .F. ) ;
#6738 = CARTESIAN_POINT ( 'NONE',  ( -2.945000000000000284, 1.224999999999999867, 0.3300000000000040123 ) ) ;
#6739 = SURFACE_STYLE_FILL_AREA ( #3426 ) ;
#6740 = EDGE_CURVE ( 'NONE', #1406, #1871, #5553, .T. ) ;
#6741 = DIRECTION ( 'NONE',  ( 0.7071067811865474617, 0.7071067811865474617, 0.000000000000000000 ) ) ;
#6742 = ADVANCED_FACE ( 'NONE', ( #76 ), #4537, .T. ) ;
#6743 = VECTOR ( 'NONE', #3688, 1000.000000000000000 ) ;
#6744 = DIRECTION ( 'NONE',  ( 0.000000000000000000, -1.000000000000000000, 0.000000000000000000 ) ) ;
#6745 = VECTOR ( 'NONE', #2072, 1000.000000000000000 ) ;
#6746 = EDGE_CURVE ( 'NONE', #289, #7009, #1276, .T. ) ;
#6747 = ORIENTED_EDGE ( 'NONE', *, *, #1391, .T. ) ;
#6748 = CARTESIAN_POINT ( 'NONE',  ( -2.945000000000000284, -0.5050000000000000044, 0.3800000000000000044 ) ) ;
#6749 = DIRECTION ( 'NONE',  ( -0.7071067811865570096, 0.7071067811865380248, 0.000000000000000000 ) ) ;
#6750 = DIRECTION ( 'NONE',  ( -1.000000000000000000, 0.000000000000000000, 0.000000000000000000 ) ) ;
#6752 = CARTESIAN_POINT ( 'NONE',  ( -2.465000000000000302, 0.4049999999999999711, 0.000000000000000000 ) ) ;
#6751 = VECTOR ( 'NONE', #22, 1000.000000000000000 ) ;
#6753 = AXIS2_PLACEMENT_3D ( 'NONE', #6784, #5673, #6749 ) ;
#6754 = VERTEX_POINT ( 'NONE', #6068 ) ;
#6755 = CARTESIAN_POINT ( 'NONE',  ( 0.4449999999999999512, 2.189999999999999947, 0.3800000000000000044 ) ) ;
#6756 = CARTESIAN_POINT ( 'NONE',  ( -2.945000000000000284, -0.5050000000000000044, 0.000000000000000000 ) ) ;
#6757 = FACE_OUTER_BOUND ( 'NONE', #4864, .T. ) ;
#6758 = LINE ( 'NONE', #2403, #6763 ) ;
#6759 = CARTESIAN_POINT ( 'NONE',  ( 0.5799999999999999600, -2.575000000000000178, 0.3800000000000000044 ) ) ;
#6760 =( GEOMETRIC_REPRESENTATION_CONTEXT ( 3 ) GLOBAL_UNCERTAINTY_ASSIGNED_CONTEXT ( ( #3447 ) ) GLOBAL_UNIT_ASSIGNED_CONTEXT ( ( #3391, #6119, #48 ) ) REPRESENTATION_CONTEXT ( 'NONE', 'WORKASPACE' ) );
#6761 = ORIENTED_EDGE ( 'NONE', *, *, #1567, .T. ) ;
#6762 = EDGE_LOOP ( 'NONE', ( #5446, #2746, #5806, #622 ) ) ;
#6763 = VECTOR ( 'NONE', #4530, 1000.000000000000000 ) ;
#6764 = CARTESIAN_POINT ( 'NONE',  ( 2.895000000000000018, 1.675000000000000044, 0.000000000000000000 ) ) ;
#6765 = DIRECTION ( 'NONE',  ( -0.000000000000000000, 1.000000000000000000, 0.000000000000000000 ) ) ;
#6766 = DIRECTION ( 'NONE',  ( -1.000000000000000000, 0.000000000000000000, 0.000000000000000000 ) ) ;
#6767 = CARTESIAN_POINT ( 'NONE',  ( 2.895000000000000018, -2.135000000000000231, 0.000000000000000000 ) ) ;
#6768 =( NAMED_UNIT ( * ) SI_UNIT ( $, .STERADIAN. ) SOLID_ANGLE_UNIT ( ) );
#6769 = VECTOR ( 'NONE', #5936, 1000.000000000000000 ) ;
#6770 = ORIENTED_EDGE ( 'NONE', *, *, #3579, .T. ) ;
#6771 = VERTEX_POINT ( 'NONE', #1133 ) ;
#6772 = LINE ( 'NONE', #5192, #3420 ) ;
#6773 = PRESENTATION_STYLE_ASSIGNMENT (( #5664 ) ) ;
#6774 = VECTOR ( 'NONE', #5127, 1000.000000000000000 ) ;
#6775 = DIRECTION ( 'NONE',  ( 1.000000000000000000, 0.000000000000000000, 0.000000000000000000 ) ) ;
#6776 = CARTESIAN_POINT ( 'NONE',  ( 0.000000000000000000, 0.000000000000000000, 0.000000000000000000 ) ) ;
#6777 = DIRECTION ( 'NONE',  ( 0.000000000000000000, 0.000000000000000000, 1.000000000000000000 ) ) ;
#6778 = ADVANCED_FACE ( 'NONE', ( #5256 ), #2412, .T. ) ;
#6779 = EDGE_CURVE ( 'NONE', #1675, #4396, #256, .T. ) ;
#6780 = VECTOR ( 'NONE', #3385, 1000.000000000000000 ) ;
#6781 = EDGE_CURVE ( 'NONE', #4166, #2934, #1906, .T. ) ;
#6782 = ORIENTED_EDGE ( 'NONE', *, *, #6919, .F. ) ;
#6783 = DIRECTION ( 'NONE',  ( 1.000000000000000000, 0.000000000000000000, 0.000000000000000000 ) ) ;
#6784 = CARTESIAN_POINT ( 'NONE',  ( -2.945000000000000284, 0.4550000000000000155, 0.000000000000000000 ) ) ;
#6785 = CARTESIAN_POINT ( 'NONE',  ( -2.945000000000000284, -2.449999999999999734, 0.000000000000000000 ) ) ;
#6786 = CARTESIAN_POINT ( 'NONE',  ( 2.861967654140120221, -1.387778780781450113E-16, 1.119999999999999885 ) ) ;
#6787 = VECTOR ( 'NONE', #2687, 1000.000000000000000 ) ;
#6788 = VECTOR ( 'NONE', #6229, 1000.000000000000000 ) ;
#6789 = PRESENTATION_STYLE_ASSIGNMENT (( #2358 ) ) ;
#6790 = EDGE_CURVE ( 'NONE', #925, #3647, #6910, .T. ) ;
#6791 = ADVANCED_FACE ( 'NONE', ( #4665 ), #1946, .T. ) ;
#6792 = VECTOR ( 'NONE', #3293, 1000.000000000000000 ) ;
#6793 = MECHANICAL_DESIGN_GEOMETRIC_PRESENTATION_REPRESENTATION (  '', ( #6455 ), #1706 ) ;
#6794 = ORIENTED_EDGE ( 'NONE', *, *, #4977, .F. ) ;
#6795 = SURFACE_STYLE_FILL_AREA ( #1971 ) ;
#6796 = CARTESIAN_POINT ( 'NONE',  ( 2.895000000000000018, -0.8649999999999999911, 0.000000000000000000 ) ) ;
#6797 = LINE ( 'NONE', #3552, #5563 ) ;
#6798 = UNCERTAINTY_MEASURE_WITH_UNIT (LENGTH_MEASURE( 1.000000000000000082E-05 ), #3832, 'distance_accuracy_value', 'NONE');
#6799 = PRESENTATION_LAYER_ASSIGNMENT (  '', '', ( #2165 ) ) ;
#6800 = EDGE_LOOP ( 'NONE', ( #4139, #6914, #3619, #7095, #6847, #1656 ) ) ;
#6801 = ORIENTED_EDGE ( 'NONE', *, *, #3260, .F. ) ;
#6802 = LINE ( 'NONE', #3484, #5334 ) ;
#6803 = CARTESIAN_POINT ( 'NONE',  ( 0.000000000000000000, -2.893885316736099471E-16, 0.000000000000000000 ) ) ;
#6804 = FILL_AREA_STYLE ('',( #6289 ) ) ;
#6805 = EDGE_LOOP ( 'NONE', ( #6953, #5215, #2191, #4663 ) ) ;
#6806 = DIRECTION ( 'NONE',  ( 0.000000000000000000, 0.000000000000000000, 1.000000000000000000 ) ) ;
#6807 = LINE ( 'NONE', #1384, #517 ) ;
#6808 = VECTOR ( 'NONE', #3974, 1000.000000000000000 ) ;
#6809 = UNCERTAINTY_MEASURE_WITH_UNIT (LENGTH_MEASURE( 1.000000000000000082E-05 ), #1821, 'distance_accuracy_value', 'NONE');
#6810 = ORIENTED_EDGE ( 'NONE', *, *, #5532, .F. ) ;
#6811 = ORIENTED_EDGE ( 'NONE', *, *, #2614, .T. ) ;
#6812 = CARTESIAN_POINT ( 'NONE',  ( 3.075000000000000178, 2.034999999999999698, 0.000000000000000000 ) ) ;
#6813 = CARTESIAN_POINT ( 'NONE',  ( -3.075000000000000178, -2.084999999999999964, 0.000000000000000000 ) ) ;
#6814 = CARTESIAN_POINT ( 'NONE',  ( -0.5799999999999999600, -2.423826859021799951, 0.3300000000000000155 ) ) ;
#6815 = VECTOR ( 'NONE', #632, 1000.000000000000000 ) ;
#6816 =( LENGTH_UNIT ( ) NAMED_UNIT ( * ) SI_UNIT ( .MILLI., .METRE. ) );
#6817 = DIRECTION ( 'NONE',  ( 0.000000000000000000, 0.000000000000000000, 1.000000000000000000 ) ) ;
#6818 = UNCERTAINTY_MEASURE_WITH_UNIT (LENGTH_MEASURE( 1.000000000000000082E-05 ), #6045, 'distance_accuracy_value', 'NONE');
#6819 = ADVANCED_FACE ( 'NONE', ( #928 ), #3595, .T. ) ;
#6820 = CARTESIAN_POINT ( 'NONE',  ( -1.472500000000000142, -2.449999999999999734, 0.3300000000000000155 ) ) ;
#6821 = CARTESIAN_POINT ( 'NONE',  ( 2.945000000000000284, -0.8149999999999999467, 0.000000000000000000 ) ) ;
#6822 =( NAMED_UNIT ( * ) PLANE_ANGLE_UNIT ( ) SI_UNIT ( $, .RADIAN. ) );
#6823 =( NAMED_UNIT ( * ) SI_UNIT ( $, .STERADIAN. ) SOLID_ANGLE_UNIT ( ) );
#6824 = FACE_OUTER_BOUND ( 'NONE', #7076, .T. ) ;
#6825 = FACE_OUTER_BOUND ( 'NONE', #4293, .T. ) ;
#6826 = ORIENTED_EDGE ( 'NONE', *, *, #2425, .F. ) ;
#6827 = EDGE_CURVE ( 'NONE', #3011, #5733, #4033, .T. ) ;
#6828 = DIRECTION ( 'NONE',  ( 0.000000000000000000, 1.000000000000000000, 0.000000000000000000 ) ) ;
#6829 = CARTESIAN_POINT ( 'NONE',  ( -2.430100225889860521, 1.934733596112490073, -6.623158270370040235 ) ) ;
#6830 = VERTEX_POINT ( 'NONE', #6327 ) ;
#6831 = SURFACE_STYLE_FILL_AREA ( #760 ) ;
#6832 = EDGE_CURVE ( 'NONE', #5701, #1464, #5150, .T. ) ;
#6833 = DIRECTION ( 'NONE',  ( 1.000000000000000000, 0.000000000000000000, 0.000000000000000000 ) ) ;
#6834 = ADVANCED_FACE ( 'NONE', ( #333 ), #4068, .T. ) ;
#6835 = ADVANCED_FACE ( 'NONE', ( #1872 ), #472, .F. ) ;
#6836 = ORIENTED_EDGE ( 'NONE', *, *, #1267, .T. ) ;
#6837 = VERTEX_POINT ( 'NONE', #4308 ) ;
#6838 = PRESENTATION_STYLE_ASSIGNMENT (( #5216 ) ) ;
#6839 = VERTEX_POINT ( 'NONE', #6126 ) ;
#6840 = ORIENTED_EDGE ( 'NONE', *, *, #6865, .T. ) ;
#6841 = DIRECTION ( 'NONE',  ( 1.000000000000000000, 0.000000000000000000, 0.000000000000000000 ) ) ;
#6842 = DIRECTION ( 'NONE',  ( -1.000000000000000000, 0.000000000000000000, 0.000000000000000000 ) ) ;
#6843 =( GEOMETRIC_REPRESENTATION_CONTEXT ( 3 ) GLOBAL_UNCERTAINTY_ASSIGNED_CONTEXT ( ( #966 ) ) GLOBAL_UNIT_ASSIGNED_CONTEXT ( ( #3986, #2294, #1795 ) ) REPRESENTATION_CONTEXT ( 'NONE', 'WORKASPACE' ) );
#6844 = CARTESIAN_POINT ( 'NONE',  ( -2.465000000000000302, -0.8649999999999999911, 0.000000000000000000 ) ) ;
#6845 = SURFACE_STYLE_USAGE ( .BOTH. , #5154 ) ;
#6846 = ORIENTED_EDGE ( 'NONE', *, *, #5207, .F. ) ;
#6847 = ORIENTED_EDGE ( 'NONE', *, *, #4290, .T. ) ;
#6848 = DIRECTION ( 'NONE',  ( 0.000000000000000000, 1.000000000000000000, 0.000000000000000000 ) ) ;
#6849 = DIRECTION ( 'NONE',  ( 0.000000000000000000, 0.000000000000000000, 1.000000000000000000 ) ) ;
#6850 = SHAPE_DEFINITION_REPRESENTATION ( #3808, #3567 ) ;
#6851 = CARTESIAN_POINT ( 'NONE',  ( -1.195000000000000062, 1.989999999999999991, 0.000000000000000000 ) ) ;
#6852 = ORIENTED_EDGE ( 'NONE', *, *, #7006, .T. ) ;
#6853 = AXIS2_PLACEMENT_3D ( 'NONE', #6178, #1300, #2295 ) ;
#6854 = FILL_AREA_STYLE ('',( #205 ) ) ;
#6855 = LINE ( 'NONE', #1428, #6313 ) ;
#6856 = DIRECTION ( 'NONE',  ( -1.000000000000000000, 0.000000000000000000, 0.000000000000000000 ) ) ;
#6857 = DIRECTION ( 'NONE',  ( 0.000000000000000000, 0.000000000000000000, 1.000000000000000000 ) ) ;
#6858 = VECTOR ( 'NONE', #1756, 1000.000000000000000 ) ;
#6859 = VERTEX_POINT ( 'NONE', #605 ) ;
#6860 = SURFACE_STYLE_USAGE ( .BOTH. , #5679 ) ;
#6861 = DIRECTION ( 'NONE',  ( -1.000000000000000000, 0.000000000000000000, 0.000000000000000000 ) ) ;
#6862 = SURFACE_STYLE_FILL_AREA ( #1796 ) ;
#6863 = CARTESIAN_POINT ( 'NONE',  ( -2.465000000000000302, -1.879999999999999893, 0.000000000000000000 ) ) ;
#6864 = UNCERTAINTY_MEASURE_WITH_UNIT (LENGTH_MEASURE( 1.000000000000000082E-05 ), #111, 'distance_accuracy_value', 'NONE');
#6865 = EDGE_CURVE ( 'NONE', #1871, #5733, #6013, .T. ) ;
#6866 = VECTOR ( 'NONE', #214, 1000.000000000000000 ) ;
#6867 = EDGE_CURVE ( 'NONE', #5989, #587, #1153, .T. ) ;
#6868 = ORIENTED_EDGE ( 'NONE', *, *, #7144, .T. ) ;
#6869 = ORIENTED_EDGE ( 'NONE', *, *, #5472, .F. ) ;
#6870 = LINE ( 'NONE', #4065, #5803 ) ;
#6871 = ORIENTED_EDGE ( 'NONE', *, *, #3627, .F. ) ;
#6872 = FILL_AREA_STYLE_COLOUR ( '', #586 ) ;
#6873 =( LENGTH_UNIT ( ) NAMED_UNIT ( * ) SI_UNIT ( .MILLI., .METRE. ) );
#6874 = VECTOR ( 'NONE', #5969, 1000.000000000000114 ) ;
#6875 = CARTESIAN_POINT ( 'NONE',  ( -3.075000000000000178, 2.034999999999999698, 0.000000000000000000 ) ) ;
#6876 = CARTESIAN_POINT ( 'NONE',  ( -2.945000000000000284, -0.8149999999999999467, 0.000000000000000000 ) ) ;
#6877 = DIRECTION ( 'NONE',  ( -1.000000000000000000, 0.000000000000000000, 0.000000000000000000 ) ) ;
#6878 = EDGE_CURVE ( 'NONE', #4339, #3747, #5571, .T. ) ;
#6879 = MECHANICAL_DESIGN_GEOMETRIC_PRESENTATION_REPRESENTATION (  '', ( #6642 ), #4316 ) ;
#6880 = VERTEX_POINT ( 'NONE', #4983 ) ;
#6881 = ORIENTED_EDGE ( 'NONE', *, *, #4404, .F. ) ;
#6882 =( NAMED_UNIT ( * ) PLANE_ANGLE_UNIT ( ) SI_UNIT ( $, .RADIAN. ) );
#6883 = DIRECTION ( 'NONE',  ( 0.000000000000000000, 0.000000000000000000, 1.000000000000000000 ) ) ;
#6884 = SURFACE_STYLE_FILL_AREA ( #3569 ) ;
#6885 = AXIS2_PLACEMENT_3D ( 'NONE', #4698, #2544, #4234 ) ;
#6886 = VERTEX_POINT ( 'NONE', #5981 ) ;
#6887 = STYLED_ITEM ( 'NONE', ( #2575 ), #5032 ) ;
#6888 = CARTESIAN_POINT ( 'NONE',  ( 2.757742740085070032, -0.6600000000000000311, 0.000000000000000000 ) ) ;
#6889 = DIRECTION ( 'NONE',  ( 0.000000000000000000, -1.000000000000000000, 0.000000000000000000 ) ) ;
#6890 = CARTESIAN_POINT ( 'NONE',  ( 0.4449999999999999512, 2.189999999999999947, 0.000000000000000000 ) ) ;
#6891 = PLANE ( 'NONE',  #4226 ) ;
#6892 = SURFACE_STYLE_FILL_AREA ( #2462 ) ;
#6893 = DIRECTION ( 'NONE',  ( 0.000000000000000000, 0.000000000000000000, 1.000000000000000000 ) ) ;
#6894 = PRESENTATION_LAYER_ASSIGNMENT (  '', '', ( #3756 ) ) ;
#6895 = VECTOR ( 'NONE', #268, 1000.000000000000000 ) ;
#6896 = ORIENTED_EDGE ( 'NONE', *, *, #432, .F. ) ;
#6897 = FACE_OUTER_BOUND ( 'NONE', #6383, .T. ) ;
#6898 = COLOUR_RGB ( '',0.2862745098039215508, 0.2862745098039215508, 0.2862745098039215508 ) ;
#6899 = COLOUR_RGB ( '',0.2862745098039215508, 0.2862745098039215508, 0.2862745098039215508 ) ;
#6900 = ORIENTED_EDGE ( 'NONE', *, *, #2890, .T. ) ;
#6901 = FILL_AREA_STYLE_COLOUR ( '', #5946 ) ;
#6902 =( LENGTH_UNIT ( ) NAMED_UNIT ( * ) SI_UNIT ( .MILLI., .METRE. ) );
#6903 = STYLED_ITEM ( 'NONE', ( #5114 ), #6742 ) ;
#6904 = VECTOR ( 'NONE', #2648, 1000.000000000000000 ) ;
#6905 = VERTEX_POINT ( 'NONE', #7110 ) ;
#6906 = ORIENTED_EDGE ( 'NONE', *, *, #6017, .F. ) ;
#6907 = ORIENTED_EDGE ( 'NONE', *, *, #6957, .T. ) ;
#6908 = DIRECTION ( 'NONE',  ( -0.4999999999999998890, 0.8660254037844387076, 0.000000000000000000 ) ) ;
#6909 = ADVANCED_FACE ( 'NONE', ( #1680 ), #3868, .F. ) ;
#6910 = LINE ( 'NONE', #4706, #3762 ) ;
#6911 = AXIS2_PLACEMENT_3D ( 'NONE', #6785, #1221, #2318 ) ;
#6912 = PRESENTATION_LAYER_ASSIGNMENT (  '', '', ( #6455 ) ) ;
#6913 = CARTESIAN_POINT ( 'NONE',  ( 0.4450000000000179923, -1.879999999999999893, 0.3800000000000000044 ) ) ;
#6914 = ORIENTED_EDGE ( 'NONE', *, *, #747, .T. ) ;
#6915 = ORIENTED_EDGE ( 'NONE', *, *, #5853, .T. ) ;
#6916 = CARTESIAN_POINT ( 'NONE',  ( -2.465000000000000302, -0.4550000000000000155, 0.000000000000000000 ) ) ;
#6917 = ORIENTED_EDGE ( 'NONE', *, *, #1481, .T. ) ;
#6918 = PLANE ( 'NONE',  #5288 ) ;
#6919 = EDGE_CURVE ( 'NONE', #4509, #4675, #2761, .T. ) ;
#6920 = ITEM_DEFINED_TRANSFORMATION ( 'NONE', 'NONE', #2281,  #2862 ) ;
#6921 = PLANE ( 'NONE',  #1018 ) ;
#6922 = VECTOR ( 'NONE', #4695, 1000.000000000000000 ) ;
#6923 = EDGE_CURVE ( 'NONE', #5476, #4236, #6049, .T. ) ;
#6924 = EDGE_CURVE ( 'NONE', #1613, #1537, #541, .T. ) ;
#6925 = STYLED_ITEM ( 'NONE', ( #2248 ), #346 ) ;
#6926 = CARTESIAN_POINT ( 'NONE',  ( 3.075000000000000178, -0.8149999999999999467, 0.3800000000000000044 ) ) ;
#6927 = SURFACE_STYLE_FILL_AREA ( #3573 ) ;
#6928 = CARTESIAN_POINT ( 'NONE',  ( -0.5799999999999999600, -1.287500000000000089, 0.000000000000000000 ) ) ;
#6929 = CARTESIAN_POINT ( 'NONE',  ( -2.465000000000000302, 0.8149999999999999467, 0.3300000000000000155 ) ) ;
#6930 = FILL_AREA_STYLE_COLOUR ( '', #1812 ) ;
#6931 = VECTOR ( 'NONE', #1283, 1000.000000000000000 ) ;
#6932 = ORIENTED_EDGE ( 'NONE', *, *, #4198, .F. ) ;
#6933 = FILL_AREA_STYLE_COLOUR ( '', #1376 ) ;
#6934 = ORIENTED_EDGE ( 'NONE', *, *, #5209, .T. ) ;
#6935 = PLANE ( 'NONE',  #6885 ) ;
#6936 = SURFACE_SIDE_STYLE ('',( #919 ) ) ;
#6937 = ORIENTED_EDGE ( 'NONE', *, *, #6698, .F. ) ;
#6938 = ORIENTED_EDGE ( 'NONE', *, *, #4319, .T. ) ;
#6939 = DIRECTION ( 'NONE',  ( 1.000000000000000000, 0.000000000000000000, 0.000000000000000000 ) ) ;
#6940 = ORIENTED_EDGE ( 'NONE', *, *, #4157, .F. ) ;
#6941 = CARTESIAN_POINT ( 'NONE',  ( -2.465000000000000302, -1.724999999999999867, 0.000000000000000000 ) ) ;
#6942 = CARTESIAN_POINT ( 'NONE',  ( 0.9650000000000000799, 2.189999999999999947, 0.000000000000000000 ) ) ;
#6943 = CARTESIAN_POINT ( 'NONE',  ( -2.945000000000000284, -2.084999999999999964, 0.3800000000000000044 ) ) ;
#6944 = CARTESIAN_POINT ( 'NONE',  ( 0.8299999999999999600, -2.575000000000000178, 0.000000000000000000 ) ) ;
#6945 = ORIENTED_EDGE ( 'NONE', *, *, #2622, .T. ) ;
#6946 = VERTEX_POINT ( 'NONE', #2216 ) ;
#6947 = MECHANICAL_DESIGN_GEOMETRIC_PRESENTATION_REPRESENTATION (  '', ( #4267 ), #6131 ) ;
#6948 = FILL_AREA_STYLE ('',( #6377 ) ) ;
#6949 = DIRECTION ( 'NONE',  ( 0.000000000000000000, 0.000000000000000000, 1.000000000000000000 ) ) ;
#6950 = CONTEXT_DEPENDENT_SHAPE_REPRESENTATION ( #5646, #2782 ) ;
#6951 = DIRECTION ( 'NONE',  ( 0.000000000000000000, 0.000000000000000000, 1.000000000000000000 ) ) ;
#6952 = UNCERTAINTY_MEASURE_WITH_UNIT (LENGTH_MEASURE( 1.000000000000000082E-05 ), #3125, 'distance_accuracy_value', 'NONE');
#6953 = ORIENTED_EDGE ( 'NONE', *, *, #2697, .T. ) ;
#6954 = VECTOR ( 'NONE', #5782, 1000.000000000000000 ) ;
#6955 = EDGE_CURVE ( 'NONE', #6655, #3647, #4407, .T. ) ;
#6956 = EDGE_CURVE ( 'NONE', #1142, #2934, #95, .T. ) ;
#6957 = EDGE_CURVE ( 'NONE', #4898, #1063, #5639, .T. ) ;
#6958 = LINE ( 'NONE', #1505, #7039 ) ;
#6959 = DIRECTION ( 'NONE',  ( 0.000000000000000000, 0.000000000000000000, -1.000000000000000000 ) ) ;
#6960 = FACE_OUTER_BOUND ( 'NONE', #6190, .T. ) ;
#6961 = MECHANICAL_DESIGN_GEOMETRIC_PRESENTATION_REPRESENTATION (  '', ( #1772 ), #5327 ) ;
#6962 =( NAMED_UNIT ( * ) SI_UNIT ( $, .STERADIAN. ) SOLID_ANGLE_UNIT ( ) );
#6963 = VECTOR ( 'NONE', #733, 1000.000000000000000 ) ;
#6964 =( NAMED_UNIT ( * ) PLANE_ANGLE_UNIT ( ) SI_UNIT ( $, .RADIAN. ) );
#6965 = CARTESIAN_POINT ( 'NONE',  ( 2.895000000000000018, -0.8649999999999999911, 0.3800000000000000044 ) ) ;
#6966 = FACE_OUTER_BOUND ( 'NONE', #2566, .T. ) ;
#6967 = MECHANICAL_DESIGN_GEOMETRIC_PRESENTATION_REPRESENTATION (  '', ( #1992 ), #3825 ) ;
#6968 = VERTEX_POINT ( 'NONE', #6273 ) ;
#6969 = DIRECTION ( 'NONE',  ( 0.000000000000000000, 1.000000000000000000, 0.000000000000000000 ) ) ;
#6970 = LINE ( 'NONE', #2010, #5470 ) ;
#6971 = VECTOR ( 'NONE', #1239, 1000.000000000000000 ) ;
#6972 = VECTOR ( 'NONE', #4704, 1000.000000000000000 ) ;
#6973 = ORIENTED_EDGE ( 'NONE', *, *, #2517, .T. ) ;
#6974 = LINE ( 'NONE', #4205, #2689 ) ;
#6975 = ORIENTED_EDGE ( 'NONE', *, *, #3453, .F. ) ;
#6976 = ORIENTED_EDGE ( 'NONE', *, *, #3627, .T. ) ;
#6977 = DIRECTION ( 'NONE',  ( 0.000000000000000000, 0.000000000000000000, 1.000000000000000000 ) ) ;
#6978 = PLANE ( 'NONE',  #3736 ) ;
#6979 =( LENGTH_UNIT ( ) NAMED_UNIT ( * ) SI_UNIT ( .MILLI., .METRE. ) );
#6980 = LINE ( 'NONE', #6331, #6556 ) ;
#6981 = VECTOR ( 'NONE', #576, 1000.000000000000000 ) ;
#6982 = VERTEX_POINT ( 'NONE', #2357 ) ;
#6983 = EDGE_LOOP ( 'NONE', ( #3202, #1251, #2362, #1775 ) ) ;
#6985 = DIRECTION ( 'NONE',  ( 0.000000000000000000, 1.000000000000000000, 0.000000000000000000 ) ) ;
#6984 = MECHANICAL_DESIGN_GEOMETRIC_PRESENTATION_REPRESENTATION (  '', ( #1445 ), #5465 ) ;
#6986 = CARTESIAN_POINT ( 'NONE',  ( 0.9650000000000000799, -1.989999999999999991, 0.000000000000000000 ) ) ;
#6987 = SURFACE_STYLE_FILL_AREA ( #2962 ) ;
#6988 = DIRECTION ( 'NONE',  ( -0.7071067811865380248, -0.7071067811865570096, 0.000000000000000000 ) ) ;
#6989 = COLOUR_RGB ( '',0.2862745098039215508, 0.2862745098039215508, 0.2862745098039215508 ) ;
#6990 = ORIENTED_EDGE ( 'NONE', *, *, #1774, .T. ) ;
#6991 = ORIENTED_EDGE ( 'NONE', *, *, #4771, .F. ) ;
#6992 = FACE_OUTER_BOUND ( 'NONE', #6516, .T. ) ;
#6993 = LINE ( 'NONE', #864, #4091 ) ;
#6994 = LINE ( 'NONE', #6386, #3501 ) ;
#6995 = CARTESIAN_POINT ( 'NONE',  ( 2.945000000000000284, 2.449999999999999734, 0.000000000000000000 ) ) ;
#6996 = CARTESIAN_POINT ( 'NONE',  ( 2.895000000000000018, -1.724999999999999867, 0.000000000000000000 ) ) ;
#6997 = ADVANCED_FACE ( 'NONE', ( #2866 ), #5097, .F. ) ;
#6998 = SURFACE_STYLE_USAGE ( .BOTH. , #869 ) ;
#6999 = EDGE_CURVE ( 'NONE', #7058, #2486, #3506, .T. ) ;
#7000 = PRESENTATION_STYLE_ASSIGNMENT (( #4733 ) ) ;
#7001 = ADVANCED_FACE ( 'NONE', ( #4555 ), #6167, .T. ) ;
#7002 = CARTESIAN_POINT ( 'NONE',  ( -2.465000000000000302, -0.4550000000000000155, 0.000000000000000000 ) ) ;
#7003 = AXIS2_PLACEMENT_3D ( 'NONE', #6033, #6596, #4325 ) ;
#7004 = CARTESIAN_POINT ( 'NONE',  ( -0.8299999999999999600, -2.575000000000000178, 0.3300000000000000155 ) ) ;
#7005 = EDGE_CURVE ( 'NONE', #6839, #6584, #5599, .T. ) ;
#7006 = EDGE_CURVE ( 'NONE', #5917, #2051, #1790, .T. ) ;
#7007 =( GEOMETRIC_REPRESENTATION_CONTEXT ( 3 ) GLOBAL_UNCERTAINTY_ASSIGNED_CONTEXT ( ( #4595 ) ) GLOBAL_UNIT_ASSIGNED_CONTEXT ( ( #3461, #6118, #3351 ) ) REPRESENTATION_CONTEXT ( 'NONE', 'WORKASPACE' ) );
#7008 = STYLED_ITEM ( 'NONE', ( #1890 ), #5889 ) ;
#7009 = VERTEX_POINT ( 'NONE', #1255 ) ;
#7010 = ORIENTED_EDGE ( 'NONE', *, *, #3179, .F. ) ;
#7011 = CARTESIAN_POINT ( 'NONE',  ( 1.195000000000000062, 1.989999999999999991, 0.3800000000000000044 ) ) ;
#7012 = CARTESIAN_POINT ( 'NONE',  ( -2.465000000000000302, 2.084999999999999964, 0.000000000000000000 ) ) ;
#7013 = DIRECTION ( 'NONE',  ( 0.000000000000000000, 0.000000000000000000, 1.000000000000000000 ) ) ;
#7014 = FILL_AREA_STYLE ('',( #411 ) ) ;
#7015 = AXIS2_PLACEMENT_3D ( 'NONE', #1804, #6657, #6730 ) ;
#7016 = PRESENTATION_LAYER_ASSIGNMENT (  '', '', ( #5267 ) ) ;
#7017 = AXIS2_PLACEMENT_3D ( 'NONE', #6996, #867, #6389 ) ;
#7018 = VERTEX_POINT ( 'NONE', #4804 ) ;
#7019 = ORIENTED_EDGE ( 'NONE', *, *, #60, .T. ) ;
#7020 = VECTOR ( 'NONE', #4118, 1000.000000000000000 ) ;
#7021 = CARTESIAN_POINT ( 'NONE',  ( 0.5799999999999999600, 2.423826859021799951, 0.3800000000000000044 ) ) ;
#7022 = LINE ( 'NONE', #3676, #6231 ) ;
#7023 = CARTESIAN_POINT ( 'NONE',  ( -2.945000000000000284, 2.034999999999999698, 0.000000000000000000 ) ) ;
#7024 = FILL_AREA_STYLE_COLOUR ( '', #2145 ) ;
#7025 = UNCERTAINTY_MEASURE_WITH_UNIT (LENGTH_MEASURE( 1.000000000000000082E-05 ), #2838, 'distance_accuracy_value', 'NONE');
#7026 = ORIENTED_EDGE ( 'NONE', *, *, #2048, .T. ) ;
#7027 = VERTEX_POINT ( 'NONE', #3113 ) ;
#7028 = CARTESIAN_POINT ( 'NONE',  ( 2.895000000000000018, -0.8649999999999999911, 0.3300000000000000155 ) ) ;
#7029 = FILL_AREA_STYLE_COLOUR ( '', #3169 ) ;
#7030 = LINE ( 'NONE', #2679, #5461 ) ;
#7031 = CARTESIAN_POINT ( 'NONE',  ( 2.945000000000000284, -0.5050000000000000044, 0.000000000000000000 ) ) ;
#7032 = LINE ( 'NONE', #3615, #5972 ) ;
#7033 = PLANE ( 'NONE',  #902 ) ;
#7034 = VECTOR ( 'NONE', #1396, 1000.000000000000000 ) ;
#7035 = EDGE_LOOP ( 'NONE', ( #3521, #1735, #1878, #4177, #2603, #521, #4073, #1914, #4346, #2515, #3555, #6881 ) ) ;
#7036 = ORIENTED_EDGE ( 'NONE', *, *, #5650, .F. ) ;
#7037 = FILL_AREA_STYLE ('',( #1514 ) ) ;
#7039 = VECTOR ( 'NONE', #4258, 1000.000000000000000 ) ;
#7038 = LINE ( 'NONE', #5904, #7105 ) ;
#7040 = ADVANCED_FACE ( 'NONE', ( #3687 ), #4689, .T. ) ;
#7041 = AXIS2_PLACEMENT_3D ( 'NONE', #3850, #4890, #7127 ) ;
#7042 = VERTEX_POINT ( 'NONE', #3576 ) ;
#7043 = ADVANCED_FACE ( 'NONE', ( #1543 ), #1431, .T. ) ;
#7044 = ORIENTED_EDGE ( 'NONE', *, *, #4667, .T. ) ;
#7045 = EDGE_CURVE ( 'NONE', #6228, #2158, #7032, .T. ) ;
#7046 = EDGE_LOOP ( 'NONE', ( #1095, #6811, #153, #5809 ) ) ;
#7047 = SURFACE_STYLE_USAGE ( .BOTH. , #988 ) ;
#7048 = FACE_OUTER_BOUND ( 'NONE', #3945, .T. ) ;
#7049 = CARTESIAN_POINT ( 'NONE',  ( 0.8299999999999999600, -2.575000000000000178, 0.000000000000000000 ) ) ;
#7050 = ADVANCED_FACE ( 'NONE', ( #5318 ), #6891, .T. ) ;
#7051 = VERTEX_POINT ( 'NONE', #6929 ) ;
#7052 = ORIENTED_EDGE ( 'NONE', *, *, #1481, .F. ) ;
#7053 = DIRECTION ( 'NONE',  ( 0.000000000000000000, -1.000000000000000000, 0.000000000000000000 ) ) ;
#7054 = CARTESIAN_POINT ( 'NONE',  ( -0.4449999999999999512, 1.879999999999999893, 0.000000000000000000 ) ) ;
#7055 =( NAMED_UNIT ( * ) SI_UNIT ( $, .STERADIAN. ) SOLID_ANGLE_UNIT ( ) );
#7056 = CARTESIAN_POINT ( 'NONE',  ( 0.5799999999999999600, -2.575000000000000178, 0.000000000000000000 ) ) ;
#7057 = CARTESIAN_POINT ( 'NONE',  ( 2.757742740085070032, -0.6600000000000000311, 0.3800000000000000044 ) ) ;
#7058 = VERTEX_POINT ( 'NONE', #6352 ) ;
#7059 = CARTESIAN_POINT ( 'NONE',  ( 3.075000000000000178, -2.084999999999999964, 0.000000000000000000 ) ) ;
#7060 = CARTESIAN_POINT ( 'NONE',  ( -2.465000000000000302, -0.4550000000000000155, 0.000000000000000000 ) ) ;
#7061 = CARTESIAN_POINT ( 'NONE',  ( 2.895000000000000018, 2.084999999999999964, 0.3800000000000000044 ) ) ;
#7062 = CARTESIAN_POINT ( 'NONE',  ( 0.4450000000000179923, -1.879999999999999893, 0.000000000000000000 ) ) ;
#7063 = DIRECTION ( 'NONE',  ( 1.000000000000000000, 0.000000000000000000, 0.000000000000000000 ) ) ;
#7064 =( NAMED_UNIT ( * ) SI_UNIT ( $, .STERADIAN. ) SOLID_ANGLE_UNIT ( ) );
#7065 = FILL_AREA_STYLE ('',( #6110 ) ) ;
#7066 =( GEOMETRIC_REPRESENTATION_CONTEXT ( 3 ) GLOBAL_UNCERTAINTY_ASSIGNED_CONTEXT ( ( #3609 ) ) GLOBAL_UNIT_ASSIGNED_CONTEXT ( ( #1499, #4795, #5306 ) ) REPRESENTATION_CONTEXT ( 'NONE', 'WORKASPACE' ) );
#7067 = CARTESIAN_POINT ( 'NONE',  ( -1.251023908571980092, 1.694592058173890026, 0.000000000000000000 ) ) ;
#7068 = FACE_OUTER_BOUND ( 'NONE', #3854, .T. ) ;
#7069 = DIRECTION ( 'NONE',  ( -1.000000000000000000, 0.000000000000000000, 0.000000000000000000 ) ) ;
#7070 = PLANE ( 'NONE',  #536 ) ;
#7071 = CARTESIAN_POINT ( 'NONE',  ( 0.9650000000000000799, -2.189999999999999947, 0.000000000000000000 ) ) ;
#7072 = VECTOR ( 'NONE', #6051, 1000.000000000000000 ) ;
#7073 = ORIENTED_EDGE ( 'NONE', *, *, #5395, .F. ) ;
#7074 = CARTESIAN_POINT ( 'NONE',  ( -2.945000000000000284, -1.775000000000000133, 0.000000000000000000 ) ) ;
#7075 = VECTOR ( 'NONE', #4310, 1000.000000000000000 ) ;
#7076 = EDGE_LOOP ( 'NONE', ( #328, #7146, #2241, #895 ) ) ;
#7077 = LINE ( 'NONE', #1588, #6014 ) ;
#7078 = DIRECTION ( 'NONE',  ( 0.000000000000000000, -1.000000000000000000, 0.000000000000000000 ) ) ;
#7079 = DIRECTION ( 'NONE',  ( 0.000000000000000000, 0.000000000000000000, 1.000000000000000000 ) ) ;
#7080 = EDGE_CURVE ( 'NONE', #3747, #5625, #5865, .T. ) ;
#7081 = LINE ( 'NONE', #5993, #2376 ) ;
#7082 = MECHANICAL_DESIGN_GEOMETRIC_PRESENTATION_REPRESENTATION (  '', ( #278 ), #4181 ) ;
#7083 = ADVANCED_FACE ( 'NONE', ( #4189 ), #5236, .T. ) ;
#7084 = VECTOR ( 'NONE', #5133, 1000.000000000000000 ) ;
#7085 = ORIENTED_EDGE ( 'NONE', *, *, #1302, .F. ) ;
#7086 = FACE_OUTER_BOUND ( 'NONE', #4468, .T. ) ;
#7087 = FACE_OUTER_BOUND ( 'NONE', #1038, .T. ) ;
#7088 = CARTESIAN_POINT ( 'NONE',  ( -2.895000000000000018, -2.135000000000000231, 0.000000000000000000 ) ) ;
#7089 = VECTOR ( 'NONE', #4562, 1000.000000000000000 ) ;
#7090 =( NAMED_UNIT ( * ) SI_UNIT ( $, .STERADIAN. ) SOLID_ANGLE_UNIT ( ) );
#7091 = ADVANCED_FACE ( 'NONE', ( #6470 ), #1509, .T. ) ;
#7092 = DIRECTION ( 'NONE',  ( 0.000000000000000000, -1.000000000000000000, 0.000000000000000000 ) ) ;
#7093 = EDGE_LOOP ( 'NONE', ( #630, #4416, #3733, #4597 ) ) ;
#7094 = VECTOR ( 'NONE', #1108, 1000.000000000000000 ) ;
#7095 = ORIENTED_EDGE ( 'NONE', *, *, #1609, .T. ) ;
#7096 = ORIENTED_EDGE ( 'NONE', *, *, #1526, .T. ) ;
#7097 = LINE ( 'NONE', #5828, #5634 ) ;
#7098 = SURFACE_STYLE_FILL_AREA ( #5930 ) ;
#7100 = DIRECTION ( 'NONE',  ( 0.000000000000000000, 1.000000000000000000, 0.000000000000000000 ) ) ;
#7099 = ADVANCED_BREP_SHAPE_REPRESENTATION ( '', ( #348, #114, #5073, #164, #5000, #2862 ), #4807 ) ;
#7101 = DIRECTION ( 'NONE',  ( -0.7071067811865550112, -0.7071067811865400232, 0.000000000000000000 ) ) ;
#7102 = DIRECTION ( 'NONE',  ( 4.550094363217860219E-16, 1.000000000000000000, 0.000000000000000000 ) ) ;
#7103 = DIRECTION ( 'NONE',  ( 0.000000000000000000, 1.000000000000000000, 0.000000000000000000 ) ) ;
#7104 = AXIS2_PLACEMENT_3D ( 'NONE', #4275, #3667, #6447 ) ;
#7105 = VECTOR ( 'NONE', #1403, 1000.000000000000000 ) ;
#7106 = VERTEX_POINT ( 'NONE', #3002 ) ;
#7107 = SURFACE_SIDE_STYLE ('',( #4873 ) ) ;
#7108 = FILL_AREA_STYLE_COLOUR ( '', #4342 ) ;
#7109 = CARTESIAN_POINT ( 'NONE',  ( 2.757742740085070032, -1.930000000000000160, 0.000000000000000000 ) ) ;
#7110 = CARTESIAN_POINT ( 'NONE',  ( -1.195000000000000062, -1.989999999999999991, 0.3300000000000000155 ) ) ;
#7111 = LINE ( 'NONE', #3797, #183 ) ;
#7112 = FACE_OUTER_BOUND ( 'NONE', #3775, .T. ) ;
#7113 = AXIS2_PLACEMENT_3D ( 'NONE', #680, #2287, #5061 ) ;
#7114 = ORIENTED_EDGE ( 'NONE', *, *, #6689, .F. ) ;
#7116 = CARTESIAN_POINT ( 'NONE',  ( -2.465000000000000302, -0.4550000000000000155, 0.3800000000000000044 ) ) ;
#7115 = VECTOR ( 'NONE', #4928, 1000.000000000000000 ) ;
#7117 = VERTEX_POINT ( 'NONE', #5201 ) ;
#7118 = DIRECTION ( 'NONE',  ( 4.550094363217860219E-16, 1.000000000000000000, 0.000000000000000000 ) ) ;
#7119 = FILL_AREA_STYLE ('',( #33 ) ) ;
#7120 = CARTESIAN_POINT ( 'NONE',  ( -2.057499999999999662, 0.3824999999999999512, 0.000000000000000000 ) ) ;
#7121 = MECHANICAL_DESIGN_GEOMETRIC_PRESENTATION_REPRESENTATION (  '', ( #6551 ), #3984 ) ;
#7122 =( GEOMETRIC_REPRESENTATION_CONTEXT ( 3 ) GLOBAL_UNCERTAINTY_ASSIGNED_CONTEXT ( ( #5765 ) ) GLOBAL_UNIT_ASSIGNED_CONTEXT ( ( #3035, #5784, #2997 ) ) REPRESENTATION_CONTEXT ( 'NONE', 'WORKASPACE' ) );
#7123 = EDGE_CURVE ( 'NONE', #1378, #2468, #4649, .T. ) ;
#7124 = ORIENTED_EDGE ( 'NONE', *, *, #7005, .F. ) ;
#7125 = ORIENTED_EDGE ( 'NONE', *, *, #5794, .T. ) ;
#7126 = DIRECTION ( 'NONE',  ( 0.000000000000000000, 0.000000000000000000, 1.000000000000000000 ) ) ;
#7127 = DIRECTION ( 'NONE',  ( 1.000000000000000000, 0.000000000000000000, 0.000000000000000000 ) ) ;
#7128 =( LENGTH_UNIT ( ) NAMED_UNIT ( * ) SI_UNIT ( .MILLI., .METRE. ) );
#7129 = AXIS2_PLACEMENT_3D ( 'NONE', #5424, #7069, #504 ) ;
#7130 =( GEOMETRIC_REPRESENTATION_CONTEXT ( 3 ) GLOBAL_UNCERTAINTY_ASSIGNED_CONTEXT ( ( #585 ) ) GLOBAL_UNIT_ASSIGNED_CONTEXT ( ( #5007, #5658, #5585 ) ) REPRESENTATION_CONTEXT ( 'NONE', 'WORKASPACE' ) );
#7131 = CARTESIAN_POINT ( 'NONE',  ( -0.9650000000000000799, 1.989999999999999991, 0.000000000000000000 ) ) ;
#7132 = CARTESIAN_POINT ( 'NONE',  ( -0.8299999999999999600, -2.423826859021799951, 0.000000000000000000 ) ) ;
#7133 = STYLED_ITEM ( 'NONE', ( #5674 ), #7001 ) ;
#7134 = ADVANCED_FACE ( 'NONE', ( #5792 ), #1968, .T. ) ;
#7135 = ORIENTED_EDGE ( 'NONE', *, *, #6746, .T. ) ;
#7136 = EDGE_LOOP ( 'NONE', ( #2639, #107, #6615, #935 ) ) ;
#7137 = CARTESIAN_POINT ( 'NONE',  ( -2.465000000000000302, 1.675000000000000044, 0.000000000000000000 ) ) ;
#7138 = DIRECTION ( 'NONE',  ( 1.000000000000000000, 0.000000000000000000, 0.000000000000000000 ) ) ;
#7139 = ADVANCED_FACE ( 'NONE', ( #6602 ), #570, .F. ) ;
#7140 = FILL_AREA_STYLE ('',( #2712 ) ) ;
#7141 = EDGE_CURVE ( 'NONE', #6174, #4951, #3720, .T. ) ;
#7142 = DIRECTION ( 'NONE',  ( 0.000000000000000000, 1.000000000000000000, 0.000000000000000000 ) ) ;
#7143 = SURFACE_SIDE_STYLE ('',( #3862 ) ) ;
#7144 = EDGE_CURVE ( 'NONE', #5231, #4236, #5039, .T. ) ;
#7145 = VECTOR ( 'NONE', #3657, 1000.000000000000000 ) ;
#7146 = ORIENTED_EDGE ( 'NONE', *, *, #5916, .T. ) ;
#7147 = DIRECTION ( 'NONE',  ( 0.000000000000000000, 0.000000000000000000, -1.000000000000000000 ) ) ;
#7148 = CARTESIAN_POINT ( 'NONE',  ( 2.895000000000000018, 0.8149999999999999467, 0.000000000000000000 ) ) ;
#7149 = CARTESIAN_POINT ( 'NONE',  ( 2.895000000000000018, -0.8649999999999999911, 0.3800000000000000044 ) ) ;
#7150 = CARTESIAN_POINT ( 'NONE',  ( 2.945000000000000284, -1.224999999999999867, 0.3300000000000000155 ) ) ;
#7151 = CARTESIAN_POINT ( 'NONE',  ( -2.945000000000000284, 0.4550000000000000155, 0.3300000000000000155 ) ) ;
#7152 = AXIS2_PLACEMENT_3D ( 'NONE', #6888, #3572, #5788 ) ;
#7153 = UNCERTAINTY_MEASURE_WITH_UNIT (LENGTH_MEASURE( 1.000000000000000082E-05 ), #5381, 'distance_accuracy_value', 'NONE');
#7154 = NEXT_ASSEMBLY_USAGE_OCCURRENCE ( 'NAUO1', ' ', ' ', #6340, #1303, $ ) ;
#7155 = NEXT_ASSEMBLY_USAGE_OCCURRENCE ( 'NAUO2', ' ', ' ', #1303, #5566, $ ) ;
#7156 = NEXT_ASSEMBLY_USAGE_OCCURRENCE ( 'NAUO3', ' ', ' ', #1303, #18, $ ) ;
ENDSEC;
END-ISO-10303-21;
