07-02 15:36:41 com_github_MitjaNemec_ReplicateLayout.action_replicate_layout 409:Plugin executed on: 'win32'
07-02 15:36:41 com_github_MitjaNemec_ReplicateLayout.action_replicate_layout 410:Plugin executed with python version: '3.11.5 (main, Jan 27 2025, 07:08:36) [MSC v.1942 64 bit (AMD64)]'
07-02 15:36:41 com_github_MitjaNemec_ReplicateLayout.action_replicate_layout 411:KiCad build version: 9.0.0
07-02 15:36:41 com_github_MitjaNemec_ReplicateLayout.action_replicate_layout 412:Plugin version: 4.0.3
07-02 15:36:41 com_github_MitjaNemec_ReplicateLayout.action_replicate_layout 413:Frame repr: <wx._core.Frame object at 0x000002398762CAF0>
07-02 15:36:41 com_github_MitjaNemec_ReplicateLayout.action_replicate_layout 437:Preparing replicator with U15 as a reference
07-02 15:36:41 com_github_MitjaNemec_ReplicateLayout.replicate_layout 117:getting a list of all footprints on board
07-02 15:36:43 com_github_MitjaNemec_ReplicateLayout.action_replicate_layout 485:source anchor footprint is 'U15'
Located on: ['MPPT IC', '+X_MPPT']
With filenames: ['MPPT_IC.kicad_sch', 'MPPT_indv.kicad_sch']
With sheet_id:['MPPT IC', '+X_MPPT']
07-02 15:36:43 com_github_MitjaNemec_ReplicateLayout.action_replicate_layout 492:Corresponding footprints are 
[('U18', ['MPPT IC', '-Y_MPPT']), ('U17', ['MPPT IC', '-X_MPPT']), ('U16', ['MPPT IC', '+Y_MPPT']), ('U15', ['MPPT IC', '+X_MPPT'])]
07-02 15:36:43 com_github_MitjaNemec_ReplicateLayout.action_replicate_layout 504:Showing dialog
07-02 15:36:43 com_github_MitjaNemec_ReplicateLayout.replicate_layout 472:constructing a list of sheets suitable for replication on level:'+X_MPPT', file:'MPPT_indv.kicad_sch'
07-02 15:36:43 com_github_MitjaNemec_ReplicateLayout.replicate_layout 509:suitable sheets are:[['MPPT IC', '+Y_MPPT'], ['MPPT IC', '-X_MPPT'], ['MPPT IC', '-Y_MPPT']]
07-02 15:36:43 com_github_MitjaNemec_ReplicateLayout.replicate_layout 1512:Level selected: ['MPPT IC', '+X_MPPT']
07-02 15:36:43 com_github_MitjaNemec_ReplicateLayout.replicate_layout 1336:Filtering list of tracks
07-02 15:36:44 com_github_MitjaNemec_ReplicateLayout.action_replicate_layout 510:Toolbar position: wx.Point(2508, 116)
07-02 15:36:44 com_github_MitjaNemec_ReplicateLayout.action_replicate_layout 515:Dialog position: wx.Point(2069, 116)
07-02 15:38:07 com_github_MitjaNemec_ReplicateLayout.replicate_layout 472:constructing a list of sheets suitable for replication on level:'+X_MPPT', file:'MPPT_indv.kicad_sch'
07-02 15:38:07 com_github_MitjaNemec_ReplicateLayout.replicate_layout 509:suitable sheets are:[['MPPT IC', '+Y_MPPT'], ['MPPT IC', '-X_MPPT'], ['MPPT IC', '-Y_MPPT']]
07-02 15:38:07 com_github_MitjaNemec_ReplicateLayout.action_replicate_layout 248:Replicating layout
07-02 15:38:07 com_github_MitjaNemec_ReplicateLayout.replicate_layout 288:Starting replication of sheets: [['MPPT IC', '+Y_MPPT'], ['MPPT IC', '-X_MPPT'], ['MPPT IC', '-Y_MPPT']]
on level: ['MPPT IC', '+X_MPPT']
with tracks=True, zone=True, text=True, text=True, intersecting=False, remove=False, locked footprints=False, group_only=False
07-02 15:38:07 root 340:updating GUI message: 'Preparing for replication'
07-02 15:38:07 root 345:updating GUI with: 0
07-02 15:38:07 com_github_MitjaNemec_ReplicateLayout.replicate_layout 358:Getting the list of source footprints
07-02 15:38:07 root 345:updating GUI with: 0
07-02 15:38:07 com_github_MitjaNemec_ReplicateLayout.replicate_layout 368:Getting the list of all the remaining footprints
07-02 15:38:07 com_github_MitjaNemec_ReplicateLayout.replicate_layout 375:Getting source tracks
07-02 15:38:07 com_github_MitjaNemec_ReplicateLayout.replicate_layout 1336:Filtering list of tracks
07-02 15:38:07 com_github_MitjaNemec_ReplicateLayout.replicate_layout 379:Getting source zones
07-02 15:38:07 com_github_MitjaNemec_ReplicateLayout.replicate_layout 383:Getting source text items
07-02 15:38:07 root 345:updating GUI with: 66
07-02 15:38:07 com_github_MitjaNemec_ReplicateLayout.replicate_layout 387:Getting source drawing items
07-02 15:38:07 root 340:updating GUI message: 'Replicating footprints'
07-02 15:38:07 com_github_MitjaNemec_ReplicateLayout.replicate_layout 863:Replicating footprints
07-02 15:38:07 com_github_MitjaNemec_ReplicateLayout.replicate_layout 870:Replicating footprints on sheet ['MPPT IC', '+Y_MPPT']
07-02 15:38:07 com_github_MitjaNemec_ReplicateLayout.replicate_layout 835:Src fp.id: '48CEDCFC-21C4-464F-8A7B-74921246DDBC'
07-02 15:38:07 com_github_MitjaNemec_ReplicateLayout.replicate_layout 839:Dst fp.id: '48CEDCFC-21C4-464F-8A7B-74921246DDBC'
07-02 15:38:07 com_github_MitjaNemec_ReplicateLayout.replicate_layout 888:Replicating footprint: 'C59'
07-02 15:38:07 com_github_MitjaNemec_ReplicateLayout.replicate_layout 835:Src fp.id: '4BDA7EE7-78F1-4F4E-87AC-2D440183B8A9'
07-02 15:38:07 com_github_MitjaNemec_ReplicateLayout.replicate_layout 839:Dst fp.id: '4BDA7EE7-78F1-4F4E-87AC-2D440183B8A9'
07-02 15:38:07 com_github_MitjaNemec_ReplicateLayout.replicate_layout 895:found match in dst footprint: 'C70'
07-02 15:38:07 com_github_MitjaNemec_ReplicateLayout.replicate_layout 990:Src text UUid:bc3bd028-9c6a-494e-a2d7-8573dd2beeeb
07-02 15:38:07 com_github_MitjaNemec_ReplicateLayout.replicate_layout 991:Dst text UUid:0ac19947-e00a-4184-b232-e2803198b825
07-02 15:38:07 com_github_MitjaNemec_ReplicateLayout.replicate_layout 990:Src text UUid:89218a59-2fad-4308-8764-898fe3736545
07-02 15:38:07 com_github_MitjaNemec_ReplicateLayout.replicate_layout 991:Dst text UUid:ade63cfc-698d-4b66-b47f-0c2fa97b8887
07-02 15:38:07 com_github_MitjaNemec_ReplicateLayout.replicate_layout 990:Src text UUid:315fe721-08a9-409f-b18a-62fb2e61d509
07-02 15:38:07 com_github_MitjaNemec_ReplicateLayout.replicate_layout 991:Dst text UUid:e20a5fa8-ead3-4528-8606-842e632fb6bb
07-02 15:38:07 com_github_MitjaNemec_ReplicateLayout.replicate_layout 888:Replicating footprint: 'C58'
07-02 15:38:07 com_github_MitjaNemec_ReplicateLayout.replicate_layout 835:Src fp.id: '83D7904D-503D-4D89-8B5D-FC8CAC97CEEF'
07-02 15:38:07 com_github_MitjaNemec_ReplicateLayout.replicate_layout 839:Dst fp.id: '83D7904D-503D-4D89-8B5D-FC8CAC97CEEF'
07-02 15:38:07 com_github_MitjaNemec_ReplicateLayout.replicate_layout 895:found match in dst footprint: 'C69'
07-02 15:38:07 com_github_MitjaNemec_ReplicateLayout.replicate_layout 990:Src text UUid:6cc4dd9a-4162-443d-ae1f-5b0dde829a12
07-02 15:38:07 com_github_MitjaNemec_ReplicateLayout.replicate_layout 991:Dst text UUid:27ce27e0-a7e7-43e0-ade9-7fa5196b158b
07-02 15:38:07 com_github_MitjaNemec_ReplicateLayout.replicate_layout 990:Src text UUid:04cecc36-e1c1-4805-ac0e-752f693c23c2
07-02 15:38:07 com_github_MitjaNemec_ReplicateLayout.replicate_layout 991:Dst text UUid:e2f879f3-d253-4c78-b9b5-fee74ae57d85
07-02 15:38:07 com_github_MitjaNemec_ReplicateLayout.replicate_layout 990:Src text UUid:372cb0be-bf11-423f-95ec-8fc7e670f519
07-02 15:38:07 com_github_MitjaNemec_ReplicateLayout.replicate_layout 991:Dst text UUid:d7745df7-02cc-47b3-9343-8ee7995a08e4
07-02 15:38:07 com_github_MitjaNemec_ReplicateLayout.replicate_layout 888:Replicating footprint: 'C57'
07-02 15:38:07 com_github_MitjaNemec_ReplicateLayout.replicate_layout 835:Src fp.id: '4C89FF9D-DDA7-4CD0-AC2C-771F9E5CABFC'
07-02 15:38:07 com_github_MitjaNemec_ReplicateLayout.replicate_layout 839:Dst fp.id: '4C89FF9D-DDA7-4CD0-AC2C-771F9E5CABFC'
07-02 15:38:07 com_github_MitjaNemec_ReplicateLayout.replicate_layout 895:found match in dst footprint: 'C68'
07-02 15:38:07 com_github_MitjaNemec_ReplicateLayout.replicate_layout 990:Src text UUid:c613d06c-6d07-42ad-84e8-900c9a39c7b6
07-02 15:38:07 com_github_MitjaNemec_ReplicateLayout.replicate_layout 991:Dst text UUid:e048efc2-50e0-4b63-8dd7-361075bd5e22
07-02 15:38:07 com_github_MitjaNemec_ReplicateLayout.replicate_layout 990:Src text UUid:41522de4-d42b-4def-b0da-fbb9969136e3
07-02 15:38:07 com_github_MitjaNemec_ReplicateLayout.replicate_layout 991:Dst text UUid:e00b9b5d-44aa-48e9-afe2-ca4d6201959d
07-02 15:38:07 com_github_MitjaNemec_ReplicateLayout.replicate_layout 990:Src text UUid:fc4d7e8d-544d-4ed9-9887-0efbf8804443
07-02 15:38:07 com_github_MitjaNemec_ReplicateLayout.replicate_layout 991:Dst text UUid:91c6d938-f4c3-4854-9d49-9804656310fb
07-02 15:38:07 com_github_MitjaNemec_ReplicateLayout.replicate_layout 888:Replicating footprint: 'C62'
07-02 15:38:07 com_github_MitjaNemec_ReplicateLayout.replicate_layout 835:Src fp.id: 'D7084FC3-3919-4563-8878-FA9DCA53A9C8'
07-02 15:38:07 com_github_MitjaNemec_ReplicateLayout.replicate_layout 839:Dst fp.id: 'D7084FC3-3919-4563-8878-FA9DCA53A9C8'
07-02 15:38:07 com_github_MitjaNemec_ReplicateLayout.replicate_layout 895:found match in dst footprint: 'C73'
07-02 15:38:07 com_github_MitjaNemec_ReplicateLayout.replicate_layout 990:Src text UUid:0a1a5d9a-c8d7-410c-adc7-a4973e5f8f89
07-02 15:38:07 com_github_MitjaNemec_ReplicateLayout.replicate_layout 991:Dst text UUid:1e323786-20d1-4c9c-a889-991699f346f7
07-02 15:38:07 com_github_MitjaNemec_ReplicateLayout.replicate_layout 990:Src text UUid:d2ebb3fc-b924-4a34-af5c-c7a816d90063
07-02 15:38:07 com_github_MitjaNemec_ReplicateLayout.replicate_layout 991:Dst text UUid:119205ac-90b4-4468-9b78-6ef4a6878cf5
07-02 15:38:07 com_github_MitjaNemec_ReplicateLayout.replicate_layout 990:Src text UUid:b1794707-19de-41b8-8467-097aadc4257f
07-02 15:38:07 com_github_MitjaNemec_ReplicateLayout.replicate_layout 991:Dst text UUid:cf88b674-874d-42f4-a3d8-ff8abebf4e76
07-02 15:38:07 com_github_MitjaNemec_ReplicateLayout.replicate_layout 888:Replicating footprint: 'C60'
07-02 15:38:07 com_github_MitjaNemec_ReplicateLayout.replicate_layout 835:Src fp.id: '0191AA17-DEB4-41CA-A56F-0AEB5115BA6A'
07-02 15:38:07 com_github_MitjaNemec_ReplicateLayout.replicate_layout 839:Dst fp.id: '0191AA17-DEB4-41CA-A56F-0AEB5115BA6A'
07-02 15:38:07 com_github_MitjaNemec_ReplicateLayout.replicate_layout 895:found match in dst footprint: 'C71'
07-02 15:38:07 com_github_MitjaNemec_ReplicateLayout.replicate_layout 990:Src text UUid:8d90a09e-3935-4161-b7fe-19de1f62b5b4
07-02 15:38:07 com_github_MitjaNemec_ReplicateLayout.replicate_layout 991:Dst text UUid:5f8bec55-7de5-49bd-93c7-982b99c8d6ad
07-02 15:38:07 com_github_MitjaNemec_ReplicateLayout.replicate_layout 990:Src text UUid:200a805a-5157-4bdd-b93d-cf26af163d44
07-02 15:38:07 com_github_MitjaNemec_ReplicateLayout.replicate_layout 991:Dst text UUid:e67bc5a0-6c24-45c1-88a6-352bc731ccc1
07-02 15:38:07 com_github_MitjaNemec_ReplicateLayout.replicate_layout 990:Src text UUid:c2cdb0ef-1fc8-4a65-93d0-0a2bde882537
07-02 15:38:07 com_github_MitjaNemec_ReplicateLayout.replicate_layout 991:Dst text UUid:6d5a04f5-bc9a-4827-8712-423854abb408
07-02 15:38:07 com_github_MitjaNemec_ReplicateLayout.replicate_layout 888:Replicating footprint: 'C66'
07-02 15:38:07 com_github_MitjaNemec_ReplicateLayout.replicate_layout 835:Src fp.id: '02AAF84F-870F-4C3D-8FC2-AA5D8FF45463'
07-02 15:38:07 com_github_MitjaNemec_ReplicateLayout.replicate_layout 839:Dst fp.id: '02AAF84F-870F-4C3D-8FC2-AA5D8FF45463'
07-02 15:38:07 com_github_MitjaNemec_ReplicateLayout.replicate_layout 895:found match in dst footprint: 'C77'
07-02 15:38:07 com_github_MitjaNemec_ReplicateLayout.replicate_layout 990:Src text UUid:8b18dcb1-2aa9-43d5-9e8b-fe810688d8f2
07-02 15:38:07 com_github_MitjaNemec_ReplicateLayout.replicate_layout 991:Dst text UUid:090bdc98-b71e-4d6d-a972-f5881864babe
07-02 15:38:07 com_github_MitjaNemec_ReplicateLayout.replicate_layout 990:Src text UUid:64fe11b9-f752-42d7-84fd-baeb48f26aa1
07-02 15:38:07 com_github_MitjaNemec_ReplicateLayout.replicate_layout 991:Dst text UUid:74d3c53f-c66b-4d71-827f-daa0a07b347e
07-02 15:38:07 com_github_MitjaNemec_ReplicateLayout.replicate_layout 990:Src text UUid:73d7b6dc-d372-4bce-ab53-9c2cea53f9d8
07-02 15:38:07 com_github_MitjaNemec_ReplicateLayout.replicate_layout 991:Dst text UUid:a55c1b42-25a4-4588-a676-9dfa337fd42d
07-02 15:38:07 com_github_MitjaNemec_ReplicateLayout.replicate_layout 888:Replicating footprint: 'R82'
07-02 15:38:07 com_github_MitjaNemec_ReplicateLayout.replicate_layout 835:Src fp.id: '8B826E3E-B6E0-4DEC-92A3-39C3FA537AA5'
07-02 15:38:07 com_github_MitjaNemec_ReplicateLayout.replicate_layout 839:Dst fp.id: '8B826E3E-B6E0-4DEC-92A3-39C3FA537AA5'
07-02 15:38:07 com_github_MitjaNemec_ReplicateLayout.replicate_layout 895:found match in dst footprint: 'R90'
07-02 15:38:07 com_github_MitjaNemec_ReplicateLayout.replicate_layout 990:Src text UUid:09b2a5ec-9380-4cce-81ee-2189ce6c245c
07-02 15:38:07 com_github_MitjaNemec_ReplicateLayout.replicate_layout 991:Dst text UUid:efe804f1-e5eb-40d2-aaa7-6d38e6ce106c
07-02 15:38:07 com_github_MitjaNemec_ReplicateLayout.replicate_layout 990:Src text UUid:57deb276-8cda-46e5-ba0c-14b63b5f38a2
07-02 15:38:07 com_github_MitjaNemec_ReplicateLayout.replicate_layout 991:Dst text UUid:7f106239-b42d-4486-ac34-a618cda89aba
07-02 15:38:07 com_github_MitjaNemec_ReplicateLayout.replicate_layout 990:Src text UUid:bafe5f71-70a5-454d-9296-b6a3973906ab
07-02 15:38:07 com_github_MitjaNemec_ReplicateLayout.replicate_layout 991:Dst text UUid:71984e00-dafb-45ce-b469-1a606b219473
07-02 15:38:07 com_github_MitjaNemec_ReplicateLayout.replicate_layout 888:Replicating footprint: 'R79'
07-02 15:38:07 com_github_MitjaNemec_ReplicateLayout.replicate_layout 835:Src fp.id: '06D2E404-1EB3-456F-9E47-9F02907114B1'
07-02 15:38:07 com_github_MitjaNemec_ReplicateLayout.replicate_layout 839:Dst fp.id: '06D2E404-1EB3-456F-9E47-9F02907114B1'
07-02 15:38:07 com_github_MitjaNemec_ReplicateLayout.replicate_layout 895:found match in dst footprint: 'R87'
07-02 15:38:07 com_github_MitjaNemec_ReplicateLayout.replicate_layout 990:Src text UUid:54f5bef0-6ed7-48e0-8124-8104ede96575
07-02 15:38:07 com_github_MitjaNemec_ReplicateLayout.replicate_layout 991:Dst text UUid:7c1b5586-e5e8-4ce5-ae46-53b4a192967c
07-02 15:38:07 com_github_MitjaNemec_ReplicateLayout.replicate_layout 990:Src text UUid:81a6082c-582e-450a-9f09-667610ca50ee
07-02 15:38:07 com_github_MitjaNemec_ReplicateLayout.replicate_layout 991:Dst text UUid:be9c42a1-a678-4e8d-a2ec-ccae13f3510b
07-02 15:38:07 com_github_MitjaNemec_ReplicateLayout.replicate_layout 990:Src text UUid:71594653-9428-40bb-b2fc-f8b5731a907a
07-02 15:38:07 com_github_MitjaNemec_ReplicateLayout.replicate_layout 991:Dst text UUid:3904276e-736e-4017-99ad-ea9c6778abe3
07-02 15:38:07 com_github_MitjaNemec_ReplicateLayout.replicate_layout 888:Replicating footprint: 'R84'
07-02 15:38:07 com_github_MitjaNemec_ReplicateLayout.replicate_layout 835:Src fp.id: '8D89FA90-A82F-4FF5-84C1-1F1088DA0F1A'
07-02 15:38:07 com_github_MitjaNemec_ReplicateLayout.replicate_layout 839:Dst fp.id: '8D89FA90-A82F-4FF5-84C1-1F1088DA0F1A'
07-02 15:38:07 com_github_MitjaNemec_ReplicateLayout.replicate_layout 895:found match in dst footprint: 'R92'
07-02 15:38:07 com_github_MitjaNemec_ReplicateLayout.replicate_layout 990:Src text UUid:e4cd63cc-86c7-417a-9182-8647a74a3e16
07-02 15:38:07 com_github_MitjaNemec_ReplicateLayout.replicate_layout 991:Dst text UUid:4614fe48-4a48-4af9-b17f-85e28731973b
07-02 15:38:07 com_github_MitjaNemec_ReplicateLayout.replicate_layout 990:Src text UUid:18428d4f-6567-4b2d-9605-43add9ed8037
07-02 15:38:07 com_github_MitjaNemec_ReplicateLayout.replicate_layout 991:Dst text UUid:860d9b1b-ea6c-41c8-bd31-f72d0f0f919a
07-02 15:38:07 com_github_MitjaNemec_ReplicateLayout.replicate_layout 990:Src text UUid:6ddd33aa-bb85-44c1-9e1e-f3006e640c17
07-02 15:38:07 com_github_MitjaNemec_ReplicateLayout.replicate_layout 991:Dst text UUid:679c6f11-d52f-4817-a78b-c4a1e16ecffc
07-02 15:38:07 com_github_MitjaNemec_ReplicateLayout.replicate_layout 888:Replicating footprint: 'C63'
07-02 15:38:07 root 345:updating GUI with: 13
07-02 15:38:07 com_github_MitjaNemec_ReplicateLayout.replicate_layout 835:Src fp.id: 'C56F2BF8-659A-436F-ADA4-21C9098DB660'
07-02 15:38:07 com_github_MitjaNemec_ReplicateLayout.replicate_layout 839:Dst fp.id: 'C56F2BF8-659A-436F-ADA4-21C9098DB660'
07-02 15:38:07 com_github_MitjaNemec_ReplicateLayout.replicate_layout 895:found match in dst footprint: 'C74'
07-02 15:38:07 com_github_MitjaNemec_ReplicateLayout.replicate_layout 990:Src text UUid:dceb274a-564b-45e6-9f73-dd7cfd36bfcd
07-02 15:38:07 com_github_MitjaNemec_ReplicateLayout.replicate_layout 991:Dst text UUid:0994e657-2265-4729-8753-d99354415ec2
07-02 15:38:07 com_github_MitjaNemec_ReplicateLayout.replicate_layout 990:Src text UUid:d30fc0f3-8a1a-4700-ad19-9eb6ce1b4ebf
07-02 15:38:07 com_github_MitjaNemec_ReplicateLayout.replicate_layout 991:Dst text UUid:ff63cb22-d3fa-4e79-8647-aaefddf4d6b9
07-02 15:38:07 com_github_MitjaNemec_ReplicateLayout.replicate_layout 990:Src text UUid:46396cd6-49ce-4270-b44a-4782643e245d
07-02 15:38:07 com_github_MitjaNemec_ReplicateLayout.replicate_layout 991:Dst text UUid:34a25b0a-b260-42b9-afbb-1424f6bc598f
07-02 15:38:07 com_github_MitjaNemec_ReplicateLayout.replicate_layout 888:Replicating footprint: 'R83'
07-02 15:38:07 com_github_MitjaNemec_ReplicateLayout.replicate_layout 835:Src fp.id: '52D21372-9A4B-4344-A28D-93C48AD312B6'
07-02 15:38:07 com_github_MitjaNemec_ReplicateLayout.replicate_layout 839:Dst fp.id: '52D21372-9A4B-4344-A28D-93C48AD312B6'
07-02 15:38:07 com_github_MitjaNemec_ReplicateLayout.replicate_layout 895:found match in dst footprint: 'R91'
07-02 15:38:07 com_github_MitjaNemec_ReplicateLayout.replicate_layout 990:Src text UUid:e84807f0-b986-4bff-a6f1-11b7ca0b7170
07-02 15:38:07 com_github_MitjaNemec_ReplicateLayout.replicate_layout 991:Dst text UUid:7ad5d09c-0396-432c-be67-a727e426394c
07-02 15:38:07 com_github_MitjaNemec_ReplicateLayout.replicate_layout 990:Src text UUid:1687f560-d892-456d-ae98-ed1c54e0e603
07-02 15:38:07 com_github_MitjaNemec_ReplicateLayout.replicate_layout 991:Dst text UUid:0ed4ee70-8b3f-4760-9413-1946aeb7aa77
07-02 15:38:07 com_github_MitjaNemec_ReplicateLayout.replicate_layout 990:Src text UUid:8b923395-5bbd-40a0-ad90-b6ea9386e8b8
07-02 15:38:07 com_github_MitjaNemec_ReplicateLayout.replicate_layout 991:Dst text UUid:01defb61-b405-4af5-8b20-27c98e454249
07-02 15:38:07 com_github_MitjaNemec_ReplicateLayout.replicate_layout 888:Replicating footprint: 'U15'
07-02 15:38:07 com_github_MitjaNemec_ReplicateLayout.replicate_layout 835:Src fp.id: '48CEDCFC-21C4-464F-8A7B-74921246DDBC'
07-02 15:38:07 com_github_MitjaNemec_ReplicateLayout.replicate_layout 839:Dst fp.id: '48CEDCFC-21C4-464F-8A7B-74921246DDBC'
07-02 15:38:07 com_github_MitjaNemec_ReplicateLayout.replicate_layout 895:found match in dst footprint: 'U16'
07-02 15:38:07 com_github_MitjaNemec_ReplicateLayout.replicate_layout 990:Src text UUid:2443dba1-96e3-4ebe-9e39-7ca1cb668b54
07-02 15:38:07 com_github_MitjaNemec_ReplicateLayout.replicate_layout 991:Dst text UUid:18d7b3bc-2fb8-4b3c-afe1-adccf8beb4c4
07-02 15:38:07 com_github_MitjaNemec_ReplicateLayout.replicate_layout 990:Src text UUid:dc95cb1d-6826-4b9e-8a55-ea2a16473aed
07-02 15:38:07 com_github_MitjaNemec_ReplicateLayout.replicate_layout 991:Dst text UUid:7b7be8e1-63dc-4e38-a0d9-d62ab113864f
07-02 15:38:07 com_github_MitjaNemec_ReplicateLayout.replicate_layout 990:Src text UUid:fa76d74c-4470-4ba9-b651-e6b3f9775047
07-02 15:38:07 com_github_MitjaNemec_ReplicateLayout.replicate_layout 991:Dst text UUid:381d1288-1107-4b20-93e3-ecdd9e44e2b7
07-02 15:38:07 com_github_MitjaNemec_ReplicateLayout.replicate_layout 888:Replicating footprint: 'R80'
07-02 15:38:07 com_github_MitjaNemec_ReplicateLayout.replicate_layout 835:Src fp.id: '1F9D1E5D-A117-4453-A7EE-8ACE3DB99717'
07-02 15:38:07 com_github_MitjaNemec_ReplicateLayout.replicate_layout 839:Dst fp.id: '1F9D1E5D-A117-4453-A7EE-8ACE3DB99717'
07-02 15:38:07 com_github_MitjaNemec_ReplicateLayout.replicate_layout 895:found match in dst footprint: 'R88'
07-02 15:38:07 com_github_MitjaNemec_ReplicateLayout.replicate_layout 990:Src text UUid:b2aaf9e0-ef52-4326-965f-8c01fb45d7cb
07-02 15:38:07 com_github_MitjaNemec_ReplicateLayout.replicate_layout 991:Dst text UUid:d2cc2fb9-a633-43b7-a669-1f37e378a639
07-02 15:38:07 com_github_MitjaNemec_ReplicateLayout.replicate_layout 990:Src text UUid:1a3c2c0e-03b6-4fab-af4a-ff46bf2a7c40
07-02 15:38:07 com_github_MitjaNemec_ReplicateLayout.replicate_layout 991:Dst text UUid:389f2da6-fd6c-4a27-a6c6-e568811a9321
07-02 15:38:07 com_github_MitjaNemec_ReplicateLayout.replicate_layout 990:Src text UUid:b221b28d-a908-4ed1-b9a3-b003e982a0d2
07-02 15:38:07 com_github_MitjaNemec_ReplicateLayout.replicate_layout 991:Dst text UUid:24806fb8-621d-469b-8f32-45c63d6f36aa
07-02 15:38:07 com_github_MitjaNemec_ReplicateLayout.replicate_layout 888:Replicating footprint: 'R85'
07-02 15:38:07 com_github_MitjaNemec_ReplicateLayout.replicate_layout 835:Src fp.id: 'F68EA887-6B9E-4AAC-AC70-5450AD2F709E'
07-02 15:38:07 com_github_MitjaNemec_ReplicateLayout.replicate_layout 839:Dst fp.id: 'F68EA887-6B9E-4AAC-AC70-5450AD2F709E'
07-02 15:38:07 com_github_MitjaNemec_ReplicateLayout.replicate_layout 895:found match in dst footprint: 'R93'
07-02 15:38:07 com_github_MitjaNemec_ReplicateLayout.replicate_layout 990:Src text UUid:6d36e1e1-ec8b-4510-8742-cad1e13fb73f
07-02 15:38:07 com_github_MitjaNemec_ReplicateLayout.replicate_layout 991:Dst text UUid:15e35c93-58df-493f-adb8-c04acd2b6d70
07-02 15:38:07 com_github_MitjaNemec_ReplicateLayout.replicate_layout 990:Src text UUid:aa25494d-bcab-4e16-848f-56cb8f32d436
07-02 15:38:07 com_github_MitjaNemec_ReplicateLayout.replicate_layout 991:Dst text UUid:82cf807b-1958-48be-b746-d114b8d94329
07-02 15:38:07 com_github_MitjaNemec_ReplicateLayout.replicate_layout 990:Src text UUid:2fbfad94-4c8c-4291-b5b2-5e1c9e250d4c
07-02 15:38:07 com_github_MitjaNemec_ReplicateLayout.replicate_layout 991:Dst text UUid:aa3867a9-81a3-44c2-99a0-82305e774211
07-02 15:38:07 com_github_MitjaNemec_ReplicateLayout.replicate_layout 888:Replicating footprint: 'C61'
07-02 15:38:07 com_github_MitjaNemec_ReplicateLayout.replicate_layout 835:Src fp.id: 'C9B71148-6A15-450D-B193-0AA25D021813'
07-02 15:38:07 com_github_MitjaNemec_ReplicateLayout.replicate_layout 839:Dst fp.id: 'C9B71148-6A15-450D-B193-0AA25D021813'
07-02 15:38:07 com_github_MitjaNemec_ReplicateLayout.replicate_layout 895:found match in dst footprint: 'C72'
07-02 15:38:07 com_github_MitjaNemec_ReplicateLayout.replicate_layout 990:Src text UUid:e2d80a86-5410-4c35-ae2d-839e08823b8d
07-02 15:38:07 com_github_MitjaNemec_ReplicateLayout.replicate_layout 991:Dst text UUid:eb35ad47-c10f-4ed1-b240-ee8e28d610a7
07-02 15:38:07 com_github_MitjaNemec_ReplicateLayout.replicate_layout 990:Src text UUid:9d50f1ec-84e1-4133-9fcc-1c7552cb4c59
07-02 15:38:07 com_github_MitjaNemec_ReplicateLayout.replicate_layout 991:Dst text UUid:27979f30-7ffd-490c-9ccb-ccfcfdbe755b
07-02 15:38:07 com_github_MitjaNemec_ReplicateLayout.replicate_layout 990:Src text UUid:7f7fcf10-629e-4312-8b1c-1271f65fb8a7
07-02 15:38:07 com_github_MitjaNemec_ReplicateLayout.replicate_layout 991:Dst text UUid:284f40db-65e5-4eab-a6f1-99adf2142a46
07-02 15:38:07 com_github_MitjaNemec_ReplicateLayout.replicate_layout 888:Replicating footprint: 'R81'
07-02 15:38:07 com_github_MitjaNemec_ReplicateLayout.replicate_layout 835:Src fp.id: 'CE3C7484-6753-4108-9037-5812442BE056'
07-02 15:38:07 com_github_MitjaNemec_ReplicateLayout.replicate_layout 839:Dst fp.id: 'CE3C7484-6753-4108-9037-5812442BE056'
07-02 15:38:07 com_github_MitjaNemec_ReplicateLayout.replicate_layout 895:found match in dst footprint: 'R89'
07-02 15:38:07 com_github_MitjaNemec_ReplicateLayout.replicate_layout 990:Src text UUid:332c714f-af54-4f96-a6e8-6ac3ca4df870
07-02 15:38:07 com_github_MitjaNemec_ReplicateLayout.replicate_layout 991:Dst text UUid:400dcd7f-6f81-437e-b521-4deda513dc10
07-02 15:38:07 com_github_MitjaNemec_ReplicateLayout.replicate_layout 990:Src text UUid:818a6ac4-684e-4393-8859-179299db9dd2
07-02 15:38:07 com_github_MitjaNemec_ReplicateLayout.replicate_layout 991:Dst text UUid:c7ab634f-c390-429c-b0d4-a9934d08eeab
07-02 15:38:07 com_github_MitjaNemec_ReplicateLayout.replicate_layout 990:Src text UUid:c92526f9-93b6-43f9-a4b5-c43afcf8ef58
07-02 15:38:07 com_github_MitjaNemec_ReplicateLayout.replicate_layout 991:Dst text UUid:4626ec2d-2d2b-41fd-af4e-d4f197687e9e
07-02 15:38:07 com_github_MitjaNemec_ReplicateLayout.replicate_layout 888:Replicating footprint: 'R78'
07-02 15:38:07 com_github_MitjaNemec_ReplicateLayout.replicate_layout 835:Src fp.id: '301F94B6-02F9-4E2D-9F0D-EEA91DE4EA53'
07-02 15:38:07 com_github_MitjaNemec_ReplicateLayout.replicate_layout 839:Dst fp.id: '301F94B6-02F9-4E2D-9F0D-EEA91DE4EA53'
07-02 15:38:07 com_github_MitjaNemec_ReplicateLayout.replicate_layout 895:found match in dst footprint: 'R86'
07-02 15:38:07 com_github_MitjaNemec_ReplicateLayout.replicate_layout 990:Src text UUid:0b75776c-b21f-4d7c-97e3-241066eff3be
07-02 15:38:07 com_github_MitjaNemec_ReplicateLayout.replicate_layout 991:Dst text UUid:a9a399c9-feaf-4f49-a7fc-2d07df87523e
07-02 15:38:07 com_github_MitjaNemec_ReplicateLayout.replicate_layout 990:Src text UUid:68d9d39c-0826-4be4-a675-ed538e6afdab
07-02 15:38:07 com_github_MitjaNemec_ReplicateLayout.replicate_layout 991:Dst text UUid:9e2c4a89-8612-46c4-beb3-2eec4c54ffb8
07-02 15:38:07 com_github_MitjaNemec_ReplicateLayout.replicate_layout 990:Src text UUid:50847a4c-9819-497c-9a65-7562089dcf99
07-02 15:38:07 com_github_MitjaNemec_ReplicateLayout.replicate_layout 991:Dst text UUid:5c75f4e1-2c49-4263-aa54-6371c9dcf9bb
07-02 15:38:07 com_github_MitjaNemec_ReplicateLayout.replicate_layout 888:Replicating footprint: 'D6'
07-02 15:38:07 com_github_MitjaNemec_ReplicateLayout.replicate_layout 835:Src fp.id: '68A9DA09-9942-4B54-823D-FED3D6BCD4DE'
07-02 15:38:07 com_github_MitjaNemec_ReplicateLayout.replicate_layout 839:Dst fp.id: '68A9DA09-9942-4B54-823D-FED3D6BCD4DE'
07-02 15:38:07 com_github_MitjaNemec_ReplicateLayout.replicate_layout 895:found match in dst footprint: 'D7'
07-02 15:38:07 com_github_MitjaNemec_ReplicateLayout.replicate_layout 990:Src text UUid:56e0bfb4-7f3a-47f4-9d5d-48bdcde381d0
07-02 15:38:07 com_github_MitjaNemec_ReplicateLayout.replicate_layout 991:Dst text UUid:f503d710-4eb7-4249-802d-98ebd72f06fd
07-02 15:38:07 com_github_MitjaNemec_ReplicateLayout.replicate_layout 990:Src text UUid:e8c530e2-f065-4dcf-ba36-2cdd7c7b2a18
07-02 15:38:07 com_github_MitjaNemec_ReplicateLayout.replicate_layout 991:Dst text UUid:7d11c6f6-4b72-484b-9d64-4b4d89f27822
07-02 15:38:07 com_github_MitjaNemec_ReplicateLayout.replicate_layout 990:Src text UUid:9d70dbf9-1ebd-4596-b009-8759a297d04c
07-02 15:38:07 com_github_MitjaNemec_ReplicateLayout.replicate_layout 991:Dst text UUid:f353f2f4-837c-4253-ad10-3fb3d702e6cc
07-02 15:38:07 com_github_MitjaNemec_ReplicateLayout.replicate_layout 888:Replicating footprint: 'C64'
07-02 15:38:07 com_github_MitjaNemec_ReplicateLayout.replicate_layout 835:Src fp.id: '25B1A1F8-DCAF-4674-979F-3AB2B6713A0B'
07-02 15:38:07 com_github_MitjaNemec_ReplicateLayout.replicate_layout 839:Dst fp.id: '25B1A1F8-DCAF-4674-979F-3AB2B6713A0B'
07-02 15:38:07 com_github_MitjaNemec_ReplicateLayout.replicate_layout 895:found match in dst footprint: 'C75'
07-02 15:38:07 com_github_MitjaNemec_ReplicateLayout.replicate_layout 990:Src text UUid:715ccbb9-72e2-44c0-8e50-4cb65c42e55c
07-02 15:38:07 com_github_MitjaNemec_ReplicateLayout.replicate_layout 991:Dst text UUid:903fa1d6-25cf-45b6-b0f6-e0cf2a9884a5
07-02 15:38:07 com_github_MitjaNemec_ReplicateLayout.replicate_layout 990:Src text UUid:02dcfd3f-a920-40e8-b881-42473452f631
07-02 15:38:07 com_github_MitjaNemec_ReplicateLayout.replicate_layout 991:Dst text UUid:e279f669-9339-4de7-9a11-5944baa03428
07-02 15:38:07 com_github_MitjaNemec_ReplicateLayout.replicate_layout 990:Src text UUid:649be960-ef6e-49cb-b419-2e96e28594cb
07-02 15:38:07 com_github_MitjaNemec_ReplicateLayout.replicate_layout 991:Dst text UUid:8293ccfa-659d-4039-8022-46f9c6de10ff
07-02 15:38:07 com_github_MitjaNemec_ReplicateLayout.replicate_layout 888:Replicating footprint: 'Q9'
07-02 15:38:07 com_github_MitjaNemec_ReplicateLayout.replicate_layout 835:Src fp.id: '75EF19F4-9E53-43F0-A7D7-1A7BC56C485A'
07-02 15:38:07 com_github_MitjaNemec_ReplicateLayout.replicate_layout 839:Dst fp.id: '75EF19F4-9E53-43F0-A7D7-1A7BC56C485A'
07-02 15:38:07 com_github_MitjaNemec_ReplicateLayout.replicate_layout 895:found match in dst footprint: 'Q11'
07-02 15:38:07 com_github_MitjaNemec_ReplicateLayout.replicate_layout 990:Src text UUid:c5b13153-dc01-4fb5-974e-d3333442f71c
07-02 15:38:07 com_github_MitjaNemec_ReplicateLayout.replicate_layout 991:Dst text UUid:0170cc11-f1e9-4bf9-b43c-fbc51ca54c0e
07-02 15:38:07 com_github_MitjaNemec_ReplicateLayout.replicate_layout 990:Src text UUid:9cf038ef-c730-4fb3-a4b0-41beac892305
07-02 15:38:07 com_github_MitjaNemec_ReplicateLayout.replicate_layout 991:Dst text UUid:53cac2ac-16b3-441f-91af-d94fc5a9a4d6
07-02 15:38:07 com_github_MitjaNemec_ReplicateLayout.replicate_layout 990:Src text UUid:9ab8574f-5875-4e29-8526-c957f1eedcc4
07-02 15:38:07 com_github_MitjaNemec_ReplicateLayout.replicate_layout 991:Dst text UUid:5f456c9c-6aeb-4771-911d-3d5f467aafae
07-02 15:38:07 com_github_MitjaNemec_ReplicateLayout.replicate_layout 888:Replicating footprint: 'Q8'
07-02 15:38:07 com_github_MitjaNemec_ReplicateLayout.replicate_layout 835:Src fp.id: '77C2F2CF-2667-4EB1-9206-FF633D7B66BC'
07-02 15:38:07 com_github_MitjaNemec_ReplicateLayout.replicate_layout 839:Dst fp.id: '77C2F2CF-2667-4EB1-9206-FF633D7B66BC'
07-02 15:38:07 com_github_MitjaNemec_ReplicateLayout.replicate_layout 895:found match in dst footprint: 'Q10'
07-02 15:38:07 com_github_MitjaNemec_ReplicateLayout.replicate_layout 990:Src text UUid:2d21fb47-9b13-4dda-8610-a936507efaf1
07-02 15:38:07 com_github_MitjaNemec_ReplicateLayout.replicate_layout 991:Dst text UUid:0d6a36d9-67bd-414e-8e4f-7b6058c04339
07-02 15:38:07 com_github_MitjaNemec_ReplicateLayout.replicate_layout 990:Src text UUid:2da79506-033f-4d95-8329-b268c4e32418
07-02 15:38:07 com_github_MitjaNemec_ReplicateLayout.replicate_layout 991:Dst text UUid:a4c785bc-5986-4bb6-9f2a-5cfda0b59e42
07-02 15:38:07 com_github_MitjaNemec_ReplicateLayout.replicate_layout 990:Src text UUid:290ea6b3-6699-4ed1-8e16-b17eae3292dc
07-02 15:38:07 com_github_MitjaNemec_ReplicateLayout.replicate_layout 991:Dst text UUid:3ba6af37-914b-454e-a799-6f3ec513db2f
07-02 15:38:07 com_github_MitjaNemec_ReplicateLayout.replicate_layout 888:Replicating footprint: 'C65'
07-02 15:38:07 com_github_MitjaNemec_ReplicateLayout.replicate_layout 835:Src fp.id: '1775B3E2-B80B-42A8-B359-01D87B609694'
07-02 15:38:07 com_github_MitjaNemec_ReplicateLayout.replicate_layout 839:Dst fp.id: '1775B3E2-B80B-42A8-B359-01D87B609694'
07-02 15:38:07 com_github_MitjaNemec_ReplicateLayout.replicate_layout 895:found match in dst footprint: 'C76'
07-02 15:38:07 com_github_MitjaNemec_ReplicateLayout.replicate_layout 990:Src text UUid:5866f801-5939-440c-995d-d1e6ba034c08
07-02 15:38:07 com_github_MitjaNemec_ReplicateLayout.replicate_layout 991:Dst text UUid:47ebb990-e866-4699-8a20-aba7bbd21516
07-02 15:38:07 com_github_MitjaNemec_ReplicateLayout.replicate_layout 990:Src text UUid:d4e8b430-7cac-44aa-b6e9-c6ee8408934a
07-02 15:38:07 com_github_MitjaNemec_ReplicateLayout.replicate_layout 991:Dst text UUid:a5eadfb0-666b-472e-a11c-e4aedd0976ac
07-02 15:38:07 com_github_MitjaNemec_ReplicateLayout.replicate_layout 990:Src text UUid:7c34195a-1065-404d-9209-7179aa9c58f5
07-02 15:38:07 com_github_MitjaNemec_ReplicateLayout.replicate_layout 991:Dst text UUid:4f0ce471-8aa0-49a3-bbbd-afb102f2b447
07-02 15:38:07 com_github_MitjaNemec_ReplicateLayout.replicate_layout 888:Replicating footprint: 'L4'
07-02 15:38:07 com_github_MitjaNemec_ReplicateLayout.replicate_layout 835:Src fp.id: '0CB007D7-F92B-4C85-BE61-93E39738925F'
07-02 15:38:07 com_github_MitjaNemec_ReplicateLayout.replicate_layout 839:Dst fp.id: '0CB007D7-F92B-4C85-BE61-93E39738925F'
07-02 15:38:07 com_github_MitjaNemec_ReplicateLayout.replicate_layout 895:found match in dst footprint: 'L5'
07-02 15:38:07 com_github_MitjaNemec_ReplicateLayout.replicate_layout 990:Src text UUid:938b4373-924b-45ff-a2df-4d4d9aba9a74
07-02 15:38:07 com_github_MitjaNemec_ReplicateLayout.replicate_layout 991:Dst text UUid:82874c9b-0c9f-4fa0-83ea-0544fc80b000
07-02 15:38:07 com_github_MitjaNemec_ReplicateLayout.replicate_layout 990:Src text UUid:7b37bb8c-f0c1-4b38-a39d-ee68d869ba0a
07-02 15:38:07 com_github_MitjaNemec_ReplicateLayout.replicate_layout 991:Dst text UUid:fe8a86d8-e9d8-4fdc-b1fb-ac181586ee09
07-02 15:38:07 com_github_MitjaNemec_ReplicateLayout.replicate_layout 990:Src text UUid:077142a5-8378-4798-b0cb-b99c232e4fae
07-02 15:38:07 com_github_MitjaNemec_ReplicateLayout.replicate_layout 991:Dst text UUid:66e0654c-e2e1-4cf8-8bad-7bbc822a6b5d
07-02 15:38:07 com_github_MitjaNemec_ReplicateLayout.replicate_layout 888:Replicating footprint: 'C67'
07-02 15:38:07 com_github_MitjaNemec_ReplicateLayout.replicate_layout 835:Src fp.id: '02674D4B-520D-4017-A3A9-775429FEB775'
07-02 15:38:07 com_github_MitjaNemec_ReplicateLayout.replicate_layout 839:Dst fp.id: '02674D4B-520D-4017-A3A9-775429FEB775'
07-02 15:38:07 com_github_MitjaNemec_ReplicateLayout.replicate_layout 895:found match in dst footprint: 'C78'
07-02 15:38:07 com_github_MitjaNemec_ReplicateLayout.replicate_layout 990:Src text UUid:e3d9b5e6-0c56-4e3b-97db-2bd417d9697b
07-02 15:38:07 com_github_MitjaNemec_ReplicateLayout.replicate_layout 991:Dst text UUid:ddc09884-8414-49bb-b097-68c2473ce00d
07-02 15:38:07 com_github_MitjaNemec_ReplicateLayout.replicate_layout 990:Src text UUid:8c1ddb9e-ab0f-40e1-b028-a7d5302ce1d5
07-02 15:38:07 com_github_MitjaNemec_ReplicateLayout.replicate_layout 991:Dst text UUid:b6e5c72c-2cf2-4fcd-9102-447e280734ab
07-02 15:38:07 com_github_MitjaNemec_ReplicateLayout.replicate_layout 990:Src text UUid:1885db56-6028-487d-a0d9-a65781d38b95
07-02 15:38:07 com_github_MitjaNemec_ReplicateLayout.replicate_layout 991:Dst text UUid:64ec5bf3-b0b5-428e-a727-df22c5bae1a7
07-02 15:38:07 com_github_MitjaNemec_ReplicateLayout.replicate_layout 870:Replicating footprints on sheet ['MPPT IC', '-X_MPPT']
07-02 15:38:07 com_github_MitjaNemec_ReplicateLayout.replicate_layout 835:Src fp.id: '48CEDCFC-21C4-464F-8A7B-74921246DDBC'
07-02 15:38:07 com_github_MitjaNemec_ReplicateLayout.replicate_layout 839:Dst fp.id: '48CEDCFC-21C4-464F-8A7B-74921246DDBC'
07-02 15:38:07 com_github_MitjaNemec_ReplicateLayout.replicate_layout 888:Replicating footprint: 'C59'
07-02 15:38:07 com_github_MitjaNemec_ReplicateLayout.replicate_layout 835:Src fp.id: '4BDA7EE7-78F1-4F4E-87AC-2D440183B8A9'
07-02 15:38:07 com_github_MitjaNemec_ReplicateLayout.replicate_layout 839:Dst fp.id: '4BDA7EE7-78F1-4F4E-87AC-2D440183B8A9'
07-02 15:38:07 com_github_MitjaNemec_ReplicateLayout.replicate_layout 895:found match in dst footprint: 'C81'
07-02 15:38:07 com_github_MitjaNemec_ReplicateLayout.replicate_layout 990:Src text UUid:bc3bd028-9c6a-494e-a2d7-8573dd2beeeb
07-02 15:38:07 com_github_MitjaNemec_ReplicateLayout.replicate_layout 991:Dst text UUid:03e42491-0b7f-4f04-8657-a7808d15977b
07-02 15:38:07 com_github_MitjaNemec_ReplicateLayout.replicate_layout 990:Src text UUid:89218a59-2fad-4308-8764-898fe3736545
07-02 15:38:07 com_github_MitjaNemec_ReplicateLayout.replicate_layout 991:Dst text UUid:0087265a-05bf-401d-ba14-95518d562815
07-02 15:38:07 com_github_MitjaNemec_ReplicateLayout.replicate_layout 990:Src text UUid:315fe721-08a9-409f-b18a-62fb2e61d509
07-02 15:38:07 com_github_MitjaNemec_ReplicateLayout.replicate_layout 991:Dst text UUid:83ffdc94-0205-4cda-80ad-81a9b18e3754
07-02 15:38:07 com_github_MitjaNemec_ReplicateLayout.replicate_layout 888:Replicating footprint: 'C58'
07-02 15:38:07 com_github_MitjaNemec_ReplicateLayout.replicate_layout 835:Src fp.id: '83D7904D-503D-4D89-8B5D-FC8CAC97CEEF'
07-02 15:38:07 com_github_MitjaNemec_ReplicateLayout.replicate_layout 839:Dst fp.id: '83D7904D-503D-4D89-8B5D-FC8CAC97CEEF'
07-02 15:38:07 com_github_MitjaNemec_ReplicateLayout.replicate_layout 895:found match in dst footprint: 'C80'
07-02 15:38:07 com_github_MitjaNemec_ReplicateLayout.replicate_layout 990:Src text UUid:6cc4dd9a-4162-443d-ae1f-5b0dde829a12
07-02 15:38:07 com_github_MitjaNemec_ReplicateLayout.replicate_layout 991:Dst text UUid:b678c589-264f-43da-9c82-e8b568a84921
07-02 15:38:07 com_github_MitjaNemec_ReplicateLayout.replicate_layout 990:Src text UUid:04cecc36-e1c1-4805-ac0e-752f693c23c2
07-02 15:38:07 com_github_MitjaNemec_ReplicateLayout.replicate_layout 991:Dst text UUid:e18af422-a23f-49a9-8fa1-f252f900bed2
07-02 15:38:07 com_github_MitjaNemec_ReplicateLayout.replicate_layout 990:Src text UUid:372cb0be-bf11-423f-95ec-8fc7e670f519
07-02 15:38:07 com_github_MitjaNemec_ReplicateLayout.replicate_layout 991:Dst text UUid:40841a34-eab0-4a9a-8f8a-c3894fe6ebb1
07-02 15:38:07 com_github_MitjaNemec_ReplicateLayout.replicate_layout 888:Replicating footprint: 'C57'
07-02 15:38:07 com_github_MitjaNemec_ReplicateLayout.replicate_layout 835:Src fp.id: '4C89FF9D-DDA7-4CD0-AC2C-771F9E5CABFC'
07-02 15:38:07 com_github_MitjaNemec_ReplicateLayout.replicate_layout 839:Dst fp.id: '4C89FF9D-DDA7-4CD0-AC2C-771F9E5CABFC'
07-02 15:38:07 com_github_MitjaNemec_ReplicateLayout.replicate_layout 895:found match in dst footprint: 'C79'
07-02 15:38:07 com_github_MitjaNemec_ReplicateLayout.replicate_layout 990:Src text UUid:c613d06c-6d07-42ad-84e8-900c9a39c7b6
07-02 15:38:07 com_github_MitjaNemec_ReplicateLayout.replicate_layout 991:Dst text UUid:2a9ac089-bb31-4b6e-9bfa-e4160b07e655
07-02 15:38:07 com_github_MitjaNemec_ReplicateLayout.replicate_layout 990:Src text UUid:41522de4-d42b-4def-b0da-fbb9969136e3
07-02 15:38:07 com_github_MitjaNemec_ReplicateLayout.replicate_layout 991:Dst text UUid:f300e5df-ecb4-4375-a496-5f0f22c198d5
07-02 15:38:07 com_github_MitjaNemec_ReplicateLayout.replicate_layout 990:Src text UUid:fc4d7e8d-544d-4ed9-9887-0efbf8804443
07-02 15:38:07 com_github_MitjaNemec_ReplicateLayout.replicate_layout 991:Dst text UUid:9e5dc8cb-2900-4f8b-bfaa-aefd8e54b7c6
07-02 15:38:07 com_github_MitjaNemec_ReplicateLayout.replicate_layout 888:Replicating footprint: 'C62'
07-02 15:38:07 com_github_MitjaNemec_ReplicateLayout.replicate_layout 835:Src fp.id: 'D7084FC3-3919-4563-8878-FA9DCA53A9C8'
07-02 15:38:07 com_github_MitjaNemec_ReplicateLayout.replicate_layout 839:Dst fp.id: 'D7084FC3-3919-4563-8878-FA9DCA53A9C8'
07-02 15:38:07 com_github_MitjaNemec_ReplicateLayout.replicate_layout 895:found match in dst footprint: 'C84'
07-02 15:38:07 com_github_MitjaNemec_ReplicateLayout.replicate_layout 990:Src text UUid:0a1a5d9a-c8d7-410c-adc7-a4973e5f8f89
07-02 15:38:07 com_github_MitjaNemec_ReplicateLayout.replicate_layout 991:Dst text UUid:fe810674-fdc5-4565-857d-db922ca69ff3
07-02 15:38:07 com_github_MitjaNemec_ReplicateLayout.replicate_layout 990:Src text UUid:d2ebb3fc-b924-4a34-af5c-c7a816d90063
07-02 15:38:07 com_github_MitjaNemec_ReplicateLayout.replicate_layout 991:Dst text UUid:cec1d5d7-012c-4cd0-873c-1096428c607a
07-02 15:38:07 com_github_MitjaNemec_ReplicateLayout.replicate_layout 990:Src text UUid:b1794707-19de-41b8-8467-097aadc4257f
07-02 15:38:07 com_github_MitjaNemec_ReplicateLayout.replicate_layout 991:Dst text UUid:f423a894-c09d-408c-8374-ba27ae964ede
07-02 15:38:07 com_github_MitjaNemec_ReplicateLayout.replicate_layout 888:Replicating footprint: 'C60'
07-02 15:38:07 com_github_MitjaNemec_ReplicateLayout.replicate_layout 835:Src fp.id: '0191AA17-DEB4-41CA-A56F-0AEB5115BA6A'
07-02 15:38:07 com_github_MitjaNemec_ReplicateLayout.replicate_layout 839:Dst fp.id: '0191AA17-DEB4-41CA-A56F-0AEB5115BA6A'
07-02 15:38:07 com_github_MitjaNemec_ReplicateLayout.replicate_layout 895:found match in dst footprint: 'C82'
07-02 15:38:07 com_github_MitjaNemec_ReplicateLayout.replicate_layout 990:Src text UUid:8d90a09e-3935-4161-b7fe-19de1f62b5b4
07-02 15:38:07 com_github_MitjaNemec_ReplicateLayout.replicate_layout 991:Dst text UUid:76b659c9-b352-4f19-a430-5f83e79e5159
07-02 15:38:07 com_github_MitjaNemec_ReplicateLayout.replicate_layout 990:Src text UUid:200a805a-5157-4bdd-b93d-cf26af163d44
07-02 15:38:07 com_github_MitjaNemec_ReplicateLayout.replicate_layout 991:Dst text UUid:f5838f12-1a38-4c9d-bfb1-1c188e413188
07-02 15:38:07 com_github_MitjaNemec_ReplicateLayout.replicate_layout 990:Src text UUid:c2cdb0ef-1fc8-4a65-93d0-0a2bde882537
07-02 15:38:07 com_github_MitjaNemec_ReplicateLayout.replicate_layout 991:Dst text UUid:d75c4f2c-ee85-4b9a-b3d2-252a3709cd15
07-02 15:38:07 com_github_MitjaNemec_ReplicateLayout.replicate_layout 888:Replicating footprint: 'C66'
07-02 15:38:07 com_github_MitjaNemec_ReplicateLayout.replicate_layout 835:Src fp.id: '02AAF84F-870F-4C3D-8FC2-AA5D8FF45463'
07-02 15:38:07 com_github_MitjaNemec_ReplicateLayout.replicate_layout 839:Dst fp.id: '02AAF84F-870F-4C3D-8FC2-AA5D8FF45463'
07-02 15:38:07 com_github_MitjaNemec_ReplicateLayout.replicate_layout 895:found match in dst footprint: 'C88'
07-02 15:38:07 com_github_MitjaNemec_ReplicateLayout.replicate_layout 990:Src text UUid:8b18dcb1-2aa9-43d5-9e8b-fe810688d8f2
07-02 15:38:07 com_github_MitjaNemec_ReplicateLayout.replicate_layout 991:Dst text UUid:eca17b29-a6a7-4c91-88d0-4353ea3e03bc
07-02 15:38:07 com_github_MitjaNemec_ReplicateLayout.replicate_layout 990:Src text UUid:64fe11b9-f752-42d7-84fd-baeb48f26aa1
07-02 15:38:07 com_github_MitjaNemec_ReplicateLayout.replicate_layout 991:Dst text UUid:0c201ca6-1801-4496-afde-5eb1d2a1b60d
07-02 15:38:07 com_github_MitjaNemec_ReplicateLayout.replicate_layout 990:Src text UUid:73d7b6dc-d372-4bce-ab53-9c2cea53f9d8
07-02 15:38:07 com_github_MitjaNemec_ReplicateLayout.replicate_layout 991:Dst text UUid:954358f9-cfd1-4081-82fe-63f573c9680e
07-02 15:38:07 com_github_MitjaNemec_ReplicateLayout.replicate_layout 888:Replicating footprint: 'R82'
07-02 15:38:07 com_github_MitjaNemec_ReplicateLayout.replicate_layout 835:Src fp.id: '8B826E3E-B6E0-4DEC-92A3-39C3FA537AA5'
07-02 15:38:07 com_github_MitjaNemec_ReplicateLayout.replicate_layout 839:Dst fp.id: '8B826E3E-B6E0-4DEC-92A3-39C3FA537AA5'
07-02 15:38:07 com_github_MitjaNemec_ReplicateLayout.replicate_layout 895:found match in dst footprint: 'R98'
07-02 15:38:07 com_github_MitjaNemec_ReplicateLayout.replicate_layout 990:Src text UUid:09b2a5ec-9380-4cce-81ee-2189ce6c245c
07-02 15:38:07 com_github_MitjaNemec_ReplicateLayout.replicate_layout 991:Dst text UUid:2c2f7ff4-7002-497d-bca0-b7dbcbb9fc53
07-02 15:38:07 com_github_MitjaNemec_ReplicateLayout.replicate_layout 990:Src text UUid:57deb276-8cda-46e5-ba0c-14b63b5f38a2
07-02 15:38:07 com_github_MitjaNemec_ReplicateLayout.replicate_layout 991:Dst text UUid:7eb71b63-5f5c-4c33-b856-766bd2728047
07-02 15:38:07 com_github_MitjaNemec_ReplicateLayout.replicate_layout 990:Src text UUid:bafe5f71-70a5-454d-9296-b6a3973906ab
07-02 15:38:07 com_github_MitjaNemec_ReplicateLayout.replicate_layout 991:Dst text UUid:a19faa3d-da90-429d-89f7-87318e8f1df6
07-02 15:38:07 com_github_MitjaNemec_ReplicateLayout.replicate_layout 888:Replicating footprint: 'R79'
07-02 15:38:07 root 345:updating GUI with: 44
07-02 15:38:07 com_github_MitjaNemec_ReplicateLayout.replicate_layout 835:Src fp.id: '06D2E404-1EB3-456F-9E47-9F02907114B1'
07-02 15:38:07 com_github_MitjaNemec_ReplicateLayout.replicate_layout 839:Dst fp.id: '06D2E404-1EB3-456F-9E47-9F02907114B1'
07-02 15:38:07 com_github_MitjaNemec_ReplicateLayout.replicate_layout 895:found match in dst footprint: 'R95'
07-02 15:38:07 com_github_MitjaNemec_ReplicateLayout.replicate_layout 990:Src text UUid:54f5bef0-6ed7-48e0-8124-8104ede96575
07-02 15:38:07 com_github_MitjaNemec_ReplicateLayout.replicate_layout 991:Dst text UUid:32d94cea-6419-41fb-ae95-70a1d61d046e
07-02 15:38:07 com_github_MitjaNemec_ReplicateLayout.replicate_layout 990:Src text UUid:81a6082c-582e-450a-9f09-667610ca50ee
07-02 15:38:07 com_github_MitjaNemec_ReplicateLayout.replicate_layout 991:Dst text UUid:dd0311e4-67d9-4291-a22c-09053b35ae05
07-02 15:38:07 com_github_MitjaNemec_ReplicateLayout.replicate_layout 990:Src text UUid:71594653-9428-40bb-b2fc-f8b5731a907a
07-02 15:38:07 com_github_MitjaNemec_ReplicateLayout.replicate_layout 991:Dst text UUid:19b039a0-db21-4b95-aba0-8cedd0dcab69
07-02 15:38:07 com_github_MitjaNemec_ReplicateLayout.replicate_layout 888:Replicating footprint: 'R84'
07-02 15:38:07 com_github_MitjaNemec_ReplicateLayout.replicate_layout 835:Src fp.id: '8D89FA90-A82F-4FF5-84C1-1F1088DA0F1A'
07-02 15:38:07 com_github_MitjaNemec_ReplicateLayout.replicate_layout 839:Dst fp.id: '8D89FA90-A82F-4FF5-84C1-1F1088DA0F1A'
07-02 15:38:07 com_github_MitjaNemec_ReplicateLayout.replicate_layout 895:found match in dst footprint: 'R100'
07-02 15:38:07 com_github_MitjaNemec_ReplicateLayout.replicate_layout 990:Src text UUid:e4cd63cc-86c7-417a-9182-8647a74a3e16
07-02 15:38:07 com_github_MitjaNemec_ReplicateLayout.replicate_layout 991:Dst text UUid:431ab220-19a1-4146-a916-943565b01330
07-02 15:38:07 com_github_MitjaNemec_ReplicateLayout.replicate_layout 990:Src text UUid:18428d4f-6567-4b2d-9605-43add9ed8037
07-02 15:38:07 com_github_MitjaNemec_ReplicateLayout.replicate_layout 991:Dst text UUid:c8ce3115-4a96-4cea-81d5-fc10c25a5e46
07-02 15:38:07 com_github_MitjaNemec_ReplicateLayout.replicate_layout 990:Src text UUid:6ddd33aa-bb85-44c1-9e1e-f3006e640c17
07-02 15:38:07 com_github_MitjaNemec_ReplicateLayout.replicate_layout 991:Dst text UUid:abc8415d-9a56-4b4d-8dd5-69e3ec68ecc6
07-02 15:38:07 com_github_MitjaNemec_ReplicateLayout.replicate_layout 888:Replicating footprint: 'C63'
07-02 15:38:07 com_github_MitjaNemec_ReplicateLayout.replicate_layout 835:Src fp.id: 'C56F2BF8-659A-436F-ADA4-21C9098DB660'
07-02 15:38:07 com_github_MitjaNemec_ReplicateLayout.replicate_layout 839:Dst fp.id: 'C56F2BF8-659A-436F-ADA4-21C9098DB660'
07-02 15:38:07 com_github_MitjaNemec_ReplicateLayout.replicate_layout 895:found match in dst footprint: 'C85'
07-02 15:38:07 com_github_MitjaNemec_ReplicateLayout.replicate_layout 990:Src text UUid:dceb274a-564b-45e6-9f73-dd7cfd36bfcd
07-02 15:38:07 com_github_MitjaNemec_ReplicateLayout.replicate_layout 991:Dst text UUid:908b0ee1-25e6-4999-9805-d2c304c5aa1c
07-02 15:38:07 com_github_MitjaNemec_ReplicateLayout.replicate_layout 990:Src text UUid:d30fc0f3-8a1a-4700-ad19-9eb6ce1b4ebf
07-02 15:38:07 com_github_MitjaNemec_ReplicateLayout.replicate_layout 991:Dst text UUid:5bd901e2-e83b-4778-a6d1-f1c64b4dfd45
07-02 15:38:07 com_github_MitjaNemec_ReplicateLayout.replicate_layout 990:Src text UUid:46396cd6-49ce-4270-b44a-4782643e245d
07-02 15:38:07 com_github_MitjaNemec_ReplicateLayout.replicate_layout 991:Dst text UUid:c06b4b8e-0c3c-4a35-84f5-4728a83fa076
07-02 15:38:07 com_github_MitjaNemec_ReplicateLayout.replicate_layout 888:Replicating footprint: 'R83'
07-02 15:38:07 com_github_MitjaNemec_ReplicateLayout.replicate_layout 835:Src fp.id: '52D21372-9A4B-4344-A28D-93C48AD312B6'
07-02 15:38:07 com_github_MitjaNemec_ReplicateLayout.replicate_layout 839:Dst fp.id: '52D21372-9A4B-4344-A28D-93C48AD312B6'
07-02 15:38:07 com_github_MitjaNemec_ReplicateLayout.replicate_layout 895:found match in dst footprint: 'R99'
07-02 15:38:07 com_github_MitjaNemec_ReplicateLayout.replicate_layout 990:Src text UUid:e84807f0-b986-4bff-a6f1-11b7ca0b7170
07-02 15:38:07 com_github_MitjaNemec_ReplicateLayout.replicate_layout 991:Dst text UUid:18f9c7fb-3809-4f0e-bed3-80deac7f78c9
07-02 15:38:07 com_github_MitjaNemec_ReplicateLayout.replicate_layout 990:Src text UUid:1687f560-d892-456d-ae98-ed1c54e0e603
07-02 15:38:07 com_github_MitjaNemec_ReplicateLayout.replicate_layout 991:Dst text UUid:81d9de3a-abca-4f5d-9d52-4306805bb4fc
07-02 15:38:07 com_github_MitjaNemec_ReplicateLayout.replicate_layout 990:Src text UUid:8b923395-5bbd-40a0-ad90-b6ea9386e8b8
07-02 15:38:07 com_github_MitjaNemec_ReplicateLayout.replicate_layout 991:Dst text UUid:d40522e1-5204-490e-bf6d-bbfab41a8c94
07-02 15:38:07 com_github_MitjaNemec_ReplicateLayout.replicate_layout 888:Replicating footprint: 'U15'
07-02 15:38:07 com_github_MitjaNemec_ReplicateLayout.replicate_layout 835:Src fp.id: '48CEDCFC-21C4-464F-8A7B-74921246DDBC'
07-02 15:38:07 com_github_MitjaNemec_ReplicateLayout.replicate_layout 839:Dst fp.id: '48CEDCFC-21C4-464F-8A7B-74921246DDBC'
07-02 15:38:07 com_github_MitjaNemec_ReplicateLayout.replicate_layout 895:found match in dst footprint: 'U17'
07-02 15:38:07 com_github_MitjaNemec_ReplicateLayout.replicate_layout 990:Src text UUid:2443dba1-96e3-4ebe-9e39-7ca1cb668b54
07-02 15:38:07 com_github_MitjaNemec_ReplicateLayout.replicate_layout 991:Dst text UUid:0add1a4f-1605-4c3a-bf0f-2c5ca3384c74
07-02 15:38:07 com_github_MitjaNemec_ReplicateLayout.replicate_layout 990:Src text UUid:dc95cb1d-6826-4b9e-8a55-ea2a16473aed
07-02 15:38:07 com_github_MitjaNemec_ReplicateLayout.replicate_layout 991:Dst text UUid:4545d89f-540f-48fb-928b-ab00672a3f55
07-02 15:38:07 com_github_MitjaNemec_ReplicateLayout.replicate_layout 990:Src text UUid:fa76d74c-4470-4ba9-b651-e6b3f9775047
07-02 15:38:07 com_github_MitjaNemec_ReplicateLayout.replicate_layout 991:Dst text UUid:8fd5a8ba-2bd8-4191-9bec-8399bb53dd21
07-02 15:38:07 com_github_MitjaNemec_ReplicateLayout.replicate_layout 888:Replicating footprint: 'R80'
07-02 15:38:07 com_github_MitjaNemec_ReplicateLayout.replicate_layout 835:Src fp.id: '1F9D1E5D-A117-4453-A7EE-8ACE3DB99717'
07-02 15:38:07 com_github_MitjaNemec_ReplicateLayout.replicate_layout 839:Dst fp.id: '1F9D1E5D-A117-4453-A7EE-8ACE3DB99717'
07-02 15:38:07 com_github_MitjaNemec_ReplicateLayout.replicate_layout 895:found match in dst footprint: 'R96'
07-02 15:38:07 com_github_MitjaNemec_ReplicateLayout.replicate_layout 990:Src text UUid:b2aaf9e0-ef52-4326-965f-8c01fb45d7cb
07-02 15:38:07 com_github_MitjaNemec_ReplicateLayout.replicate_layout 991:Dst text UUid:92e7affb-ca75-48c7-878b-dfa15770e0ad
07-02 15:38:07 com_github_MitjaNemec_ReplicateLayout.replicate_layout 990:Src text UUid:1a3c2c0e-03b6-4fab-af4a-ff46bf2a7c40
07-02 15:38:07 com_github_MitjaNemec_ReplicateLayout.replicate_layout 991:Dst text UUid:c02cb828-b264-4f09-b024-19f4ab86721a
07-02 15:38:07 com_github_MitjaNemec_ReplicateLayout.replicate_layout 990:Src text UUid:b221b28d-a908-4ed1-b9a3-b003e982a0d2
07-02 15:38:07 com_github_MitjaNemec_ReplicateLayout.replicate_layout 991:Dst text UUid:05abc292-2211-4fc8-b0a0-f3977aebab2c
07-02 15:38:07 com_github_MitjaNemec_ReplicateLayout.replicate_layout 888:Replicating footprint: 'R85'
07-02 15:38:07 com_github_MitjaNemec_ReplicateLayout.replicate_layout 835:Src fp.id: 'F68EA887-6B9E-4AAC-AC70-5450AD2F709E'
07-02 15:38:07 com_github_MitjaNemec_ReplicateLayout.replicate_layout 839:Dst fp.id: 'F68EA887-6B9E-4AAC-AC70-5450AD2F709E'
07-02 15:38:07 com_github_MitjaNemec_ReplicateLayout.replicate_layout 895:found match in dst footprint: 'R101'
07-02 15:38:07 com_github_MitjaNemec_ReplicateLayout.replicate_layout 990:Src text UUid:6d36e1e1-ec8b-4510-8742-cad1e13fb73f
07-02 15:38:07 com_github_MitjaNemec_ReplicateLayout.replicate_layout 991:Dst text UUid:b25ee15b-4f0c-4bac-a094-aebbca7896e8
07-02 15:38:07 com_github_MitjaNemec_ReplicateLayout.replicate_layout 990:Src text UUid:aa25494d-bcab-4e16-848f-56cb8f32d436
07-02 15:38:07 com_github_MitjaNemec_ReplicateLayout.replicate_layout 991:Dst text UUid:0ab8952d-c247-4e8e-94ab-3acb68bdb9e1
07-02 15:38:07 com_github_MitjaNemec_ReplicateLayout.replicate_layout 990:Src text UUid:2fbfad94-4c8c-4291-b5b2-5e1c9e250d4c
07-02 15:38:07 com_github_MitjaNemec_ReplicateLayout.replicate_layout 991:Dst text UUid:a58a9958-afb2-4b67-a0ab-c6561c97c2ed
07-02 15:38:07 com_github_MitjaNemec_ReplicateLayout.replicate_layout 888:Replicating footprint: 'C61'
07-02 15:38:07 com_github_MitjaNemec_ReplicateLayout.replicate_layout 835:Src fp.id: 'C9B71148-6A15-450D-B193-0AA25D021813'
07-02 15:38:07 com_github_MitjaNemec_ReplicateLayout.replicate_layout 839:Dst fp.id: 'C9B71148-6A15-450D-B193-0AA25D021813'
07-02 15:38:07 com_github_MitjaNemec_ReplicateLayout.replicate_layout 895:found match in dst footprint: 'C83'
07-02 15:38:07 com_github_MitjaNemec_ReplicateLayout.replicate_layout 990:Src text UUid:e2d80a86-5410-4c35-ae2d-839e08823b8d
07-02 15:38:07 com_github_MitjaNemec_ReplicateLayout.replicate_layout 991:Dst text UUid:d1109919-5145-498d-b1ad-6ac3ee04bb61
07-02 15:38:07 com_github_MitjaNemec_ReplicateLayout.replicate_layout 990:Src text UUid:9d50f1ec-84e1-4133-9fcc-1c7552cb4c59
07-02 15:38:07 com_github_MitjaNemec_ReplicateLayout.replicate_layout 991:Dst text UUid:bc201a49-2d56-45ee-82cb-ac0b809f3851
07-02 15:38:07 com_github_MitjaNemec_ReplicateLayout.replicate_layout 990:Src text UUid:7f7fcf10-629e-4312-8b1c-1271f65fb8a7
07-02 15:38:07 com_github_MitjaNemec_ReplicateLayout.replicate_layout 991:Dst text UUid:b36fa3f1-2e22-4e61-91b4-d0d024228870
07-02 15:38:07 com_github_MitjaNemec_ReplicateLayout.replicate_layout 888:Replicating footprint: 'R81'
07-02 15:38:07 com_github_MitjaNemec_ReplicateLayout.replicate_layout 835:Src fp.id: 'CE3C7484-6753-4108-9037-5812442BE056'
07-02 15:38:07 com_github_MitjaNemec_ReplicateLayout.replicate_layout 839:Dst fp.id: 'CE3C7484-6753-4108-9037-5812442BE056'
07-02 15:38:07 com_github_MitjaNemec_ReplicateLayout.replicate_layout 895:found match in dst footprint: 'R97'
07-02 15:38:07 com_github_MitjaNemec_ReplicateLayout.replicate_layout 990:Src text UUid:332c714f-af54-4f96-a6e8-6ac3ca4df870
07-02 15:38:07 com_github_MitjaNemec_ReplicateLayout.replicate_layout 991:Dst text UUid:a447a2ea-cebd-4777-b5d5-5b19151d41ba
07-02 15:38:07 com_github_MitjaNemec_ReplicateLayout.replicate_layout 990:Src text UUid:818a6ac4-684e-4393-8859-179299db9dd2
07-02 15:38:07 com_github_MitjaNemec_ReplicateLayout.replicate_layout 991:Dst text UUid:a631710d-ba99-4fed-b87f-21aaafb6525b
07-02 15:38:07 com_github_MitjaNemec_ReplicateLayout.replicate_layout 990:Src text UUid:c92526f9-93b6-43f9-a4b5-c43afcf8ef58
07-02 15:38:07 com_github_MitjaNemec_ReplicateLayout.replicate_layout 991:Dst text UUid:cf9e6126-4c16-49c8-ae06-7221851fa7e2
07-02 15:38:07 com_github_MitjaNemec_ReplicateLayout.replicate_layout 888:Replicating footprint: 'R78'
07-02 15:38:07 com_github_MitjaNemec_ReplicateLayout.replicate_layout 835:Src fp.id: '301F94B6-02F9-4E2D-9F0D-EEA91DE4EA53'
07-02 15:38:07 com_github_MitjaNemec_ReplicateLayout.replicate_layout 839:Dst fp.id: '301F94B6-02F9-4E2D-9F0D-EEA91DE4EA53'
07-02 15:38:07 com_github_MitjaNemec_ReplicateLayout.replicate_layout 895:found match in dst footprint: 'R94'
07-02 15:38:07 com_github_MitjaNemec_ReplicateLayout.replicate_layout 990:Src text UUid:0b75776c-b21f-4d7c-97e3-241066eff3be
07-02 15:38:07 com_github_MitjaNemec_ReplicateLayout.replicate_layout 991:Dst text UUid:cc4fed51-c910-4221-bf65-71794f706f1a
07-02 15:38:07 com_github_MitjaNemec_ReplicateLayout.replicate_layout 990:Src text UUid:68d9d39c-0826-4be4-a675-ed538e6afdab
07-02 15:38:07 com_github_MitjaNemec_ReplicateLayout.replicate_layout 991:Dst text UUid:7facbaee-de77-4c69-be9d-d3bc4ed93b5d
07-02 15:38:07 com_github_MitjaNemec_ReplicateLayout.replicate_layout 990:Src text UUid:50847a4c-9819-497c-9a65-7562089dcf99
07-02 15:38:07 com_github_MitjaNemec_ReplicateLayout.replicate_layout 991:Dst text UUid:44eb7543-ff87-4feb-a627-4402f4362950
07-02 15:38:07 com_github_MitjaNemec_ReplicateLayout.replicate_layout 888:Replicating footprint: 'D6'
07-02 15:38:07 com_github_MitjaNemec_ReplicateLayout.replicate_layout 835:Src fp.id: '68A9DA09-9942-4B54-823D-FED3D6BCD4DE'
07-02 15:38:07 com_github_MitjaNemec_ReplicateLayout.replicate_layout 839:Dst fp.id: '68A9DA09-9942-4B54-823D-FED3D6BCD4DE'
07-02 15:38:07 com_github_MitjaNemec_ReplicateLayout.replicate_layout 895:found match in dst footprint: 'D8'
07-02 15:38:07 com_github_MitjaNemec_ReplicateLayout.replicate_layout 990:Src text UUid:56e0bfb4-7f3a-47f4-9d5d-48bdcde381d0
07-02 15:38:07 com_github_MitjaNemec_ReplicateLayout.replicate_layout 991:Dst text UUid:4b70391b-a191-44e3-af50-47e8146d3576
07-02 15:38:07 com_github_MitjaNemec_ReplicateLayout.replicate_layout 990:Src text UUid:e8c530e2-f065-4dcf-ba36-2cdd7c7b2a18
07-02 15:38:07 com_github_MitjaNemec_ReplicateLayout.replicate_layout 991:Dst text UUid:71c15e73-0c5a-4721-94ca-a27c819596e0
07-02 15:38:07 com_github_MitjaNemec_ReplicateLayout.replicate_layout 990:Src text UUid:9d70dbf9-1ebd-4596-b009-8759a297d04c
07-02 15:38:07 com_github_MitjaNemec_ReplicateLayout.replicate_layout 991:Dst text UUid:9b0efbaa-6258-40fe-8cc6-e6321e36c602
07-02 15:38:07 com_github_MitjaNemec_ReplicateLayout.replicate_layout 888:Replicating footprint: 'C64'
07-02 15:38:07 com_github_MitjaNemec_ReplicateLayout.replicate_layout 835:Src fp.id: '25B1A1F8-DCAF-4674-979F-3AB2B6713A0B'
07-02 15:38:07 com_github_MitjaNemec_ReplicateLayout.replicate_layout 839:Dst fp.id: '25B1A1F8-DCAF-4674-979F-3AB2B6713A0B'
07-02 15:38:07 com_github_MitjaNemec_ReplicateLayout.replicate_layout 895:found match in dst footprint: 'C86'
07-02 15:38:07 com_github_MitjaNemec_ReplicateLayout.replicate_layout 990:Src text UUid:715ccbb9-72e2-44c0-8e50-4cb65c42e55c
07-02 15:38:07 com_github_MitjaNemec_ReplicateLayout.replicate_layout 991:Dst text UUid:15db3d1a-6fe3-4d1c-b22a-c121fb87be26
07-02 15:38:07 com_github_MitjaNemec_ReplicateLayout.replicate_layout 990:Src text UUid:02dcfd3f-a920-40e8-b881-42473452f631
07-02 15:38:07 com_github_MitjaNemec_ReplicateLayout.replicate_layout 991:Dst text UUid:6423bfd6-3de5-4011-9894-2cc2c1663d64
07-02 15:38:07 com_github_MitjaNemec_ReplicateLayout.replicate_layout 990:Src text UUid:649be960-ef6e-49cb-b419-2e96e28594cb
07-02 15:38:07 com_github_MitjaNemec_ReplicateLayout.replicate_layout 991:Dst text UUid:435c9099-7404-4db2-9d8f-fe065e2e31ac
07-02 15:38:07 com_github_MitjaNemec_ReplicateLayout.replicate_layout 888:Replicating footprint: 'Q9'
07-02 15:38:07 com_github_MitjaNemec_ReplicateLayout.replicate_layout 835:Src fp.id: '75EF19F4-9E53-43F0-A7D7-1A7BC56C485A'
07-02 15:38:07 com_github_MitjaNemec_ReplicateLayout.replicate_layout 839:Dst fp.id: '75EF19F4-9E53-43F0-A7D7-1A7BC56C485A'
07-02 15:38:07 com_github_MitjaNemec_ReplicateLayout.replicate_layout 895:found match in dst footprint: 'Q13'
07-02 15:38:07 com_github_MitjaNemec_ReplicateLayout.replicate_layout 990:Src text UUid:c5b13153-dc01-4fb5-974e-d3333442f71c
07-02 15:38:07 com_github_MitjaNemec_ReplicateLayout.replicate_layout 991:Dst text UUid:cf1e9ecc-2b29-481e-8665-ad480f76f93b
07-02 15:38:07 com_github_MitjaNemec_ReplicateLayout.replicate_layout 990:Src text UUid:9cf038ef-c730-4fb3-a4b0-41beac892305
07-02 15:38:07 com_github_MitjaNemec_ReplicateLayout.replicate_layout 991:Dst text UUid:27990205-3ca9-4e37-ad65-52a1b182fb0e
07-02 15:38:07 com_github_MitjaNemec_ReplicateLayout.replicate_layout 990:Src text UUid:9ab8574f-5875-4e29-8526-c957f1eedcc4
07-02 15:38:07 com_github_MitjaNemec_ReplicateLayout.replicate_layout 991:Dst text UUid:d3d762f0-a84b-4836-9864-2d957c668e95
07-02 15:38:07 com_github_MitjaNemec_ReplicateLayout.replicate_layout 888:Replicating footprint: 'Q8'
07-02 15:38:07 com_github_MitjaNemec_ReplicateLayout.replicate_layout 835:Src fp.id: '77C2F2CF-2667-4EB1-9206-FF633D7B66BC'
07-02 15:38:07 com_github_MitjaNemec_ReplicateLayout.replicate_layout 839:Dst fp.id: '77C2F2CF-2667-4EB1-9206-FF633D7B66BC'
07-02 15:38:07 com_github_MitjaNemec_ReplicateLayout.replicate_layout 895:found match in dst footprint: 'Q12'
07-02 15:38:07 com_github_MitjaNemec_ReplicateLayout.replicate_layout 990:Src text UUid:2d21fb47-9b13-4dda-8610-a936507efaf1
07-02 15:38:07 com_github_MitjaNemec_ReplicateLayout.replicate_layout 991:Dst text UUid:70c2cbd5-36be-4bd9-a296-5b571c3cf3f2
07-02 15:38:07 com_github_MitjaNemec_ReplicateLayout.replicate_layout 990:Src text UUid:2da79506-033f-4d95-8329-b268c4e32418
07-02 15:38:07 com_github_MitjaNemec_ReplicateLayout.replicate_layout 991:Dst text UUid:0f1f506a-f9a6-4bca-81d5-9930b2f3dbcf
07-02 15:38:07 com_github_MitjaNemec_ReplicateLayout.replicate_layout 990:Src text UUid:290ea6b3-6699-4ed1-8e16-b17eae3292dc
07-02 15:38:07 com_github_MitjaNemec_ReplicateLayout.replicate_layout 991:Dst text UUid:c17a66f4-f996-4b15-87c8-c4af1c299a7c
07-02 15:38:07 com_github_MitjaNemec_ReplicateLayout.replicate_layout 888:Replicating footprint: 'C65'
07-02 15:38:07 com_github_MitjaNemec_ReplicateLayout.replicate_layout 835:Src fp.id: '1775B3E2-B80B-42A8-B359-01D87B609694'
07-02 15:38:07 com_github_MitjaNemec_ReplicateLayout.replicate_layout 839:Dst fp.id: '1775B3E2-B80B-42A8-B359-01D87B609694'
07-02 15:38:07 com_github_MitjaNemec_ReplicateLayout.replicate_layout 895:found match in dst footprint: 'C87'
07-02 15:38:07 com_github_MitjaNemec_ReplicateLayout.replicate_layout 990:Src text UUid:5866f801-5939-440c-995d-d1e6ba034c08
07-02 15:38:07 com_github_MitjaNemec_ReplicateLayout.replicate_layout 991:Dst text UUid:50c7ec7d-005a-44b6-a84e-f35b83a6f6b0
07-02 15:38:07 com_github_MitjaNemec_ReplicateLayout.replicate_layout 990:Src text UUid:d4e8b430-7cac-44aa-b6e9-c6ee8408934a
07-02 15:38:07 com_github_MitjaNemec_ReplicateLayout.replicate_layout 991:Dst text UUid:0e27cf31-22a5-4fba-a51f-64a1a3d24916
07-02 15:38:07 com_github_MitjaNemec_ReplicateLayout.replicate_layout 990:Src text UUid:7c34195a-1065-404d-9209-7179aa9c58f5
07-02 15:38:07 com_github_MitjaNemec_ReplicateLayout.replicate_layout 991:Dst text UUid:c8632d31-769b-4fa5-9593-9c0ba0c64b89
07-02 15:38:07 com_github_MitjaNemec_ReplicateLayout.replicate_layout 888:Replicating footprint: 'L4'
07-02 15:38:07 com_github_MitjaNemec_ReplicateLayout.replicate_layout 835:Src fp.id: '0CB007D7-F92B-4C85-BE61-93E39738925F'
07-02 15:38:07 com_github_MitjaNemec_ReplicateLayout.replicate_layout 839:Dst fp.id: '0CB007D7-F92B-4C85-BE61-93E39738925F'
07-02 15:38:07 com_github_MitjaNemec_ReplicateLayout.replicate_layout 895:found match in dst footprint: 'L6'
07-02 15:38:07 com_github_MitjaNemec_ReplicateLayout.replicate_layout 990:Src text UUid:938b4373-924b-45ff-a2df-4d4d9aba9a74
07-02 15:38:07 com_github_MitjaNemec_ReplicateLayout.replicate_layout 991:Dst text UUid:33279166-b41e-4e77-9d1d-a4a8d46ab9da
07-02 15:38:07 com_github_MitjaNemec_ReplicateLayout.replicate_layout 990:Src text UUid:7b37bb8c-f0c1-4b38-a39d-ee68d869ba0a
07-02 15:38:07 com_github_MitjaNemec_ReplicateLayout.replicate_layout 991:Dst text UUid:e8742a1b-a500-4b8e-abb8-86c10f4a8dcc
07-02 15:38:07 com_github_MitjaNemec_ReplicateLayout.replicate_layout 990:Src text UUid:077142a5-8378-4798-b0cb-b99c232e4fae
07-02 15:38:07 com_github_MitjaNemec_ReplicateLayout.replicate_layout 991:Dst text UUid:472ceaef-2af6-4cad-82e7-e4ad0bee387a
07-02 15:38:07 com_github_MitjaNemec_ReplicateLayout.replicate_layout 888:Replicating footprint: 'C67'
07-02 15:38:07 com_github_MitjaNemec_ReplicateLayout.replicate_layout 835:Src fp.id: '02674D4B-520D-4017-A3A9-775429FEB775'
07-02 15:38:07 com_github_MitjaNemec_ReplicateLayout.replicate_layout 839:Dst fp.id: '02674D4B-520D-4017-A3A9-775429FEB775'
07-02 15:38:07 com_github_MitjaNemec_ReplicateLayout.replicate_layout 895:found match in dst footprint: 'C89'
07-02 15:38:07 com_github_MitjaNemec_ReplicateLayout.replicate_layout 990:Src text UUid:e3d9b5e6-0c56-4e3b-97db-2bd417d9697b
07-02 15:38:07 com_github_MitjaNemec_ReplicateLayout.replicate_layout 991:Dst text UUid:fa03588f-ef81-4c4e-8710-445509c00f67
07-02 15:38:07 com_github_MitjaNemec_ReplicateLayout.replicate_layout 990:Src text UUid:8c1ddb9e-ab0f-40e1-b028-a7d5302ce1d5
07-02 15:38:07 com_github_MitjaNemec_ReplicateLayout.replicate_layout 991:Dst text UUid:138de084-6b7c-489a-b9c4-338a83e5584f
07-02 15:38:07 com_github_MitjaNemec_ReplicateLayout.replicate_layout 990:Src text UUid:1885db56-6028-487d-a0d9-a65781d38b95
07-02 15:38:07 com_github_MitjaNemec_ReplicateLayout.replicate_layout 991:Dst text UUid:87e37323-879b-4220-af95-7f11813183d3
07-02 15:38:07 root 345:updating GUI with: 66
07-02 15:38:07 com_github_MitjaNemec_ReplicateLayout.replicate_layout 870:Replicating footprints on sheet ['MPPT IC', '-Y_MPPT']
07-02 15:38:07 com_github_MitjaNemec_ReplicateLayout.replicate_layout 835:Src fp.id: '48CEDCFC-21C4-464F-8A7B-74921246DDBC'
07-02 15:38:07 com_github_MitjaNemec_ReplicateLayout.replicate_layout 839:Dst fp.id: '48CEDCFC-21C4-464F-8A7B-74921246DDBC'
07-02 15:38:07 com_github_MitjaNemec_ReplicateLayout.replicate_layout 888:Replicating footprint: 'C59'
07-02 15:38:07 com_github_MitjaNemec_ReplicateLayout.replicate_layout 835:Src fp.id: '4BDA7EE7-78F1-4F4E-87AC-2D440183B8A9'
07-02 15:38:07 com_github_MitjaNemec_ReplicateLayout.replicate_layout 839:Dst fp.id: '4BDA7EE7-78F1-4F4E-87AC-2D440183B8A9'
07-02 15:38:07 com_github_MitjaNemec_ReplicateLayout.replicate_layout 895:found match in dst footprint: 'C92'
07-02 15:38:07 com_github_MitjaNemec_ReplicateLayout.replicate_layout 990:Src text UUid:bc3bd028-9c6a-494e-a2d7-8573dd2beeeb
07-02 15:38:07 com_github_MitjaNemec_ReplicateLayout.replicate_layout 991:Dst text UUid:a4c16aa6-2892-4cb2-8f27-5b57cdd89e8d
07-02 15:38:07 com_github_MitjaNemec_ReplicateLayout.replicate_layout 990:Src text UUid:89218a59-2fad-4308-8764-898fe3736545
07-02 15:38:07 com_github_MitjaNemec_ReplicateLayout.replicate_layout 991:Dst text UUid:78741ad0-d83f-42a9-bf3e-019127ffe241
07-02 15:38:07 com_github_MitjaNemec_ReplicateLayout.replicate_layout 990:Src text UUid:315fe721-08a9-409f-b18a-62fb2e61d509
07-02 15:38:07 com_github_MitjaNemec_ReplicateLayout.replicate_layout 991:Dst text UUid:e998925e-7a43-43a5-95e1-f1ef8f199413
07-02 15:38:07 com_github_MitjaNemec_ReplicateLayout.replicate_layout 888:Replicating footprint: 'C58'
07-02 15:38:07 com_github_MitjaNemec_ReplicateLayout.replicate_layout 835:Src fp.id: '83D7904D-503D-4D89-8B5D-FC8CAC97CEEF'
07-02 15:38:07 com_github_MitjaNemec_ReplicateLayout.replicate_layout 839:Dst fp.id: '83D7904D-503D-4D89-8B5D-FC8CAC97CEEF'
07-02 15:38:07 com_github_MitjaNemec_ReplicateLayout.replicate_layout 895:found match in dst footprint: 'C91'
07-02 15:38:07 com_github_MitjaNemec_ReplicateLayout.replicate_layout 990:Src text UUid:6cc4dd9a-4162-443d-ae1f-5b0dde829a12
07-02 15:38:07 com_github_MitjaNemec_ReplicateLayout.replicate_layout 991:Dst text UUid:6b352339-8fed-40c9-935f-5295388169e3
07-02 15:38:07 com_github_MitjaNemec_ReplicateLayout.replicate_layout 990:Src text UUid:04cecc36-e1c1-4805-ac0e-752f693c23c2
07-02 15:38:07 com_github_MitjaNemec_ReplicateLayout.replicate_layout 991:Dst text UUid:e836f257-5a11-40f5-9db3-70bcf45aca94
07-02 15:38:07 com_github_MitjaNemec_ReplicateLayout.replicate_layout 990:Src text UUid:372cb0be-bf11-423f-95ec-8fc7e670f519
07-02 15:38:07 com_github_MitjaNemec_ReplicateLayout.replicate_layout 991:Dst text UUid:3b6c73df-6bfe-4745-a50c-bdc39fad0719
07-02 15:38:07 com_github_MitjaNemec_ReplicateLayout.replicate_layout 888:Replicating footprint: 'C57'
07-02 15:38:07 com_github_MitjaNemec_ReplicateLayout.replicate_layout 835:Src fp.id: '4C89FF9D-DDA7-4CD0-AC2C-771F9E5CABFC'
07-02 15:38:07 com_github_MitjaNemec_ReplicateLayout.replicate_layout 839:Dst fp.id: '4C89FF9D-DDA7-4CD0-AC2C-771F9E5CABFC'
07-02 15:38:07 com_github_MitjaNemec_ReplicateLayout.replicate_layout 895:found match in dst footprint: 'C90'
07-02 15:38:07 com_github_MitjaNemec_ReplicateLayout.replicate_layout 990:Src text UUid:c613d06c-6d07-42ad-84e8-900c9a39c7b6
07-02 15:38:07 com_github_MitjaNemec_ReplicateLayout.replicate_layout 991:Dst text UUid:16f6f3d3-9228-4669-87b2-d8873e620dfc
07-02 15:38:07 com_github_MitjaNemec_ReplicateLayout.replicate_layout 990:Src text UUid:41522de4-d42b-4def-b0da-fbb9969136e3
07-02 15:38:07 com_github_MitjaNemec_ReplicateLayout.replicate_layout 991:Dst text UUid:e7416eaf-eb25-405f-88ca-fcd3d3ddb335
07-02 15:38:07 com_github_MitjaNemec_ReplicateLayout.replicate_layout 990:Src text UUid:fc4d7e8d-544d-4ed9-9887-0efbf8804443
07-02 15:38:07 com_github_MitjaNemec_ReplicateLayout.replicate_layout 991:Dst text UUid:5fcb9d39-f2b3-46a1-996d-632d83047b86
07-02 15:38:07 com_github_MitjaNemec_ReplicateLayout.replicate_layout 888:Replicating footprint: 'C62'
07-02 15:38:07 com_github_MitjaNemec_ReplicateLayout.replicate_layout 835:Src fp.id: 'D7084FC3-3919-4563-8878-FA9DCA53A9C8'
07-02 15:38:07 com_github_MitjaNemec_ReplicateLayout.replicate_layout 839:Dst fp.id: 'D7084FC3-3919-4563-8878-FA9DCA53A9C8'
07-02 15:38:07 com_github_MitjaNemec_ReplicateLayout.replicate_layout 895:found match in dst footprint: 'C95'
07-02 15:38:07 com_github_MitjaNemec_ReplicateLayout.replicate_layout 990:Src text UUid:0a1a5d9a-c8d7-410c-adc7-a4973e5f8f89
07-02 15:38:07 com_github_MitjaNemec_ReplicateLayout.replicate_layout 991:Dst text UUid:58027abe-23c6-4b89-b4c9-c662f2a51c00
07-02 15:38:07 com_github_MitjaNemec_ReplicateLayout.replicate_layout 990:Src text UUid:d2ebb3fc-b924-4a34-af5c-c7a816d90063
07-02 15:38:07 com_github_MitjaNemec_ReplicateLayout.replicate_layout 991:Dst text UUid:49e3e1b8-fd14-44ab-8078-d6cd35aa84cb
07-02 15:38:07 com_github_MitjaNemec_ReplicateLayout.replicate_layout 990:Src text UUid:b1794707-19de-41b8-8467-097aadc4257f
07-02 15:38:07 com_github_MitjaNemec_ReplicateLayout.replicate_layout 991:Dst text UUid:6ee76142-a57a-45f7-a657-c76b9d14c9c7
07-02 15:38:07 com_github_MitjaNemec_ReplicateLayout.replicate_layout 888:Replicating footprint: 'C60'
07-02 15:38:07 com_github_MitjaNemec_ReplicateLayout.replicate_layout 835:Src fp.id: '0191AA17-DEB4-41CA-A56F-0AEB5115BA6A'
07-02 15:38:07 com_github_MitjaNemec_ReplicateLayout.replicate_layout 839:Dst fp.id: '0191AA17-DEB4-41CA-A56F-0AEB5115BA6A'
07-02 15:38:07 com_github_MitjaNemec_ReplicateLayout.replicate_layout 895:found match in dst footprint: 'C93'
07-02 15:38:07 com_github_MitjaNemec_ReplicateLayout.replicate_layout 990:Src text UUid:8d90a09e-3935-4161-b7fe-19de1f62b5b4
07-02 15:38:07 com_github_MitjaNemec_ReplicateLayout.replicate_layout 991:Dst text UUid:ef20432c-f2d7-4dca-9973-2bea637475de
07-02 15:38:07 com_github_MitjaNemec_ReplicateLayout.replicate_layout 990:Src text UUid:200a805a-5157-4bdd-b93d-cf26af163d44
07-02 15:38:07 com_github_MitjaNemec_ReplicateLayout.replicate_layout 991:Dst text UUid:c513dd68-5f93-4e62-b099-505afbf8130c
07-02 15:38:07 com_github_MitjaNemec_ReplicateLayout.replicate_layout 990:Src text UUid:c2cdb0ef-1fc8-4a65-93d0-0a2bde882537
07-02 15:38:07 com_github_MitjaNemec_ReplicateLayout.replicate_layout 991:Dst text UUid:39f87b20-0b9a-4698-a5bd-1d7edbf0aee4
07-02 15:38:07 com_github_MitjaNemec_ReplicateLayout.replicate_layout 888:Replicating footprint: 'C66'
07-02 15:38:07 com_github_MitjaNemec_ReplicateLayout.replicate_layout 835:Src fp.id: '02AAF84F-870F-4C3D-8FC2-AA5D8FF45463'
07-02 15:38:07 com_github_MitjaNemec_ReplicateLayout.replicate_layout 839:Dst fp.id: '02AAF84F-870F-4C3D-8FC2-AA5D8FF45463'
07-02 15:38:07 com_github_MitjaNemec_ReplicateLayout.replicate_layout 895:found match in dst footprint: 'C99'
07-02 15:38:07 com_github_MitjaNemec_ReplicateLayout.replicate_layout 990:Src text UUid:8b18dcb1-2aa9-43d5-9e8b-fe810688d8f2
07-02 15:38:07 com_github_MitjaNemec_ReplicateLayout.replicate_layout 991:Dst text UUid:6bcded0b-14a1-4a36-80d1-fb813c0c2ca9
07-02 15:38:07 com_github_MitjaNemec_ReplicateLayout.replicate_layout 990:Src text UUid:64fe11b9-f752-42d7-84fd-baeb48f26aa1
07-02 15:38:07 com_github_MitjaNemec_ReplicateLayout.replicate_layout 991:Dst text UUid:ee7cbbab-5353-4b60-852c-33929f13c0f9
07-02 15:38:07 com_github_MitjaNemec_ReplicateLayout.replicate_layout 990:Src text UUid:73d7b6dc-d372-4bce-ab53-9c2cea53f9d8
07-02 15:38:07 com_github_MitjaNemec_ReplicateLayout.replicate_layout 991:Dst text UUid:35124aa3-c39c-4188-bd2c-88d8ba7c0ee1
07-02 15:38:07 com_github_MitjaNemec_ReplicateLayout.replicate_layout 888:Replicating footprint: 'R82'
07-02 15:38:07 com_github_MitjaNemec_ReplicateLayout.replicate_layout 835:Src fp.id: '8B826E3E-B6E0-4DEC-92A3-39C3FA537AA5'
07-02 15:38:07 com_github_MitjaNemec_ReplicateLayout.replicate_layout 839:Dst fp.id: '8B826E3E-B6E0-4DEC-92A3-39C3FA537AA5'
07-02 15:38:07 com_github_MitjaNemec_ReplicateLayout.replicate_layout 895:found match in dst footprint: 'R106'
07-02 15:38:07 com_github_MitjaNemec_ReplicateLayout.replicate_layout 990:Src text UUid:09b2a5ec-9380-4cce-81ee-2189ce6c245c
07-02 15:38:07 com_github_MitjaNemec_ReplicateLayout.replicate_layout 991:Dst text UUid:397a420b-706a-4f73-96b7-05a93dfd4b0a
07-02 15:38:07 com_github_MitjaNemec_ReplicateLayout.replicate_layout 990:Src text UUid:57deb276-8cda-46e5-ba0c-14b63b5f38a2
07-02 15:38:07 com_github_MitjaNemec_ReplicateLayout.replicate_layout 991:Dst text UUid:323b448a-f8e7-4f3b-a73a-4ba42d8e5424
07-02 15:38:07 com_github_MitjaNemec_ReplicateLayout.replicate_layout 990:Src text UUid:bafe5f71-70a5-454d-9296-b6a3973906ab
07-02 15:38:07 com_github_MitjaNemec_ReplicateLayout.replicate_layout 991:Dst text UUid:ea8926f4-0858-49e9-aa4f-24be3eafd32f
07-02 15:38:07 com_github_MitjaNemec_ReplicateLayout.replicate_layout 888:Replicating footprint: 'R79'
07-02 15:38:07 com_github_MitjaNemec_ReplicateLayout.replicate_layout 835:Src fp.id: '06D2E404-1EB3-456F-9E47-9F02907114B1'
07-02 15:38:07 com_github_MitjaNemec_ReplicateLayout.replicate_layout 839:Dst fp.id: '06D2E404-1EB3-456F-9E47-9F02907114B1'
07-02 15:38:07 com_github_MitjaNemec_ReplicateLayout.replicate_layout 895:found match in dst footprint: 'R103'
07-02 15:38:07 com_github_MitjaNemec_ReplicateLayout.replicate_layout 990:Src text UUid:54f5bef0-6ed7-48e0-8124-8104ede96575
07-02 15:38:07 com_github_MitjaNemec_ReplicateLayout.replicate_layout 991:Dst text UUid:28c98ca2-ec2e-4c06-9ed4-85e044f86e93
07-02 15:38:07 com_github_MitjaNemec_ReplicateLayout.replicate_layout 990:Src text UUid:81a6082c-582e-450a-9f09-667610ca50ee
07-02 15:38:07 com_github_MitjaNemec_ReplicateLayout.replicate_layout 991:Dst text UUid:2438eb6b-0179-475a-a6ee-4b9660b0a0d8
07-02 15:38:07 com_github_MitjaNemec_ReplicateLayout.replicate_layout 990:Src text UUid:71594653-9428-40bb-b2fc-f8b5731a907a
07-02 15:38:07 com_github_MitjaNemec_ReplicateLayout.replicate_layout 991:Dst text UUid:2facc3d6-6fec-4485-ace0-45ad8d3d0d11
07-02 15:38:07 com_github_MitjaNemec_ReplicateLayout.replicate_layout 888:Replicating footprint: 'R84'
07-02 15:38:07 com_github_MitjaNemec_ReplicateLayout.replicate_layout 835:Src fp.id: '8D89FA90-A82F-4FF5-84C1-1F1088DA0F1A'
07-02 15:38:07 com_github_MitjaNemec_ReplicateLayout.replicate_layout 839:Dst fp.id: '8D89FA90-A82F-4FF5-84C1-1F1088DA0F1A'
07-02 15:38:07 com_github_MitjaNemec_ReplicateLayout.replicate_layout 895:found match in dst footprint: 'R108'
07-02 15:38:07 com_github_MitjaNemec_ReplicateLayout.replicate_layout 990:Src text UUid:e4cd63cc-86c7-417a-9182-8647a74a3e16
07-02 15:38:07 com_github_MitjaNemec_ReplicateLayout.replicate_layout 991:Dst text UUid:f856528e-89f0-47bc-bdb1-68cb859f0863
07-02 15:38:07 com_github_MitjaNemec_ReplicateLayout.replicate_layout 990:Src text UUid:18428d4f-6567-4b2d-9605-43add9ed8037
07-02 15:38:07 com_github_MitjaNemec_ReplicateLayout.replicate_layout 991:Dst text UUid:d1e362e7-abcd-40e1-ad15-fa4a8b80b54e
07-02 15:38:07 com_github_MitjaNemec_ReplicateLayout.replicate_layout 990:Src text UUid:6ddd33aa-bb85-44c1-9e1e-f3006e640c17
07-02 15:38:07 com_github_MitjaNemec_ReplicateLayout.replicate_layout 991:Dst text UUid:f54e59a7-941b-401d-a51c-73df6e2a0da3
07-02 15:38:07 com_github_MitjaNemec_ReplicateLayout.replicate_layout 888:Replicating footprint: 'C63'
07-02 15:38:07 com_github_MitjaNemec_ReplicateLayout.replicate_layout 835:Src fp.id: 'C56F2BF8-659A-436F-ADA4-21C9098DB660'
07-02 15:38:07 com_github_MitjaNemec_ReplicateLayout.replicate_layout 839:Dst fp.id: 'C56F2BF8-659A-436F-ADA4-21C9098DB660'
07-02 15:38:07 com_github_MitjaNemec_ReplicateLayout.replicate_layout 895:found match in dst footprint: 'C96'
07-02 15:38:07 com_github_MitjaNemec_ReplicateLayout.replicate_layout 990:Src text UUid:dceb274a-564b-45e6-9f73-dd7cfd36bfcd
07-02 15:38:07 com_github_MitjaNemec_ReplicateLayout.replicate_layout 991:Dst text UUid:cc6a922c-f345-45ff-a798-c1947fb0b453
07-02 15:38:07 com_github_MitjaNemec_ReplicateLayout.replicate_layout 990:Src text UUid:d30fc0f3-8a1a-4700-ad19-9eb6ce1b4ebf
07-02 15:38:07 com_github_MitjaNemec_ReplicateLayout.replicate_layout 991:Dst text UUid:7c6dcd92-9640-4dc0-aa32-268510260840
07-02 15:38:07 com_github_MitjaNemec_ReplicateLayout.replicate_layout 990:Src text UUid:46396cd6-49ce-4270-b44a-4782643e245d
07-02 15:38:07 com_github_MitjaNemec_ReplicateLayout.replicate_layout 991:Dst text UUid:aaca768f-3214-47b1-a4ca-16707dca69a9
07-02 15:38:07 com_github_MitjaNemec_ReplicateLayout.replicate_layout 888:Replicating footprint: 'R83'
07-02 15:38:07 com_github_MitjaNemec_ReplicateLayout.replicate_layout 835:Src fp.id: '52D21372-9A4B-4344-A28D-93C48AD312B6'
07-02 15:38:07 com_github_MitjaNemec_ReplicateLayout.replicate_layout 839:Dst fp.id: '52D21372-9A4B-4344-A28D-93C48AD312B6'
07-02 15:38:07 com_github_MitjaNemec_ReplicateLayout.replicate_layout 895:found match in dst footprint: 'R107'
07-02 15:38:07 com_github_MitjaNemec_ReplicateLayout.replicate_layout 990:Src text UUid:e84807f0-b986-4bff-a6f1-11b7ca0b7170
07-02 15:38:07 com_github_MitjaNemec_ReplicateLayout.replicate_layout 991:Dst text UUid:10cc4c35-71e3-4e70-a9d8-6a508649d93a
07-02 15:38:07 com_github_MitjaNemec_ReplicateLayout.replicate_layout 990:Src text UUid:1687f560-d892-456d-ae98-ed1c54e0e603
07-02 15:38:07 com_github_MitjaNemec_ReplicateLayout.replicate_layout 991:Dst text UUid:1bcdb95c-9be5-474a-93d6-e8f15904a5b3
07-02 15:38:07 com_github_MitjaNemec_ReplicateLayout.replicate_layout 990:Src text UUid:8b923395-5bbd-40a0-ad90-b6ea9386e8b8
07-02 15:38:07 com_github_MitjaNemec_ReplicateLayout.replicate_layout 991:Dst text UUid:91aa70ed-1092-4960-bf0f-e2c09d80306b
07-02 15:38:07 com_github_MitjaNemec_ReplicateLayout.replicate_layout 888:Replicating footprint: 'U15'
07-02 15:38:07 com_github_MitjaNemec_ReplicateLayout.replicate_layout 835:Src fp.id: '48CEDCFC-21C4-464F-8A7B-74921246DDBC'
07-02 15:38:07 com_github_MitjaNemec_ReplicateLayout.replicate_layout 839:Dst fp.id: '48CEDCFC-21C4-464F-8A7B-74921246DDBC'
07-02 15:38:07 com_github_MitjaNemec_ReplicateLayout.replicate_layout 895:found match in dst footprint: 'U18'
07-02 15:38:07 com_github_MitjaNemec_ReplicateLayout.replicate_layout 990:Src text UUid:2443dba1-96e3-4ebe-9e39-7ca1cb668b54
07-02 15:38:07 com_github_MitjaNemec_ReplicateLayout.replicate_layout 991:Dst text UUid:018b09ff-4e3c-4be3-9b90-e3c8f7921a55
07-02 15:38:07 com_github_MitjaNemec_ReplicateLayout.replicate_layout 990:Src text UUid:dc95cb1d-6826-4b9e-8a55-ea2a16473aed
07-02 15:38:07 com_github_MitjaNemec_ReplicateLayout.replicate_layout 991:Dst text UUid:d69b1f45-2dd4-4da9-9fb5-ffbf238a5b64
07-02 15:38:07 com_github_MitjaNemec_ReplicateLayout.replicate_layout 990:Src text UUid:fa76d74c-4470-4ba9-b651-e6b3f9775047
07-02 15:38:07 com_github_MitjaNemec_ReplicateLayout.replicate_layout 991:Dst text UUid:c04a089d-adc2-4b68-8e70-a5966cd78ba7
07-02 15:38:07 com_github_MitjaNemec_ReplicateLayout.replicate_layout 888:Replicating footprint: 'R80'
07-02 15:38:07 com_github_MitjaNemec_ReplicateLayout.replicate_layout 835:Src fp.id: '1F9D1E5D-A117-4453-A7EE-8ACE3DB99717'
07-02 15:38:07 com_github_MitjaNemec_ReplicateLayout.replicate_layout 839:Dst fp.id: '1F9D1E5D-A117-4453-A7EE-8ACE3DB99717'
07-02 15:38:07 com_github_MitjaNemec_ReplicateLayout.replicate_layout 895:found match in dst footprint: 'R104'
07-02 15:38:07 com_github_MitjaNemec_ReplicateLayout.replicate_layout 990:Src text UUid:b2aaf9e0-ef52-4326-965f-8c01fb45d7cb
07-02 15:38:07 com_github_MitjaNemec_ReplicateLayout.replicate_layout 991:Dst text UUid:8992c374-3c46-4cda-89bf-e32933fa78ca
07-02 15:38:07 com_github_MitjaNemec_ReplicateLayout.replicate_layout 990:Src text UUid:1a3c2c0e-03b6-4fab-af4a-ff46bf2a7c40
07-02 15:38:07 com_github_MitjaNemec_ReplicateLayout.replicate_layout 991:Dst text UUid:6051aba8-6728-4811-b054-78738f718d9d
07-02 15:38:07 com_github_MitjaNemec_ReplicateLayout.replicate_layout 990:Src text UUid:b221b28d-a908-4ed1-b9a3-b003e982a0d2
07-02 15:38:07 com_github_MitjaNemec_ReplicateLayout.replicate_layout 991:Dst text UUid:3485f2d2-42ca-4e75-aff7-ab4dfc45d430
07-02 15:38:07 com_github_MitjaNemec_ReplicateLayout.replicate_layout 888:Replicating footprint: 'R85'
07-02 15:38:07 com_github_MitjaNemec_ReplicateLayout.replicate_layout 835:Src fp.id: 'F68EA887-6B9E-4AAC-AC70-5450AD2F709E'
07-02 15:38:07 com_github_MitjaNemec_ReplicateLayout.replicate_layout 839:Dst fp.id: 'F68EA887-6B9E-4AAC-AC70-5450AD2F709E'
07-02 15:38:07 com_github_MitjaNemec_ReplicateLayout.replicate_layout 895:found match in dst footprint: 'R109'
07-02 15:38:07 com_github_MitjaNemec_ReplicateLayout.replicate_layout 990:Src text UUid:6d36e1e1-ec8b-4510-8742-cad1e13fb73f
07-02 15:38:07 com_github_MitjaNemec_ReplicateLayout.replicate_layout 991:Dst text UUid:dd907192-42ed-4371-8920-cc5e9e63a7e2
07-02 15:38:07 com_github_MitjaNemec_ReplicateLayout.replicate_layout 990:Src text UUid:aa25494d-bcab-4e16-848f-56cb8f32d436
07-02 15:38:07 com_github_MitjaNemec_ReplicateLayout.replicate_layout 991:Dst text UUid:2e1c9881-99c3-4021-b377-c18eafd3eff6
07-02 15:38:07 com_github_MitjaNemec_ReplicateLayout.replicate_layout 990:Src text UUid:2fbfad94-4c8c-4291-b5b2-5e1c9e250d4c
07-02 15:38:07 com_github_MitjaNemec_ReplicateLayout.replicate_layout 991:Dst text UUid:d60ddb6c-039c-418a-a3a1-6b350a6678bf
07-02 15:38:07 com_github_MitjaNemec_ReplicateLayout.replicate_layout 888:Replicating footprint: 'C61'
07-02 15:38:07 com_github_MitjaNemec_ReplicateLayout.replicate_layout 835:Src fp.id: 'C9B71148-6A15-450D-B193-0AA25D021813'
07-02 15:38:07 com_github_MitjaNemec_ReplicateLayout.replicate_layout 839:Dst fp.id: 'C9B71148-6A15-450D-B193-0AA25D021813'
07-02 15:38:07 com_github_MitjaNemec_ReplicateLayout.replicate_layout 895:found match in dst footprint: 'C94'
07-02 15:38:07 com_github_MitjaNemec_ReplicateLayout.replicate_layout 990:Src text UUid:e2d80a86-5410-4c35-ae2d-839e08823b8d
07-02 15:38:07 com_github_MitjaNemec_ReplicateLayout.replicate_layout 991:Dst text UUid:5b7dc5cb-7eaa-4d06-a29a-6ba887277498
07-02 15:38:07 com_github_MitjaNemec_ReplicateLayout.replicate_layout 990:Src text UUid:9d50f1ec-84e1-4133-9fcc-1c7552cb4c59
07-02 15:38:07 com_github_MitjaNemec_ReplicateLayout.replicate_layout 991:Dst text UUid:d1cc167b-5d78-481f-88c5-ff496f2cb17b
07-02 15:38:07 com_github_MitjaNemec_ReplicateLayout.replicate_layout 990:Src text UUid:7f7fcf10-629e-4312-8b1c-1271f65fb8a7
07-02 15:38:07 com_github_MitjaNemec_ReplicateLayout.replicate_layout 991:Dst text UUid:a7d7bb4e-a46d-4fdd-9593-9fb28090fd88
07-02 15:38:07 com_github_MitjaNemec_ReplicateLayout.replicate_layout 888:Replicating footprint: 'R81'
07-02 15:38:07 com_github_MitjaNemec_ReplicateLayout.replicate_layout 835:Src fp.id: 'CE3C7484-6753-4108-9037-5812442BE056'
07-02 15:38:07 com_github_MitjaNemec_ReplicateLayout.replicate_layout 839:Dst fp.id: 'CE3C7484-6753-4108-9037-5812442BE056'
07-02 15:38:07 com_github_MitjaNemec_ReplicateLayout.replicate_layout 895:found match in dst footprint: 'R105'
07-02 15:38:07 com_github_MitjaNemec_ReplicateLayout.replicate_layout 990:Src text UUid:332c714f-af54-4f96-a6e8-6ac3ca4df870
07-02 15:38:07 com_github_MitjaNemec_ReplicateLayout.replicate_layout 991:Dst text UUid:702812f4-42db-4550-aba7-16312a263307
07-02 15:38:07 com_github_MitjaNemec_ReplicateLayout.replicate_layout 990:Src text UUid:818a6ac4-684e-4393-8859-179299db9dd2
07-02 15:38:07 com_github_MitjaNemec_ReplicateLayout.replicate_layout 991:Dst text UUid:811416c9-e4ba-4d81-bc46-f319af909e46
07-02 15:38:07 com_github_MitjaNemec_ReplicateLayout.replicate_layout 990:Src text UUid:c92526f9-93b6-43f9-a4b5-c43afcf8ef58
07-02 15:38:07 com_github_MitjaNemec_ReplicateLayout.replicate_layout 991:Dst text UUid:74ed41e1-bb47-403c-af51-e1cefd952fd3
07-02 15:38:07 com_github_MitjaNemec_ReplicateLayout.replicate_layout 888:Replicating footprint: 'R78'
07-02 15:38:07 com_github_MitjaNemec_ReplicateLayout.replicate_layout 835:Src fp.id: '301F94B6-02F9-4E2D-9F0D-EEA91DE4EA53'
07-02 15:38:07 com_github_MitjaNemec_ReplicateLayout.replicate_layout 839:Dst fp.id: '301F94B6-02F9-4E2D-9F0D-EEA91DE4EA53'
07-02 15:38:07 com_github_MitjaNemec_ReplicateLayout.replicate_layout 895:found match in dst footprint: 'R102'
07-02 15:38:07 com_github_MitjaNemec_ReplicateLayout.replicate_layout 990:Src text UUid:0b75776c-b21f-4d7c-97e3-241066eff3be
07-02 15:38:07 com_github_MitjaNemec_ReplicateLayout.replicate_layout 991:Dst text UUid:c48737fe-4e5e-4fb9-9609-82f5d958b85c
07-02 15:38:07 com_github_MitjaNemec_ReplicateLayout.replicate_layout 990:Src text UUid:68d9d39c-0826-4be4-a675-ed538e6afdab
07-02 15:38:07 com_github_MitjaNemec_ReplicateLayout.replicate_layout 991:Dst text UUid:85a54808-725d-47b5-8d55-3954977fec35
07-02 15:38:07 com_github_MitjaNemec_ReplicateLayout.replicate_layout 990:Src text UUid:50847a4c-9819-497c-9a65-7562089dcf99
07-02 15:38:07 com_github_MitjaNemec_ReplicateLayout.replicate_layout 991:Dst text UUid:22d6781c-9051-4201-a2cc-c9fffd334ba8
07-02 15:38:07 com_github_MitjaNemec_ReplicateLayout.replicate_layout 888:Replicating footprint: 'D6'
07-02 15:38:07 com_github_MitjaNemec_ReplicateLayout.replicate_layout 835:Src fp.id: '68A9DA09-9942-4B54-823D-FED3D6BCD4DE'
07-02 15:38:07 com_github_MitjaNemec_ReplicateLayout.replicate_layout 839:Dst fp.id: '68A9DA09-9942-4B54-823D-FED3D6BCD4DE'
07-02 15:38:07 com_github_MitjaNemec_ReplicateLayout.replicate_layout 895:found match in dst footprint: 'D9'
07-02 15:38:07 com_github_MitjaNemec_ReplicateLayout.replicate_layout 990:Src text UUid:56e0bfb4-7f3a-47f4-9d5d-48bdcde381d0
07-02 15:38:07 com_github_MitjaNemec_ReplicateLayout.replicate_layout 991:Dst text UUid:398ca36b-a93a-4ddd-a653-0ef699208341
07-02 15:38:07 com_github_MitjaNemec_ReplicateLayout.replicate_layout 990:Src text UUid:e8c530e2-f065-4dcf-ba36-2cdd7c7b2a18
07-02 15:38:07 com_github_MitjaNemec_ReplicateLayout.replicate_layout 991:Dst text UUid:9a2b6705-46af-4658-b3ec-09cf8de19b2f
07-02 15:38:07 com_github_MitjaNemec_ReplicateLayout.replicate_layout 990:Src text UUid:9d70dbf9-1ebd-4596-b009-8759a297d04c
07-02 15:38:07 com_github_MitjaNemec_ReplicateLayout.replicate_layout 991:Dst text UUid:0d609f8c-1891-45e5-8529-28b054e627e2
07-02 15:38:07 com_github_MitjaNemec_ReplicateLayout.replicate_layout 888:Replicating footprint: 'C64'
07-02 15:38:07 com_github_MitjaNemec_ReplicateLayout.replicate_layout 835:Src fp.id: '25B1A1F8-DCAF-4674-979F-3AB2B6713A0B'
07-02 15:38:07 com_github_MitjaNemec_ReplicateLayout.replicate_layout 839:Dst fp.id: '25B1A1F8-DCAF-4674-979F-3AB2B6713A0B'
07-02 15:38:07 com_github_MitjaNemec_ReplicateLayout.replicate_layout 895:found match in dst footprint: 'C97'
07-02 15:38:07 com_github_MitjaNemec_ReplicateLayout.replicate_layout 990:Src text UUid:715ccbb9-72e2-44c0-8e50-4cb65c42e55c
07-02 15:38:07 com_github_MitjaNemec_ReplicateLayout.replicate_layout 991:Dst text UUid:aff28641-980c-4efb-bdfd-91a1ba6d426f
07-02 15:38:07 com_github_MitjaNemec_ReplicateLayout.replicate_layout 990:Src text UUid:02dcfd3f-a920-40e8-b881-42473452f631
07-02 15:38:07 com_github_MitjaNemec_ReplicateLayout.replicate_layout 991:Dst text UUid:a64749ae-b714-480e-bfa0-92d6a0f35f52
07-02 15:38:07 com_github_MitjaNemec_ReplicateLayout.replicate_layout 990:Src text UUid:649be960-ef6e-49cb-b419-2e96e28594cb
07-02 15:38:07 com_github_MitjaNemec_ReplicateLayout.replicate_layout 991:Dst text UUid:e9e84d0f-f74b-41b6-80da-b34afb5abbdb
07-02 15:38:07 com_github_MitjaNemec_ReplicateLayout.replicate_layout 888:Replicating footprint: 'Q9'
07-02 15:38:07 com_github_MitjaNemec_ReplicateLayout.replicate_layout 835:Src fp.id: '75EF19F4-9E53-43F0-A7D7-1A7BC56C485A'
07-02 15:38:07 com_github_MitjaNemec_ReplicateLayout.replicate_layout 839:Dst fp.id: '75EF19F4-9E53-43F0-A7D7-1A7BC56C485A'
07-02 15:38:07 com_github_MitjaNemec_ReplicateLayout.replicate_layout 895:found match in dst footprint: 'Q15'
07-02 15:38:07 com_github_MitjaNemec_ReplicateLayout.replicate_layout 990:Src text UUid:c5b13153-dc01-4fb5-974e-d3333442f71c
07-02 15:38:07 com_github_MitjaNemec_ReplicateLayout.replicate_layout 991:Dst text UUid:b8984509-74a7-4431-9d1c-815ee734ddfc
07-02 15:38:07 com_github_MitjaNemec_ReplicateLayout.replicate_layout 990:Src text UUid:9cf038ef-c730-4fb3-a4b0-41beac892305
07-02 15:38:07 com_github_MitjaNemec_ReplicateLayout.replicate_layout 991:Dst text UUid:d37ad90e-6a61-4e92-8944-6e915521dfb9
07-02 15:38:07 com_github_MitjaNemec_ReplicateLayout.replicate_layout 990:Src text UUid:9ab8574f-5875-4e29-8526-c957f1eedcc4
07-02 15:38:07 com_github_MitjaNemec_ReplicateLayout.replicate_layout 991:Dst text UUid:95dab6d2-3a8f-4264-878e-38bc2d58a650
07-02 15:38:07 com_github_MitjaNemec_ReplicateLayout.replicate_layout 888:Replicating footprint: 'Q8'
07-02 15:38:07 com_github_MitjaNemec_ReplicateLayout.replicate_layout 835:Src fp.id: '77C2F2CF-2667-4EB1-9206-FF633D7B66BC'
07-02 15:38:07 com_github_MitjaNemec_ReplicateLayout.replicate_layout 839:Dst fp.id: '77C2F2CF-2667-4EB1-9206-FF633D7B66BC'
07-02 15:38:07 com_github_MitjaNemec_ReplicateLayout.replicate_layout 895:found match in dst footprint: 'Q14'
07-02 15:38:07 com_github_MitjaNemec_ReplicateLayout.replicate_layout 990:Src text UUid:2d21fb47-9b13-4dda-8610-a936507efaf1
07-02 15:38:07 com_github_MitjaNemec_ReplicateLayout.replicate_layout 991:Dst text UUid:9876a103-82d6-41c0-9110-498b18a4353c
07-02 15:38:07 com_github_MitjaNemec_ReplicateLayout.replicate_layout 990:Src text UUid:2da79506-033f-4d95-8329-b268c4e32418
07-02 15:38:07 com_github_MitjaNemec_ReplicateLayout.replicate_layout 991:Dst text UUid:b7151be4-e2f9-47e5-8214-1cc0b8421cca
07-02 15:38:07 com_github_MitjaNemec_ReplicateLayout.replicate_layout 990:Src text UUid:290ea6b3-6699-4ed1-8e16-b17eae3292dc
07-02 15:38:07 com_github_MitjaNemec_ReplicateLayout.replicate_layout 991:Dst text UUid:91da62f7-b230-44a6-9593-e74b78a0d7c3
07-02 15:38:07 com_github_MitjaNemec_ReplicateLayout.replicate_layout 888:Replicating footprint: 'C65'
07-02 15:38:07 com_github_MitjaNemec_ReplicateLayout.replicate_layout 835:Src fp.id: '1775B3E2-B80B-42A8-B359-01D87B609694'
07-02 15:38:07 com_github_MitjaNemec_ReplicateLayout.replicate_layout 839:Dst fp.id: '1775B3E2-B80B-42A8-B359-01D87B609694'
07-02 15:38:07 com_github_MitjaNemec_ReplicateLayout.replicate_layout 895:found match in dst footprint: 'C98'
07-02 15:38:07 com_github_MitjaNemec_ReplicateLayout.replicate_layout 990:Src text UUid:5866f801-5939-440c-995d-d1e6ba034c08
07-02 15:38:07 com_github_MitjaNemec_ReplicateLayout.replicate_layout 991:Dst text UUid:6469da95-2696-4e3d-9f0a-2f3d00047d81
07-02 15:38:07 com_github_MitjaNemec_ReplicateLayout.replicate_layout 990:Src text UUid:d4e8b430-7cac-44aa-b6e9-c6ee8408934a
07-02 15:38:07 com_github_MitjaNemec_ReplicateLayout.replicate_layout 991:Dst text UUid:3a36a796-3390-492c-9a18-3e9d18b26b50
07-02 15:38:07 com_github_MitjaNemec_ReplicateLayout.replicate_layout 990:Src text UUid:7c34195a-1065-404d-9209-7179aa9c58f5
07-02 15:38:07 com_github_MitjaNemec_ReplicateLayout.replicate_layout 991:Dst text UUid:8052a13e-2253-4261-abd7-c8a629e1bd49
07-02 15:38:07 com_github_MitjaNemec_ReplicateLayout.replicate_layout 888:Replicating footprint: 'L4'
07-02 15:38:07 root 345:updating GUI with: 98
07-02 15:38:07 com_github_MitjaNemec_ReplicateLayout.replicate_layout 835:Src fp.id: '0CB007D7-F92B-4C85-BE61-93E39738925F'
07-02 15:38:07 com_github_MitjaNemec_ReplicateLayout.replicate_layout 839:Dst fp.id: '0CB007D7-F92B-4C85-BE61-93E39738925F'
07-02 15:38:07 com_github_MitjaNemec_ReplicateLayout.replicate_layout 895:found match in dst footprint: 'L7'
07-02 15:38:07 com_github_MitjaNemec_ReplicateLayout.replicate_layout 990:Src text UUid:938b4373-924b-45ff-a2df-4d4d9aba9a74
07-02 15:38:07 com_github_MitjaNemec_ReplicateLayout.replicate_layout 991:Dst text UUid:e637ac0c-0d3e-4d17-b38b-bc3a74415561
07-02 15:38:07 com_github_MitjaNemec_ReplicateLayout.replicate_layout 990:Src text UUid:7b37bb8c-f0c1-4b38-a39d-ee68d869ba0a
07-02 15:38:07 com_github_MitjaNemec_ReplicateLayout.replicate_layout 991:Dst text UUid:f0bac1ba-a713-45da-9c29-8aef69e2f2be
07-02 15:38:07 com_github_MitjaNemec_ReplicateLayout.replicate_layout 990:Src text UUid:077142a5-8378-4798-b0cb-b99c232e4fae
07-02 15:38:07 com_github_MitjaNemec_ReplicateLayout.replicate_layout 991:Dst text UUid:5764edab-fa67-44e2-bcd6-74cbc6448e60
07-02 15:38:07 com_github_MitjaNemec_ReplicateLayout.replicate_layout 888:Replicating footprint: 'C67'
07-02 15:38:07 com_github_MitjaNemec_ReplicateLayout.replicate_layout 835:Src fp.id: '02674D4B-520D-4017-A3A9-775429FEB775'
07-02 15:38:07 com_github_MitjaNemec_ReplicateLayout.replicate_layout 839:Dst fp.id: '02674D4B-520D-4017-A3A9-775429FEB775'
07-02 15:38:07 com_github_MitjaNemec_ReplicateLayout.replicate_layout 895:found match in dst footprint: 'C100'
07-02 15:38:07 com_github_MitjaNemec_ReplicateLayout.replicate_layout 990:Src text UUid:e3d9b5e6-0c56-4e3b-97db-2bd417d9697b
07-02 15:38:07 com_github_MitjaNemec_ReplicateLayout.replicate_layout 991:Dst text UUid:bade677d-5a49-4554-b09f-9ec182dbd6cf
07-02 15:38:07 com_github_MitjaNemec_ReplicateLayout.replicate_layout 990:Src text UUid:8c1ddb9e-ab0f-40e1-b028-a7d5302ce1d5
07-02 15:38:07 com_github_MitjaNemec_ReplicateLayout.replicate_layout 991:Dst text UUid:c95b3f7b-3983-4008-b0b5-001bd5e7c6e2
07-02 15:38:07 com_github_MitjaNemec_ReplicateLayout.replicate_layout 990:Src text UUid:1885db56-6028-487d-a0d9-a65781d38b95
07-02 15:38:07 com_github_MitjaNemec_ReplicateLayout.replicate_layout 991:Dst text UUid:539d2eb4-55ce-4f17-9de2-d764b2a5917f
07-02 15:38:07 root 340:updating GUI message: 'Replicating tracks'
07-02 15:38:07 com_github_MitjaNemec_ReplicateLayout.replicate_layout 1014:Replicating tracks
07-02 15:38:07 com_github_MitjaNemec_ReplicateLayout.replicate_layout 1020:Replicating tracks on sheet ['MPPT IC', '+Y_MPPT']
07-02 15:38:07 com_github_MitjaNemec_ReplicateLayout.replicate_layout 835:Src fp.id: '48CEDCFC-21C4-464F-8A7B-74921246DDBC'
07-02 15:38:07 com_github_MitjaNemec_ReplicateLayout.replicate_layout 839:Dst fp.id: '48CEDCFC-21C4-464F-8A7B-74921246DDBC'
07-02 15:38:07 com_github_MitjaNemec_ReplicateLayout.replicate_layout 776:Significant difference between src net: ['', 'T1'] and dst net: ['', 'T3'], with src_net_depth=2, dst_net_depth=2, src_fp_depth=2, dst_fp_depth=2, match level 0.75
07-02 15:38:07 com_github_MitjaNemec_ReplicateLayout.replicate_layout 776:Significant difference between src net: ['', '3.3V Logic', 'Solar_+X'] and dst net: ['', 'MPPT IC', 'SOLAR_+Y'], with src_net_depth=3, dst_net_depth=3, src_fp_depth=2, dst_fp_depth=2, match level 0.53
07-02 15:38:07 com_github_MitjaNemec_ReplicateLayout.replicate_layout 776:Significant difference between src net: ['', 'T1'] and dst net: ['', 'T3'], with src_net_depth=2, dst_net_depth=2, src_fp_depth=2, dst_fp_depth=2, match level 0.75
07-02 15:38:07 com_github_MitjaNemec_ReplicateLayout.replicate_layout 776:Significant difference between src net: ['', '3.3V Logic', 'Solar_+X'] and dst net: ['', 'MPPT IC', 'SOLAR_+Y'], with src_net_depth=3, dst_net_depth=3, src_fp_depth=2, dst_fp_depth=2, match level 0.53
07-02 15:38:07 com_github_MitjaNemec_ReplicateLayout.replicate_layout 776:Significant difference between src net: ['', '3.3V Logic', 'Solar_+X'] and dst net: ['', 'MPPT IC', 'SOLAR_+Y'], with src_net_depth=3, dst_net_depth=3, src_fp_depth=2, dst_fp_depth=2, match level 0.53
07-02 15:38:07 com_github_MitjaNemec_ReplicateLayout.replicate_layout 776:Significant difference between src net: ['', '3.3V Logic', 'Solar_+X'] and dst net: ['', 'MPPT IC', 'SOLAR_+Y'], with src_net_depth=3, dst_net_depth=3, src_fp_depth=2, dst_fp_depth=2, match level 0.53
07-02 15:38:07 com_github_MitjaNemec_ReplicateLayout.replicate_layout 776:Significant difference between src net: ['', '3.3V Logic', 'Solar_+X'] and dst net: ['', 'MPPT IC', 'SOLAR_+Y'], with src_net_depth=3, dst_net_depth=3, src_fp_depth=2, dst_fp_depth=2, match level 0.53
07-02 15:38:07 com_github_MitjaNemec_ReplicateLayout.replicate_layout 776:Significant difference between src net: ['', '3.3V Logic', 'Solar_+X'] and dst net: ['', 'MPPT IC', 'SOLAR_+Y'], with src_net_depth=3, dst_net_depth=3, src_fp_depth=2, dst_fp_depth=2, match level 0.53
07-02 15:38:07 com_github_MitjaNemec_ReplicateLayout.replicate_layout 776:Significant difference between src net: ['', '3.3V Logic', 'Solar_+X'] and dst net: ['', 'MPPT IC', 'SOLAR_+Y'], with src_net_depth=3, dst_net_depth=3, src_fp_depth=2, dst_fp_depth=2, match level 0.53
07-02 15:38:07 com_github_MitjaNemec_ReplicateLayout.replicate_layout 792:Net pairs for sheet ['MPPT IC', '+Y_MPPT'] :[('Net-(U15-CSP)', 'Net-(U16-CSP)'), ('Net-(C57-Pad1)', 'Net-(C68-Pad1)'), ('/I2C Mux/SDA_+X', '/I2C Mux/SDA_+Y'), ('/3.3V Logic/Solar_+X', '/MPPT IC/SOLAR_+Y'), ('/MPPT IC/+X_MPPT/VCC2P5_+X', '/MPPT IC/+Y_MPPT/VCC2P5_+X'), ('/MPPT IC/+X_MPPT/BATSENS', '/MPPT IC/+Y_MPPT/BATSENS'), ('Net-(U15-CLP)', 'Net-(U16-CLP)'), ('Net-(U15-SW)', 'Net-(U16-SW)'), ('GND', 'GND'), ('BATT', 'BATT'), ('/MPPT IC/+X_MPPT/IntVCC_+X', '/MPPT IC/+Y_MPPT/IntVCC_+X'), ('/3.3V and 5V Line/SYNC', '/3.3V and 5V Line/SYNC'), ('Net-(U15-NTCBIAS)', 'Net-(U16-NTCBIAS)'), ('/MPPT IC/!SMB_ALERT_+X', '/MPPT IC/!SMB_ALERT_+Y'), ('/MPPT IC/+X_MPPT/VOUT_+X', '/MPPT IC/+Y_MPPT/VOUT_+X'), ('Net-(U15-RT)', 'Net-(U16-RT)'), ('/T1', '/T3'), ('', ''), ('/I2C Mux/SCL_+X', '/I2C Mux/SCL_+Y'), ('+3.3V', '+3.3V'), ('Net-(Q8-G)', 'Net-(Q10-G)'), ('Net-(Q9-G)', 'Net-(Q11-G)'), ('Net-(U15-BOOST)', 'Net-(U16-BOOST)')]
07-02 15:38:07 root 345:updating GUI with: 20
07-02 15:38:07 com_github_MitjaNemec_ReplicateLayout.replicate_layout 1020:Replicating tracks on sheet ['MPPT IC', '-X_MPPT']
07-02 15:38:07 com_github_MitjaNemec_ReplicateLayout.replicate_layout 835:Src fp.id: '48CEDCFC-21C4-464F-8A7B-74921246DDBC'
07-02 15:38:07 com_github_MitjaNemec_ReplicateLayout.replicate_layout 839:Dst fp.id: '48CEDCFC-21C4-464F-8A7B-74921246DDBC'
07-02 15:38:07 com_github_MitjaNemec_ReplicateLayout.replicate_layout 776:Significant difference between src net: ['', 'T1'] and dst net: ['', 'T2'], with src_net_depth=2, dst_net_depth=2, src_fp_depth=2, dst_fp_depth=2, match level 0.75
07-02 15:38:07 com_github_MitjaNemec_ReplicateLayout.replicate_layout 776:Significant difference between src net: ['', '3.3V Logic', 'Solar_+X'] and dst net: ['', 'MPPT IC', 'SOLAR_-X'], with src_net_depth=3, dst_net_depth=3, src_fp_depth=2, dst_fp_depth=2, match level 0.53
07-02 15:38:07 com_github_MitjaNemec_ReplicateLayout.replicate_layout 776:Significant difference between src net: ['', 'T1'] and dst net: ['', 'T2'], with src_net_depth=2, dst_net_depth=2, src_fp_depth=2, dst_fp_depth=2, match level 0.75
07-02 15:38:07 com_github_MitjaNemec_ReplicateLayout.replicate_layout 776:Significant difference between src net: ['', '3.3V Logic', 'Solar_+X'] and dst net: ['', 'MPPT IC', 'SOLAR_-X'], with src_net_depth=3, dst_net_depth=3, src_fp_depth=2, dst_fp_depth=2, match level 0.53
07-02 15:38:07 com_github_MitjaNemec_ReplicateLayout.replicate_layout 776:Significant difference between src net: ['', '3.3V Logic', 'Solar_+X'] and dst net: ['', 'MPPT IC', 'SOLAR_-X'], with src_net_depth=3, dst_net_depth=3, src_fp_depth=2, dst_fp_depth=2, match level 0.53
07-02 15:38:07 com_github_MitjaNemec_ReplicateLayout.replicate_layout 776:Significant difference between src net: ['', '3.3V Logic', 'Solar_+X'] and dst net: ['', 'MPPT IC', 'SOLAR_-X'], with src_net_depth=3, dst_net_depth=3, src_fp_depth=2, dst_fp_depth=2, match level 0.53
07-02 15:38:07 com_github_MitjaNemec_ReplicateLayout.replicate_layout 776:Significant difference between src net: ['', '3.3V Logic', 'Solar_+X'] and dst net: ['', 'MPPT IC', 'SOLAR_-X'], with src_net_depth=3, dst_net_depth=3, src_fp_depth=2, dst_fp_depth=2, match level 0.53
07-02 15:38:07 com_github_MitjaNemec_ReplicateLayout.replicate_layout 776:Significant difference between src net: ['', '3.3V Logic', 'Solar_+X'] and dst net: ['', 'MPPT IC', 'SOLAR_-X'], with src_net_depth=3, dst_net_depth=3, src_fp_depth=2, dst_fp_depth=2, match level 0.53
07-02 15:38:07 com_github_MitjaNemec_ReplicateLayout.replicate_layout 776:Significant difference between src net: ['', '3.3V Logic', 'Solar_+X'] and dst net: ['', 'MPPT IC', 'SOLAR_-X'], with src_net_depth=3, dst_net_depth=3, src_fp_depth=2, dst_fp_depth=2, match level 0.53
07-02 15:38:07 com_github_MitjaNemec_ReplicateLayout.replicate_layout 792:Net pairs for sheet ['MPPT IC', '-X_MPPT'] :[('Net-(U15-RT)', 'Net-(U17-RT)'), ('/I2C Mux/SCL_+X', '/I2C Mux/SCL_-X'), ('/MPPT IC/+X_MPPT/VCC2P5_+X', '/MPPT IC/-X_MPPT/VCC2P5_+X'), ('Net-(U15-NTCBIAS)', 'Net-(U17-NTCBIAS)'), ('GND', 'GND'), ('Net-(U15-CLP)', 'Net-(U17-CLP)'), ('BATT', 'BATT'), ('/MPPT IC/+X_MPPT/IntVCC_+X', '/MPPT IC/-X_MPPT/IntVCC_+X'), ('/MPPT IC/+X_MPPT/VOUT_+X', '/MPPT IC/-X_MPPT/VOUT_+X'), ('Net-(U15-CSP)', 'Net-(U17-CSP)'), ('/I2C Mux/SDA_+X', '/I2C Mux/SDA_-X'), ('Net-(U15-BOOST)', 'Net-(U17-BOOST)'), ('/3.3V and 5V Line/SYNC', '/3.3V and 5V Line/SYNC'), ('/3.3V Logic/Solar_+X', '/MPPT IC/SOLAR_-X'), ('Net-(U15-SW)', 'Net-(U17-SW)'), ('', ''), ('+3.3V', '+3.3V'), ('/MPPT IC/+X_MPPT/BATSENS', '/MPPT IC/-X_MPPT/BATSENS'), ('Net-(Q9-G)', 'Net-(Q13-G)'), ('Net-(Q8-G)', 'Net-(Q12-G)'), ('Net-(C57-Pad1)', 'Net-(C79-Pad1)'), ('/MPPT IC/!SMB_ALERT_+X', '/MPPT IC/!SMB_ALERT_-X'), ('/T1', '/T2')]
07-02 15:38:07 com_github_MitjaNemec_ReplicateLayout.replicate_layout 1020:Replicating tracks on sheet ['MPPT IC', '-Y_MPPT']
07-02 15:38:07 com_github_MitjaNemec_ReplicateLayout.replicate_layout 835:Src fp.id: '48CEDCFC-21C4-464F-8A7B-74921246DDBC'
07-02 15:38:07 com_github_MitjaNemec_ReplicateLayout.replicate_layout 839:Dst fp.id: '48CEDCFC-21C4-464F-8A7B-74921246DDBC'
07-02 15:38:07 com_github_MitjaNemec_ReplicateLayout.replicate_layout 776:Significant difference between src net: ['', 'T1'] and dst net: ['', 'T4'], with src_net_depth=2, dst_net_depth=2, src_fp_depth=2, dst_fp_depth=2, match level 0.75
07-02 15:38:07 com_github_MitjaNemec_ReplicateLayout.replicate_layout 776:Significant difference between src net: ['', '3.3V Logic', 'Solar_+X'] and dst net: ['', 'MPPT IC', 'SOLAR_-Y'], with src_net_depth=3, dst_net_depth=3, src_fp_depth=2, dst_fp_depth=2, match level 0.49
07-02 15:38:07 com_github_MitjaNemec_ReplicateLayout.replicate_layout 776:Significant difference between src net: ['', 'T1'] and dst net: ['', 'T4'], with src_net_depth=2, dst_net_depth=2, src_fp_depth=2, dst_fp_depth=2, match level 0.75
07-02 15:38:07 com_github_MitjaNemec_ReplicateLayout.replicate_layout 776:Significant difference between src net: ['', '3.3V Logic', 'Solar_+X'] and dst net: ['', 'MPPT IC', 'SOLAR_-Y'], with src_net_depth=3, dst_net_depth=3, src_fp_depth=2, dst_fp_depth=2, match level 0.49
07-02 15:38:07 com_github_MitjaNemec_ReplicateLayout.replicate_layout 776:Significant difference between src net: ['', '3.3V Logic', 'Solar_+X'] and dst net: ['', 'MPPT IC', 'SOLAR_-Y'], with src_net_depth=3, dst_net_depth=3, src_fp_depth=2, dst_fp_depth=2, match level 0.49
07-02 15:38:07 com_github_MitjaNemec_ReplicateLayout.replicate_layout 776:Significant difference between src net: ['', '3.3V Logic', 'Solar_+X'] and dst net: ['', 'MPPT IC', 'SOLAR_-Y'], with src_net_depth=3, dst_net_depth=3, src_fp_depth=2, dst_fp_depth=2, match level 0.49
07-02 15:38:07 com_github_MitjaNemec_ReplicateLayout.replicate_layout 776:Significant difference between src net: ['', '3.3V Logic', 'Solar_+X'] and dst net: ['', 'MPPT IC', 'SOLAR_-Y'], with src_net_depth=3, dst_net_depth=3, src_fp_depth=2, dst_fp_depth=2, match level 0.49
07-02 15:38:07 com_github_MitjaNemec_ReplicateLayout.replicate_layout 776:Significant difference between src net: ['', '3.3V Logic', 'Solar_+X'] and dst net: ['', 'MPPT IC', 'SOLAR_-Y'], with src_net_depth=3, dst_net_depth=3, src_fp_depth=2, dst_fp_depth=2, match level 0.49
07-02 15:38:07 com_github_MitjaNemec_ReplicateLayout.replicate_layout 776:Significant difference between src net: ['', '3.3V Logic', 'Solar_+X'] and dst net: ['', 'MPPT IC', 'SOLAR_-Y'], with src_net_depth=3, dst_net_depth=3, src_fp_depth=2, dst_fp_depth=2, match level 0.49
07-02 15:38:07 com_github_MitjaNemec_ReplicateLayout.replicate_layout 792:Net pairs for sheet ['MPPT IC', '-Y_MPPT'] :[('Net-(U15-RT)', 'Net-(U18-RT)'), ('Net-(C57-Pad1)', 'Net-(C90-Pad1)'), ('Net-(U15-BOOST)', 'Net-(U18-BOOST)'), ('/MPPT IC/+X_MPPT/VCC2P5_+X', '/MPPT IC/-Y_MPPT/VCC2P5_+X'), ('/MPPT IC/+X_MPPT/IntVCC_+X', '/MPPT IC/-Y_MPPT/IntVCC_+X'), ('GND', 'GND'), ('Net-(Q8-G)', 'Net-(Q14-G)'), ('BATT', 'BATT'), ('/I2C Mux/SCL_+X', '/I2C Mux/SCL_-Y'), ('Net-(U15-CLP)', 'Net-(U18-CLP)'), ('Net-(Q9-G)', 'Net-(Q15-G)'), ('/3.3V and 5V Line/SYNC', '/3.3V and 5V Line/SYNC'), ('/I2C Mux/SDA_+X', '/I2C Mux/SDA_-Y'), ('Net-(U15-SW)', 'Net-(U18-SW)'), ('/MPPT IC/+X_MPPT/BATSENS', '/MPPT IC/-Y_MPPT/BATSENS'), ('Net-(U15-CSP)', 'Net-(U18-CSP)'), ('/3.3V Logic/Solar_+X', '/MPPT IC/SOLAR_-Y'), ('', ''), ('+3.3V', '+3.3V'), ('/MPPT IC/!SMB_ALERT_+X', '/MPPT IC/!SMB_ALERT_-Y'), ('/T1', '/T4'), ('/MPPT IC/+X_MPPT/VOUT_+X', '/MPPT IC/-Y_MPPT/VOUT_+X'), ('Net-(U15-NTCBIAS)', 'Net-(U18-NTCBIAS)')]
07-02 15:38:07 root 345:updating GUI with: 66
07-02 15:38:07 root 340:updating GUI message: 'Replicating zones'
07-02 15:38:07 com_github_MitjaNemec_ReplicateLayout.replicate_layout 1084:Replicating zones
07-02 15:38:07 com_github_MitjaNemec_ReplicateLayout.replicate_layout 1091:Replicating zones on sheet ['MPPT IC', '+Y_MPPT']
07-02 15:38:07 com_github_MitjaNemec_ReplicateLayout.replicate_layout 835:Src fp.id: '48CEDCFC-21C4-464F-8A7B-74921246DDBC'
07-02 15:38:07 com_github_MitjaNemec_ReplicateLayout.replicate_layout 839:Dst fp.id: '48CEDCFC-21C4-464F-8A7B-74921246DDBC'
07-02 15:38:07 com_github_MitjaNemec_ReplicateLayout.replicate_layout 776:Significant difference between src net: ['', 'T1'] and dst net: ['', 'T3'], with src_net_depth=2, dst_net_depth=2, src_fp_depth=2, dst_fp_depth=2, match level 0.75
07-02 15:38:07 com_github_MitjaNemec_ReplicateLayout.replicate_layout 776:Significant difference between src net: ['', '3.3V Logic', 'Solar_+X'] and dst net: ['', 'MPPT IC', 'SOLAR_+Y'], with src_net_depth=3, dst_net_depth=3, src_fp_depth=2, dst_fp_depth=2, match level 0.53
07-02 15:38:07 com_github_MitjaNemec_ReplicateLayout.replicate_layout 776:Significant difference between src net: ['', 'T1'] and dst net: ['', 'T3'], with src_net_depth=2, dst_net_depth=2, src_fp_depth=2, dst_fp_depth=2, match level 0.75
07-02 15:38:07 com_github_MitjaNemec_ReplicateLayout.replicate_layout 776:Significant difference between src net: ['', '3.3V Logic', 'Solar_+X'] and dst net: ['', 'MPPT IC', 'SOLAR_+Y'], with src_net_depth=3, dst_net_depth=3, src_fp_depth=2, dst_fp_depth=2, match level 0.53
07-02 15:38:07 com_github_MitjaNemec_ReplicateLayout.replicate_layout 776:Significant difference between src net: ['', '3.3V Logic', 'Solar_+X'] and dst net: ['', 'MPPT IC', 'SOLAR_+Y'], with src_net_depth=3, dst_net_depth=3, src_fp_depth=2, dst_fp_depth=2, match level 0.53
07-02 15:38:07 com_github_MitjaNemec_ReplicateLayout.replicate_layout 776:Significant difference between src net: ['', '3.3V Logic', 'Solar_+X'] and dst net: ['', 'MPPT IC', 'SOLAR_+Y'], with src_net_depth=3, dst_net_depth=3, src_fp_depth=2, dst_fp_depth=2, match level 0.53
07-02 15:38:07 com_github_MitjaNemec_ReplicateLayout.replicate_layout 776:Significant difference between src net: ['', '3.3V Logic', 'Solar_+X'] and dst net: ['', 'MPPT IC', 'SOLAR_+Y'], with src_net_depth=3, dst_net_depth=3, src_fp_depth=2, dst_fp_depth=2, match level 0.53
07-02 15:38:07 com_github_MitjaNemec_ReplicateLayout.replicate_layout 776:Significant difference between src net: ['', '3.3V Logic', 'Solar_+X'] and dst net: ['', 'MPPT IC', 'SOLAR_+Y'], with src_net_depth=3, dst_net_depth=3, src_fp_depth=2, dst_fp_depth=2, match level 0.53
07-02 15:38:07 com_github_MitjaNemec_ReplicateLayout.replicate_layout 776:Significant difference between src net: ['', '3.3V Logic', 'Solar_+X'] and dst net: ['', 'MPPT IC', 'SOLAR_+Y'], with src_net_depth=3, dst_net_depth=3, src_fp_depth=2, dst_fp_depth=2, match level 0.53
07-02 15:38:07 com_github_MitjaNemec_ReplicateLayout.replicate_layout 792:Net pairs for sheet ['MPPT IC', '+Y_MPPT'] :[('Net-(U15-CSP)', 'Net-(U16-CSP)'), ('Net-(C57-Pad1)', 'Net-(C68-Pad1)'), ('/I2C Mux/SDA_+X', '/I2C Mux/SDA_+Y'), ('/3.3V Logic/Solar_+X', '/MPPT IC/SOLAR_+Y'), ('/MPPT IC/+X_MPPT/VCC2P5_+X', '/MPPT IC/+Y_MPPT/VCC2P5_+X'), ('/MPPT IC/+X_MPPT/BATSENS', '/MPPT IC/+Y_MPPT/BATSENS'), ('Net-(U15-CLP)', 'Net-(U16-CLP)'), ('Net-(U15-SW)', 'Net-(U16-SW)'), ('GND', 'GND'), ('BATT', 'BATT'), ('/MPPT IC/+X_MPPT/IntVCC_+X', '/MPPT IC/+Y_MPPT/IntVCC_+X'), ('/3.3V and 5V Line/SYNC', '/3.3V and 5V Line/SYNC'), ('Net-(U15-NTCBIAS)', 'Net-(U16-NTCBIAS)'), ('/MPPT IC/!SMB_ALERT_+X', '/MPPT IC/!SMB_ALERT_+Y'), ('/MPPT IC/+X_MPPT/VOUT_+X', '/MPPT IC/+Y_MPPT/VOUT_+X'), ('Net-(U15-RT)', 'Net-(U16-RT)'), ('/T1', '/T3'), ('', ''), ('/I2C Mux/SCL_+X', '/I2C Mux/SCL_+Y'), ('+3.3V', '+3.3V'), ('Net-(Q8-G)', 'Net-(Q10-G)'), ('Net-(Q9-G)', 'Net-(Q11-G)'), ('Net-(U15-BOOST)', 'Net-(U16-BOOST)')]
07-02 15:38:07 root 345:updating GUI with: 2
07-02 15:38:07 com_github_MitjaNemec_ReplicateLayout.replicate_layout 1091:Replicating zones on sheet ['MPPT IC', '-X_MPPT']
07-02 15:38:07 com_github_MitjaNemec_ReplicateLayout.replicate_layout 835:Src fp.id: '48CEDCFC-21C4-464F-8A7B-74921246DDBC'
07-02 15:38:07 com_github_MitjaNemec_ReplicateLayout.replicate_layout 839:Dst fp.id: '48CEDCFC-21C4-464F-8A7B-74921246DDBC'
07-02 15:38:07 com_github_MitjaNemec_ReplicateLayout.replicate_layout 776:Significant difference between src net: ['', 'T1'] and dst net: ['', 'T2'], with src_net_depth=2, dst_net_depth=2, src_fp_depth=2, dst_fp_depth=2, match level 0.75
07-02 15:38:07 com_github_MitjaNemec_ReplicateLayout.replicate_layout 776:Significant difference between src net: ['', '3.3V Logic', 'Solar_+X'] and dst net: ['', 'MPPT IC', 'SOLAR_-X'], with src_net_depth=3, dst_net_depth=3, src_fp_depth=2, dst_fp_depth=2, match level 0.53
07-02 15:38:07 com_github_MitjaNemec_ReplicateLayout.replicate_layout 776:Significant difference between src net: ['', 'T1'] and dst net: ['', 'T2'], with src_net_depth=2, dst_net_depth=2, src_fp_depth=2, dst_fp_depth=2, match level 0.75
07-02 15:38:07 com_github_MitjaNemec_ReplicateLayout.replicate_layout 776:Significant difference between src net: ['', '3.3V Logic', 'Solar_+X'] and dst net: ['', 'MPPT IC', 'SOLAR_-X'], with src_net_depth=3, dst_net_depth=3, src_fp_depth=2, dst_fp_depth=2, match level 0.53
07-02 15:38:07 com_github_MitjaNemec_ReplicateLayout.replicate_layout 776:Significant difference between src net: ['', '3.3V Logic', 'Solar_+X'] and dst net: ['', 'MPPT IC', 'SOLAR_-X'], with src_net_depth=3, dst_net_depth=3, src_fp_depth=2, dst_fp_depth=2, match level 0.53
07-02 15:38:07 com_github_MitjaNemec_ReplicateLayout.replicate_layout 776:Significant difference between src net: ['', '3.3V Logic', 'Solar_+X'] and dst net: ['', 'MPPT IC', 'SOLAR_-X'], with src_net_depth=3, dst_net_depth=3, src_fp_depth=2, dst_fp_depth=2, match level 0.53
07-02 15:38:07 com_github_MitjaNemec_ReplicateLayout.replicate_layout 776:Significant difference between src net: ['', '3.3V Logic', 'Solar_+X'] and dst net: ['', 'MPPT IC', 'SOLAR_-X'], with src_net_depth=3, dst_net_depth=3, src_fp_depth=2, dst_fp_depth=2, match level 0.53
07-02 15:38:07 com_github_MitjaNemec_ReplicateLayout.replicate_layout 776:Significant difference between src net: ['', '3.3V Logic', 'Solar_+X'] and dst net: ['', 'MPPT IC', 'SOLAR_-X'], with src_net_depth=3, dst_net_depth=3, src_fp_depth=2, dst_fp_depth=2, match level 0.53
07-02 15:38:07 com_github_MitjaNemec_ReplicateLayout.replicate_layout 776:Significant difference between src net: ['', '3.3V Logic', 'Solar_+X'] and dst net: ['', 'MPPT IC', 'SOLAR_-X'], with src_net_depth=3, dst_net_depth=3, src_fp_depth=2, dst_fp_depth=2, match level 0.53
07-02 15:38:07 com_github_MitjaNemec_ReplicateLayout.replicate_layout 792:Net pairs for sheet ['MPPT IC', '-X_MPPT'] :[('Net-(U15-RT)', 'Net-(U17-RT)'), ('/I2C Mux/SCL_+X', '/I2C Mux/SCL_-X'), ('/MPPT IC/+X_MPPT/VCC2P5_+X', '/MPPT IC/-X_MPPT/VCC2P5_+X'), ('Net-(U15-NTCBIAS)', 'Net-(U17-NTCBIAS)'), ('GND', 'GND'), ('Net-(U15-CLP)', 'Net-(U17-CLP)'), ('BATT', 'BATT'), ('/MPPT IC/+X_MPPT/IntVCC_+X', '/MPPT IC/-X_MPPT/IntVCC_+X'), ('/MPPT IC/+X_MPPT/VOUT_+X', '/MPPT IC/-X_MPPT/VOUT_+X'), ('Net-(U15-CSP)', 'Net-(U17-CSP)'), ('/I2C Mux/SDA_+X', '/I2C Mux/SDA_-X'), ('Net-(U15-BOOST)', 'Net-(U17-BOOST)'), ('/3.3V and 5V Line/SYNC', '/3.3V and 5V Line/SYNC'), ('/3.3V Logic/Solar_+X', '/MPPT IC/SOLAR_-X'), ('Net-(U15-SW)', 'Net-(U17-SW)'), ('', ''), ('+3.3V', '+3.3V'), ('/MPPT IC/+X_MPPT/BATSENS', '/MPPT IC/-X_MPPT/BATSENS'), ('Net-(Q9-G)', 'Net-(Q13-G)'), ('Net-(Q8-G)', 'Net-(Q12-G)'), ('Net-(C57-Pad1)', 'Net-(C79-Pad1)'), ('/MPPT IC/!SMB_ALERT_+X', '/MPPT IC/!SMB_ALERT_-X'), ('/T1', '/T2')]
07-02 15:38:07 com_github_MitjaNemec_ReplicateLayout.replicate_layout 1091:Replicating zones on sheet ['MPPT IC', '-Y_MPPT']
07-02 15:38:07 com_github_MitjaNemec_ReplicateLayout.replicate_layout 835:Src fp.id: '48CEDCFC-21C4-464F-8A7B-74921246DDBC'
07-02 15:38:07 com_github_MitjaNemec_ReplicateLayout.replicate_layout 839:Dst fp.id: '48CEDCFC-21C4-464F-8A7B-74921246DDBC'
07-02 15:38:07 com_github_MitjaNemec_ReplicateLayout.replicate_layout 776:Significant difference between src net: ['', 'T1'] and dst net: ['', 'T4'], with src_net_depth=2, dst_net_depth=2, src_fp_depth=2, dst_fp_depth=2, match level 0.75
07-02 15:38:07 com_github_MitjaNemec_ReplicateLayout.replicate_layout 776:Significant difference between src net: ['', '3.3V Logic', 'Solar_+X'] and dst net: ['', 'MPPT IC', 'SOLAR_-Y'], with src_net_depth=3, dst_net_depth=3, src_fp_depth=2, dst_fp_depth=2, match level 0.49
07-02 15:38:07 com_github_MitjaNemec_ReplicateLayout.replicate_layout 776:Significant difference between src net: ['', 'T1'] and dst net: ['', 'T4'], with src_net_depth=2, dst_net_depth=2, src_fp_depth=2, dst_fp_depth=2, match level 0.75
07-02 15:38:07 com_github_MitjaNemec_ReplicateLayout.replicate_layout 776:Significant difference between src net: ['', '3.3V Logic', 'Solar_+X'] and dst net: ['', 'MPPT IC', 'SOLAR_-Y'], with src_net_depth=3, dst_net_depth=3, src_fp_depth=2, dst_fp_depth=2, match level 0.49
07-02 15:38:07 com_github_MitjaNemec_ReplicateLayout.replicate_layout 776:Significant difference between src net: ['', '3.3V Logic', 'Solar_+X'] and dst net: ['', 'MPPT IC', 'SOLAR_-Y'], with src_net_depth=3, dst_net_depth=3, src_fp_depth=2, dst_fp_depth=2, match level 0.49
07-02 15:38:07 com_github_MitjaNemec_ReplicateLayout.replicate_layout 776:Significant difference between src net: ['', '3.3V Logic', 'Solar_+X'] and dst net: ['', 'MPPT IC', 'SOLAR_-Y'], with src_net_depth=3, dst_net_depth=3, src_fp_depth=2, dst_fp_depth=2, match level 0.49
07-02 15:38:07 com_github_MitjaNemec_ReplicateLayout.replicate_layout 776:Significant difference between src net: ['', '3.3V Logic', 'Solar_+X'] and dst net: ['', 'MPPT IC', 'SOLAR_-Y'], with src_net_depth=3, dst_net_depth=3, src_fp_depth=2, dst_fp_depth=2, match level 0.49
07-02 15:38:07 com_github_MitjaNemec_ReplicateLayout.replicate_layout 776:Significant difference between src net: ['', '3.3V Logic', 'Solar_+X'] and dst net: ['', 'MPPT IC', 'SOLAR_-Y'], with src_net_depth=3, dst_net_depth=3, src_fp_depth=2, dst_fp_depth=2, match level 0.49
07-02 15:38:07 com_github_MitjaNemec_ReplicateLayout.replicate_layout 776:Significant difference between src net: ['', '3.3V Logic', 'Solar_+X'] and dst net: ['', 'MPPT IC', 'SOLAR_-Y'], with src_net_depth=3, dst_net_depth=3, src_fp_depth=2, dst_fp_depth=2, match level 0.49
07-02 15:38:07 com_github_MitjaNemec_ReplicateLayout.replicate_layout 792:Net pairs for sheet ['MPPT IC', '-Y_MPPT'] :[('Net-(U15-RT)', 'Net-(U18-RT)'), ('Net-(C57-Pad1)', 'Net-(C90-Pad1)'), ('Net-(U15-BOOST)', 'Net-(U18-BOOST)'), ('/MPPT IC/+X_MPPT/VCC2P5_+X', '/MPPT IC/-Y_MPPT/VCC2P5_+X'), ('/MPPT IC/+X_MPPT/IntVCC_+X', '/MPPT IC/-Y_MPPT/IntVCC_+X'), ('GND', 'GND'), ('Net-(Q8-G)', 'Net-(Q14-G)'), ('BATT', 'BATT'), ('/I2C Mux/SCL_+X', '/I2C Mux/SCL_-Y'), ('Net-(U15-CLP)', 'Net-(U18-CLP)'), ('Net-(Q9-G)', 'Net-(Q15-G)'), ('/3.3V and 5V Line/SYNC', '/3.3V and 5V Line/SYNC'), ('/I2C Mux/SDA_+X', '/I2C Mux/SDA_-Y'), ('Net-(U15-SW)', 'Net-(U18-SW)'), ('/MPPT IC/+X_MPPT/BATSENS', '/MPPT IC/-Y_MPPT/BATSENS'), ('Net-(U15-CSP)', 'Net-(U18-CSP)'), ('/3.3V Logic/Solar_+X', '/MPPT IC/SOLAR_-Y'), ('', ''), ('+3.3V', '+3.3V'), ('/MPPT IC/!SMB_ALERT_+X', '/MPPT IC/!SMB_ALERT_-Y'), ('/T1', '/T4'), ('/MPPT IC/+X_MPPT/VOUT_+X', '/MPPT IC/-Y_MPPT/VOUT_+X'), ('Net-(U15-NTCBIAS)', 'Net-(U18-NTCBIAS)')]
07-02 15:38:07 root 345:updating GUI with: 69
07-02 15:38:07 root 340:updating GUI message: 'Replicating text'
07-02 15:38:07 com_github_MitjaNemec_ReplicateLayout.replicate_layout 1173:Replicating text
07-02 15:38:07 com_github_MitjaNemec_ReplicateLayout.replicate_layout 1180:Replicating text on sheet ['MPPT IC', '+Y_MPPT']
07-02 15:38:07 com_github_MitjaNemec_ReplicateLayout.replicate_layout 835:Src fp.id: '48CEDCFC-21C4-464F-8A7B-74921246DDBC'
07-02 15:38:07 com_github_MitjaNemec_ReplicateLayout.replicate_layout 839:Dst fp.id: '48CEDCFC-21C4-464F-8A7B-74921246DDBC'
07-02 15:38:07 com_github_MitjaNemec_ReplicateLayout.replicate_layout 1180:Replicating text on sheet ['MPPT IC', '-X_MPPT']
07-02 15:38:07 com_github_MitjaNemec_ReplicateLayout.replicate_layout 835:Src fp.id: '48CEDCFC-21C4-464F-8A7B-74921246DDBC'
07-02 15:38:07 com_github_MitjaNemec_ReplicateLayout.replicate_layout 839:Dst fp.id: '48CEDCFC-21C4-464F-8A7B-74921246DDBC'
07-02 15:38:07 com_github_MitjaNemec_ReplicateLayout.replicate_layout 1180:Replicating text on sheet ['MPPT IC', '-Y_MPPT']
07-02 15:38:07 com_github_MitjaNemec_ReplicateLayout.replicate_layout 835:Src fp.id: '48CEDCFC-21C4-464F-8A7B-74921246DDBC'
07-02 15:38:07 com_github_MitjaNemec_ReplicateLayout.replicate_layout 839:Dst fp.id: '48CEDCFC-21C4-464F-8A7B-74921246DDBC'
07-02 15:38:07 root 340:updating GUI message: 'Replicating drawings'
07-02 15:38:07 com_github_MitjaNemec_ReplicateLayout.replicate_layout 1224:Replicating drawings
07-02 15:38:07 com_github_MitjaNemec_ReplicateLayout.replicate_layout 1230:Replicating drawings on sheet ['MPPT IC', '+Y_MPPT']
07-02 15:38:07 com_github_MitjaNemec_ReplicateLayout.replicate_layout 835:Src fp.id: '48CEDCFC-21C4-464F-8A7B-74921246DDBC'
07-02 15:38:07 com_github_MitjaNemec_ReplicateLayout.replicate_layout 839:Dst fp.id: '48CEDCFC-21C4-464F-8A7B-74921246DDBC'
07-02 15:38:07 com_github_MitjaNemec_ReplicateLayout.replicate_layout 1230:Replicating drawings on sheet ['MPPT IC', '-X_MPPT']
07-02 15:38:07 com_github_MitjaNemec_ReplicateLayout.replicate_layout 835:Src fp.id: '48CEDCFC-21C4-464F-8A7B-74921246DDBC'
07-02 15:38:07 com_github_MitjaNemec_ReplicateLayout.replicate_layout 839:Dst fp.id: '48CEDCFC-21C4-464F-8A7B-74921246DDBC'
07-02 15:38:07 com_github_MitjaNemec_ReplicateLayout.replicate_layout 1230:Replicating drawings on sheet ['MPPT IC', '-Y_MPPT']
07-02 15:38:07 com_github_MitjaNemec_ReplicateLayout.replicate_layout 835:Src fp.id: '48CEDCFC-21C4-464F-8A7B-74921246DDBC'
07-02 15:38:07 com_github_MitjaNemec_ReplicateLayout.replicate_layout 839:Dst fp.id: '48CEDCFC-21C4-464F-8A7B-74921246DDBC'
07-02 15:38:08 com_github_MitjaNemec_ReplicateLayout.action_replicate_layout 264:Replication complete
07-02 15:38:08 com_github_MitjaNemec_ReplicateLayout.action_replicate_layout 267:Letting the user know there are some issues with replicated design
07-02 15:38:08 com_github_MitjaNemec_ReplicateLayout.action_replicate_layout 271:Looks like the design has an exotic connectivity that the plugin might not handle properly
 Make sure that you check the connectivity around:
Footprint R93, pad 2
Footprint U16, pad 7
Footprint D8, pad 1
Footprint Q10, pad 3
Footprint Q12, pad 2
Footprint U17, pad 10
Footprint U18, pad 7
Footprint D9, pad 1
Footprint R94, pad 1
Footprint Q14, pad 3
Footprint Q10, pad 1
Footprint R86, pad 1
Footprint U16, pad 10
Footprint R109, pad 2
Footprint Q10, pad 2
Footprint U18, pad 10
Footprint Q12, pad 3
Footprint Q14, pad 1
Footprint U17, pad 7
Footprint D7, pad 1
Footprint C71, pad 1
Footprint R102, pad 1
Footprint C82, pad 1
Footprint Q14, pad 2
Footprint R101, pad 2
Footprint C93, pad 1
Footprint Q12, pad 1

